Site_ID,Fall_Type,Taxon,Site_Name,Latitude,Longitude
SITE0001,Whale,Actiniaria,São Paulo Ridge,-28.5186516666666,-41.6568283333333
SITE0001,Whale,Bathyfauvelia,São Paulo Ridge,-28.5186516666666,-41.6568283333333
SITE0001,Whale,Bathykurila cf. guaymasensis,São Paulo Ridge,-28.5186516666666,-41.6568283333333
SITE0001,Whale,Capitella iatapiuna,São Paulo Ridge,-28.5186516666666,-41.6568283333333
SITE0001,Whale,Echinoidea,São Paulo Ridge,-28.5186516666666,-41.6568283333333
SITE0001,Whale,Hesiocaeca,São Paulo Ridge,-28.5186516666666,-41.6568283333333
SITE0001,Whale,Lindaspio,São Paulo Ridge,-28.5186516666666,-41.6568283333333
SITE0001,Whale,Malletia,São Paulo Ridge,-28.5186516666666,-41.6568283333333
SITE0001,Whale,Microphthalmus,São Paulo Ridge,-28.5186516666666,-41.6568283333333
SITE0001,Whale,Munidopsis,São Paulo Ridge,-28.5186516666666,-41.6568283333333
SITE0001,Whale,Neanthes shinkai,São Paulo Ridge,-28.5186516666666,-41.6568283333333
SITE0001,Whale,Ophiuroidea,São Paulo Ridge,-28.5186516666666,-41.6568283333333
SITE0001,Whale,Ophryotrocha,São Paulo Ridge,-28.5186516666666,-41.6568283333333
SITE0001,Whale,Osedax braziliensis,São Paulo Ridge,-28.5186516666666,-41.6568283333333
SITE0001,Whale,Pleijelius,São Paulo Ridge,-28.5186516666666,-41.6568283333333
SITE0001,Whale,Prionospio,São Paulo Ridge,-28.5186516666666,-41.6568283333333
SITE0001,Whale,Raphidrilus,São Paulo Ridge,-28.5186516666666,-41.6568283333333
SITE0001,Whale,Rubyspira braziliensis,São Paulo Ridge,-28.5186516666666,-41.6568283333333
SITE0001,Whale,Sirsoe balaenophila,São Paulo Ridge,-28.5186516666666,-41.6568283333333
SITE0001,Whale,Sirsoe sirikos,São Paulo Ridge,-28.5186516666666,-41.6568283333333
SITE0001,Whale,Sirsoe yokosuka,São Paulo Ridge,-28.5186516666666,-41.6568283333333
SITE0001,Whale,Sphaerodoropsis kitazatoi,São Paulo Ridge,-28.5186516666666,-41.6568283333333
SITE0001,Whale,Spiochaetopterus,São Paulo Ridge,-28.5186516666666,-41.6568283333333
SITE0001,Whale,Stephonyx,São Paulo Ridge,-28.5186516666666,-41.6568283333333
SITE0001,Whale,Tharyx,São Paulo Ridge,-28.5186516666666,-41.6568283333333
SITE0001,Whale,Theristus,São Paulo Ridge,-28.5186516666666,-41.6568283333333
SITE0001,Whale,Vigtorniella,São Paulo Ridge,-28.5186516666666,-41.6568283333333
SITE0001,Whale,cf. Grassleia,São Paulo Ridge,-28.5186516666666,-41.6568283333333
SITE0003,Whale,Apseudomorpha sp.,off São Paulo,-28.0285,-43.5296666666666
SITE0003,Whale,Capitella spp,off São Paulo,-28.0285,-43.5296666666666
SITE0003,Whale,Cordesia atlantica,off São Paulo,-28.0285,-43.5296666666666
SITE0003,Whale,Echinoidea sp.,off São Paulo,-28.0285,-43.5296666666666
SITE0003,Whale,Hyalogyrina rissoella,off São Paulo,-28.0285,-43.5296666666666
SITE0003,Whale,Idas sp.2,off São Paulo,-28.0285,-43.5296666666666
SITE0003,Whale,Idas sp.3,off São Paulo,-28.0285,-43.5296666666666
SITE0003,Whale,Idas sp.4,off São Paulo,-28.0285,-43.5296666666666
SITE0003,Whale,Iphimediidae sp.,off São Paulo,-28.0285,-43.5296666666666
SITE0003,Whale,Lindaspio sp. 1,off São Paulo,-28.0285,-43.5296666666666
SITE0003,Whale,Lower Heterobranchia sp.1,off São Paulo,-28.0285,-43.5296666666666
SITE0003,Whale,Lower Heterobranchia sp.2,off São Paulo,-28.0285,-43.5296666666666
SITE0003,Whale,Lusitanops cingulatus,off São Paulo,-28.0285,-43.5296666666666
SITE0003,Whale,Munidopsis sp.1,off São Paulo,-28.0285,-43.5296666666666
SITE0003,Whale,Ophiuroidea sp.,off São Paulo,-28.0285,-43.5296666666666
SITE0003,Whale,Ophryotrocha sp.2 Biosuor,off São Paulo,-28.0285,-43.5296666666666
SITE0003,Whale,"Osedax ""BioSuOr-1""",off São Paulo,-28.0285,-43.5296666666666
SITE0003,Whale,"Osedax ""BioSuOr-2""",off São Paulo,-28.0285,-43.5296666666666
SITE0003,Whale,Osedax brasiliensis,off São Paulo,-28.0285,-43.5296666666666
SITE0003,Whale,Osedax braziliensis,off São Paulo,-28.0285,-43.5296666666666
SITE0003,Whale,Osedax spp.,off São Paulo,-28.0285,-43.5296666666666
SITE0003,Whale,Ostracoda sp.6,off São Paulo,-28.0285,-43.5296666666666
SITE0003,Whale,Paramytha sp. 1,off São Paulo,-28.0285,-43.5296666666666
SITE0003,Whale,Prionospio sp. 1,off São Paulo,-28.0285,-43.5296666666666
SITE0003,Whale,Raphitomidae sp.3,off São Paulo,-28.0285,-43.5296666666666
SITE0003,Whale,Rubyspira pescaprae,off São Paulo,-28.0285,-43.5296666666666
SITE0003,Whale,Sebidae sp.,off São Paulo,-28.0285,-43.5296666666666
SITE0003,Whale,Sirsoe balaenophila,off São Paulo,-28.0285,-43.5296666666666
SITE0003,Whale,Sirsoe biosuor,off São Paulo,-28.0285,-43.5296666666666
SITE0003,Whale,Sirsoe maximiano,off São Paulo,-28.0285,-43.5296666666666
SITE0003,Whale,Sirsoe ungava,off São Paulo,-28.0285,-43.5296666666666
SITE0003,Whale,Sirsoe yokosuka,off São Paulo,-28.0285,-43.5296666666666
SITE0003,Whale,Sirsoe ypupiara,off São Paulo,-28.0285,-43.5296666666666
SITE0003,Wood,Capitella,off São Paulo,-28.0285,-43.5296666666666
SITE0003,Wood,Capitella spp,off São Paulo,-28.0285,-43.5296666666666
SITE0003,Wood,Cordesia atlantica,off São Paulo,-28.0285,-43.5296666666666
SITE0003,Wood,Cryptonome barbada,off São Paulo,-28.0285,-43.5296666666666
SITE0003,Wood,Echinoidea sp.,off São Paulo,-28.0285,-43.5296666666666
SITE0003,Wood,Hyalogyrina rissoella,off São Paulo,-28.0285,-43.5296666666666
SITE0003,Wood,Lower Heterobranchia sp.1,off São Paulo,-28.0285,-43.5296666666666
SITE0003,Wood,Lusitanops cingulatus,off São Paulo,-28.0285,-43.5296666666666
SITE0003,Wood,Lysianassidae sp.2,off São Paulo,-28.0285,-43.5296666666666
SITE0003,Wood,Melitidae sp.,off São Paulo,-28.0285,-43.5296666666666
SITE0003,Wood,Munidopsis sp.1,off São Paulo,-28.0285,-43.5296666666666
SITE0003,Wood,Munidopsis sp.2,off São Paulo,-28.0285,-43.5296666666666
SITE0003,Wood,Munidopsis sp.3,off São Paulo,-28.0285,-43.5296666666666
SITE0003,Wood,Ophiactidae sp. 01,off São Paulo,-28.0285,-43.5296666666666
SITE0003,Wood,Phyllodocidae sp. 2,off São Paulo,-28.0285,-43.5296666666666
SITE0003,Wood,Pleijelius cf. longae,off São Paulo,-28.0285,-43.5296666666666
SITE0003,Wood,Polynoidae sp. 3,off São Paulo,-28.0285,-43.5296666666666
SITE0003,Wood,Rubyspira pescaprae,off São Paulo,-28.0285,-43.5296666666666
SITE0003,Wood,Sebidae sp.,off São Paulo,-28.0285,-43.5296666666666
SITE0003,Wood,Sirsoe,off São Paulo,-28.0285,-43.5296666666666
SITE0003,Wood,Sirsoe balaenophila,off São Paulo,-28.0285,-43.5296666666666
SITE0003,Wood,Sphaerodoropsis kitazatoi,off São Paulo,-28.0285,-43.5296666666666
SITE0003,Wood,Spiniapex gilsonorum,off São Paulo,-28.0285,-43.5296666666666
SITE0003,Wood,Strepternos didymopyton,off São Paulo,-28.0285,-43.5296666666666
SITE0003,Wood,Xylophaga,off São Paulo,-28.0285,-43.5296666666666
SITE0003,Wood,Xylophaga sp. 2,off São Paulo,-28.0285,-43.5296666666666
SITE0007,Whale,"Osedax ""BioSuOr-4""",off Santos,-26.6,-46.15
SITE0007,Whale,Sirsoe alphacrucis,off Santos,-26.6,-46.15
SITE0007,Whale,Sirsoe alucia,off Santos,-26.6,-46.15
SITE0007,Whale,Sirsoe nadir,off Santos,-26.6,-46.15
SITE0010,Whale,Pyropelta corymba,off Point Sur,36.2933333333333,-122.203333333333
SITE0010,Whale,Pyropelta craigsmithi,off Point Sur,36.2933333333333,-122.203333333333
SITE0010,Whale,Pyropelta musaica,off Point Sur,36.2933333333333,-122.203333333333
SITE0010,Whale,Pyropelta wakefieldi,off Point Sur,36.2933333333333,-122.203333333333
SITE0011,Whale,Pyropelta musaica,off Point Lobos,36.4366666666666,-122.263333333333
SITE0012,Whale,Pyropelta craigsmithi,Monterey Bay,36.94,-122.631666666666
SITE0012,Whale,Pyropelta musaica,Monterey Bay,36.94,-122.631666666666
SITE0015,Whale,Osteopelta ceticola,"off Southwestern Iceland, between Vestmannaeyjar and Reykjanesridge",,
SITE0016,Whale,Idas argenteus,"off Vestmannaeyar, Southern Iceland",,
SITE0016,Whale,Idas simpsoni,"off Vestmannaeyar, Southern Iceland",,
SITE0017,Whale,Idas simpsoni,off Bay of Biscay,,
SITE0018,Whale,Idas simpsoni,off Bastia (Corsica),,
SITE0019,Whale,Idas simpsoni,Bjarnarey (Southern Iceland),,
SITE0020,Whale,Protolira thorvaldssoni,"Skeidarardypi, off southwestern Iceland",,
SITE0021,Whale,Idas simpsoni,Adriatic Sea,42.4863833333333,17.0026416666666
SITE0022,Whale,Idas cylindricus,"off Sète, Lion Gulf",,
SITE0023,Whale,Idas simpsoni,west Póvoa de Varzim (Portugal),41.4783333333333,-9.21166666666666
SITE0024,Whale,Adipicola pelagica,North Azores,42.8333333333333,-28.6291666666666
SITE0025,Whale,Osteopelta mirabilis,Chatham Islands (New Zealand),-42.9366666666666,-175.543333333333
SITE0025,Whale,Phascolosoma saprophagicum,Chatham Islands (New Zealand),-42.9366666666666,-175.543333333333
SITE0025,Whale,Terua arcuatilis,Chatham Islands (New Zealand),-42.9366666666666,-175.543333333333
SITE0026,Whale,Osteopelta mirabilis,"off Mernoo Bank, Chatham Rise (New Zealand)",-43.569,176.3115
SITE0026,Whale,Osteopelta praeceps,"off Mernoo Bank, Chatham Rise (New Zealand)",-43.569,176.3115
SITE0026,Whale,Terua arcuatilis,"off Mernoo Bank, Chatham Rise (New Zealand)",-43.569,176.3115
SITE0026,Whale,Xylodiscula osteophila,"off Mernoo Bank, Chatham Rise (New Zealand)",-43.569,176.3115
SITE0027,Whale,Osteopelta mirabilis,Chatham Rise (New Zealand),-44.13,178.526666666666
SITE0027,Whale,Terua arcuatilis,Chatham Rise (New Zealand),-44.13,178.526666666666
SITE0028,Whale,Paracocculina cervae,off Banks Peninsula (New Zealand),-44.675,174.016666666666
SITE0028,Whale,Terua arcuatilis,off Banks Peninsula (New Zealand),-44.675,174.016666666666
SITE0029,Whale,Terua arcuatilis,East Slope Challenger Plateau (New Zealand),-39.8666666666666,167.116666666666
SITE0030,Whale,Bruceiella pruinosa,Challenger Plateau (New Zealand),-39.8866666666666,168.02
SITE0030,Whale,Osteopelta mirabilis,Challenger Plateau (New Zealand),-39.8866666666666,168.02
SITE0030,Whale,Osteopelta praeceps,Challenger Plateau (New Zealand),-39.8866666666666,168.02
SITE0030,Whale,Paracocculina cervae,Challenger Plateau (New Zealand),-39.8866666666666,168.02
SITE0030,Whale,Terua arcuatilis,Challenger Plateau (New Zealand),-39.8866666666666,168.02
SITE0031,Whale,Terua arcuatilis,Chatham Rise (New Zealand),-43.8583333333333,177.863333333333
SITE0032,Whale,Bruceiella laevigata,NE Chatham Islands (New Zealand),-43.2833333333333,174.091666666666
SITE0033,Whale,Osedax antarcticus,"ACES1, off Smith Island, Antarctic Peninsula",-63.1645,-61.689
SITE0033,Whale,Osedax nordenskjoeldi,"ACES1, off Smith Island, Antarctic Peninsula",-63.1645,-61.689
SITE0034,Whale,Osedax antarcticus,"ACES2, off Smith Island, Antarctic Peninsula",-63.183,-61.636
SITE0034,Whale,Osedax crouchi,"ACES2, off Smith Island, Antarctic Peninsula",-63.183,-61.636
SITE0034,Whale,Osedax nordenskjoeldi,"ACES2, off Smith Island, Antarctic Peninsula",-63.183,-61.636
SITE0035,Whale,Actiniaria morphospecies 1,"East Scotia Sea, Kemp Caldera",-59.6945166666666,-28.3514833333333
SITE0035,Whale,Actiniaria morphospecies 2,"East Scotia Sea, Kemp Caldera",-59.6945166666666,-28.3514833333333
SITE0035,Whale,Actiniaria morphospecies 3,"East Scotia Sea, Kemp Caldera",-59.6945166666666,-28.3514833333333
SITE0035,Whale,Actiniaria morphospecies 4,"East Scotia Sea, Kemp Caldera",-59.6945166666666,-28.3514833333333
SITE0035,Whale,Dissostichus,"East Scotia Sea, Kemp Caldera",-59.6945166666666,-28.3514833333333
SITE0035,Whale,Ilyarachna,"East Scotia Sea, Kemp Caldera",-59.6945166666666,-28.3514833333333
SITE0035,Whale,Jaera tyleri,"East Scotia Sea, Kemp Caldera",-59.6945166666666,-28.3514833333333
SITE0035,Whale,Lepetodrilus,"East Scotia Sea, Kemp Caldera",-59.6945166666666,-28.3514833333333
SITE0035,Whale,Nematocarcinus,"East Scotia Sea, Kemp Caldera",-59.6945166666666,-28.3514833333333
SITE0035,Whale,Ophiuroidea,"East Scotia Sea, Kemp Caldera",-59.6945166666666,-28.3514833333333
SITE0035,Whale,Ophryotrocha,"East Scotia Sea, Kemp Caldera",-59.6945166666666,-28.3514833333333
SITE0035,Whale,Osedax antarcticus,"East Scotia Sea, Kemp Caldera",-59.6945166666666,-28.3514833333333
SITE0035,Whale,Osedax crouchi,"East Scotia Sea, Kemp Caldera",-59.6945166666666,-28.3514833333333
SITE0035,Whale,Osedax rogersi,"East Scotia Sea, Kemp Caldera",-59.6945166666666,-28.3514833333333
SITE0035,Whale,Parabolasia,"East Scotia Sea, Kemp Caldera",-59.6945166666666,-28.3514833333333
SITE0035,Whale,Porifera morphospecies 1,"East Scotia Sea, Kemp Caldera",-59.6945166666666,-28.3514833333333
SITE0035,Whale,Porifera morphospecies 2,"East Scotia Sea, Kemp Caldera",-59.6945166666666,-28.3514833333333
SITE0035,Whale,Pyropelta,"East Scotia Sea, Kemp Caldera",-59.6945166666666,-28.3514833333333
SITE0035,Whale,Sericosura,"East Scotia Sea, Kemp Caldera",-59.6945166666666,-28.3514833333333
SITE0035,Whale,Sipuncula,"East Scotia Sea, Kemp Caldera",-59.6945166666666,-28.3514833333333
SITE0035,Whale,Sterechinus,"East Scotia Sea, Kemp Caldera",-59.6945166666666,-28.3514833333333
SITE0037,Whale,Cirratulus balaenophilus,"Whalers Bay, Deception Island",-62.9888333333333,-60.5575
SITE0037,Whale,Ophryotrocha clava,"Whalers Bay, Deception Island",-62.9888333333333,-60.5575
SITE0037,Whale,Ophryotrocha orensanzi,"Whalers Bay, Deception Island",-62.9888333333333,-60.5575
SITE0037,Whale,Osedax antarcticus,"Whalers Bay, Deception Island",-62.9888333333333,-60.5575
SITE0037,Whale,Osedax deceptionensis,"Whalers Bay, Deception Island",-62.9888333333333,-60.5575
SITE0039,Whale,Abyssocucumis abyssorum,"Monterey Bay, CA, USA",36.6101,-122.435366666666
SITE0039,Whale,Acharax sp.,"Monterey Bay, CA, USA",36.6101,-122.435366666666
SITE0039,Whale,Aldrovandia sp.,"Monterey Bay, CA, USA",36.6101,-122.435366666666
SITE0039,Whale,Amage cf. arieticornuta,"Monterey Bay, CA, USA",36.6101,-122.435366666666
SITE0039,Whale,Ampheraster marianus,"Monterey Bay, CA, USA",36.6101,-122.435366666666
SITE0039,Whale,Amphiplica,"Monterey Bay, CA, USA",36.6101,-122.435366666666
SITE0039,Whale,Amphiplica n. sp.,"Monterey Bay, CA, USA",36.6101,-122.435366666666
SITE0039,Whale,Amphitrite sp.,"Monterey Bay, CA, USA",36.6101,-122.435366666666
SITE0039,Whale,Anthosactis pearseae,"Monterey Bay, CA, USA",36.6101,-122.435366666666
SITE0039,Whale,Benthocodon,"Monterey Bay, CA, USA",36.6101,-122.435366666666
SITE0039,Whale,Benthoctopus,"Monterey Bay, CA, USA",36.6101,-122.435366666666
SITE0039,Whale,"Buccinidae, 2 species","Monterey Bay, CA, USA",36.6101,-122.435366666666
SITE0039,Whale,Calyptogena extenta,"Monterey Bay, CA, USA",36.6101,-122.435366666666
SITE0039,Whale,Calyptogena n. sp.,"Monterey Bay, CA, USA",36.6101,-122.435366666666
SITE0039,Whale,Colossendeis gigas,"Monterey Bay, CA, USA",36.6101,-122.435366666666
SITE0039,Whale,Colossendeis japonica,"Monterey Bay, CA, USA",36.6101,-122.435366666666
SITE0039,Whale,Coryphaenoides spp.,"Monterey Bay, CA, USA",36.6101,-122.435366666666
SITE0039,Whale,Diogenidae unidentified,"Monterey Bay, CA, USA",36.6101,-122.435366666666
SITE0039,Whale,Dorvilleidae unidentified,"Monterey Bay, CA, USA",36.6101,-122.435366666666
SITE0039,Whale,Florometra serratissima,"Monterey Bay, CA, USA",36.6101,-122.435366666666
SITE0039,Whale,"Gammarid amphipod, unidentified","Monterey Bay, CA, USA",36.6101,-122.435366666666
SITE0039,Whale,Glaucidae unidentified,"Monterey Bay, CA, USA",36.6101,-122.435366666666
SITE0039,Whale,Glyphanostomum,"Monterey Bay, CA, USA",36.6101,-122.435366666666
SITE0039,Whale,Graneledone,"Monterey Bay, CA, USA",36.6101,-122.435366666666
SITE0039,Whale,"Hesionidae new genus, new species","Monterey Bay, CA, USA",36.6101,-122.435366666666
SITE0039,Whale,Idas,"Monterey Bay, CA, USA",36.6101,-122.435366666666
SITE0039,Whale,Lepetodrilus ovalis,"Monterey Bay, CA, USA",36.6101,-122.435366666666
SITE0039,Whale,Liparidae unidentified,"Monterey Bay, CA, USA",36.6101,-122.435366666666
SITE0039,Whale,Liponema brevicornis,"Monterey Bay, CA, USA",36.6101,-122.435366666666
SITE0039,Whale,Lophaster,"Monterey Bay, CA, USA",36.6101,-122.435366666666
SITE0039,Whale,Lycenchelys sp.,"Monterey Bay, CA, USA",36.6101,-122.435366666666
SITE0039,Whale,Lycodapus sp.,"Monterey Bay, CA, USA",36.6101,-122.435366666666
SITE0039,Whale,Lycodes sp.,"Monterey Bay, CA, USA",36.6101,-122.435366666666
SITE0039,Whale,Munidopsis,"Monterey Bay, CA, USA",36.6101,-122.435366666666
SITE0039,Whale,Munidopsis albatrossae,"Monterey Bay, CA, USA",36.6101,-122.435366666666
SITE0039,Whale,Munidopsis bracteosa,"Monterey Bay, CA, USA",36.6101,-122.435366666666
SITE0039,Whale,Munidopsis cascadia,"Monterey Bay, CA, USA",36.6101,-122.435366666666
SITE0039,Whale,Munidopsis cf. antonii,"Monterey Bay, CA, USA",36.6101,-122.435366666666
SITE0039,Whale,Munidopsis cf. yaquinensis,"Monterey Bay, CA, USA",36.6101,-122.435366666666
SITE0039,Whale,Nemertea,"Monterey Bay, CA, USA",36.6101,-122.435366666666
SITE0039,Whale,Neptunea,"Monterey Bay, CA, USA",36.6101,-122.435366666666
SITE0039,Whale,Neptunea amianta,"Monterey Bay, CA, USA",36.6101,-122.435366666666
SITE0039,Whale,Nereididae unidentified,"Monterey Bay, CA, USA",36.6101,-122.435366666666
SITE0039,Whale,Nicomache,"Monterey Bay, CA, USA",36.6101,-122.435366666666
SITE0039,Whale,Octopoda,"Monterey Bay, CA, USA",36.6101,-122.435366666666
SITE0039,Whale,"Ophiuroidea, multiple species","Monterey Bay, CA, USA",36.6101,-122.435366666666
SITE0039,Whale,"Osedax ""spiral""","Monterey Bay, CA, USA",36.6101,-122.435366666666
SITE0039,Whale,Osedax frankpressi,"Monterey Bay, CA, USA",36.6101,-122.435366666666
SITE0039,Whale,Osedax jabba,"Monterey Bay, CA, USA",36.6101,-122.435366666666
SITE0039,Whale,Osedax lonnyi,"Monterey Bay, CA, USA",36.6101,-122.435366666666
SITE0039,Whale,Osedax rubiplumus,"Monterey Bay, CA, USA",36.6101,-122.435366666666
SITE0039,Whale,Osedax ryderi,"Monterey Bay, CA, USA",36.6101,-122.435366666666
SITE0039,Whale,Pachycara sp.,"Monterey Bay, CA, USA",36.6101,-122.435366666666
SITE0039,Whale,Paelopadites sp.,"Monterey Bay, CA, USA",36.6101,-122.435366666666
SITE0039,Whale,Paelopatides,"Monterey Bay, CA, USA",36.6101,-122.435366666666
SITE0039,Whale,Pandalus platyceros,"Monterey Bay, CA, USA",36.6101,-122.435366666666
SITE0039,Whale,Pannychia moseleyi,"Monterey Bay, CA, USA",36.6101,-122.435366666666
SITE0039,Whale,Paralomis multispina,"Monterey Bay, CA, USA",36.6101,-122.435366666666
SITE0039,Whale,Paralomis verrilli,"Monterey Bay, CA, USA",36.6101,-122.435366666666
SITE0039,Whale,Pennatula cf. phosphorea,"Monterey Bay, CA, USA",36.6101,-122.435366666666
SITE0039,Whale,Pennatulacea,"Monterey Bay, CA, USA",36.6101,-122.435366666666
SITE0039,Whale,Phyllochaetopterus,"Monterey Bay, CA, USA",36.6101,-122.435366666666
SITE0039,Whale,Phyllochaetopterus gigas,"Monterey Bay, CA, USA",36.6101,-122.435366666666
SITE0039,Whale,Phyllochaetopterus n. sp.,"Monterey Bay, CA, USA",36.6101,-122.435366666666
SITE0039,Whale,"Polynoidae, 2 species","Monterey Bay, CA, USA",36.6101,-122.435366666666
SITE0039,Whale,Protodrilus n. sp.,"Monterey Bay, CA, USA",36.6101,-122.435366666666
SITE0039,Whale,Provanna cf. pacifica,"Monterey Bay, CA, USA",36.6101,-122.435366666666
SITE0039,Whale,Provanna macleani,"Monterey Bay, CA, USA",36.6101,-122.435366666666
SITE0039,Whale,Provannidae n. species 1,"Monterey Bay, CA, USA",36.6101,-122.435366666666
SITE0039,Whale,Provannidae n. species 2,"Monterey Bay, CA, USA",36.6101,-122.435366666666
SITE0039,Whale,Pteraster,"Monterey Bay, CA, USA",36.6101,-122.435366666666
SITE0039,Whale,"Pycnogonida, multiple species","Monterey Bay, CA, USA",36.6101,-122.435366666666
SITE0039,Whale,Rubyspira goffrediae,"Monterey Bay, CA, USA",36.6101,-122.435366666666
SITE0039,Whale,Rubyspira osteovora,"Monterey Bay, CA, USA",36.6101,-122.435366666666
SITE0039,Whale,Scotoplanes,"Monterey Bay, CA, USA",36.6101,-122.435366666666
SITE0039,Whale,Scotoplanes clarki,"Monterey Bay, CA, USA",36.6101,-122.435366666666
SITE0039,Whale,Scotoplanes globosa,"Monterey Bay, CA, USA",36.6101,-122.435366666666
SITE0039,Whale,Sirsoe sirikos,"Monterey Bay, CA, USA",36.6101,-122.435366666666
SITE0039,Whale,Solaster,"Monterey Bay, CA, USA",36.6101,-122.435366666666
SITE0039,Whale,Spectrunculus grandis,"Monterey Bay, CA, USA",36.6101,-122.435366666666
SITE0039,Whale,"Spionidae, 2 new species","Monterey Bay, CA, USA",36.6101,-122.435366666666
SITE0039,Whale,Stomphia sp.,"Monterey Bay, CA, USA",36.6101,-122.435366666666
SITE0039,Whale,Tromikosoma panamense,"Monterey Bay, CA, USA",36.6101,-122.435366666666
SITE0039,Whale,Vrijenhoekia ahabi,"Monterey Bay, CA, USA",36.6101,-122.435366666666
SITE0039,Whale,Vrijenhoekia balaenophila,"Monterey Bay, CA, USA",36.6101,-122.435366666666
SITE0039,Whale,Vrijenhoekia falenothiras,"Monterey Bay, CA, USA",36.6101,-122.435366666666
SITE0039,Whale,Vrijenhoekia ketea,"Monterey Bay, CA, USA",36.6101,-122.435366666666
SITE0039,Whale,Zoarcidae unidentified,"Monterey Bay, CA, USA",36.6101,-122.435366666666
SITE0039,Wood,Colossendeis gigas,"Monterey Bay, CA, USA",36.6101,-122.435366666666
SITE0039,Wood,Colossendeis japonica,"Monterey Bay, CA, USA",36.6101,-122.435366666666
SITE0039,Wood,Liponema brevicornis,"Monterey Bay, CA, USA",36.6101,-122.435366666666
SITE0040,Whale,Osedax japonicus,Cape Nomamisaki (Japan),31.3453333333333,129.988166666666
SITE0042,Whale,Abra nitida,Kosterfjord (Sweden),58.885,11.1066666666666
SITE0042,Whale,Alvania punctura,Kosterfjord (Sweden),58.885,11.1066666666666
SITE0042,Whale,Brissopsis lyrifera,Kosterfjord (Sweden),58.885,11.1066666666666
SITE0042,Whale,Capulus ungaricus,Kosterfjord (Sweden),58.885,11.1066666666666
SITE0042,Whale,Cylichna cylindracea,Kosterfjord (Sweden),58.885,11.1066666666666
SITE0042,Whale,Ennucula tenuis,Kosterfjord (Sweden),58.885,11.1066666666666
SITE0042,Whale,Hiatella arctica,Kosterfjord (Sweden),58.885,11.1066666666666
SITE0042,Whale,Hyas araneus,Kosterfjord (Sweden),58.885,11.1066666666666
SITE0042,Whale,Musculus discors,Kosterfjord (Sweden),58.885,11.1066666666666
SITE0042,Whale,Mytilus edulis,Kosterfjord (Sweden),58.885,11.1066666666666
SITE0042,Whale,Novocrania,Kosterfjord (Sweden),58.885,11.1066666666666
SITE0042,Whale,Nucula sulcata,Kosterfjord (Sweden),58.885,11.1066666666666
SITE0042,Whale,Nuculana minuta,Kosterfjord (Sweden),58.885,11.1066666666666
SITE0042,Whale,Nuculana pernula,Kosterfjord (Sweden),58.885,11.1066666666666
SITE0042,Whale,Ophryotrocha craigsmithi,Kosterfjord (Sweden),58.885,11.1066666666666
SITE0042,Whale,Ophryotrocha eutrophila,Kosterfjord (Sweden),58.885,11.1066666666666
SITE0042,Whale,Ophryotrocha scutella,Kosterfjord (Sweden),58.885,11.1066666666666
SITE0042,Whale,Osedax mucofloris,Kosterfjord (Sweden),58.885,11.1066666666666
SITE0042,Whale,Papillicardium minimum,Kosterfjord (Sweden),58.885,11.1066666666666
SITE0042,Whale,Pusillina sarsii,Kosterfjord (Sweden),58.885,11.1066666666666
SITE0042,Whale,Rissoa lilacina,Kosterfjord (Sweden),58.885,11.1066666666666
SITE0042,Whale,Spatangus purpureus,Kosterfjord (Sweden),58.885,11.1066666666666
SITE0042,Whale,Tellimya ferruginosa,Kosterfjord (Sweden),58.885,11.1066666666666
SITE0042,Whale,Thyasira sarsi,Kosterfjord (Sweden),58.885,11.1066666666666
SITE0042,Whale,Turritellinella tricarinata,Kosterfjord (Sweden),58.885,11.1066666666666
SITE0042,Whale,Vigtorniella ardabilia,Kosterfjord (Sweden),58.885,11.1066666666666
SITE0042,Whale,Yoldiella philippiana,Kosterfjord (Sweden),58.885,11.1066666666666
SITE0043,Whale,Allocentrotus fragilis,"Monterey Bay, CA, USA",36.8029666666666,-121.994616666666
SITE0043,Whale,Amage cf. arieticornuta,"Monterey Bay, CA, USA",36.8029666666666,-121.994616666666
SITE0043,Whale,Ampheraster marianus,"Monterey Bay, CA, USA",36.8029666666666,-121.994616666666
SITE0043,Whale,Amphiplica,"Monterey Bay, CA, USA",36.8029666666666,-121.994616666666
SITE0043,Whale,Chorilia longipes,"Monterey Bay, CA, USA",36.8029666666666,-121.994616666666
SITE0043,Whale,Liponema brevicornis,"Monterey Bay, CA, USA",36.8029666666666,-121.994616666666
SITE0043,Whale,Osedax packardorum,"Monterey Bay, CA, USA",36.8029666666666,-121.994616666666
SITE0043,Whale,Osedax roseus,"Monterey Bay, CA, USA",36.8029666666666,-121.994616666666
SITE0043,Whale,Osedax talkovici,"Monterey Bay, CA, USA",36.8029666666666,-121.994616666666
SITE0043,Whale,Pandalopsis ampla,"Monterey Bay, CA, USA",36.8029666666666,-121.994616666666
SITE0043,Whale,Pandalus platyceros,"Monterey Bay, CA, USA",36.8029666666666,-121.994616666666
SITE0043,Whale,Pannychia moseleyi,"Monterey Bay, CA, USA",36.8029666666666,-121.994616666666
SITE0043,Whale,Paralithodes californiensis,"Monterey Bay, CA, USA",36.8029666666666,-121.994616666666
SITE0043,Whale,Parastichopus,"Monterey Bay, CA, USA",36.8029666666666,-121.994616666666
SITE0043,Whale,Pteraster,"Monterey Bay, CA, USA",36.8029666666666,-121.994616666666
SITE0043,Whale,Vesicomya angulata,"Monterey Bay, CA, USA",36.8029666666666,-121.994616666666
SITE0046,Whale,Abyssocucumis abyssorum,"Monterey Bay, CA, USA",36.7082666666666,-122.105266666666
SITE0046,Whale,Anthosactis pearseae,"Monterey Bay, CA, USA",36.7082666666666,-122.105266666666
SITE0046,Whale,Chionoecetes tanneri,"Monterey Bay, CA, USA",36.7082666666666,-122.105266666666
SITE0046,Whale,Chorilia longipes,"Monterey Bay, CA, USA",36.7082666666666,-122.105266666666
SITE0046,Whale,Corallimorphus pillatus,"Monterey Bay, CA, USA",36.7082666666666,-122.105266666666
SITE0046,Whale,Coryphaenoides spp.,"Monterey Bay, CA, USA",36.7082666666666,-122.105266666666
SITE0046,Whale,Dorvilleidae unidentified,"Monterey Bay, CA, USA",36.7082666666666,-122.105266666666
SITE0046,Whale,Farrea,"Monterey Bay, CA, USA",36.7082666666666,-122.105266666666
SITE0046,Whale,Florometra serratissima,"Monterey Bay, CA, USA",36.7082666666666,-122.105266666666
SITE0046,Whale,Gammarid amphipod unidentified,"Monterey Bay, CA, USA",36.7082666666666,-122.105266666666
SITE0046,Whale,Liparidae unidentified,"Monterey Bay, CA, USA",36.7082666666666,-122.105266666666
SITE0046,Whale,Liponema brevicornis,"Monterey Bay, CA, USA",36.7082666666666,-122.105266666666
SITE0046,Whale,Lophaster,"Monterey Bay, CA, USA",36.7082666666666,-122.105266666666
SITE0046,Whale,Munidopsis,"Monterey Bay, CA, USA",36.7082666666666,-122.105266666666
SITE0046,Whale,Munidopsis cf. yaquinensis,"Monterey Bay, CA, USA",36.7082666666666,-122.105266666666
SITE0046,Whale,Neptunea amianta,"Monterey Bay, CA, USA",36.7082666666666,-122.105266666666
SITE0046,Whale,Osedax bryani,"Monterey Bay, CA, USA",36.7082666666666,-122.105266666666
SITE0046,Whale,Osedax frankpressi,"Monterey Bay, CA, USA",36.7082666666666,-122.105266666666
SITE0046,Whale,Osedax roseus,"Monterey Bay, CA, USA",36.7082666666666,-122.105266666666
SITE0046,Whale,Osedax rubiplumus,"Monterey Bay, CA, USA",36.7082666666666,-122.105266666666
SITE0046,Whale,Osedax sigridae,"Monterey Bay, CA, USA",36.7082666666666,-122.105266666666
SITE0046,Whale,Osedax tiburon,"Monterey Bay, CA, USA",36.7082666666666,-122.105266666666
SITE0046,Whale,Osedax westernflyer,"Monterey Bay, CA, USA",36.7082666666666,-122.105266666666
SITE0046,Whale,Paelopatides,"Monterey Bay, CA, USA",36.7082666666666,-122.105266666666
SITE0046,Whale,Pandalopsis ampla,"Monterey Bay, CA, USA",36.7082666666666,-122.105266666666
SITE0046,Whale,Pandalus platyceros,"Monterey Bay, CA, USA",36.7082666666666,-122.105266666666
SITE0046,Whale,Pannychia moseleyi,"Monterey Bay, CA, USA",36.7082666666666,-122.105266666666
SITE0046,Whale,Paralomis multispina,"Monterey Bay, CA, USA",36.7082666666666,-122.105266666666
SITE0046,Whale,Paralomis verrilli,"Monterey Bay, CA, USA",36.7082666666666,-122.105266666666
SITE0046,Whale,Parastichopus,"Monterey Bay, CA, USA",36.7082666666666,-122.105266666666
SITE0046,Whale,"Protobranchia, 2 new species","Monterey Bay, CA, USA",36.7082666666666,-122.105266666666
SITE0046,Whale,Psychrolutes phrictus,"Monterey Bay, CA, USA",36.7082666666666,-122.105266666666
SITE0046,Whale,Swiftia kofoidi,"Monterey Bay, CA, USA",36.7082666666666,-122.105266666666
SITE0046,Whale,Vrijenhoekia balaenophila,"Monterey Bay, CA, USA",36.7082666666666,-122.105266666666
SITE0046,Whale,Zoarcidae,"Monterey Bay, CA, USA",36.7082666666666,-122.105266666666
SITE0049,Whale,Ophryotrocha clava,"Colatinas, Deception Island",-62.9913666666666,-60.61825
SITE0049,Whale,Ophryotrocha orensanzi,"Colatinas, Deception Island",-62.9913666666666,-60.61825
SITE0049,Whale,Ophryotrocha sp. A,"Colatinas, Deception Island",-62.9913666666666,-60.61825
SITE0049,Whale,Ophryotrocha sp. B,"Colatinas, Deception Island",-62.9913666666666,-60.61825
SITE0050,Whale,Idas simpsoni,South-West Ireland,52.5,-12
SITE0052,Whale,Idas simpsoni,South-West Ireland,,
SITE0053,Whale,Idas simpsoni,150 miles off NE Aberdeen (North Sea),,
SITE0054,Whale,Idas simpsoni,20 miles off NW Fair Isle,,
SITE0055,Whale,Idas simpsoni,East Shetlands,,
SITE0056,Whale,Adipicola leticiae,Gulf of San Jorge,-46.1666666666666,-61.8333333333333
SITE0057,Whale,Idas simpsoni,Gascogne Gulf,47.0333333333333,-4.68333333333333
SITE0059,Whale,Ophryotrocha cyclops,"Malene Bay, Nuuk (Greenland)",64.1569444444444,-51.6969444444444
SITE0060,Whale,Actiniidae,Torishima seamount (Japan),30.9241666666666,141.828666666666
SITE0060,Whale,Echinoidea,Torishima seamount (Japan),30.9241666666666,141.828666666666
SITE0060,Whale,Idas,Torishima seamount (Japan),30.9241666666666,141.828666666666
SITE0060,Whale,Munidopsis,Torishima seamount (Japan),30.9241666666666,141.828666666666
SITE0060,Whale,Munidopsis albatrossae,Torishima seamount (Japan),30.9241666666666,141.828666666666
SITE0060,Whale,Munidopsis torishimaensis,Torishima seamount (Japan),30.9241666666666,141.828666666666
SITE0060,Whale,Munidopsis tuftsi,Torishima seamount (Japan),30.9241666666666,141.828666666666
SITE0060,Whale,Ophiuroidea,Torishima seamount (Japan),30.9241666666666,141.828666666666
SITE0060,Whale,Spionidae,Torishima seamount (Japan),30.9241666666666,141.828666666666
SITE0061,Whale,Amphipoda sp.,British Columbia,48.6754388888888,-126.0899
SITE0061,Whale,Antimora microlepis,British Columbia,48.6754388888888,-126.0899
SITE0061,Whale,Asteronyx sp.,British Columbia,48.6754388888888,-126.0899
SITE0061,Whale,Bathypathes sp.,British Columbia,48.6754388888888,-126.0899
SITE0061,Whale,Calyptogena kilmeri,British Columbia,48.6754388888888,-126.0899
SITE0061,Whale,Caryophylliidae sp.,British Columbia,48.6754388888888,-126.0899
SITE0061,Whale,Cerianthidae sp.,British Columbia,48.6754388888888,-126.0899
SITE0061,Whale,Chionoecetis tanneri,British Columbia,48.6754388888888,-126.0899
SITE0061,Whale,Coryphaenoides acrolepis,British Columbia,48.6754388888888,-126.0899
SITE0061,Whale,Coryphaenoides sp.,British Columbia,48.6754388888888,-126.0899
SITE0061,Whale,Halipteris californicus,British Columbia,48.6754388888888,-126.0899
SITE0061,Whale,Idas,British Columbia,48.6754388888888,-126.0899
SITE0061,Whale,Lamellibrachia barhami,British Columbia,48.6754388888888,-126.0899
SITE0061,Whale,Lamellibrachia cf. barhami,British Columbia,48.6754388888888,-126.0899
SITE0061,Whale,Munnopsidae sp.,British Columbia,48.6754388888888,-126.0899
SITE0061,Whale,Neptunea cf. amianta,British Columbia,48.6754388888888,-126.0899
SITE0061,Whale,Ophiuroidea sp.,British Columbia,48.6754388888888,-126.0899
SITE0061,Whale,Osedax,British Columbia,48.6754388888888,-126.0899
SITE0061,Whale,Pandalopsis ampla,British Columbia,48.6754388888888,-126.0899
SITE0061,Whale,Paralomis multispina,British Columbia,48.6754388888888,-126.0899
SITE0061,Whale,Polynoidae sp.,British Columbia,48.6754388888888,-126.0899
SITE0061,Whale,Primnoidae sp.,British Columbia,48.6754388888888,-126.0899
SITE0061,Whale,Provannidae indet.,British Columbia,48.6754388888888,-126.0899
SITE0061,Whale,Psychrolutes phrictus,British Columbia,48.6754388888888,-126.0899
SITE0061,Whale,Scotoplanes globosa,British Columbia,48.6754388888888,-126.0899
SITE0061,Whale,Sebastolobus sp.,British Columbia,48.6754388888888,-126.0899
SITE0061,Whale,Stomphia sp.,British Columbia,48.6754388888888,-126.0899
SITE0061,Whale,UI anemone sp. 1,British Columbia,48.6754388888888,-126.0899
SITE0061,Whale,UI anemone sp. 2,British Columbia,48.6754388888888,-126.0899
SITE0061,Whale,UI anemone sp. 3,British Columbia,48.6754388888888,-126.0899
SITE0061,Whale,UI hermit crab,British Columbia,48.6754388888888,-126.0899
SITE0061,Whale,UI pink polychaete,British Columbia,48.6754388888888,-126.0899
SITE0061,Whale,UI polychaete,British Columbia,48.6754388888888,-126.0899
SITE0061,Whale,Umbellula lindahli,British Columbia,48.6754388888888,-126.0899
SITE0061,Whale,Unidentified sponge sp.,British Columbia,48.6754388888888,-126.0899
SITE0061,Whale,Zoroasteridae sp.,British Columbia,48.6754388888888,-126.0899
SITE0062,Whale,Idas simpsoni,Capraia Island (Italy),,
SITE0063,Whale,Idas simpsoni,"Marettimo Island, Tyrrhenian Sea (Italy)",,
SITE0064,Whale,"Osedax ""mediterranea""","Blanes canyon, Catalonia",41.6709722222222,2.8898
SITE0066,Whale,Osedax deceptionensis,"Whalers Bay, Deception Island",-62.9899166666666,-60.5613888888888
SITE0067,Whale,Bathykermadeca thanatos,Nansei-Shoto Trench (Philippine Sea),23.9093466666666,126.36227
SITE0069,Whale,Osedax priapus,"Hydrate Ridge, Oregon",44.669,-125.098
SITE0072,Whale,Adipicola,Vanuatu,-15.704,167.0435
SITE0072,Whale,Adipicola crypta,Vanuatu,-15.704,167.0435
SITE0072,Whale,Idas,Vanuatu,-15.704,167.0435
SITE0073,Whale,Amaryllis,"Coral Seamount, Southwest Indian Ridge",-41.373,42.9106666666666
SITE0073,Whale,Antipatharia,"Coral Seamount, Southwest Indian Ridge",-41.373,42.9106666666666
SITE0073,Whale,Arcturides cornutus,"Coral Seamount, Southwest Indian Ridge",-41.373,42.9106666666666
SITE0073,Whale,Austrodecus,"Coral Seamount, Southwest Indian Ridge",-41.373,42.9106666666666
SITE0073,Whale,Austrolaenilla,"Coral Seamount, Southwest Indian Ridge",-41.373,42.9106666666666
SITE0073,Whale,Capitella,"Coral Seamount, Southwest Indian Ridge",-41.373,42.9106666666666
SITE0073,Whale,Cerapus,"Coral Seamount, Southwest Indian Ridge",-41.373,42.9106666666666
SITE0073,Whale,Conicostoma,"Coral Seamount, Southwest Indian Ridge",-41.373,42.9106666666666
SITE0073,Whale,Eualus oreios,"Coral Seamount, Southwest Indian Ridge",-41.373,42.9106666666666
SITE0073,Whale,Eurycope,"Coral Seamount, Southwest Indian Ridge",-41.373,42.9106666666666
SITE0073,Whale,Flabelligella,"Coral Seamount, Southwest Indian Ridge",-41.373,42.9106666666666
SITE0073,Whale,Hedgpethia,"Coral Seamount, Southwest Indian Ridge",-41.373,42.9106666666666
SITE0073,Whale,Idas,"Coral Seamount, Southwest Indian Ridge",-41.373,42.9106666666666
SITE0073,Whale,Jasmineira,"Coral Seamount, Southwest Indian Ridge",-41.373,42.9106666666666
SITE0073,Whale,Lebbeus ketophilos,"Coral Seamount, Southwest Indian Ridge",-41.373,42.9106666666666
SITE0073,Whale,Leucothoe,"Coral Seamount, Southwest Indian Ridge",-41.373,42.9106666666666
SITE0073,Whale,Nymphon,"Coral Seamount, Southwest Indian Ridge",-41.373,42.9106666666666
SITE0073,Whale,Ophryotrocha,"Coral Seamount, Southwest Indian Ridge",-41.373,42.9106666666666
SITE0073,Whale,Podocerus,"Coral Seamount, Southwest Indian Ridge",-41.373,42.9106666666666
SITE0073,Whale,Rhynchothorax,"Coral Seamount, Southwest Indian Ridge",-41.373,42.9106666666666
SITE0073,Whale,Seba,"Coral Seamount, Southwest Indian Ridge",-41.373,42.9106666666666
SITE0073,Whale,Sericosura mitrata,"Coral Seamount, Southwest Indian Ridge",-41.373,42.9106666666666
SITE0073,Wood,Amaryllis,"Coral Seamount, Southwest Indian Ridge",-41.373,42.9106666666666
SITE0073,Wood,Arcturides cornutus,"Coral Seamount, Southwest Indian Ridge",-41.373,42.9106666666666
SITE0073,Wood,Austrodecus valdiviens,"Coral Seamount, Southwest Indian Ridge",-41.373,42.9106666666666
SITE0073,Wood,Capitella,"Coral Seamount, Southwest Indian Ridge",-41.373,42.9106666666666
SITE0073,Wood,Flabelligella,"Coral Seamount, Southwest Indian Ridge",-41.373,42.9106666666666
SITE0073,Wood,Jasmineira,"Coral Seamount, Southwest Indian Ridge",-41.373,42.9106666666666
SITE0073,Wood,Nymphon,"Coral Seamount, Southwest Indian Ridge",-41.373,42.9106666666666
SITE0073,Wood,Octobranchus,"Coral Seamount, Southwest Indian Ridge",-41.373,42.9106666666666
SITE0073,Wood,Ophioscolex,"Coral Seamount, Southwest Indian Ridge",-41.373,42.9106666666666
SITE0073,Wood,Ophryotrocha,"Coral Seamount, Southwest Indian Ridge",-41.373,42.9106666666666
SITE0073,Wood,Perissasterias,"Coral Seamount, Southwest Indian Ridge",-41.373,42.9106666666666
SITE0073,Wood,Podocerus,"Coral Seamount, Southwest Indian Ridge",-41.373,42.9106666666666
SITE0073,Wood,Rhynchothorax,"Coral Seamount, Southwest Indian Ridge",-41.373,42.9106666666666
SITE0073,Wood,Seba,"Coral Seamount, Southwest Indian Ridge",-41.373,42.9106666666666
SITE0073,Wood,Sericosura mitrata,"Coral Seamount, Southwest Indian Ridge",-41.373,42.9106666666666
SITE0073,Wood,Venustatrochus georgianus,"Coral Seamount, Southwest Indian Ridge",-41.373,42.9106666666666
SITE0073,Wood,Xylophaga murrayi,"Coral Seamount, Southwest Indian Ridge",-41.373,42.9106666666666
SITE0074,Whale,Austrolaenilla,"Atlantis Bank, Southwest Indian Ridge",-32.7118333333333,57.2718333333333
SITE0074,Whale,Hedgpethia,"Atlantis Bank, Southwest Indian Ridge",-32.7118333333333,57.2718333333333
SITE0074,Whale,Idas,"Atlantis Bank, Southwest Indian Ridge",-32.7118333333333,57.2718333333333
SITE0074,Whale,Ophryotrocha,"Atlantis Bank, Southwest Indian Ridge",-32.7118333333333,57.2718333333333
SITE0074,Whale,Polyechinus agulhensis,"Atlantis Bank, Southwest Indian Ridge",-32.7118333333333,57.2718333333333
SITE0074,Whale,Sassia nassariformis,"Atlantis Bank, Southwest Indian Ridge",-32.7118333333333,57.2718333333333
SITE0074,Whale,Seba,"Atlantis Bank, Southwest Indian Ridge",-32.7118333333333,57.2718333333333
SITE0074,Wood,Austrodecus,"Atlantis Bank, Southwest Indian Ridge",-32.7118333333333,57.2718333333333
SITE0074,Wood,Austrodecus valdiviens,"Atlantis Bank, Southwest Indian Ridge",-32.7118333333333,57.2718333333333
SITE0074,Wood,Austrolaenilla,"Atlantis Bank, Southwest Indian Ridge",-32.7118333333333,57.2718333333333
SITE0074,Wood,Capitella,"Atlantis Bank, Southwest Indian Ridge",-32.7118333333333,57.2718333333333
SITE0074,Wood,Dorhynchus,"Atlantis Bank, Southwest Indian Ridge",-32.7118333333333,57.2718333333333
SITE0074,Wood,Glycera,"Atlantis Bank, Southwest Indian Ridge",-32.7118333333333,57.2718333333333
SITE0074,Wood,Hedgpethia,"Atlantis Bank, Southwest Indian Ridge",-32.7118333333333,57.2718333333333
SITE0074,Wood,Idas,"Atlantis Bank, Southwest Indian Ridge",-32.7118333333333,57.2718333333333
SITE0074,Wood,Munidopsis mandelai,"Atlantis Bank, Southwest Indian Ridge",-32.7118333333333,57.2718333333333
SITE0074,Wood,Neopilumnoplax heterochir,"Atlantis Bank, Southwest Indian Ridge",-32.7118333333333,57.2718333333333
SITE0074,Wood,Projasus parkeri,"Atlantis Bank, Southwest Indian Ridge",-32.7118333333333,57.2718333333333
SITE0074,Wood,Rhynchothorax,"Atlantis Bank, Southwest Indian Ridge",-32.7118333333333,57.2718333333333
SITE0074,Wood,Sassia nassariformis,"Atlantis Bank, Southwest Indian Ridge",-32.7118333333333,57.2718333333333
SITE0074,Wood,Thysanometra,"Atlantis Bank, Southwest Indian Ridge",-32.7118333333333,57.2718333333333
SITE0074,Wood,Xylophaga cf. indica,"Atlantis Bank, Southwest Indian Ridge",-32.7118333333333,57.2718333333333
SITE0079,Whale,Tripoplax balaenophila,"Off Concepción, Chile",-36.4833333333333,-73.5666666666666
SITE0082,Whale,Adipicola crypta,"off Cape Nomamisaki, Japan",31.3453333333333,129.988083333333
SITE0082,Whale,Adipicola pacifica,"off Cape Nomamisaki, Japan",31.3453333333333,129.988083333333
SITE0082,Whale,Alpheus,"off Cape Nomamisaki, Japan",31.3453333333333,129.988083333333
SITE0082,Whale,Asymmetron inferum,"off Cape Nomamisaki, Japan",31.3453333333333,129.988083333333
SITE0082,Whale,Atrina teramachii,"off Cape Nomamisaki, Japan",31.3453333333333,129.988083333333
SITE0082,Whale,Callianassa,"off Cape Nomamisaki, Japan",31.3453333333333,129.988083333333
SITE0082,Whale,Cancer gibbosulus,"off Cape Nomamisaki, Japan",31.3453333333333,129.988083333333
SITE0082,Whale,Cancer japonicus,"off Cape Nomamisaki, Japan",31.3453333333333,129.988083333333
SITE0082,Whale,Carcinoplax surugensis,"off Cape Nomamisaki, Japan",31.3453333333333,129.988083333333
SITE0082,Whale,Ceratostoma inornata,"off Cape Nomamisaki, Japan",31.3453333333333,129.988083333333
SITE0082,Whale,Cestopagurus,"off Cape Nomamisaki, Japan",31.3453333333333,129.988083333333
SITE0082,Whale,Cheramus cavifrons,"off Cape Nomamisaki, Japan",31.3453333333333,129.988083333333
SITE0082,Whale,Chlamys empressae,"off Cape Nomamisaki, Japan",31.3453333333333,129.988083333333
SITE0082,Whale,Chlamys lemniscata,"off Cape Nomamisaki, Japan",31.3453333333333,129.988083333333
SITE0082,Whale,Cocculina,"off Cape Nomamisaki, Japan",31.3453333333333,129.988083333333
SITE0082,Whale,Cryptocnemus obolus,"off Cape Nomamisaki, Japan",31.3453333333333,129.988083333333
SITE0082,Whale,Dillwynella vitrea,"off Cape Nomamisaki, Japan",31.3453333333333,129.988083333333
SITE0082,Whale,Edwardsia,"off Cape Nomamisaki, Japan",31.3453333333333,129.988083333333
SITE0082,Whale,Ethusa,"off Cape Nomamisaki, Japan",31.3453333333333,129.988083333333
SITE0082,Whale,Eualus ctenomerus,"off Cape Nomamisaki, Japan",31.3453333333333,129.988083333333
SITE0082,Whale,Eualus kikuchii,"off Cape Nomamisaki, Japan",31.3453333333333,129.988083333333
SITE0082,Whale,Eumunida,"off Cape Nomamisaki, Japan",31.3453333333333,129.988083333333
SITE0082,Whale,Gadilina,"off Cape Nomamisaki, Japan",31.3453333333333,129.988083333333
SITE0082,Whale,Galathea,"off Cape Nomamisaki, Japan",31.3453333333333,129.988083333333
SITE0082,Whale,Heteralepas,"off Cape Nomamisaki, Japan",31.3453333333333,129.988083333333
SITE0082,Whale,Homalopoma,"off Cape Nomamisaki, Japan",31.3453333333333,129.988083333333
SITE0082,Whale,Homola orientalis,"off Cape Nomamisaki, Japan",31.3453333333333,129.988083333333
SITE0082,Whale,Lucinoma adamsianum,"off Cape Nomamisaki, Japan",31.3453333333333,129.988083333333
SITE0082,Whale,Lyrocteis imperatoris,"off Cape Nomamisaki, Japan",31.3453333333333,129.988083333333
SITE0082,Whale,Macrocheira kaempfer,"off Cape Nomamisaki, Japan",31.3453333333333,129.988083333333
SITE0082,Whale,Medaeus serratus,"off Cape Nomamisaki, Japan",31.3453333333333,129.988083333333
SITE0082,Whale,Merocryptus lambriformis,"off Cape Nomamisaki, Japan",31.3453333333333,129.988083333333
SITE0082,Whale,Mitrella bicincta,"off Cape Nomamisaki, Japan",31.3453333333333,129.988083333333
SITE0082,Whale,Munida,"off Cape Nomamisaki, Japan",31.3453333333333,129.988083333333
SITE0082,Whale,Nematopagurus lepidochirus,"off Cape Nomamisaki, Japan",31.3453333333333,129.988083333333
SITE0082,Whale,Nematopagurus spinulosensoris,"off Cape Nomamisaki, Japan",31.3453333333333,129.988083333333
SITE0082,Whale,Nitidotellina soyoae,"off Cape Nomamisaki, Japan",31.3453333333333,129.988083333333
SITE0082,Whale,Octopus,"off Cape Nomamisaki, Japan",31.3453333333333,129.988083333333
SITE0082,Whale,Olivella spretoides,"off Cape Nomamisaki, Japan",31.3453333333333,129.988083333333
SITE0082,Whale,Osedax japonicus,"off Cape Nomamisaki, Japan",31.3453333333333,129.988083333333
SITE0082,Whale,Oxypleurodon stimpsoni,"off Cape Nomamisaki, Japan",31.3453333333333,129.988083333333
SITE0082,Whale,Paguristes albimaculatus,"off Cape Nomamisaki, Japan",31.3453333333333,129.988083333333
SITE0082,Whale,Pinnixa,"off Cape Nomamisaki, Japan",31.3453333333333,129.988083333333
SITE0082,Whale,Pisanianura breviaxe,"off Cape Nomamisaki, Japan",31.3453333333333,129.988083333333
SITE0082,Whale,Plesionika crosnieri,"off Cape Nomamisaki, Japan",31.3453333333333,129.988083333333
SITE0082,Whale,Plesionika grandis,"off Cape Nomamisaki, Japan",31.3453333333333,129.988083333333
SITE0082,Whale,Pleurobranchella nicobarica,"off Cape Nomamisaki, Japan",31.3453333333333,129.988083333333
SITE0082,Whale,Processa philippinensis,"off Cape Nomamisaki, Japan",31.3453333333333,129.988083333333
SITE0082,Whale,Protodrilus puniceus,"off Cape Nomamisaki, Japan",31.3453333333333,129.988083333333
SITE0082,Whale,Pugettia minor,"off Cape Nomamisaki, Japan",31.3453333333333,129.988083333333
SITE0082,Whale,Solemya pervernicosa,"off Cape Nomamisaki, Japan",31.3453333333333,129.988083333333
SITE0082,Whale,Striodentalium rhabdotum,"off Cape Nomamisaki, Japan",31.3453333333333,129.988083333333
SITE0082,Whale,Tanea magnifluctuata,"off Cape Nomamisaki, Japan",31.3453333333333,129.988083333333
SITE0082,Whale,Trachycarcinus sagamiensis,"off Cape Nomamisaki, Japan",31.3453333333333,129.988083333333
SITE0082,Whale,Wallucina,"off Cape Nomamisaki, Japan",31.3453333333333,129.988083333333
SITE0082,Whale,Zeuxis castus,"off Cape Nomamisaki, Japan",31.3453333333333,129.988083333333
SITE0083,Whale,Micospina auribohnorum,"Monterey Bay, CA, USA",32.7769666666666,-117.487566666666
SITE0084,Whale,Parougia batia,"San Diego, CA, USA",32.7716,-117.453
SITE0084,Whale,Parougia oregonensis,"San Diego, CA, USA",32.7716,-117.453
SITE0085,Whale,Asteronyx,"Monterey Bay, CA, USA",36.7721,-122.0831
SITE0085,Whale,Eualus macrophthalmus,"Monterey Bay, CA, USA",36.7721,-122.0831
SITE0085,Whale,Poraniopsis inflata,"Monterey Bay, CA, USA",36.7721,-122.0831
SITE0085,Whale,Rathbunaster californicus,"Monterey Bay, CA, USA",36.7721,-122.0831
SITE0085,Whale,Ziminella vrijenhoeki,"Monterey Bay, CA, USA",36.7721,-122.0831
SITE0086,Whale,Adontorhina lynnae,Santa Cruz Basin,33.45,-119.366666666666
SITE0086,Whale,Aphelochaeta,Santa Cruz Basin,33.45,-119.366666666666
SITE0086,Whale,Archivesica gigas,Santa Cruz Basin,33.45,-119.366666666666
SITE0086,Whale,Aricidea cf. lopezi,Santa Cruz Basin,33.45,-119.366666666666
SITE0086,Whale,Aricidea cf. rubra,Santa Cruz Basin,33.45,-119.366666666666
SITE0086,Whale,Bathykurila guaymasensis,Santa Cruz Basin,33.45,-119.366666666666
SITE0086,Whale,Caetozone,Santa Cruz Basin,33.45,-119.366666666666
SITE0086,Whale,Calyptogena pacifica,Santa Cruz Basin,33.45,-119.366666666666
SITE0086,Whale,Chaetozone,Santa Cruz Basin,33.45,-119.366666666666
SITE0086,Whale,Chaetozone cf. commonalis,Santa Cruz Basin,33.45,-119.366666666666
SITE0086,Whale,Cossura rostrata,Santa Cruz Basin,33.45,-119.366666666666
SITE0086,Whale,Cumella,Santa Cruz Basin,33.45,-119.366666666666
SITE0086,Whale,Eurysyllis,Santa Cruz Basin,33.45,-119.366666666666
SITE0086,Whale,Exallopus,Santa Cruz Basin,33.45,-119.366666666666
SITE0086,Whale,Glycera cf. branchiopoda,Santa Cruz Basin,33.45,-119.366666666666
SITE0086,Whale,Glyphanostomum pallescens,Santa Cruz Basin,33.45,-119.366666666666
SITE0086,Whale,Gyptis,Santa Cruz Basin,33.45,-119.366666666666
SITE0086,Whale,Hyalogyrina,Santa Cruz Basin,33.45,-119.366666666666
SITE0086,Whale,Idas washingtonia,Santa Cruz Basin,33.45,-119.366666666666
SITE0086,Whale,Ilyarachna profunda,Santa Cruz Basin,33.45,-119.366666666666
SITE0086,Whale,Ilyarchna profunda,Santa Cruz Basin,33.45,-119.366666666666
SITE0086,Whale,Laonice,Santa Cruz Basin,33.45,-119.366666666666
SITE0086,Whale,Laonice cf. cirrata,Santa Cruz Basin,33.45,-119.366666666666
SITE0086,Whale,Lepidontopodium cf. riftense,Santa Cruz Basin,33.45,-119.366666666666
SITE0086,Whale,Mitrella permodesta,Santa Cruz Basin,33.45,-119.366666666666
SITE0086,Whale,Monoculodes,Santa Cruz Basin,33.45,-119.366666666666
SITE0086,Whale,Monticellina,Santa Cruz Basin,33.45,-119.366666666666
SITE0086,Whale,Mugga,Santa Cruz Basin,33.45,-119.366666666666
SITE0086,Whale,Munidopsis quadrata,Santa Cruz Basin,33.45,-119.366666666666
SITE0086,Whale,Neanthes,Santa Cruz Basin,33.45,-119.366666666666
SITE0086,Whale,Neosabellides,Santa Cruz Basin,33.45,-119.366666666666
SITE0086,Whale,Nereis cf. piscesae,Santa Cruz Basin,33.45,-119.366666666666
SITE0086,Whale,Oikopleura cophocera,Santa Cruz Basin,33.45,-119.366666666666
SITE0086,Whale,Oikopleura longicauda,Santa Cruz Basin,33.45,-119.366666666666
SITE0086,Whale,Ophryotrocha,Santa Cruz Basin,33.45,-119.366666666666
SITE0086,Whale,Ophryotrocha batillus,Santa Cruz Basin,33.45,-119.366666666666
SITE0086,Whale,Ophryotrocha flabella,Santa Cruz Basin,33.45,-119.366666666666
SITE0086,Whale,Ophryotrocha langstrumpae,Santa Cruz Basin,33.45,-119.366666666666
SITE0086,Whale,Ophryotrocha magnadentata,Santa Cruz Basin,33.45,-119.366666666666
SITE0086,Whale,Ophryotrocha nauarchus,Santa Cruz Basin,33.45,-119.366666666666
SITE0086,Whale,Ophryotrocha platykephale,Santa Cruz Basin,33.45,-119.366666666666
SITE0086,Whale,Osedax,Santa Cruz Basin,33.45,-119.366666666666
SITE0086,Whale,Paralysippe cf. annectens,Santa Cruz Basin,33.45,-119.366666666666
SITE0086,Whale,Paraophryotrocha,Santa Cruz Basin,33.45,-119.366666666666
SITE0086,Whale,Parophryotrocha,Santa Cruz Basin,33.45,-119.366666666666
SITE0086,Whale,Parougia,Santa Cruz Basin,33.45,-119.366666666666
SITE0086,Whale,Peinaleopolynoe santacatalina,Santa Cruz Basin,33.45,-119.366666666666
SITE0086,Whale,Phyllochaetopterus limicolus,Santa Cruz Basin,33.45,-119.366666666666
SITE0086,Whale,Prionospio,Santa Cruz Basin,33.45,-119.366666666666
SITE0086,Whale,Pseudophryotrocha,Santa Cruz Basin,33.45,-119.366666666666
SITE0086,Whale,Pyropelta corymba,Santa Cruz Basin,33.45,-119.366666666666
SITE0086,Whale,Samytha cf. californiensis,Santa Cruz Basin,33.45,-119.366666666666
SITE0086,Whale,Schistomeringos longicornis,Santa Cruz Basin,33.45,-119.366666666666
SITE0086,Whale,Sige cf. brunea,Santa Cruz Basin,33.45,-119.366666666666
SITE0086,Whale,Sosanopsis,Santa Cruz Basin,33.45,-119.366666666666
SITE0086,Whale,Sphaerodoropsis cf. discolis,Santa Cruz Basin,33.45,-119.366666666666
SITE0086,Whale,Sphaerosyllis,Santa Cruz Basin,33.45,-119.366666666666
SITE0086,Whale,Spiophanes cf. berkeleyorum,Santa Cruz Basin,33.45,-119.366666666666
SITE0086,Whale,Subadyte mexicana,Santa Cruz Basin,33.45,-119.366666666666
SITE0086,Whale,Tharyx,Santa Cruz Basin,33.45,-119.366666666666
SITE0086,Whale,Vigtorniella flokati,Santa Cruz Basin,33.45,-119.366666666666
SITE0087,Whale,Amelinna,Santa Catalina Basin,32.2,-118.5
SITE0087,Whale,Archivesica gigas,Santa Catalina Basin,32.2,-118.5
SITE0087,Whale,Aricidea lopezi,Santa Catalina Basin,32.2,-118.5
SITE0087,Whale,Autolytus,Santa Catalina Basin,32.2,-118.5
SITE0087,Whale,Bathykurila guaymasensis,Santa Catalina Basin,32.2,-118.5
SITE0087,Whale,Boreotrophon tripherus,Santa Catalina Basin,32.2,-118.5
SITE0087,Whale,Caetozone,Santa Catalina Basin,32.2,-118.5
SITE0087,Whale,Calyptogena pacifica,Santa Catalina Basin,32.2,-118.5
SITE0087,Whale,Cocculina craigsmithi,Santa Catalina Basin,32.2,-118.5
SITE0087,Whale,Escarpia spicata,Santa Catalina Basin,32.2,-118.5
SITE0087,Whale,Exogon,Santa Catalina Basin,32.2,-118.5
SITE0087,Whale,Flabelliderma,Santa Catalina Basin,32.2,-118.5
SITE0087,Whale,Flabelligera infundibularis,Santa Catalina Basin,32.2,-118.5
SITE0087,Whale,Gyptis,Santa Catalina Basin,32.2,-118.5
SITE0087,Whale,Harmothoe fragilis,Santa Catalina Basin,32.2,-118.5
SITE0087,Whale,Hesiocaeca,Santa Catalina Basin,32.2,-118.5
SITE0087,Whale,Idas washingtonia,Santa Catalina Basin,32.2,-118.5
SITE0087,Whale,Illyarachna profunda,Santa Catalina Basin,32.2,-118.5
SITE0087,Whale,Laonice,Santa Catalina Basin,32.2,-118.5
SITE0087,Whale,Lumbrineris,Santa Catalina Basin,32.2,-118.5
SITE0087,Whale,Mitrella permodesta,Santa Catalina Basin,32.2,-118.5
SITE0087,Whale,Neosabellides,Santa Catalina Basin,32.2,-118.5
SITE0087,Whale,Nereis anoculis,Santa Catalina Basin,32.2,-118.5
SITE0087,Whale,Ophryotrocha batillus,Santa Catalina Basin,32.2,-118.5
SITE0087,Whale,Ophryotrocha flabella,Santa Catalina Basin,32.2,-118.5
SITE0087,Whale,Ophryotrocha langstrumpae,Santa Catalina Basin,32.2,-118.5
SITE0087,Whale,Ophryotrocha magnadentata,Santa Catalina Basin,32.2,-118.5
SITE0087,Whale,Ophryotrocha nauarchus,Santa Catalina Basin,32.2,-118.5
SITE0087,Whale,Parougia,Santa Catalina Basin,32.2,-118.5
SITE0087,Whale,Peinaleopolynoe santacatalina,Santa Catalina Basin,32.2,-118.5
SITE0087,Whale,Pionosyllis,Santa Catalina Basin,32.2,-118.5
SITE0087,Whale,Prionospio,Santa Catalina Basin,32.2,-118.5
SITE0087,Whale,Provanna lomana,Santa Catalina Basin,32.2,-118.5
SITE0087,Whale,Pyropelta corymba,Santa Catalina Basin,32.2,-118.5
SITE0087,Whale,Pyropelta musaica,Santa Catalina Basin,32.2,-118.5
SITE0087,Whale,Pyropelta wakefieldi,Santa Catalina Basin,32.2,-118.5
SITE0087,Whale,Raricirris,Santa Catalina Basin,32.2,-118.5
SITE0087,Whale,Samytha cf. Californiensis,Santa Catalina Basin,32.2,-118.5
SITE0087,Whale,Scionides,Santa Catalina Basin,32.2,-118.5
SITE0087,Whale,Seba profunda,Santa Catalina Basin,32.2,-118.5
SITE0087,Whale,Sphaerosyllis,Santa Catalina Basin,32.2,-118.5
SITE0087,Whale,Subadyte mexicana,Santa Catalina Basin,32.2,-118.5
SITE0088,Whale,Aurospio cf. dibranchiata,San Diego Trough,32.5833333333333,-117.5
SITE0088,Whale,Chaetozone,San Diego Trough,32.5833333333333,-117.5
SITE0088,Whale,Cocculina craigsmithi,San Diego Trough,32.5833333333333,-117.5
SITE0088,Whale,Eulimella lomana,San Diego Trough,32.5833333333333,-117.5
SITE0088,Whale,Gyptis,San Diego Trough,32.5833333333333,-117.5
SITE0088,Whale,Harmothoe fragilis,San Diego Trough,32.5833333333333,-117.5
SITE0088,Whale,Idas washingtonia,San Diego Trough,32.5833333333333,-117.5
SITE0088,Whale,Illyarachna profunda,San Diego Trough,32.5833333333333,-117.5
SITE0088,Whale,Laonice,San Diego Trough,32.5833333333333,-117.5
SITE0088,Whale,Mitrella permodesta,San Diego Trough,32.5833333333333,-117.5
SITE0088,Whale,Nereis anoculis,San Diego Trough,32.5833333333333,-117.5
SITE0088,Whale,Oikopleura fusiformis,San Diego Trough,32.5833333333333,-117.5
SITE0088,Whale,Ophryotrocha batillus,San Diego Trough,32.5833333333333,-117.5
SITE0088,Whale,Ophryotrocha flabella,San Diego Trough,32.5833333333333,-117.5
SITE0088,Whale,Ophryotrocha magnadentata,San Diego Trough,32.5833333333333,-117.5
SITE0088,Whale,Osedax,San Diego Trough,32.5833333333333,-117.5
SITE0088,Whale,Palpiphitime,San Diego Trough,32.5833333333333,-117.5
SITE0088,Whale,Paralysippe cf. annectens,San Diego Trough,32.5833333333333,-117.5
SITE0088,Whale,Parougia,San Diego Trough,32.5833333333333,-117.5
SITE0088,Whale,Prionospio,San Diego Trough,32.5833333333333,-117.5
SITE0088,Whale,Raricirris,San Diego Trough,32.5833333333333,-117.5
SITE0088,Whale,Raricirrus variabilis,San Diego Trough,32.5833333333333,-117.5
SITE0088,Whale,Samytha cf. californiensis,San Diego Trough,32.5833333333333,-117.5
SITE0088,Whale,Seba profunda,San Diego Trough,32.5833333333333,-117.5
SITE0088,Whale,Sosanopsis,San Diego Trough,32.5833333333333,-117.5
SITE0088,Whale,Subadyte mexicana,San Diego Trough,32.5833333333333,-117.5
SITE0088,Whale,Vigtorniella flokati,San Diego Trough,32.5833333333333,-117.5
SITE0088,Whale,Yoldiella,San Diego Trough,32.5833333333333,-117.5
SITE0089,Whale,Acrocirrus crassifilis,San Nicolas Slope,33.3333333333333,-119.833333333333
SITE0089,Whale,Amelinna,San Nicolas Slope,33.3333333333333,-119.833333333333
SITE0089,Whale,Amphicteis,San Nicolas Slope,33.3333333333333,-119.833333333333
SITE0089,Whale,Anguillosyllis,San Nicolas Slope,33.3333333333333,-119.833333333333
SITE0089,Whale,Archivesica gigas,San Nicolas Slope,33.3333333333333,-119.833333333333
SITE0089,Whale,Aricidea lopezi,San Nicolas Slope,33.3333333333333,-119.833333333333
SITE0089,Whale,Asclerocheilus,San Nicolas Slope,33.3333333333333,-119.833333333333
SITE0089,Whale,Aurospio cf. dibranchiata,San Nicolas Slope,33.3333333333333,-119.833333333333
SITE0089,Whale,Autolytus,San Nicolas Slope,33.3333333333333,-119.833333333333
SITE0089,Whale,Bathykurila guaymasensis,San Nicolas Slope,33.3333333333333,-119.833333333333
SITE0089,Whale,Boreotrophon tripherus,San Nicolas Slope,33.3333333333333,-119.833333333333
SITE0089,Whale,Chaetozone,San Nicolas Slope,33.3333333333333,-119.833333333333
SITE0089,Whale,Chlorilla longipes turgida,San Nicolas Slope,33.3333333333333,-119.833333333333
SITE0089,Whale,Cocculina craigsmithi,San Nicolas Slope,33.3333333333333,-119.833333333333
SITE0089,Whale,Cyclopecten,San Nicolas Slope,33.3333333333333,-119.833333333333
SITE0089,Whale,Ectenagena elongata,San Nicolas Slope,33.3333333333333,-119.833333333333
SITE0089,Whale,Eupolymnia,San Nicolas Slope,33.3333333333333,-119.833333333333
SITE0089,Whale,Exogone,San Nicolas Slope,33.3333333333333,-119.833333333333
SITE0089,Whale,Gyptis,San Nicolas Slope,33.3333333333333,-119.833333333333
SITE0089,Whale,Harmothoe craigsmithi,San Nicolas Slope,33.3333333333333,-119.833333333333
SITE0089,Whale,Harmothoe frigilis,San Nicolas Slope,33.3333333333333,-119.833333333333
SITE0089,Whale,Hemipodus,San Nicolas Slope,33.3333333333333,-119.833333333333
SITE0089,Whale,Hesiospina,San Nicolas Slope,33.3333333333333,-119.833333333333
SITE0089,Whale,Idas washingtonia,San Nicolas Slope,33.3333333333333,-119.833333333333
SITE0089,Whale,Illyarachna profunda,San Nicolas Slope,33.3333333333333,-119.833333333333
SITE0089,Whale,Laonice,San Nicolas Slope,33.3333333333333,-119.833333333333
SITE0089,Whale,Lepidonotus,San Nicolas Slope,33.3333333333333,-119.833333333333
SITE0089,Whale,Lumbrineris,San Nicolas Slope,33.3333333333333,-119.833333333333
SITE0089,Whale,Mitrella permodesta,San Nicolas Slope,33.3333333333333,-119.833333333333
SITE0089,Whale,Neoleptopsis,San Nicolas Slope,33.3333333333333,-119.833333333333
SITE0089,Whale,Neosabellides,San Nicolas Slope,33.3333333333333,-119.833333333333
SITE0089,Whale,Nereis anoculis,San Nicolas Slope,33.3333333333333,-119.833333333333
SITE0089,Whale,Oikopleura longicauda,San Nicolas Slope,33.3333333333333,-119.833333333333
SITE0089,Whale,Ophryotrocha batillus,San Nicolas Slope,33.3333333333333,-119.833333333333
SITE0089,Whale,Ophryotrocha flabella,San Nicolas Slope,33.3333333333333,-119.833333333333
SITE0089,Whale,Ophryotrocha langstrumpae,San Nicolas Slope,33.3333333333333,-119.833333333333
SITE0089,Whale,Ophryotrocha magnadentata,San Nicolas Slope,33.3333333333333,-119.833333333333
SITE0089,Whale,Ophryotrocha nauarchus,San Nicolas Slope,33.3333333333333,-119.833333333333
SITE0089,Whale,Paralysippe cf. annectens,San Nicolas Slope,33.3333333333333,-119.833333333333
SITE0089,Whale,Paraonides,San Nicolas Slope,33.3333333333333,-119.833333333333
SITE0089,Whale,Parougia,San Nicolas Slope,33.3333333333333,-119.833333333333
SITE0089,Whale,Pholoe cf. courtneyae,San Nicolas Slope,33.3333333333333,-119.833333333333
SITE0089,Whale,Phreagena kilmeri,San Nicolas Slope,33.3333333333333,-119.833333333333
SITE0089,Whale,Phyllochaetopterus limicolus,San Nicolas Slope,33.3333333333333,-119.833333333333
SITE0089,Whale,Provanna lomana,San Nicolas Slope,33.3333333333333,-119.833333333333
SITE0089,Whale,Pyropelta corymba,San Nicolas Slope,33.3333333333333,-119.833333333333
SITE0089,Whale,Pyropelta musaica,San Nicolas Slope,33.3333333333333,-119.833333333333
SITE0089,Whale,Samytha cf. californiensis,San Nicolas Slope,33.3333333333333,-119.833333333333
SITE0089,Whale,Scionides,San Nicolas Slope,33.3333333333333,-119.833333333333
SITE0089,Whale,Seba profunda,San Nicolas Slope,33.3333333333333,-119.833333333333
SITE0089,Whale,Solemya,San Nicolas Slope,33.3333333333333,-119.833333333333
SITE0089,Whale,Sosanopsis,San Nicolas Slope,33.3333333333333,-119.833333333333
SITE0089,Whale,Sphaerosyllis,San Nicolas Slope,33.3333333333333,-119.833333333333
SITE0089,Whale,Subadyte mexicana,San Nicolas Slope,33.3333333333333,-119.833333333333
SITE0089,Whale,Yoldiella,San Nicolas Slope,33.3333333333333,-119.833333333333
SITE0089,Whale,Zepellenia,San Nicolas Slope,33.3333333333333,-119.833333333333
SITE0090,Whale,Chaetozone,San Clemente Basin,32.4333333333333,-118.15
SITE0090,Whale,Eulimella lomana,San Clemente Basin,32.4333333333333,-118.15
SITE0090,Whale,Flabelliderma,San Clemente Basin,32.4333333333333,-118.15
SITE0090,Whale,Harmothoe frigilis,San Clemente Basin,32.4333333333333,-118.15
SITE0090,Whale,Hemipodus,San Clemente Basin,32.4333333333333,-118.15
SITE0090,Whale,Hesiocaeca,San Clemente Basin,32.4333333333333,-118.15
SITE0090,Whale,Idas washingtonia,San Clemente Basin,32.4333333333333,-118.15
SITE0090,Whale,Illyarachna profunda,San Clemente Basin,32.4333333333333,-118.15
SITE0090,Whale,Laonice,San Clemente Basin,32.4333333333333,-118.15
SITE0090,Whale,Lepidonotopodium cf. riftense,San Clemente Basin,32.4333333333333,-118.15
SITE0090,Whale,Microphthalamus,San Clemente Basin,32.4333333333333,-118.15
SITE0090,Whale,Mitrella permodesta,San Clemente Basin,32.4333333333333,-118.15
SITE0090,Whale,Munidopsis cascadia,San Clemente Basin,32.4333333333333,-118.15
SITE0090,Whale,Munidopsis yaquinensis,San Clemente Basin,32.4333333333333,-118.15
SITE0090,Whale,Nereimyra,San Clemente Basin,32.4333333333333,-118.15
SITE0090,Whale,Nereis anoculis,San Clemente Basin,32.4333333333333,-118.15
SITE0090,Whale,Oikopleura longicauda,San Clemente Basin,32.4333333333333,-118.15
SITE0090,Whale,Ophryotrocha batillus,San Clemente Basin,32.4333333333333,-118.15
SITE0090,Whale,Ophryotrocha flabella,San Clemente Basin,32.4333333333333,-118.15
SITE0090,Whale,Ophryotrocha magnadentata,San Clemente Basin,32.4333333333333,-118.15
SITE0090,Whale,Osedax,San Clemente Basin,32.4333333333333,-118.15
SITE0090,Whale,Paralomis manningi,San Clemente Basin,32.4333333333333,-118.15
SITE0090,Whale,Paralysippe cf. annectens,San Clemente Basin,32.4333333333333,-118.15
SITE0090,Whale,Parougia,San Clemente Basin,32.4333333333333,-118.15
SITE0090,Whale,Peinaleopolynoe santacatalina,San Clemente Basin,32.4333333333333,-118.15
SITE0090,Whale,Pholoe cf. courtneyae,San Clemente Basin,32.4333333333333,-118.15
SITE0090,Whale,Prionospio,San Clemente Basin,32.4333333333333,-118.15
SITE0090,Whale,Raricirris,San Clemente Basin,32.4333333333333,-118.15
SITE0090,Whale,Seba profunda,San Clemente Basin,32.4333333333333,-118.15
SITE0090,Whale,Sphaerosyllis,San Clemente Basin,32.4333333333333,-118.15
SITE0090,Whale,Subadyte mexicana,San Clemente Basin,32.4333333333333,-118.15
SITE0090,Whale,Yoldiella,San Clemente Basin,32.4333333333333,-118.15
SITE0098,Wood,Caymanabyssia spina,Cayman Trench,19.65,-76.6166666666666
SITE0098,Wood,Caymanostella spinimarginata,Cayman Trench,19.65,-76.6166666666666
SITE0098,Wood,Fedikovella caymanensis,Cayman Trench,19.65,-76.6166666666666
SITE0098,Wood,Lepidopleurus,Cayman Trench,19.65,-76.6166666666666
SITE0098,Wood,Pseudococculina,Cayman Trench,19.65,-76.6166666666666
SITE0100,Wood,Fecampia,Caribbean sea,19.23,-73.23
SITE0101,Wood,Paleanotus,Gulf of Guinea,4.8333,-4.9666
SITE0104,Wood,Katianira,Caribbean sea,20.1333333333333,-84.5
SITE0104,Wood,Nereis caymanensis,Caribbean sea,20.1333333333333,-84.5
SITE0105,Wood,Cirratulus,"Caribbean sea, Southern Caribbean",11.65,-64.5833333333333
SITE0105,Wood,Golfingia schuttei,"Caribbean sea, Southern Caribbean",11.65,-64.5833333333333
SITE0105,Wood,Modiolus,"Caribbean sea, Southern Caribbean",11.65,-64.5833333333333
SITE0105,Wood,Muggoides sinctus,"Caribbean sea, Southern Caribbean",11.65,-64.5833333333333
SITE0105,Wood,Nereis,"Caribbean sea, Southern Caribbean",11.65,-64.5833333333333
SITE0105,Wood,Xylophaga,"Caribbean sea, Southern Caribbean",11.65,-64.5833333333333
SITE0106,Wood,Glycera tesselata,"Caribbean sea, Northern Caribbean",19.2333333333333,-73.2333333333333
SITE0106,Wood,Modiolus,"Caribbean sea, Northern Caribbean",19.2333333333333,-73.2333333333333
SITE0106,Wood,Nereis,"Caribbean sea, Northern Caribbean",19.2333333333333,-73.2333333333333
SITE0106,Wood,Nothria,"Caribbean sea, Northern Caribbean",19.2333333333333,-73.2333333333333
SITE0106,Wood,Xylophaga,"Caribbean sea, Northern Caribbean",19.2333333333333,-73.2333333333333
SITE0107,Wood,Modiolus,Gulf of Guinea,4.83333333333333,-4.96666666666666
SITE0107,Wood,Muggoides,Gulf of Guinea,4.83333333333333,-4.96666666666666
SITE0107,Wood,Nereis,Gulf of Guinea,4.83333333333333,-4.96666666666666
SITE0107,Wood,Thelepus,Gulf of Guinea,4.83333333333333,-4.96666666666666
SITE0107,Wood,Xylophaga,Gulf of Guinea,4.83333333333333,-4.96666666666666
SITE0108,Wood,Modiolus,"Caribbean Sea, off Trinidad",11.6166666666666,-60.2
SITE0108,Wood,Nothria,"Caribbean Sea, off Trinidad",11.6166666666666,-60.2
SITE0113,Wood,Golfingia schuttei,off Guiana,8.55,-54.3
SITE0113,Wood,Xylophaga,off Guiana,8.55,-54.3
SITE0114,Wood,Kurchatovus tridentatus,Cayman Trench central,19.65,-76.61666
SITE0117,Wood,Lepidopleurus,North Cuba,21.9666666666666,-73.7
SITE0117,Wood,Marginaster,North Cuba,21.9666666666666,-73.7
SITE0117,Wood,Modiolus,North Cuba,21.9666666666666,-73.7
SITE0117,Wood,Xylophaga,North Cuba,21.9666666666666,-73.7
SITE0118,Wood,Caymanabyssia spina,Cayman Trench,19.0166666666666,-80.5
SITE0118,Wood,Fedikovella caymanensis,Cayman Trench,19.0166666666666,-80.5
SITE0118,Wood,Pseudococculina,Cayman Trench,19.0166666666666,-80.5
SITE0119,Wood,Fedikovella,Near Lesser Antilles,13.45,-62.3166666666666
SITE0120,Wood,Fedikovella,Cayman Trench,19.4,-76.6333333333333
SITE0121,Wood,Fedikovella,Puerto Rico Trench,19.65,-68.3
SITE0122,Wood,Modiolus abyssicola,Panama Gulf,6.85,-79.4666666666666
SITE0124,Wood,Idas argenteus,"South of Eyrabakki, Iceland",61.5,-22.5
SITE0124,Wood,Xylophaga clenchi,"South of Eyrabakki, Iceland",61.5,-22.5
SITE0124,Wood,Xyloredo ingolfia,"South of Eyrabakki, Iceland",61.5,-22.5
SITE0128,Wood,Xylophaga,Near Lesser Antilles,13.7666666666666,-61.0833333333333
SITE0129,Wood,Xylophaga,off Guiana,7.58333333333333,-56.35
SITE0131,Wood,Arcoscalpellum,North Cuba,22.4,-75.43333
SITE0144,Wood,Coccopigya oculifera,Tumokemoke Knoll,-37.485,176.911666666666
SITE0144,Wood,Cocculina cervae,Tumokemoke Knoll,-37.485,176.911666666666
SITE0145,Wood,Bathyxylophila excelsa,East of Cape Kidnappers,-39.88,177.608333333333
SITE0145,Wood,Coccopigya crinita,East of Cape Kidnappers,-39.88,177.608333333333
SITE0145,Wood,Cocculina cervae,East of Cape Kidnappers,-39.88,177.608333333333
SITE0146,Wood,Cocculina cervae,South East of Cape Campbell,-41.9316666666666,174.72
SITE0147,Wood,Bathyxylophila excelsa,off Jackson Bay,-43.4466666666666,168.903333333333
SITE0147,Wood,Caymanabyssia sinespina,off Jackson Bay,-43.4466666666666,168.903333333333
SITE0147,Wood,Coccopigya crinita,off Jackson Bay,-43.4466666666666,168.903333333333
SITE0147,Wood,Coccopigya hispida,off Jackson Bay,-43.4466666666666,168.903333333333
SITE0147,Wood,Cocculina cervae,off Jackson Bay,-43.4466666666666,168.903333333333
SITE0147,Wood,Dillwynella lignicola,off Jackson Bay,-43.4466666666666,168.903333333333
SITE0147,Wood,Hylogyrina glabra,off Jackson Bay,-43.4466666666666,168.903333333333
SITE0147,Wood,Leptogyropsis kaltanae,off Jackson Bay,-43.4466666666666,168.903333333333
SITE0147,Wood,Pseudococculina gregoria,off Jackson Bay,-43.4466666666666,168.903333333333
SITE0147,Wood,Xyloskenea costulifera,off Jackson Bay,-43.4466666666666,168.903333333333
SITE0148,Wood,Coccopigya crinita,off Timaru,-44.5366666666666,173.705
SITE0148,Wood,Cocculina cervae,off Timaru,-44.5366666666666,173.705
SITE0148,Wood,Notocrater craticulata,off Timaru,-44.5366666666666,173.705
SITE0148,Wood,Pectinodonta morioria,off Timaru,-44.5366666666666,173.705
SITE0148,Wood,Pseudococculina gregoria,off Timaru,-44.5366666666666,173.705
SITE0148,Wood,Xyloskenea consors,off Timaru,-44.5366666666666,173.705
SITE0149,Wood,Coccopigya oculifera,South East of Banks Peninsula,-44.6083333333333,173.546666666666
SITE0149,Wood,Cocculina cervae,South East of Banks Peninsula,-44.6083333333333,173.546666666666
SITE0151,Wood,Bathyxylophila excelsa,off Castlepoint,-41.1616666666666,176.521666666666
SITE0151,Wood,Coccopigya hispida,off Castlepoint,-41.1616666666666,176.521666666666
SITE0151,Wood,Cocculinika myzorama,off Castlepoint,-41.1616666666666,176.521666666666
SITE0151,Wood,Dillwynella ingens,off Castlepoint,-41.1616666666666,176.521666666666
SITE0151,Wood,Dillwynella lignicola,off Castlepoint,-41.1616666666666,176.521666666666
SITE0151,Wood,Leptogyropsis kalinovoae,off Castlepoint,-41.1616666666666,176.521666666666
SITE0151,Wood,Xyloskenea costulifera,off Castlepoint,-41.1616666666666,176.521666666666
SITE0152,Wood,Coccopigya hispida,off Castlepoint,-41.1616666666666,176.441666666666
SITE0152,Wood,Colotrachelus hestica,off Castlepoint,-41.1616666666666,176.441666666666
SITE0153,Wood,Coccopigya hispida,Lower Kaikoura Canyon,-42.6383333333333,173.773333333333
SITE0153,Wood,Cocculinika myzorama,Lower Kaikoura Canyon,-42.6383333333333,173.773333333333
SITE0153,Wood,Colotrachelus hestica,Lower Kaikoura Canyon,-42.6383333333333,173.773333333333
SITE0154,Wood,Coccopigya hispida,off Timaru,-44.7683333333333,173.6
SITE0154,Wood,Coccopigya oculifera,off Timaru,-44.7683333333333,173.6
SITE0154,Wood,Kurilabyssia antipodensis,off Timaru,-44.7683333333333,173.6
SITE0154,Wood,Xyloskenea costulifera,off Timaru,-44.7683333333333,173.6
SITE0156,Wood,Coccopigya crinita,South East of Mayor,-37.365,176.348333333333
SITE0157,Wood,Coccopigya crinita,East of Mayor,-37.3916666666666,176.75
SITE0159,Wood,Coccopigya crinita,off Port Jackson,-33.5,152.083333333333
SITE0160,Wood,Coccopigya crinita,off Broken Bay,-33.5333333333333,152
SITE0161,Wood,Coccopigya crinita,East of Broken Bay,-33.5666666666666,152.116666666666
SITE0162,Wood,Coccopigya crinita,off Port Jackson,-33.5833333333333,152.016666666666
SITE0162,Wood,Kurilabyssia antipodensis,off Port Jackson,-33.5833333333333,152.016666666666
SITE0163,Wood,Coccopigya crinita,East of Broken Bay,-33.5833333333333,152
SITE0166,Wood,Coccopigya barbatula,off Botany Bay,-34.35,151.383333333333
SITE0167,Wood,Coccopigya barbatula,East of Brush Island,-35.55,150.733333333333
SITE0167,Wood,Notocrater ponderi,East of Brush Island,-35.55,150.733333333333
SITE0167,Wood,Ponderinella lignicola,East of Brush Island,-35.55,150.733333333333
SITE0167,Wood,Pseudococculina gregoria,East of Brush Island,-35.55,150.733333333333
SITE0167,Wood,Xylodiscula vitrea,East of Brush Island,-35.55,150.733333333333
SITE0169,Wood,Pseudococculina gregoria,East of Sydney,-33.7166666666666,151.85
SITE0171,Wood,Coccopigya barbatula,East of Wattamolla,-34.2833333333333,151.45
SITE0171,Wood,Notocrater ponderi,East of Wattamolla,-34.2833333333333,151.45
SITE0171,Wood,Pseudococculina gregoria,East of Wattamolla,-34.2833333333333,151.45
SITE0171,Wood,Xyloskenea grahami,East of Wattamolla,-34.2833333333333,151.45
SITE0172,Wood,Bathyxylophila excelsa,off White Island,-37.395,177.658333333333
SITE0172,Wood,Bathyxylophila pusilla,off White Island,-37.395,177.658333333333
SITE0172,Wood,Caymanabyssia rhina,off White Island,-37.395,177.658333333333
SITE0172,Wood,Caymanabyssia sinespina,off White Island,-37.395,177.658333333333
SITE0172,Wood,Coccopigya hispida,off White Island,-37.395,177.658333333333
SITE0172,Wood,Dillwynella ingens,off White Island,-37.395,177.658333333333
SITE0172,Wood,Dillwynella lignicola,off White Island,-37.395,177.658333333333
SITE0172,Wood,Hyalogyra expansa,off White Island,-37.395,177.658333333333
SITE0172,Wood,Hylogyrina glabra,off White Island,-37.395,177.658333333333
SITE0172,Wood,Leptogyra constricta,off White Island,-37.395,177.658333333333
SITE0172,Wood,Leptogyra patula,off White Island,-37.395,177.658333333333
SITE0172,Wood,Leptogyropsis kalinovoae,off White Island,-37.395,177.658333333333
SITE0172,Wood,Ophiambix aculeatus,off White Island,-37.395,177.658333333333
SITE0172,Wood,Pectinodonta aupouria,off White Island,-37.395,177.658333333333
SITE0172,Wood,Pseudococculina gradata,off White Island,-37.395,177.658333333333
SITE0172,Wood,Xylodiscula eximia,off White Island,-37.395,177.658333333333
SITE0172,Wood,Xylodiscula librata,off White Island,-37.395,177.658333333333
SITE0172,Wood,Xyloskenea costulifera,off White Island,-37.395,177.658333333333
SITE0172,Wood,Xyloskenea depressa,off White Island,-37.395,177.658333333333
SITE0173,Wood,Leptogyra constricta,off East Cape,-37.5433333333333,179.321666666666
SITE0173,Wood,Pseudococculina gradata,off East Cape,-37.5433333333333,179.321666666666
SITE0173,Wood,Xyloskenea costulifera,off East Cape,-37.5433333333333,179.321666666666
SITE0176,Wood,Kurilabyssia antipodensis,off Timaru,-44.7366666666666,173.13
SITE0177,Wood,Kurilabyssia antipodensis,off Timaru,-44.7516666666666,173.086666666666
SITE0179,Wood,Colotrachelus hestica,off Kaikoura,-42.695,174.466666666666
SITE0179,Wood,Xyloskenea costulifera,off Kaikoura,-42.695,174.466666666666
SITE0180,Wood,Bathyxylophila excelsa,off Cape Egmont,-38.975,172.17
SITE0180,Wood,Dillwynella ingens,off Cape Egmont,-38.975,172.17
SITE0180,Wood,Dillwynella lignicola,off Cape Egmont,-38.975,172.17
SITE0180,Wood,Xyloskenea costulifera,off Cape Egmont,-38.975,172.17
SITE0181,Wood,Bathyxylophila excelsa,off Mahia Peninsula,-39.4733333333333,178.393333333333
SITE0181,Wood,Bathyxylophila iota,off Mahia Peninsula,-39.4733333333333,178.393333333333
SITE0181,Wood,Dillwynella lignicola,off Mahia Peninsula,-39.4733333333333,178.393333333333
SITE0181,Wood,Leptogyropsis kaltanae,off Mahia Peninsula,-39.4733333333333,178.393333333333
SITE0181,Wood,Xyloskenea consors,off Mahia Peninsula,-39.4733333333333,178.393333333333
SITE0181,Wood,Xyloskenea costulifera,off Mahia Peninsula,-39.4733333333333,178.393333333333
SITE0182,Wood,Bathyxylophila excelsa,off Cape Kidnappers,-39.945,177.92
SITE0182,Wood,Bathyxylophila iota,off Cape Kidnappers,-39.945,177.92
SITE0182,Wood,Dillwynella lignicola,off Cape Kidnappers,-39.945,177.92
SITE0182,Wood,Leptogyropsis kalinovoae,off Cape Kidnappers,-39.945,177.92
SITE0182,Wood,Xyloskenea costulifera,off Cape Kidnappers,-39.945,177.92
SITE0183,Wood,Bathyxylophila excelsa,off Castlepoint,-41.165,176.441666666666
SITE0183,Wood,Dillwynella lignicola,off Castlepoint,-41.165,176.441666666666
SITE0183,Wood,Leptogyropsis kalinovoae,off Castlepoint,-41.165,176.441666666666
SITE0183,Wood,Xyloplax medusiformes,off Castlepoint,-41.165,176.441666666666
SITE0183,Wood,Xyloskenea costulifera,off Castlepoint,-41.165,176.441666666666
SITE0184,Wood,Bathyxylophila excelsa,South of Castlepoint,-41.4733333333333,176.086666666666
SITE0184,Wood,Dillwynella lignicola,South of Castlepoint,-41.4733333333333,176.086666666666
SITE0184,Wood,Leptogyra patula,South of Castlepoint,-41.4733333333333,176.086666666666
SITE0184,Wood,Leptogyropsis kalinovoae,South of Castlepoint,-41.4733333333333,176.086666666666
SITE0184,Wood,Xyloskenea costulifera,South of Castlepoint,-41.4733333333333,176.086666666666
SITE0185,Wood,Bathyxylophila excelsa,off Cape Palliser,-41.7533333333333,175.446666666666
SITE0185,Wood,Dillwynella lignicola,off Cape Palliser,-41.7533333333333,175.446666666666
SITE0185,Wood,Hyalogyra expansa,off Cape Palliser,-41.7533333333333,175.446666666666
SITE0185,Wood,Hylogyrina glabra,off Cape Palliser,-41.7533333333333,175.446666666666
SITE0185,Wood,Leptogyropsis kalinovoae,off Cape Palliser,-41.7533333333333,175.446666666666
SITE0185,Wood,Xyloskenea costulifera,off Cape Palliser,-41.7533333333333,175.446666666666
SITE0186,Wood,Bathyxylophila excelsa,off Clarence River mouth,-42.24,174.353333333333
SITE0186,Wood,Dillwynella lignicola,off Clarence River mouth,-42.24,174.353333333333
SITE0186,Wood,Xyloskenea consors,off Clarence River mouth,-42.24,174.353333333333
SITE0186,Wood,Xyloskenea costulifera,off Clarence River mouth,-42.24,174.353333333333
SITE0187,Wood,Bathyxylophila excelsa,off Greymouth,-42.37,169.458333333333
SITE0187,Wood,Bathyxylophila iota,off Greymouth,-42.37,169.458333333333
SITE0187,Wood,Dillwynella ingens,off Greymouth,-42.37,169.458333333333
SITE0187,Wood,Dillwynella lignicola,off Greymouth,-42.37,169.458333333333
SITE0187,Wood,Leptogyra patula,off Greymouth,-42.37,169.458333333333
SITE0187,Wood,Xyloskenea costulifera,off Greymouth,-42.37,169.458333333333
SITE0188,Wood,Bathyxylophila excelsa,NE of Chatham Island,-42.785,-175.76
SITE0188,Wood,Dillwynella ingens,NE of Chatham Island,-42.785,-175.76
SITE0188,Wood,Dillwynella lignicola,NE of Chatham Island,-42.785,-175.76
SITE0188,Wood,Leptogyra constricta,NE of Chatham Island,-42.785,-175.76
SITE0188,Wood,Leptogyra patula,NE of Chatham Island,-42.785,-175.76
SITE0188,Wood,Leptogyropsis kalinovoae,NE of Chatham Island,-42.785,-175.76
SITE0188,Wood,Xyloskenea costulifera,NE of Chatham Island,-42.785,-175.76
SITE0189,Wood,Bathyxylophila excelsa,off Hokitika,-42.9766666666666,168.365
SITE0189,Wood,Caymanabyssia sinespina,off Hokitika,-42.9766666666666,168.365
SITE0189,Wood,Dillwynella ingens,off Hokitika,-42.9766666666666,168.365
SITE0189,Wood,Dillwynella lignicola,off Hokitika,-42.9766666666666,168.365
SITE0189,Wood,Xyloplax medusiformes,off Hokitika,-42.9766666666666,168.365
SITE0189,Wood,Xyloskenea costulifera,off Hokitika,-42.9766666666666,168.365
SITE0191,Wood,Bathyxylophila excelsa,off Jackson Bay,-43.4966666666666,168.901666666666
SITE0191,Wood,Dillwynella lignicola,off Jackson Bay,-43.4966666666666,168.901666666666
SITE0191,Wood,Hylogyrina glabra,off Jackson Bay,-43.4966666666666,168.901666666666
SITE0195,Wood,Bathyxylophila iota,SE of Broken Bay,-33.6666666666666,151.933333333333
SITE0195,Wood,Bathyxylophila peroniana,SE of Broken Bay,-33.6666666666666,151.933333333333
SITE0195,Wood,Coccopigya crinita,SE of Broken Bay,-33.6666666666666,151.933333333333
SITE0195,Wood,Pseudococculina gregoria,SE of Broken Bay,-33.6666666666666,151.933333333333
SITE0195,Wood,Xyleptogyra kapalae,SE of Broken Bay,-33.6666666666666,151.933333333333
SITE0195,Wood,Xylodiscula vitrea,SE of Broken Bay,-33.6666666666666,151.933333333333
SITE0195,Wood,Xyloskenea grahami,SE of Broken Bay,-33.6666666666666,151.933333333333
SITE0196,Wood,Bathyxylophila excelsa,off East Cape,-37.535,179.176666666666
SITE0196,Wood,Leptogyropsis kalinovoae,off East Cape,-37.535,179.176666666666
SITE0196,Wood,Xyloskenea consors,off East Cape,-37.535,179.176666666666
SITE0196,Wood,Xyloskenea costulifera,off East Cape,-37.535,179.176666666666
SITE0197,Wood,Leptogyropsis kalinovoae,off Castlepoint,-41.4116666666666,176.14
SITE0197,Wood,Xyloplax medusiformes,off Castlepoint,-41.4116666666666,176.14
SITE0197,Wood,Xyloskenea costulifera,off Castlepoint,-41.4116666666666,176.14
SITE0198,Wood,Leptogyropsis kalinovoae,off Castlepoint,-41.4216666666666,176.126666666666
SITE0198,Wood,Xyloplax medusiformes,off Castlepoint,-41.4216666666666,176.126666666666
SITE0198,Wood,Xyloskenea costulifera,off Castlepoint,-41.4216666666666,176.126666666666
SITE0199,Wood,Bathyxylophila excelsa,NE of Chatham Island,-42.9583333333333,175.371666666666
SITE0199,Wood,Bathyxylophila iota,NE of Chatham Island,-42.9583333333333,175.371666666666
SITE0199,Wood,Leptogyropsis kalinovoae,NE of Chatham Island,-42.9583333333333,175.371666666666
SITE0199,Wood,Xyloskenea costulifera,NE of Chatham Island,-42.9583333333333,175.371666666666
SITE0200,Wood,Leptogyropsis kalinovoae,off Oamaru,-44.9875,174.015
SITE0200,Wood,Xyloskenea costulifera,off Oamaru,-44.9875,174.015
SITE0201,Wood,Bathyxylophila excelsa,"NE of Mernoo Bank, Chatham Rise",-42.7316666666666,176.133333333333
SITE0201,Wood,Bathyxylophila iota,"NE of Mernoo Bank, Chatham Rise",-42.7316666666666,176.133333333333
SITE0201,Wood,Caymanabyssia sinespina,"NE of Mernoo Bank, Chatham Rise",-42.7316666666666,176.133333333333
SITE0201,Wood,Coccopigya crinita,"NE of Mernoo Bank, Chatham Rise",-42.7316666666666,176.133333333333
SITE0201,Wood,Hylogyrina glabra,"NE of Mernoo Bank, Chatham Rise",-42.7316666666666,176.133333333333
SITE0201,Wood,Leptogyropsis kaltanae,"NE of Mernoo Bank, Chatham Rise",-42.7316666666666,176.133333333333
SITE0201,Wood,Pectinodonta morioria,"NE of Mernoo Bank, Chatham Rise",-42.7316666666666,176.133333333333
SITE0201,Wood,Pseudococculina gregoria,"NE of Mernoo Bank, Chatham Rise",-42.7316666666666,176.133333333333
SITE0201,Wood,Xyloskenea consors,"NE of Mernoo Bank, Chatham Rise",-42.7316666666666,176.133333333333
SITE0201,Wood,Xyloskenea costulifera,"NE of Mernoo Bank, Chatham Rise",-42.7316666666666,176.133333333333
SITE0202,Wood,Bathyxylophila excelsa,off Cape Runaway,-37.4983333333333,177.783333333333
SITE0202,Wood,Leptogyropsis kaltanae,off Cape Runaway,-37.4983333333333,177.783333333333
SITE0202,Wood,Xyloskenea consors,off Cape Runaway,-37.4983333333333,177.783333333333
SITE0203,Wood,Xyloskenea costulifera,off Castlepoint,-41.42,176.07
SITE0205,Wood,Bathyxylophila excelsa,off Jackson Bay,-43.555,168.856666666666
SITE0205,Wood,Xyloskenea costulifera,off Jackson Bay,-43.555,168.856666666666
SITE0206,Wood,Xyloskenea costulifera,off Timaru,-44.5883333333333,174.098333333333
SITE0207,Wood,Xyloskenea costulifera,off Timaru,-44.7983333333333,174.098333333333
SITE0209,Wood,Pseudococculina gregoria,East of Broken Bay,-33.7666666666666,151.833333333333
SITE0209,Wood,Xylodiscula vitrea,East of Broken Bay,-33.7666666666666,151.833333333333
SITE0209,Wood,Xyloskenea grahami,East of Broken Bay,-33.7666666666666,151.833333333333
SITE0211,Wood,Pectinodonta kapalae,East of Ulladulla,-35.5166666666666,150.833333333333
SITE0212,Wood,Bankia neztalia,New Zealand,-37.35,176.433333333333
SITE0213,Wood,Bankia neztalia,New Zealand,-37.3333333333333,176.483333333333
SITE0214,Wood,Bankia neztalia,New Zealand,-38.65,172.633333333333
SITE0215,Wood,Bankia neztalia,New Zealand,-43.3833333333333,169.05
SITE0216,Wood,Bankia neztalia,New Zealand,-42.7166666666666,169.25
SITE0217,Wood,Bankia neztalia,New Zealand,-43.3833333333333,168.083333333333
SITE0218,Wood,Ambocythere ramosa,South Woods Hole (USA),39.7666666666666,-70.6833333333333
SITE0218,Wood,Munidopsis curvirostra,South Woods Hole (USA),39.7666666666666,-70.6833333333333
SITE0218,Wood,Paradoxostoma species 1,South Woods Hole (USA),39.7666666666666,-70.6833333333333
SITE0218,Wood,Paradoxostoma turnerae,South Woods Hole (USA),39.7666666666666,-70.6833333333333
SITE0218,Wood,Propontocypris excussa,South Woods Hole (USA),39.7666666666666,-70.6833333333333
SITE0218,Wood,Sclerochilus contortus,South Woods Hole (USA),39.7666666666666,-70.6833333333333
SITE0218,Wood,Xylophaga,South Woods Hole (USA),39.7666666666666,-70.6833333333333
SITE0218,Wood,Xyloredo ingolfia,South Woods Hole (USA),39.7666666666666,-70.6833333333333
SITE0219,Wood,Cytherois paralignincola,SE Woods Hole (USA),38.3066666666666,-69.5933333333333
SITE0219,Wood,Feaya dostwous,SE Woods Hole (USA),38.3066666666666,-69.5933333333333
SITE0219,Wood,Munidopsis crassa,SE Woods Hole (USA),38.3066666666666,-69.5933333333333
SITE0219,Wood,Pholadiphila turnerae,SE Woods Hole (USA),38.3066666666666,-69.5933333333333
SITE0219,Wood,Propontocypris excussa,SE Woods Hole (USA),38.3066666666666,-69.5933333333333
SITE0219,Wood,Propontocypris sectilis,SE Woods Hole (USA),38.3066666666666,-69.5933333333333
SITE0219,Wood,Xylocythere pointillissima,SE Woods Hole (USA),38.3066666666666,-69.5933333333333
SITE0219,Wood,Xylocythere tridentis,SE Woods Hole (USA),38.3066666666666,-69.5933333333333
SITE0219,Wood,Xylocythere turnerae,SE Woods Hole (USA),38.3066666666666,-69.5933333333333
SITE0220,Wood,Munidopsis crassa,SE Woods Hole (USA),38.3066666666666,-69.5933333333333
SITE0221,Wood,Cyclostrema pompholyx,Tongue of the Ocean (Bahamas),24.8866666666666,-77.67
SITE0221,Wood,Daphnella pompholyx,Tongue of the Ocean (Bahamas),24.8866666666666,-77.67
SITE0221,Wood,Ganessa pruinosa,Tongue of the Ocean (Bahamas),24.8866666666666,-77.67
SITE0221,Wood,Hyalinoecia,Tongue of the Ocean (Bahamas),24.8866666666666,-77.67
SITE0221,Wood,Munidopsis nitida,Tongue of the Ocean (Bahamas),24.8866666666666,-77.67
SITE0221,Wood,Pleurotomella bairdii,Tongue of the Ocean (Bahamas),24.8866666666666,-77.67
SITE0221,Wood,Propontocypris repanda,Tongue of the Ocean (Bahamas),24.8866666666666,-77.67
SITE0221,Wood,Xylocythere pointillissima,Tongue of the Ocean (Bahamas),24.8866666666666,-77.67
SITE0221,Wood,Xylocythere turnerae,Tongue of the Ocean (Bahamas),24.8866666666666,-77.67
SITE0221,Wood,Xylophaga clenchi,Tongue of the Ocean (Bahamas),24.8866666666666,-77.67
SITE0221,Wood,Xylophaga profunda,Tongue of the Ocean (Bahamas),24.8866666666666,-77.67
SITE0221,Wood,Xyloplax turnerae,Tongue of the Ocean (Bahamas),24.8866666666666,-77.67
SITE0222,Wood,Chiridota heheva,"St. Croix, off N Coast",17.9438333333333,-64.81
SITE0222,Wood,Cytherois lignincola,"St. Croix, off N Coast",17.9438333333333,-64.81
SITE0222,Wood,Munidopsis crassa,"St. Croix, off N Coast",17.9438333333333,-64.81
SITE0222,Wood,Munidopsis subsquamosa,"St. Croix, off N Coast",17.9438333333333,-64.81
SITE0222,Wood,Propontocypris excussa,"St. Croix, off N Coast",17.9438333333333,-64.81
SITE0222,Wood,Raricirrus variabilis,"St. Croix, off N Coast",17.9438333333333,-64.81
SITE0222,Wood,Xylocythere pointillissima,"St. Croix, off N Coast",17.9438333333333,-64.81
SITE0222,Wood,Xylocythere turnerae,"St. Croix, off N Coast",17.9438333333333,-64.81
SITE0223,Wood,Parapontoparta spicacarens,Panama Basin,5.34416666666666,-81.9365
SITE0223,Wood,Xylocythere rimosa,Panama Basin,5.34416666666666,-81.9365
SITE0224,Wood,Obtusella tumidula,west of Spitsbergen,unknown,unknown
SITE0225,Wood,Coccopigya spinigera,Selvogsdypet,unknown,unknown
SITE0226,Wood,Copulabyssia corrugata,southeast of Reykjanesridge,unknown,unknown
SITE0227,Wood,Idas argenteus,off Vesrmannaeyar,unknown,unknown
SITE0228,Wood,Idas argenteus,between Hebrides & Faroe Islands (Wyville-Thomson Ridge),unknown,unknown
SITE0229,Wood,Cocculina leptalea,Off New England,38.5083333333333,-69.1402777777777
SITE0229,Wood,Cocculina spinigera,Off New England,38.5083333333333,-69.1402777777777
SITE0229,Wood,Idas argentea,Off New England,38.5083333333333,-69.1402777777777
SITE0229,Wood,Xylophaga,Off New England,38.5083333333333,-69.1402777777777
SITE0230,Wood,Cocculina spinigera,Off New England,39.7,-71.5333333333333
SITE0231,Wood,Cocculina viminensis,"Tuscan Sea, Italy",unknown,unknown
SITE0231,Wood,Idas ghisottii,"Tuscan Sea, Italy",unknown,unknown
SITE0232,Wood,Idas ghisottii,"off Almeria, Spain",unknown,unknown
SITE0235,Wood,Adipicola longissima,New South Wales,unknown,unknown
SITE0236,Wood,Adipicola longissima,off Queensland,unknown,unknown
SITE0237,Wood,Idas argenteus,Morroco,35.1833333333333,-7.83333333333333
SITE0239,Wood,Xylophaga washingtona,San Diego,32.5166666666666,-117.275
SITE0241,Wood,Anocellidus profundus,Ocean Drilling Program (ODP) Drill Hole 1026B,47.76275,-127.757316666666
SITE0242,Wood,Anocellidus profundus,Baby Bare Seamount,47.7106166666666,-127.7882
SITE0243,Wood,Anocellidus profundus,Escanaba Trough,41.0045333333333,-127.49465
SITE0243,Wood,Oligocladus voightae,Escanaba Trough,41.0045333333333,-127.49465
SITE0244,Wood,Antinoana fusca,Cape Cod,39.7783333333333,-70.68
SITE0244,Wood,Aurospio dibranchiata,Cape Cod,39.7783333333333,-70.68
SITE0244,Wood,Capitella,Cape Cod,39.7783333333333,-70.68
SITE0244,Wood,Euchone incolor,Cape Cod,39.7783333333333,-70.68
SITE0244,Wood,Glycera mimica,Cape Cod,39.7783333333333,-70.68
SITE0244,Wood,Idasola argentea,Cape Cod,39.7783333333333,-70.68
SITE0244,Wood,Laonice,Cape Cod,39.7783333333333,-70.68
SITE0244,Wood,Lumbrineris nr. tenius,Cape Cod,39.7783333333333,-70.68
SITE0244,Wood,Microspio,Cape Cod,39.7783333333333,-70.68
SITE0244,Wood,Nucula subovata,Cape Cod,39.7783333333333,-70.68
SITE0244,Wood,Pholoe anoculata,Cape Cod,39.7783333333333,-70.68
SITE0244,Wood,Poecilochaetus fulgoris,Cape Cod,39.7783333333333,-70.68
SITE0244,Wood,Polycarpa delta,Cape Cod,39.7783333333333,-70.68
SITE0244,Wood,Priapulis atlantisi,Cape Cod,39.7783333333333,-70.68
SITE0244,Wood,Terebellides lobatus,Cape Cod,39.7783333333333,-70.68
SITE0244,Wood,Thyasira subovata,Cape Cod,39.7783333333333,-70.68
SITE0244,Wood,Xyloredo,Cape Cod,39.7783333333333,-70.68
SITE0245,Wood,Antinoana fusca,South of Cape Cod,38.3233333333333,-69.5933333333333
SITE0245,Wood,Aurospio dibranchiata,South of Cape Cod,38.3233333333333,-69.5933333333333
SITE0245,Wood,Capitella,South of Cape Cod,38.3233333333333,-69.5933333333333
SITE0245,Wood,Eudorella abyssi,South of Cape Cod,38.3233333333333,-69.5933333333333
SITE0245,Wood,Idasola argentea,South of Cape Cod,38.3233333333333,-69.5933333333333
SITE0245,Wood,Laonice,South of Cape Cod,38.3233333333333,-69.5933333333333
SITE0245,Wood,Lumbrineris nr. tenius,South of Cape Cod,38.3233333333333,-69.5933333333333
SITE0245,Wood,Microspio,South of Cape Cod,38.3233333333333,-69.5933333333333
SITE0245,Wood,Prochelator incomitatus,South of Cape Cod,38.3233333333333,-69.5933333333333
SITE0245,Wood,Sthenelais papillosa,South of Cape Cod,38.3233333333333,-69.5933333333333
SITE0245,Wood,Terebellides lobatus,South of Cape Cod,38.3233333333333,-69.5933333333333
SITE0245,Wood,Thyasira subovata,South of Cape Cod,38.3233333333333,-69.5933333333333
SITE0245,Wood,Xyloredo,South of Cape Cod,38.3233333333333,-69.5933333333333
SITE0246,Wood,Artogordion ridgeus,"Wuzza Bare, Cascadia Basin",47.7847833333333,-127.691316666666
SITE0246,Wood,Paronesimoides voightae,"Wuzza Bare, Cascadia Basin",47.7847833333333,-127.691316666666
SITE0246,Wood,Seba bathybia,"Wuzza Bare, Cascadia Basin",47.7847833333333,-127.691316666666
SITE0246,Wood,Xylophaga heterosiphon,"Wuzza Bare, Cascadia Basin",47.7847833333333,-127.691316666666
SITE0246,Wood,Xylophaga microchira,"Wuzza Bare, Cascadia Basin",47.7847833333333,-127.691316666666
SITE0246,Wood,Xylopholas crooki,"Wuzza Bare, Cascadia Basin",47.7847833333333,-127.691316666666
SITE0247,Wood,Xylophaga microchira,"Baby Bare, Cascadia Basin",47.7106166666666,-127.79375
SITE0248,Wood,Xylophaga heterosiphon,"ODP 1026B, Cascadia Basin",47.7625833333333,-127.75735
SITE0248,Wood,Xylophaga microchira,"ODP 1026B, Cascadia Basin",47.7625833333333,-127.75735
SITE0249,Wood,Xylophaga zierenbergi,Escanaba Trough,41.0002666666666,-127.49475
SITE0250,Wood,Artogordion ridgeus,"Sea Cliff, Gorda Ridge",42.7543,-126.709533333333
SITE0250,Wood,Bathygordion cliffus,"Sea Cliff, Gorda Ridge",42.7543,-126.709533333333
SITE0250,Wood,Xylophaga corona,"Sea Cliff, Gorda Ridge",42.7543,-126.709533333333
SITE0250,Wood,Xylophaga heterosiphon,"Sea Cliff, Gorda Ridge",42.7543,-126.709533333333
SITE0251,Wood,Xylophaga microchira,"Axial Volcano, Juan de Fuca Ridge",45.9336833333333,-129.9827
SITE0251,Wood,Xylophaga oregona,"Axial Volcano, Juan de Fuca Ridge",45.9336833333333,-129.9827
SITE0252,Wood,Schisturella hansgeorgi,"Endeavour Segment, Juan de Fuca Ridge",47.94635,-129.097033333333
SITE0252,Wood,Xylophaga microchira,"Endeavour Segment, Juan de Fuca Ridge",47.94635,-129.097033333333
SITE0252,Wood,Xylophaga oregona,"Endeavour Segment, Juan de Fuca Ridge",47.94635,-129.097033333333
SITE0252,Wood,Xylophaga zierenbergi,"Endeavour Segment, Juan de Fuca Ridge",47.94635,-129.097033333333
SITE0253,Wood,Xylophaga microchira,"Cleft Segment, Juan de Fuca Ridge",44.6633333333333,-130.355
SITE0253,Wood,Xylophaga oregona,"Cleft Segment, Juan de Fuca Ridge",44.6633333333333,-130.355
SITE0254,Wood,Xylophaga microchira,Nootka Fracture Zone,49.2951666666666,-127.6785
SITE0254,Wood,Xylophaga oregona,Nootka Fracture Zone,49.2951666666666,-127.6785
SITE0255,Wood,Xylophaga heterosiphon,Oregon Margin,44.7595,-125.524333333333
SITE0256,Wood,Xylophaga washingtona,"Straits of Juan de Fuca, off Washington",48.5166666666666,-124.716666666666
SITE0257,Wood,Xylophaga clenchi,Tongue of the Ocean (Bahamas),25.9,-77.8166666666666
SITE0257,Wood,Xyloredo nooi,Tongue of the Ocean (Bahamas),25.9,-77.8166666666666
SITE0258,Wood,Xyloredo naceli,"Sant Miguel Island, off Port Hueneme, California",33.7666666666666,-120.766666666666
SITE0259,Wood,Xylopholas altenai,"NE Port Gentil, off Gabon",0,8.96666666666666
SITE0261,Wood,Xylopholas altenai,"SE Fowey Rocks, Florida",25.4166666666666,-79.9833333333333
SITE0263,Wood,Xylopholas altenai,South Aligator Reef,24.4166666666666,-80.5583333333333
SITE0264,Wood,Xylophaga africana,West Africa,1.7,7.85
SITE0264,Wood,Xylophaga guineensis,West Africa,1.7,7.85
SITE0264,Wood,Xylopholas altenai,West Africa,1.7,7.85
SITE0265,Wood,Bathyceradocus stephenseni,Mindano Sea,8.8,124.15
SITE0265,Wood,Xylophaga bruuni,Mindano Sea,8.8,124.15
SITE0265,Wood,Xylophaga grevei,Mindano Sea,8.8,124.15
SITE0266,Wood,Xylophaga erecta,Sulu Sea,7.9,121.5
SITE0266,Wood,Xylophaga grevei,Sulu Sea,7.9,121.5
SITE0266,Wood,Xylophaga lobata,Sulu Sea,7.9,121.5
SITE0266,Wood,Xylophaga wolffi,Sulu Sea,7.9,121.5
SITE0267,Wood,Xylophaga foliata,Makassar Strait,-3.93333333333333,118.433333333333
SITE0267,Wood,Xylophaga tubulata,Makassar Strait,-3.93333333333333,118.433333333333
SITE0268,Wood,Xylophaga grevei,Bali Sea,-5.41666666666666,117.05
SITE0269,Wood,Xylophaga grevei,Banda Trench,-5.43333333333333,130.966666666666
SITE0270,Wood,Xylophaga galatheae,Tasman Sea,-31.45,153.55
SITE0271,Wood,Xylophaga hadalis,Kermadec Trench,-35.85,-178.516666666666
SITE0272,Wood,Bathyceradocus stephenseni,"Galathea Station 726, Gulf of Panama",5.8166666,-78.8666666666666
SITE0272,Wood,Benthomodiolus abyssicola,"Galathea Station 726, Gulf of Panama",5.8166666,-78.8666666666666
SITE0272,Wood,Xylophaga concava,"Galathea Station 726, Gulf of Panama",5.8166666,-78.8666666666666
SITE0273,Wood,Xylophaga concava,Gulf of Panama,7.36,-79.5333333333333
SITE0273,Wood,Xylophaga panamensis,Gulf of Panama,7.36,-79.5333333333333
SITE0274,Wood,Melita lignophila,"Galathea Station 745, Gulf of Panama",7.25,-79.4166666666666
SITE0274,Wood,Xylophaga aurita,"Galathea Station 745, Gulf of Panama",7.25,-79.4166666666666
SITE0274,Wood,Xylophaga duplicata,"Galathea Station 745, Gulf of Panama",7.25,-79.4166666666666
SITE0274,Wood,Xylophaga obtusata,"Galathea Station 745, Gulf of Panama",7.25,-79.4166666666666
SITE0274,Wood,Xylophaga turnerae,"Galathea Station 745, Gulf of Panama",7.25,-79.4166666666666
SITE0275,Wood,Xylophaga globosa,Bay of Puerto Montt,-41.5013888888888,-72.9394444444444
SITE0276,Wood,Xylophaga mexicana,"off Acapulco, Mexico",16.7833333333333,-99.9833333333333
SITE0277,Wood,Xylophaga atlantica,East Gloucester,42.55,-69.9666666666666
SITE0278,Wood,Xylophaga atlantica,East Cape Cod,41.2166666666666,-66
SITE0279,Wood,Xylophaga atlantica,Barnegat Bay,39.7166666666666,-71.5333333333333
SITE0280,Wood,Xylophaga atlantica,East Atlantic City,39.5666666666666,-71.9333333333333
SITE0281,Wood,Xylophaga atlantica,East Atlantic City,39.3666666666666,-68.4166666666666
SITE0282,Wood,Xylophaga atlantica,East Cape May,38.8666666666666,-69.4
SITE0283,Wood,Xylophaga atlantica,East Cape Henry,36.75,-74.4666666666666
SITE0283,Wood,Xylophaga clenchi,East Cape Henry,36.75,-74.4666666666666
SITE0284,Wood,Xylophaga atlantica,East Cape Henry,36.6,-74.5333333333333
SITE0285,Wood,Xylophaga abyssorum,off Atlantic City,39.4833333333333,-70.9666666666666
SITE0286,Wood,Xylophaga abyssorum,off Cape Hatteras,35.8166666666666,-74.5666666666666
SITE0287,Wood,Xylophaga abyssorum,off Fernandina,30.9666666666666,-79.6333333333333
SITE0288,Wood,Xylophaga abyssorum,off Dominica,15.2833333333333,-61.4
SITE0289,Wood,Xylophaga abyssorum,off Santa Lucia,13.85,-61.05
SITE0290,Wood,Xylophaga washingtona,West Silver Point (Oregon),44.8666666666666,-124.483333333333
SITE0291,Wood,Xylophaga washingtona,West Depoe Bay (Oregon),44.8666666666666,-124.6
SITE0292,Wood,Xylophaga washingtona,West Depoe Bay (Oregon),44.8666666666666,-125.016666666666
SITE0293,Wood,Xylophaga tomlini,Indonesia,0.576666666666667,118.883333333333
SITE0294,Wood,Xylophaga gerda,SW Point (Bahamas),26.6166666666666,-78.9333333333333
SITE0295,Wood,Xylophaga abyssorum,Florida (USA),25.65,-79.9666666666666
SITE0295,Wood,Xylophaga bayeri,Florida (USA),25.65,-79.9666666666666
SITE0295,Wood,Xylophaga gerda,Florida (USA),25.65,-79.9666666666666
SITE0295,Wood,Xylophaga whoi,Florida (USA),25.65,-79.9666666666666
SITE0295,Wood,Xylopholas altenai,Florida (USA),25.65,-79.9666666666666
SITE0296,Wood,Xylophaga abyssorum,N Port Louis (Guadeloupe Island),16.5366666666666,-61.6133333333333
SITE0296,Wood,Xylophaga gerda,N Port Louis (Guadeloupe Island),16.5366666666666,-61.6133333333333
SITE0296,Wood,Xylophaga whoi,N Port Louis (Guadeloupe Island),16.5366666666666,-61.6133333333333
SITE0297,Wood,Xylophaga clenchi,Gulf of San Blas (Panama),9.93,-78.9966666666666
SITE0297,Wood,Xylophaga gerda,Gulf of San Blas (Panama),9.93,-78.9966666666666
SITE0298,Wood,Xylophaga concava,Cabo Marzo (Panama),6.88333333333,-79.45
SITE0299,Wood,Xylophaga clenchi,Barnegat Bay,39.73,-70.5
SITE0300,Wood,Xylophaga clenchi,East Currituck Sound,36.4816666666666,-67.97
SITE0301,Wood,Xylophaga clenchi,SE Brunswick,31,-79.8333333333333
SITE0302,Wood,Xylophaga clenchi,East Cape Charles (Bermuda),37.43333333,-63.9833333333333
SITE0303,Wood,Xylophaga clenchi,South Bermuda,32.25,-64.5333333333333
SITE0304,Wood,Xylophaga clenchi,Pertigalete Bay (Venezuela),11.5833333333333,-64.59
SITE0305,Wood,Xylophaga whoi,Cuba,23.35,-80.9333333333333
SITE0306,Wood,Xylophaga whoi,Punta Piedras (Colombia),9.46,-76.4333333333333
SITE0307,Wood,Xylophaga abyssorum,Tongue of the Ocean (Bahamas),24.9,-77.7833333333333
SITE0308,Wood,Xylophaga muraokai,"Sant Miguel Island, off Port Hueneme, California",33.73,-120.75
SITE0309,Wood,Xylophaga washingtona,West of Seaside (Oregon),46,-124.8
SITE0310,Wood,Xylophaga washingtona,West of Tillamookhead (Oregon),45.75,-125.15
SITE0311,Wood,Xylophaga washingtona,West of Silver Point (Oregon),45.8666666666666,-124.9
SITE0312,Wood,Xylophaga washingtona,"Sant Miguel Island, off Port Hueneme, California",34.1,-120.75
SITE0313,Wood,Xylophaga washingtona,"Sant Miguel Island, off Port Hueneme, California",33.7333333333333,-120.75
SITE0314,Wood,Xylophaga bayeri,Desecho Island (Puerto Rico),18.1986111111111,-67.7138888888888
SITE0315,Wood,Xylophaga japonica,Java,-8.6,114.566666666666
SITE0316,Wood,Xylophaga japonica,Clara Island,10.5,96.5833333333333
SITE0317,Wood,Xylopholas altenai,"NE Port Gentil, off Gabon",-0.25,8.78333333333333
SITE0318,Wood,Xyloredo ingolfia,North Iceland,67.4078333333333,-21.6183333333333
SITE0319,Wood,Xyloredo ingolfia,Greenland,74.892,-12.5898333333333
SITE0320,Wood,Xyloredo teramachii,off Tokai,unknown,unknown
SITE0321,Wood,Xyloredo teramachii,off Hitachi,unknown,unknown
SITE0322,Wood,Xyloredo teramachii,off Atsumi Peninsula,unknown,unknown
SITE0323,Wood,Xyloredo teramachii,Vanuatu,unknown,unknown
SITE0324,Wood,Xylophaga alexisi,Cape Verde Abyssal Plain,21.0635,-31.2035
SITE0326,Wood,Xyloplax medusiformes,East off Castlepoint,-41.3,176.305
SITE0329,Wood,Xyloplax janetae,Gorda Ridge (Sea Cliff),42.7533333333333,-126.708333333333
SITE0331,Wood,Abditoconus heterosiphon,Off New Zealand,-42.787,179.926166666666
SITE0333,Wood,Cryptonome barbada,"Santos Basin, SW Atlantic",-28.0284333333333,-43.5296666666666
SITE0333,Wood,Spiniapex gilsonorum,"Santos Basin, SW Atlantic",-28.0284333333333,-43.5296666666666
SITE0334,Wood,Spiniapex gilsonorum,Caribbean Sea,17.9583333333333,-64.8083333333333
SITE0335,Wood,Xylophaga corona,"NE Pacific, Cascadia Basin",47.2700166666666,-127.592883333333
SITE0335,Wood,Xylophaga zierenbergi,"NE Pacific, Cascadia Basin",47.2700166666666,-127.592883333333
SITE0336,Wood,Xylophaga oregona,"NE Pacific, Cascadia Basin",43.9087,-125.170633333333
SITE0337,Wood,Decemunciger,"NE Pacific, Cascadia Basin",47.9577,-126.0353
SITE0337,Wood,Xylophaga oregona,"NE Pacific, Cascadia Basin",47.9577,-126.0353
SITE0338,Wood,Xylophaga ridged,Off New Zealand,-39.7158333333333,177.963666666666
SITE0338,Wood,Xylophaga wolffi,Off New Zealand,-39.7158333333333,177.963666666666
SITE0339,Wood,Xylophaga zierenbergi,Off Monterey,36.2613,-122.678
SITE0339,Wood,Xylopholas crooki,Off Monterey,36.2613,-122.678
SITE0339,Wood,Xyloredo nooi,Off Monterey,36.2613,-122.678
SITE0340,Wood,Xylophaga ridged,Off New Zealand,-42.8166666666666,-175.683333333333
SITE0341,Wood,Cryptonome barbada,"Santos Basin, SW Atlantic",-25.894,-45.0348333333333
SITE0341,Wood,Xylophaga,"Santos Basin, SW Atlantic",-25.894,-45.0348333333333
SITE0341,Wood,Xyloredo nooi,"Santos Basin, SW Atlantic",-25.894,-45.0348333333333
SITE0343,Wood,Xylopholas,Off New Zealand,-43.9546666666666,176.767166666666
SITE0343,Wood,Xyloredo nooi,Off New Zealand,-43.9546666666666,176.767166666666
SITE0344,Wood,Xyloredo nooi,Off New Zealand,-46.8716666666666,167.041666666666
SITE0345,Wood,Xyloredo nooi,Off New Zealand,-40.8305,176.935833333333
SITE0346,Wood,Alvinocaris muricola,"Espirito Santo Basin, SW Atlantic",-21.4501333333333,-39.8965
SITE0346,Wood,Cryptonome barbada,"Espirito Santo Basin, SW Atlantic",-21.4501333333333,-39.8965
SITE0346,Wood,Xyloredo nooi,"Espirito Santo Basin, SW Atlantic",-21.4501333333333,-39.8965
SITE0347,Wood,Abditoconus brava,"Blanes Canyon, Catalonia",41.5041666666666,2.84722222222222
SITE0347,Wood,Xylophaga atlantica,"Blanes Canyon, Catalonia",41.5041666666666,2.84722222222222
SITE0347,Wood,Xylophaga dorsalis,"Blanes Canyon, Catalonia",41.5041666666666,2.84722222222222
SITE0348,Wood,Abditoconus anselli,"Avile´s Canyon, Cantabrian Sea",43.9103611111111,-6.35002777777777
SITE0348,Wood,Xylophaga atlantica,"Avile´s Canyon, Cantabrian Sea",43.9103611111111,-6.35002777777777
SITE0348,Wood,Xylophaga cf. anselli,"Avile´s Canyon, Cantabrian Sea",43.9103611111111,-6.35002777777777
SITE0348,Wood,Xylophaga dorsalis,"Avile´s Canyon, Cantabrian Sea",43.9103611111111,-6.35002777777777
SITE0349,Wood,Xylopholas,Gulf of Mexico,27.7458333333333,-91.2218333333333
SITE0349,Wood,Xyloredo,Gulf of Mexico,27.7458333333333,-91.2218333333333
SITE0350,Wood,Xylophaga atlantica,"La Fonera Canyon, Catalonia",41.8641666666666,3.33616666666666
SITE0350,Wood,Xylophaga brava,"La Fonera Canyon, Catalonia",41.8641666666666,3.33616666666666
SITE0350,Wood,Xylophaga dorsalis,"La Fonera Canyon, Catalonia",41.8641666666666,3.33616666666666
SITE0351,Wood,Xylophaga,"SE Port Dunford, South Africa",-29.0366666666666,32.3266666666666
SITE0353,Wood,Xylophaga dorsalis,"Bergen, Norway",60.4819166666666,5.41775
SITE0354,Wood,Sal-1,"Rendova, Solomon Islands",-8.5537,157.8983
SITE0355,Wood,Sal-1,"Rendova, Solomon Islands",-8.5592,157.4578
SITE0356,Wood,Sal-1,"Santa Isabel, Solomon Islands",-8.28,159.96
SITE0357,Wood,Sal-1,"Telepare, Solomon Islands",-8.6807,157.4683
SITE0358,Wood,Adipicola longissima,"Vella Gulf, Solomon Islands",-8.5325,157.726944
SITE0358,Wood,Sal-1,"Vella Gulf, Solomon Islands",-8.5325,157.726944
SITE0359,Wood,Sal-1,"Vella Gulf, Solomon Islands",-8.5307,157.7162
SITE0360,Wood,Adipicola longissima,"Rendova, Solomon Islands",-8.5537,157.4198
SITE0360,Wood,Sal-4,"Rendova, Solomon Islands",-8.5537,157.4198
SITE0361,Wood,Adipicola longissima,"Santa Isabel, Solomon Islands",-8.75,159.6797
SITE0362,Wood,Adipicola longissima,"Santa Isabel, Solomon Islands",-8.7617,159.665
SITE0363,Wood,Adipicola longissima,"Vella Gulf, Solomon Islands",-7.9378,156.8467
SITE0364,Wood,Adipicola longissima,"Vella Gulf, Solomon Islands",-7.940833,156.855556
SITE0365,Wood,Adipicola longissima,"Vella Lavella, Solomon Islands",-7.7535,156.4267
SITE0366,Wood,Adipicola longissima,"Vella Lavella, Solomon Islands",-7.67,156.4007
SITE0367,Wood,Adipicola longissima,"Vella Lavella, Solomon Islands",-7.7983,156.8983
SITE0368,Wood,Sal-3,"Choiseul, Solomon Islands",-6.5935,156.188
SITE0369,Wood,Sal-3,"Choiseul, Solomon Islands",-6.600278,156.19111
SITE0370,Wood,Sal-3,"Santa Isabel, Solomon Islands",-8.4067,159.445
SITE0371,Wood,Sal-4,"Rendova, Solomon Islands",-8.6215,157.3657
SITE0372,Wood,Sal-4,"Rendova, Solomon Islands",-8.665,157.388333
SITE0373,Wood,Sal-4,"Rendova, Solomon Islands",-8.659,157.3863
SITE0374,Wood,Lignomodiolus,"Telepare, Solomon Islands",-8.7773,157.5103
SITE0375,Wood,Adipicola iwaotakii,"Kumano Nada, Japan",34.07,136.3
SITE0375,Wood,Dillwynella planorbis,"Kumano Nada, Japan",34.07,136.3
SITE0375,Wood,Idasola japonica,"Kumano Nada, Japan",34.07,136.3
SITE0375,Wood,Nereis izukai,"Kumano Nada, Japan",34.07,136.3
SITE0375,Wood,Teredo cf. Clappi,"Kumano Nada, Japan",34.07,136.3
SITE0375,Wood,Xylophaga,"Kumano Nada, Japan",34.07,136.3
SITE0376,Wood,Bankia carinata,"Suruga Bay, Japan",34.43,138.41
SITE0376,Wood,Mytilus galloprovincialis,"Suruga Bay, Japan",34.43,138.41
SITE0376,Wood,Teredothyra smithi,"Suruga Bay, Japan",34.43,138.41
SITE0376,Wood,Xylophaga,"Suruga Bay, Japan",34.43,138.41
SITE0377,Wood,Munidopsis andamanica,Vanuatu,-14.995,166.916666666666
SITE0379,Wood,Munidopsis andamanica,Vanuatu,-14.025,166.901666666666
SITE0380,Wood,Munidopsis andamanica,Solomon Islands,-10.4666666666666,161.373333333333
SITE0381,Wood,Onesimoides chelatus,"Galathea Station 450, Celebes Sea",1.83333333333333,119.333333333333
SITE0383,Wood,Vultocinus anfractus,"Maribojoc Bay, Philippines",9.60166666666666,123.75
SITE0386,Wood,Asterechinus elegans,"Espiritu Santo, Solomon Islands",-14.9957777777777,166.9245
SITE0388,Wood,Ophiambix aculeatus,"White Island, New Zealand",-37.395,177.61
SITE0389,Wood,Belyaevostella hyugaensis,"Hyuga Basin, Japan",32.3516666666666,132.475
SITE0390,Wood,Dillwynella voightae,Gulf of Mexico,27.7348333333333,-91.2415
SITE0391,Wood,Ischyrocerini,Kuril– Kamchatka Trench,42.4833333333333,154.0015
SITE0391,Wood,Katianira,Kuril– Kamchatka Trench,42.4833333333333,154.0015
SITE0391,Wood,Xylophaga,Kuril– Kamchatka Trench,42.4833333333333,154.0015
SITE0392,Wood,Xylophaga,Kuril– Kamchatka Trench,43.0443333333333,152.991
SITE0393,Wood,Caymanabyssia solis,Kuril– Kamchatka Trench,41.2006666666666,150.097833333333
SITE0393,Wood,Leptochiton cf. assimilis,Kuril– Kamchatka Trench,41.2006666666666,150.097833333333
SITE0393,Wood,Xylophaga,Kuril– Kamchatka Trench,41.2006666666666,150.097833333333
SITE0394,Wood,Xylophaga,Kuril– Kamchatka Trench,40.2258333333333,148.112833333333
SITE0395,Wood,Acantholaimus aff. quintus,Kuril– Kamchatka Trench,39.7245,147.1795
SITE0395,Wood,Anticoma,Kuril– Kamchatka Trench,39.7245,147.1795
SITE0395,Wood,Bathyceradocus hawkingi,Kuril– Kamchatka Trench,39.7245,147.1795
SITE0395,Wood,Caymanabyssia solis,Kuril– Kamchatka Trench,39.7245,147.1795
SITE0395,Wood,Copidognathus cf. papillatus,Kuril– Kamchatka Trench,39.7245,147.1795
SITE0395,Wood,Endelophos,Kuril– Kamchatka Trench,39.7245,147.1795
SITE0395,Wood,Katianira,Kuril– Kamchatka Trench,39.7245,147.1795
SITE0395,Wood,Keysercythere enricoi,Kuril– Kamchatka Trench,39.7245,147.1795
SITE0395,Wood,Metaceradocoides,Kuril– Kamchatka Trench,39.7245,147.1795
SITE0395,Wood,Microlaimus,Kuril– Kamchatka Trench,39.7245,147.1795
SITE0395,Wood,Munna,Kuril– Kamchatka Trench,39.7245,147.1795
SITE0395,Wood,Neonesidea,Kuril– Kamchatka Trench,39.7245,147.1795
SITE0395,Wood,Oncholaimus,Kuril– Kamchatka Trench,39.7245,147.1795
SITE0395,Wood,Pectinodonta rhyssa,Kuril– Kamchatka Trench,39.7245,147.1795
SITE0395,Wood,Protanais birsteini,Kuril– Kamchatka Trench,39.7245,147.1795
SITE0395,Wood,Siboglinum pusillum,Kuril– Kamchatka Trench,39.7245,147.1795
SITE0395,Wood,Xylophaga,Kuril– Kamchatka Trench,39.7245,147.1795
SITE0396,Wood,Sclerolinum minor,Caribbean Sea,16.2,-84.2333333333333
SITE0397,Wood,Sclerolinum major,Caribbean Sea,9.1,-81.25
SITE0397,Wood,Sclerolinum minor,Caribbean Sea,9.1,-81.25
SITE0398,Wood,Sclerolinum major,Caribbean Sea,9.96666666666666,-76.4833333333333
SITE0398,Wood,Sclerolinum minor,Caribbean Sea,9.96666666666666,-76.4833333333333
SITE0399,Wood,Sclerolinum minor,Caribbean Sea,11.2166666666666,-74.4333333333333
SITE0400,Wood,Sclerolinum major,Caribbean Sea,11.4333333333333,-73.6833333333333
SITE0400,Wood,Sclerolinum minor,Caribbean Sea,11.4333333333333,-73.6833333333333
SITE0401,Wood,Sclerolinum minor,Caribbean Sea,11.2,-74.4
SITE0402,Wood,Sclerolinum minor,Caribbean Sea,11.6833333333333,-73.4
SITE0403,Wood,Sclerolinum major,Caribbean Sea,9.53333333333333,-76.6333333333333
SITE0404,Wood,Sclerolinum major,Caribbean Sea,10.1666666666666,-76.2333333333333
SITE0405,Wood,Sclerolinum major,Caribbean Sea,10.15,-76.2333333333333
SITE0406,Wood,Sclerolinum,Caribbean Sea,12.9166666666666,-70.2666666666666
SITE0407,Wood,Sclerolinum brattstromi,"Hardangerfjorden, Norway",60.3972222222222,6.425
SITE0408,Wood,Sclerolinum brattstromi,"Møre, Norway",unknown,unknown
SITE0408,Wood,Xylophaga,"Møre, Norway",unknown,unknown
SITE0409,Wood,Exitomelita lignicola,Knipovich Ridge,73.5531666666666,8.28166666666666
SITE0409,Wood,Pseudosetia griegi,Knipovich Ridge,73.5531666666666,8.28166666666666
SITE0409,Wood,Skenea profunda,Knipovich Ridge,73.5531666666666,8.28166666666666
SITE0410,Wood,Bathyceradocus japonicus,"Kumano-nada, Japan",33.95,136.35
SITE0411,Wood,Limnoria emarginata,Okhotsk Sea,50.95,149.75
SITE0412,Wood,Coccopigya,"off Heda, Japan",34.9916666666666,138.716666666666
SITE0412,Wood,Coccopigya punctoradiata,"off Heda, Japan",34.9916666666666,138.716666666666
SITE0412,Wood,Cocculina,"off Heda, Japan",34.9916666666666,138.716666666666
SITE0412,Wood,Cocculina cf. pacifica,"off Heda, Japan",34.9916666666666,138.716666666666
SITE0412,Wood,Copulabyssia similaris,"off Heda, Japan",34.9916666666666,138.716666666666
SITE0412,Wood,Dillwynella fallax,"off Heda, Japan",34.9916666666666,138.716666666666
SITE0412,Wood,Leptogyropsis inflata,"off Heda, Japan",34.9916666666666,138.716666666666
SITE0412,Wood,Pectinodonta rhyssa,"off Heda, Japan",34.9916666666666,138.716666666666
SITE0412,Wood,Pseudococculina subcingulata,"off Heda, Japan",34.9916666666666,138.716666666666
SITE0413,Wood,Coccopigya okutanii,"off Heda, Japan",35.0066666666666,138.731666666666
SITE0413,Wood,Coccopigya punctoradiata,"off Heda, Japan",35.0066666666666,138.731666666666
SITE0413,Wood,Copulabyssia similaris,"off Heda, Japan",35.0066666666666,138.731666666666
SITE0413,Wood,Dillwynella planorbis,"off Heda, Japan",35.0066666666666,138.731666666666
SITE0413,Wood,Dillwynella seishinmaruae,"off Heda, Japan",35.0066666666666,138.731666666666
SITE0413,Wood,Hyalogyrina depressa,"off Heda, Japan",35.0066666666666,138.731666666666
SITE0413,Wood,Pectinodonta rhyssa,"off Heda, Japan",35.0066666666666,138.731666666666
SITE0413,Wood,Ponderinella major,"off Heda, Japan",35.0066666666666,138.731666666666
SITE0414,Wood,Pectinodonta rhyssa,"off Toi, Japan",34.8966666666666,138.721666666666
SITE0415,Wood,Coccopigya okutanii,"off Toi, Japan",34.945,138.721666666666
SITE0415,Wood,Coccopigya punctoradiata,"off Toi, Japan",34.945,138.721666666666
SITE0415,Wood,Cocculina,"off Toi, Japan",34.945,138.721666666666
SITE0415,Wood,Copulabyssia similaris,"off Toi, Japan",34.945,138.721666666666
SITE0415,Wood,Dillwynella fallax,"off Toi, Japan",34.945,138.721666666666
SITE0415,Wood,Pectinodonta rhyssa,"off Toi, Japan",34.945,138.721666666666
SITE0416,Wood,Coccopigya punctoradiata,"off Heda, Japan",34.9983333333333,138.735
SITE0416,Wood,Pectinodonta rhyssa,"off Heda, Japan",34.9983333333333,138.735
SITE0417,Wood,Dillwynella seishinmaruae,"off Heda, Japan",34.9666666666666,138.736666666666
SITE0417,Wood,Dillwynella vitrea,"off Heda, Japan",34.9666666666666,138.736666666666
SITE0417,Wood,Pectinodonta rhyssa,"off Heda, Japan",34.9666666666666,138.736666666666
SITE0418,Wood,Coccopigya okutanii,"off Kumomi, Japan",34.7716666666666,138.713333333333
SITE0418,Wood,Coccopigya punctoradiata,"off Kumomi, Japan",34.7716666666666,138.713333333333
SITE0418,Wood,Cocculina tenuitesta,"off Kumomi, Japan",34.7716666666666,138.713333333333
SITE0418,Wood,Copulabyssia similaris,"off Kumomi, Japan",34.7716666666666,138.713333333333
SITE0418,Wood,Dillwynella fallax,"off Kumomi, Japan",34.7716666666666,138.713333333333
SITE0418,Wood,Pectinodonta rhyssa,"off Kumomi, Japan",34.7716666666666,138.713333333333
SITE0418,Wood,Xylodiscula cf. vitrea,"off Kumomi, Japan",34.7716666666666,138.713333333333
SITE0419,Wood,Dillwynella planorbis,"Ozezaki, Japan",35.0083333333333,138.751666666666
SITE0419,Wood,Dillwynella vitrea,"Ozezaki, Japan",35.0083333333333,138.751666666666
SITE0419,Wood,Notocrater pustulosa,"Ozezaki, Japan",35.0083333333333,138.751666666666
SITE0419,Wood,Nozeba lignicola,"Ozezaki, Japan",35.0083333333333,138.751666666666
SITE0419,Wood,Pectinodonta rhyssa,"Ozezaki, Japan",35.0083333333333,138.751666666666
SITE0419,Wood,Ponderinella major,"Ozezaki, Japan",35.0083333333333,138.751666666666
SITE0419,Wood,Pseudococculina subcingulata,"Ozezaki, Japan",35.0083333333333,138.751666666666
SITE0419,Wood,Xylodiscula cf. vitrea,"Ozezaki, Japan",35.0083333333333,138.751666666666
SITE0420,Wood,Coccopigya punctoradiata,"Heda, Japan",34.93,138.71
SITE0420,Wood,Copulabyssia similaris,"Heda, Japan",34.93,138.71
SITE0420,Wood,Dillwynella fallax,"Heda, Japan",34.93,138.71
SITE0420,Wood,Pectinodonta rhyssa,"Heda, Japan",34.93,138.71
SITE0421,Wood,Bathyxylophila cf. Excelsa,"South Senoumi Bank, Japan",34.7603333333333,138.492166666666
SITE0421,Wood,Coccopigya punctoradiata,"South Senoumi Bank, Japan",34.7603333333333,138.492166666666
SITE0421,Wood,Copulabyssia similaris,"South Senoumi Bank, Japan",34.7603333333333,138.492166666666
SITE0421,Wood,Dillwynella fallax,"South Senoumi Bank, Japan",34.7603333333333,138.492166666666
SITE0421,Wood,Pectinodonta rhyssa,"South Senoumi Bank, Japan",34.7603333333333,138.492166666666
SITE0422,Wood,Coccopigya okutanii,"off Matsuzaki, Japan",34.7745,138.714
SITE0422,Wood,Coccopigya punctoradiata,"off Matsuzaki, Japan",34.7745,138.714
SITE0422,Wood,Copulabyssia similaris,"off Matsuzaki, Japan",34.7745,138.714
SITE0422,Wood,Pectinodonta rhyssa,"off Matsuzaki, Japan",34.7745,138.714
SITE0423,Wood,Cocculina surugaensis,"off Hagachizaki, Japan",34.7441666666666,138.6955
SITE0423,Wood,Copulabyssia similaris,"off Hagachizaki, Japan",34.7441666666666,138.6955
SITE0423,Wood,Dillwynella fallax,"off Hagachizaki, Japan",34.7441666666666,138.6955
SITE0423,Wood,Pectinodonta rhyssa,"off Hagachizaki, Japan",34.7441666666666,138.6955
SITE0424,Wood,Cocculina tenuitesta,"off Matsuzaki, Japan",34.7661666666666,138.705333333333
SITE0425,Wood,Cocculina tenuitesta,"west Omaezaki, Japan",34.3828333333333,138.298333333333
SITE0426,Wood,Cocculina surugaensis,"off Heda, Japan",35.085,138.723333333333
SITE0427,Wood,Cocculina surugaensis,"off Odawara, Japan",34.2033333333333,139.21
SITE0428,Wood,Cocculina surugaensis,"Sagamy Bay, Japan",35.0683333333333,139.525
SITE0429,Wood,Coccopigya,"off Heda, Japan",34.9933333333333,138.745
SITE0429,Wood,Coccopigya punctoradiata,"off Heda, Japan",34.9933333333333,138.745
SITE0429,Wood,Cocculina cf. pacifica,"off Heda, Japan",34.9933333333333,138.745
SITE0429,Wood,Dillwynella fallax,"off Heda, Japan",34.9933333333333,138.745
SITE0430,Wood,Cocculina cf. pacifica,"off Matsuzaki, Japan",34.7633333333333,138.708333333333
SITE0431,Wood,Coccopigya punctoradiata,"off Toi, Japan",34.9066666666666,138.728333333333
SITE0431,Wood,Cocculina cf. pacifica,"off Toi, Japan",34.9066666666666,138.728333333333
SITE0432,Wood,Cocculina cf. pacifica,"South Senoumi Bank, Japan",34.685,138.39
SITE0434,Wood,Coccopigya punctoradiata,"off Toi, Japan",34.918,138.718
SITE0435,Wood,Coccopigya punctoradiata,"Sagami Bank, Japan",35.1516666666666,139.388333333333
SITE0436,Wood,Coccopigya punctoradiata,"off Heda, Japan",34.9516666666666,138.726666666666
SITE0436,Wood,Dillwynella fallax,"off Heda, Japan",34.9516666666666,138.726666666666
SITE0437,Wood,Coccopigya punctoradiata,off Oshima,34.8683333333333,139.461666666666
SITE0438,Wood,Copulabyssia similaris,"west Omaezaki, Japan",34.38,138.400166666666
SITE0438,Wood,Dillwynella fallax,"west Omaezaki, Japan",34.38,138.400166666666
SITE0438,Wood,Pseudococculina subcingulata,"west Omaezaki, Japan",34.38,138.400166666666
SITE0439,Wood,Dillwynella seishinmaruae,"Ozezaki, Japan",35.0683333333333,138.788333333333
SITE0439,Wood,Dillwynella vitrea,"Ozezaki, Japan",35.0683333333333,138.788333333333
SITE0440,Wood,Dillwynella vitrea,"off Toi, Japan",34.951,138.75
SITE0441,Wood,Dillwynella fallax,"off Toi, Japan",34.8983333333333,138.718333333333
SITE0442,Wood,Dillwynella fallax,"Bungo Channel, Japan",32.3816666666666,132.453333333333
SITE0443,Wood,Dillwynella fallax,"Kumano-nada, Japan",34.0846666666666,136.655333333333
SITE0443,Wood,Leptogyropsis inflata,"Kumano-nada, Japan",34.0846666666666,136.655333333333
SITE0444,Wood,Manaria fusiformis,"off Lulu bay, Navassa Island",18.3783333333333,-75.0455555555555
SITE0445,Wood,Abditoconus investigatoris,"Flinders CMR, Tasman Sea, Australia",-40.4732,149.3967
SITE0446,Wood,Abditoconus investigatoris,"East Gippsland CMR, Tasman Sea, Australia",-37.792,150.382
SITE0446,Wood,Xylonora cf. atlantica,"East Gippsland CMR, Tasman Sea, Australia",-37.792,150.382
SITE0446,Wood,Xylophaga sp. 2,"East Gippsland CMR, Tasman Sea, Australia",-37.792,150.382
SITE0447,Wood,Spiniapex gilsonorum,"Hunter CMR, Tasman Sea, Australia",-32.575,153.1617
SITE0448,Wood,Pectinodonta rhyssa,Japan,36.485,141.013333333333
SITE0449,Wood,Pectinodonta rhyssa,Japan,36.8616666666666,141.511666666666
SITE0450,Wood,Cocculina japonica,Japan,38.6766666666666,142.02
SITE0451,Wood,Cocculina japonica,Japan,38.655,142.056666666666
SITE0451,Wood,Fusitriton oregonensis,Japan,38.655,142.056666666666
SITE0452,Wood,Cocculina japonica,Japan,38.6283333333333,142.075
SITE0453,Wood,Cocculina japonica,Japan,38.65,142.121666666666
SITE0454,Wood,Cocculina japonica,Japan,38.0483333333333,141.94
SITE0455,Wood,Cocculina japonica,Japan,37.975,141.985
SITE0456,Wood,Cocculina japonica,Japan,38.0383333333333,142.035
SITE0457,Wood,Cocculina japonica,Japan,38.0066666666666,142.086666666666
SITE0458,Wood,Cocculina japonica,Japan,37.7183333333333,141.898333333333
SITE0459,Wood,Cocculina japonica,Japan,37.7383333333333,141.913333333333
SITE0460,Wood,Cocculina japonica,Japan,37.6566666666666,142.02
SITE0461,Wood,Cocculina japonica,Japan,37.3583333333333,141.686666666666
SITE0461,Wood,Mitrella,Japan,37.3583333333333,141.686666666666
SITE0462,Wood,Cocculina japonica,Japan,37.3383333333333,141.72
SITE0463,Wood,Cocculina japonica,Japan,37.325,141.743333333333
SITE0464,Wood,Cocculina japonica,Japan,37.315,141.763333333333
SITE0465,Wood,Coccopigya punctoradiata,Japan,37.3266666666666,141.775
SITE0465,Wood,Cocculina japonica,Japan,37.3266666666666,141.775
SITE0466,Wood,Cocculina japonica,Japan,37.3133333333333,141.786666666666
SITE0467,Wood,Cocculina japonica,Japan,37.3016666666666,141.823333333333
SITE0468,Wood,Coccopigya punctoradiata,Japan,36.8866666666666,141.486666666666
SITE0468,Wood,Cocculina japonica,Japan,36.8866666666666,141.486666666666
SITE0468,Wood,Copulabyssia similaris,Japan,36.8866666666666,141.486666666666
SITE0469,Wood,Coccopigya punctoradiata,Japan,36.6733333333333,141.26
SITE0469,Wood,Cocculina japonica,Japan,36.6733333333333,141.26
SITE0470,Wood,Cocculina japonica,Japan,36.625,141.233333333333
SITE0471,Wood,Cocculina japonica,Japan,40.9216666666666,141.715
SITE0472,Wood,Cocculina japonica,Japan,38.6733333333333,141.983333333333
SITE0473,Wood,Cocculina japonica,Japan,38.645,142.036666666666
SITE0474,Wood,Cocculina japonica,Japan,38.6483333333333,142.095
SITE0475,Wood,Cocculina japonica,Japan,38.39,142.026666666666
SITE0476,Wood,Cocculina japonica,Japan,38.0883333333333,142.061666666666
SITE0477,Wood,Cocculina japonica,Japan,38.0666666666666,142.085
SITE0478,Wood,Cocculina japonica,Japan,38.0083333333333,142.086666666666
SITE0479,Wood,Cocculina japonica,Japan,38.0116666666666,142.096666666666
SITE0480,Wood,Cocculina japonica,Japan,37.7166666666666,141.898333333333
SITE0481,Wood,Cocculina japonica,Japan,37.695,141.983333333333
SITE0482,Wood,Cocculina japonica,Japan,36.535,141.1
SITE0483,Wood,Cocculina japonica,Japan,40.8233333333333,141.916666666666
SITE0484,Wood,Cocculina japonica,Japan,40.965,141.708333333333
SITE0485,Wood,Cocculina japonica,Japan,40.9783333333333,141.76
SITE0486,Wood,Cocculina japonica,Japan,40.2233333333333,142.206666666666
SITE0487,Wood,Cocculina japonica,Japan,40.1066666666666,142.251666666666
SITE0488,Wood,Cocculina japonica,Japan,40.2566666666666,142.235
SITE0489,Wood,Cocculina japonica,Japan,40.22,142.261666666666
SITE0490,Wood,Cocculina japonica,Japan,40.2666666666666,142.266666666666
SITE0491,Wood,Cocculina japonica,Japan,40.2816666666666,142.276666666666
SITE0492,Wood,Cocculina japonica,Japan,39.6883333333333,142.21
SITE0493,Wood,Cocculina japonica,Japan,39.875,142.33
SITE0494,Wood,Cocculina japonica,Japan,39.07,142.158333333333
SITE0495,Wood,Cocculina japonica,Japan,40.9883333333333,142.713333333333
SITE0496,Wood,Cocculina japonica,Japan,38.3383333333333,142.028333333333
SITE0497,Wood,Cocculina japonica,Japan,38.67,141.981666666666
SITE0498,Wood,Copulabyssia similaris,Japan,36.9233333333333,141.415
SITE0499,Wood,Acremodonta,Japan,37.3033333333333,141.825
SITE0499,Wood,Aulacofusus hiranoi,Japan,37.3033333333333,141.825
SITE0499,Wood,Fusitriton oregonensis,Japan,37.3033333333333,141.825
SITE0500,Wood,Fusitriton oregonensis,Japan,45.5333333333333,141.563333333333
SITE0501,Wood,Mitrella,Japan,38.66,142.065
SITE0502,Wood,Aulacofusus hiranoi,Japan,36.9533333333333,141.563333333333
SITE0503,Wood,Phascolosoma turnerae,Tongue of the Ocean,24.9333333333333,-77.4833333333333
SITE0504,Wood,Phascolosoma turnerae,Gulf of Mexico,23.9,-82.35
SITE0504,Wood,Sclerolinum,Gulf of Mexico,23.9,-82.35
SITE0505,Wood,Phascolosoma turnerae,Gulf of Mexico,29.225,-87.975
SITE0506,Wood,Phascolosoma turnerae,"off Barcelona, Catalonia",41.1188333333333,2.37495
SITE0507,Wood,Amphiplica venezuelensis,"Venezuelan Basin, Venezuela",14.3333333333333,-67
SITE0508,Wood,Amphiplica venezuelensis,"Venezuelan Basin, Venezuela",13.5,-64.75
SITE0509,Wood,Amphiplica knudseni,"Tasman Basin, New Zealand",-44.3,166.766666666666
SITE0510,Wood,Yaquinabyssia careyi,"Cascadia abyssal plain, Oregon",44.895,-126.556666666666
SITE0511,Wood,Caymanabyssia vandoverae,"Monterey Canyon, USA",36.6,-122.433333333333
SITE0512,Wood,Caymanabyssia,"West of Takara, Japan",29.3333333333333,127.616666666666
SITE0513,Wood,Copulabyssia similaris,"off Shizuoka, Japan",34.8666666666666,138.483333333333
SITE0514,Wood,Pseudococculina subcingulata,"SW of Panglao Island, Philippines",9.48333333333333,123.683333333333
SITE0515,Wood,Pseudococculina subcingulata,"SE of Fukue Island, Japan",32.5,129.133333333333
SITE0516,Wood,Amphiplica,"East of Taisho Island, Japan",25.8,125.45
SITE0517,Wood,Cocculina emsoni,"off Southwest Reef, Bahamas",24.9011111111111,-77.5538888888888
SITE0517,Wood,Cocculina rathbuni,"off Southwest Reef, Bahamas",24.9011111111111,-77.5538888888888
SITE0517,Wood,Notocrater youngi,"off Southwest Reef, Bahamas",24.9011111111111,-77.5538888888888
SITE0518,Wood,Cocculina messingi,"Settlement Point, Bahamas",26.6252777777777,-78.9822222222222
SITE0518,Wood,Notocrater houbricki,"Settlement Point, Bahamas",26.6252777777777,-78.9822222222222
SITE0519,Wood,Coccopigya mikkelsenae,"off Chateau Belair Bay, Lesser Antilles",13.175,-61.2583333333333
SITE0519,Wood,Fedikovella beanii,"off Chateau Belair Bay, Lesser Antilles",13.175,-61.2583333333333
SITE0520,Wood,Fedikovella caymanensis,Cayman Trough,19.6347222222222,-76.6188888888888
SITE0521,Wood,Caymanabyssia spina,Cayman Trough,19.0016666666666,-80.4847222222222
SITE0521,Wood,Fedikovella caymanensis,Cayman Trough,19.0016666666666,-80.4847222222222
SITE0522,Wood,Caymanabyssia spina,Cayman Trough,19.6347222222222,-76.6355555555555
SITE0523,Wood,Cocculina baxteri,Alaska,60.71,-148.066666666666
SITE0524,Wood,Cocculina cowani,"Moresby Island, British Columbia",52.5083333333333,-131.916666666666
SITE0525,Wood,Cocculina corrugata,Faroe Channel,59.6666666666666,-7.35
SITE0525,Wood,Cocculina spinigera,Faroe Channel,59.6666666666666,-7.35
SITE0525,Wood,Idas argenteus,Faroe Channel,59.6666666666666,-7.35
SITE0525,Wood,Teredo megotara,Faroe Channel,59.6666666666666,-7.35
SITE0526,Wood,Coccopigya spinigera,off Catalonia,41.0933333333333,2.18
SITE0527,Wood,Coccopigya viminensis,off Catalonia,40.765,1.655
SITE0528,Wood,Copulabyssia corrugata,off Catalonia,39.9083333333333,2.36
SITE0529,Wood,Adipicola modiolaeformis,"North West of dell'Is, Italy",unknown,unknown
SITE0529,Wood,Adula simpsoni,"North West of dell'Is, Italy",unknown,unknown
SITE0529,Wood,Coccopigya viminensis,"North West of dell'Is, Italy",unknown,unknown
SITE0529,Wood,Cocculina corrugata,"North West of dell'Is, Italy",unknown,unknown
SITE0529,Wood,Xylophaga praestans,"North West of dell'Is, Italy",unknown,unknown
SITE0530,Wood,Bathysciadium xylophagum,"off Sardinia, Italy",unknown,unknown
SITE0531,Wood,Macleaniella moskalevi,Puerto Rico Trench,19.6766666666666,-67.3233333333333
SITE0532,Wood,Caymanabyssia spina,Cayman Trench,19.6416666666666,-76.63
SITE0533,Wood,Caymanabyssia spina,Cayman Trench,19.01,-80.4916666666666
SITE0534,Wood,Cocculina messingi,"off Rosario Island, Colombia",10.15,-76
SITE0534,Wood,Cocculina rathbuni,"off Rosario Island, Colombia",10.15,-76
SITE0535,Wood,Cocculina messingi,"off Punta Gloria, Colombia",11.1833333333333,-74.2833333333333
SITE0536,Wood,Cocculina messingi,"off Arboletes, Colombia",9.03333333333333,-76.6
SITE0536,Wood,Notocrater youngi,"off Arboletes, Colombia",9.03333333333333,-76.6
SITE0537,Wood,Cocculina messingi,"off Neguanje, Colombia",11.4,-74.15
SITE0538,Wood,Cocculina emsoni,"off Buratica, Colombia",11.3666666666666,-74.1833333333333
SITE0538,Wood,Copulabyssa colombia,"off Buratica, Colombia",11.3666666666666,-74.1833333333333
SITE0539,Wood,Cocculina emsoni,"off Neguanje, Colombia",11.4,-74.1833333333333
SITE0540,Wood,Cocculina fenestrata,"off Buratica, Colombia",11.45,-73.6666666666666
SITE0541,Wood,Coccocrater portoricensis,"off Ensenada de la Rada, Colombia",9.45,-76.4166666666666
SITE0542,Wood,Fedikovella beanii,"off San Bernardo Island, Colombia",9.76666666666666,-76.2833333333333
SITE0543,Wood,Notocrater houbricki,"off Tolú, Colombia",9.75,-76.25
SITE0547,Wood,Asterechinus elegans,Nile deep-sea fan Wood#5,32.53465,30.3564
SITE0547,Wood,Bathynectes piperitus,Nile deep-sea fan Wood#5,32.53465,30.3564
SITE0547,Wood,Cryptonome conclava,Nile deep-sea fan Wood#5,32.53465,30.3564
SITE0547,Wood,Glycera noelae,Nile deep-sea fan Wood#5,32.53465,30.3564
SITE0547,Wood,Idas modiolaeformis,Nile deep-sea fan Wood#5,32.53465,30.3564
SITE0547,Wood,Phascolosoma turnerae,Nile deep-sea fan Wood#5,32.53465,30.3564
SITE0547,Wood,Xylophaga dorsalis,Nile deep-sea fan Wood#5,32.53465,30.3564
SITE0548,Wood,Asterechinus elegans,Nile deep-sea fan Wood#2,32.53271,30.35292
SITE0548,Wood,Bathynectes piperitus,Nile deep-sea fan Wood#2,32.53271,30.35292
SITE0548,Wood,Cryptonome conclava,Nile deep-sea fan Wood#2,32.53271,30.35292
SITE0548,Wood,Glycera noelae,Nile deep-sea fan Wood#2,32.53271,30.35292
SITE0548,Wood,Idas modiolaeformis,Nile deep-sea fan Wood#2,32.53271,30.35292
SITE0548,Wood,Phascolosoma turnerae,Nile deep-sea fan Wood#2,32.53271,30.35292
SITE0548,Wood,Xylophaga dorsalis,Nile deep-sea fan Wood#2,32.53271,30.35292
SITE0549,Wood,Asterechinus elegans,Nile deep-sea fan Wood#1,32.53416,30.35208
SITE0549,Wood,Bathynectes piperitus,Nile deep-sea fan Wood#1,32.53416,30.35208
SITE0549,Wood,Cryptonome conclava,Nile deep-sea fan Wood#1,32.53416,30.35208
SITE0549,Wood,Glycera noelae,Nile deep-sea fan Wood#1,32.53416,30.35208
SITE0549,Wood,Idas modiolaeformis,Nile deep-sea fan Wood#1,32.53416,30.35208
SITE0549,Wood,Phascolosoma turnerae,Nile deep-sea fan Wood#1,32.53416,30.35208
SITE0549,Wood,Xylophaga dorsalis,Nile deep-sea fan Wood#1,32.53416,30.35208
SITE0550,Wood,Clelandella myriamae,"Nile fan, off Egypt",32.5436111111111,30.355
SITE0550,Wood,Coccopigya,"Nile fan, off Egypt",32.5436111111111,30.355
SITE0550,Wood,Eupolymnia,"Nile fan, off Egypt",32.5436111111111,30.355
SITE0550,Wood,Glycera,"Nile fan, off Egypt",32.5436111111111,30.355
SITE0550,Wood,Glycera noelae,"Nile fan, off Egypt",32.5436111111111,30.355
SITE0550,Wood,Idas modiolaeformis,"Nile fan, off Egypt",32.5436111111111,30.355
SITE0550,Wood,Nicolea,"Nile fan, off Egypt",32.5436111111111,30.355
SITE0550,Wood,Prionospio,"Nile fan, off Egypt",32.5436111111111,30.355
SITE0550,Wood,Thyasira,"Nile fan, off Egypt",32.5436111111111,30.355
SITE0550,Wood,Xylophaga dorsalis,"Nile fan, off Egypt",32.5436111111111,30.355
SITE0551,Wood,Prionospio,"Rainbow vent field, MAR",36.2377777777777,-33.9052777777777
SITE0551,Wood,Xylophaga atlantica,"Rainbow vent field, MAR",36.2377777777777,-33.9052777777777
SITE0553,Wood,Xylophaga depalmai,"Tongue of the Ocean, Bahamas",25.8813333333333,-77.5373333333333
SITE0554,Wood,Xylophaga atlantica,"off New England, USA",40.35,-70.3833333333333
SITE0555,Wood,Xyloredo cf. nooi,"Beebe Vent field, Mid-Cayman Spreading Centre",18.3761666666666,-81.6723333333333
SITE0558,Wood,Cocculina emsoni,"Southwest Reef, Tongue of the Ocean, Bahamas",24.2583333333333,-77.55
SITE0558,Wood,Cocculina rathbuni,"Southwest Reef, Tongue of the Ocean, Bahamas",24.2583333333333,-77.55
SITE0558,Wood,Notocrater youngi,"Southwest Reef, Tongue of the Ocean, Bahamas",24.2583333333333,-77.55
SITE0560,Wood,C,Vanuatu,-15.704,167.0435
SITE0560,Wood,Gigantidas crypta,Vanuatu,-15.704,167.0435
SITE0560,Wood,Idas iwaotakii,Vanuatu,-15.704,167.0435
SITE0562,Wood,Gigantidas crypta,Philippines,14.9972,121.7317
SITE0563,Wood,C,Vanuatu,-15.6869,167.0284
SITE0564,Wood,C,Vanuatu,-15.663,167.0273
SITE0565,Wood,C,Vanuatu,-16.0445,167.5059
SITE0566,Wood,C,Solomon,-7.6033,157.7075
SITE0567,Wood,D,"Bohol Sea, Philippines",9.3483,124.145
SITE0568,Wood,D,Philippines,8.85,123.1667
SITE0569,Wood,D,Philippines,9.4483,123.575
SITE0570,Wood,P,"East off Palasan island, Philippines",14.822,123.2265
SITE0571,Wood,P,"East off Palasan island, Philippines",14.975,123.079
SITE0572,Wood,Idas japonica,"East off Palasan island, Philippines",14.7665,123.6553333333333
SITE0573,Wood,P,"East off Palasan island, Philippines",14.56233333333333,123.2333333333333
SITE0574,Wood,P,"East off Palasan island, Philippines",15.07233333333333,123.1446666666667
SITE0575,Wood,P,"East off Palasan island, Philippines",14.82316666666667,123.2195
SITE0576,Wood,Idas japonica,"Transect East off Luzon, Philippines",16.01,121.8873333333333
SITE0577,Wood,K,"Transect East off Luzon, Philippines",15.86766666666667,121.8266666666667
SITE0577,Wood,L,"Transect East off Luzon, Philippines",15.86766666666667,121.8266666666667
SITE0578,Wood,S2,"Transect East off Luzon, Philippines",15.77833333333333,121.7283333333333
SITE0579,Wood,Idas japonica,"Transect East off Luzon, Philippines",14.94233333333333,121.7291666666667
SITE0580,Wood,Idas japonica,"Transect East off Luzon, Philippines",15.1845,121.5786666666667
SITE0581,Wood,S2,"Transect East off Luzon, Philippines",14.4895,121.708
SITE0582,Wood,Idas japonica,"Transect East off Luzon, Philippines",14.4515,121.7853333333333
SITE0582,Wood,S2,"Transect East off Luzon, Philippines",14.4515,121.7853333333333
SITE0582,Wood,SAL4,"Transect East off Luzon, Philippines",14.4515,121.7853333333333
SITE0583,Wood,S2,"Transect East off Luzon, Philippines",14.4005,121.7805
SITE0584,Wood,Idas japonica,"Transect East off Luzon, Philippines",16.0225,121.851
SITE0585,Wood,Idas japonica,"Transect East off Luzon, Philippines",15.4505,121.5938333333333
SITE0586,Wood,S2,"Transect East off Luzon, Philippines",16.0445,121.922
SITE0587,Wood,P,"Transect East off Luzon, Philippines",15.60666666666667,121.9335
SITE0588,Wood,P,"Transect East off Luzon, Philippines",15.65416666666667,121.9821666666667
SITE0589,Wood,E,"off Pamilacan Island, Philippines",9.526666666666667,123.9283333333333
SITE0589,Wood,G,"off Pamilacan Island, Philippines",9.526666666666667,123.9283333333333
SITE0589,Wood,Leptochiton foresti,"off Pamilacan Island, Philippines",9.526666666666667,123.9283333333333
SITE0590,Wood,E,"Bohol Sea, Philippines",9.448333333333334,123.575
SITE0591,Wood,E,"Bohol Sea, Philippines",9.465,123.64
SITE0592,Wood,E,"Bohol Sea, Philippines",9.501666666666667,123.6933333333333
SITE0593,Wood,E,"Bohol Sea, Philippines",9.476666666666667,123.6666666666667
SITE0594,Wood,Adipicola longissima,"Bohol Sea, Philippines",9.581666666666667,123.695
SITE0594,Wood,G,"Bohol Sea, Philippines",9.581666666666667,123.695
SITE0595,Wood,E,"Bohol Sea, Philippines",9.65,123.7683333333333
SITE0596,Wood,E,"Bohol Sea, Philippines",8.868333333333334,123.6183333333333
SITE0597,Wood,G,"Bohol Sea, Philippines",8.815,123.6266666666667
SITE0597,Wood,J,"Bohol Sea, Philippines",8.815,123.6266666666667
SITE0598,Wood,E,"Bohol Sea, Philippines",8.885,123.5583333333333
SITE0599,Wood,E,"Bohol Sea, Philippines",8.645,123.2666666666667
SITE0599,Wood,G,"Bohol Sea, Philippines",8.645,123.2666666666667
SITE0600,Wood,E,"Bohol Sea, Philippines",8.688333333333333,123.2966666666667
SITE0600,Wood,G,"Bohol Sea, Philippines",8.688333333333333,123.2966666666667
SITE0601,Wood,E,"Bohol Sea, Philippines",8.721666666666666,123.3166666666667
SITE0601,Wood,G,"Bohol Sea, Philippines",8.721666666666666,123.3166666666667
SITE0602,Wood,G,"Bohol Sea, Philippines",8.745,123.3083333333333
SITE0603,Wood,SAL1,"Santa Isabel, Solomon Islands",-8.295,160.0148333333333
SITE0604,Wood,L,"Santa Isabel, Solomon Islands",-8.28,159.9671666666667
SITE0605,Wood,L,"Santa Isabel, Solomon Islands",-7.70833333333333,158.4828333333333
SITE0606,Wood,I,"Choiseul island, Solomon Islands",-7.55833333333333,157.705
SITE0607,Wood,L,"Vella Lavella island, Solomon Islands",-7.83533333333333,156.881
SITE0608,Wood,O,"Vella Lavella island, Solomon Islands",-7.79833333333333,156.8983333333333
SITE0609,Wood,I,"Rendova island, Solomon Islands",-8.664,157.3918333333333
SITE0610,Wood,O,Chesterfield islands,-20.8771666666667,160.9948333333333
SITE0611,Wood,O,North Espiritu Santo,-14.9418333333333,166.9358333333333
SITE0612,Wood,Idas iwaotakii,North Espiritu Santo,-15.0235,166.896
SITE0612,Wood,SAL3,North Espiritu Santo,-15.0235,166.896
SITE0613,Wood,L,North Espiritu Santo,-15.011,166.9245
SITE0613,Wood,M,North Espiritu Santo,-15.011,166.9245
SITE0614,Wood,Idas iwaotakii,North Espiritu Santo,-15.0236666666667,166.896
SITE0614,Wood,L,North Espiritu Santo,-15.0236666666667,166.896
SITE0615,Wood,F,North Espiritu Santo,-14.9173333333333,166.9593333333333
SITE0616,Wood,F,North Espiritu Santo,-15.1338333333333,166.8475
SITE0617,Wood,S1,North Espiritu Santo,-15.1483333333333,166.8931666666667
SITE0618,Wood,F,North Espiritu Santo,-15.115,166.88
SITE0619,Wood,S1,North Espiritu Santo,-15.1366666666667,166.89
SITE0620,Wood,Q,Nord West Malo Island,-15.6333333333333,167.0333333333333
SITE0621,Wood,Q,Nord West Malo Island,-15.6266666666667,167.085
SITE0622,Wood,F,West Malo Island,-15.6733333333333,167.0166666666667
SITE0622,Wood,Pectinodonta,West Malo Island,-15.6733333333333,167.0166666666667
SITE0623,Wood,F,West Malo Island,-15.645,167.02
SITE0623,Wood,Pectinodonta,West Malo Island,-15.645,167.02
SITE0624,Wood,S1,West Malo Island,-15.688,167.0483333333333
SITE0625,Wood,N,Nord Est Malekula Island,-16.0066666666667,167.6383333333333
SITE0626,Wood,O,South Malekula island,-16.7213333333333,167.8073333333333
SITE0627,Wood,I,South Malekula island,-16.7208333333333,167.8476666666667
SITE0628,Wood,I,Fiji,-16.658,179.616
SITE0628,Wood,S1,Fiji,-16.658,179.616
SITE0629,Wood,Leptochiton boucheti,"Malo, Vanuatu",-15.7333333333333,167.035
SITE0629,Wood,Leptochiton dykei,"Malo, Vanuatu",-15.7333333333333,167.035
SITE0629,Wood,Leptochiton thandari,"Malo, Vanuatu",-15.7333333333333,167.035
SITE0629,Wood,Leptochiton vanbellei,"Malo, Vanuatu",-15.7333333333333,167.035
SITE0629,Wood,Nierstraszella lineata,"Malo, Vanuatu",-15.7333333333333,167.035
SITE0630,Wood,Nierstraszella lineata,"Malo, Vanuatu",-15.6933333333333,167.035
SITE0631,Wood,Nierstraszella lineata,"Big Bay, Vanuatu",-15.0766666666666,166.891666666666
SITE0632,Wood,Leptochiton juvenis,"Big Bay, Vanuatu",-15.0516666666666,166.88
SITE0632,Wood,Leptochiton longisetosus,"Big Bay, Vanuatu",-15.0516666666666,166.88
SITE0632,Wood,Nierstraszella lineata,"Big Bay, Vanuatu",-15.0516666666666,166.88
SITE0633,Wood,Nierstraszella lineata,"Big Bay, Vanuatu",-15.0533333333333,166.878333333333
SITE0634,Wood,Leptochiton juvenis,"Big Bay, Vanuatu",-15.0283333333333,166.905
SITE0634,Wood,Nierstraszella lineata,"Big Bay, Vanuatu",-15.0283333333333,166.905
SITE0635,Wood,Ferreiraella plana,"Big Bay, Vanuatu",-14.995,166.918333333333
SITE0635,Wood,Leptochiton angustidens,"Big Bay, Vanuatu",-14.995,166.918333333333
SITE0635,Wood,Leptochiton dykei,"Big Bay, Vanuatu",-14.995,166.918333333333
SITE0635,Wood,Leptochiton longisetosus,"Big Bay, Vanuatu",-14.995,166.918333333333
SITE0635,Wood,Nierstraszella lineata,"Big Bay, Vanuatu",-14.995,166.918333333333
SITE0636,Wood,Ferreiraella plana,"Big Bay, Vanuatu",-14.9516666666666,166.918333333333
SITE0636,Wood,Leptochiton longisetosus,"Big Bay, Vanuatu",-14.9516666666666,166.918333333333
SITE0636,Wood,Munidopsis andamanica,"Big Bay, Vanuatu",-14.9516666666666,166.918333333333
SITE0637,Wood,Leptochiton juvenis,"Big Bay, Vanuatu",-14.9183333333333,166.923333333333
SITE0638,Wood,Leptochiton boucheti,"Big Bay, Vanuatu",-14.8916666666666,166.855
SITE0638,Wood,Leptochiton longisetosus,"Big Bay, Vanuatu",-14.8916666666666,166.855
SITE0638,Wood,Nierstraszella lineata,"Big Bay, Vanuatu",-14.8916666666666,166.855
SITE0639,Wood,Nierstraszella andamanica,"Big Bay, Vanuatu",-14.9033333333333,166.856666666666
SITE0640,Wood,Nierstraszella lineata,"Big Bay, Vanuatu",-15.06,166.87
SITE0641,Wood,Leptochiton longisetosus,Vanuatu,-15.0066666666667,166.86
SITE0641,Wood,Nierstraszella andamanica,Vanuatu,-15.0066666666667,166.86
SITE0641,Wood,Nierstraszella lineata,Vanuatu,-15.0066666666667,166.86
SITE0642,Wood,Leptochiton longisetosus,Vanuatu,-15.0483333333333,166.9
SITE0642,Wood,Nierstraszella lineata,Vanuatu,-15.0483333333333,166.9
SITE0643,Wood,Nierstraszella lineata,Vanuatu,-15.035,166.9166666666667
SITE0644,Wood,Ferreiraella xylophaga karenae,Vanuatu,-14.995,166.9166666666667
SITE0644,Wood,Leptochiton angustidens,Vanuatu,-14.995,166.9166666666667
SITE0644,Wood,Leptochiton longisetosus,Vanuatu,-14.995,166.9166666666667
SITE0644,Wood,Nierstraszella lineata,Vanuatu,-14.995,166.9166666666667
SITE0645,Wood,Ferreiraella xylophaga karenae,Vanuatu,-14.975,166.905
SITE0645,Wood,Leptochiton angustidens,Vanuatu,-14.975,166.905
SITE0645,Wood,Leptochiton longisetosus,Vanuatu,-14.975,166.905
SITE0645,Wood,Nierstraszella lineata,Vanuatu,-14.975,166.905
SITE0646,Wood,Ferreiraella plana,Vanuatu,-14.8983333333333,166.8583333333333
SITE0647,Wood,Leptochiton,Vanuatu,-14.8516666666667,166.8966666666667
SITE0647,Wood,Leptochiton schwabei,Vanuatu,-14.8516666666667,166.8966666666667
SITE0647,Wood,Leptochiton vanbellei,Vanuatu,-14.8516666666667,166.8966666666667
SITE0648,Wood,Ferreiraella plana,Vanuatu,-14.9033333333333,166.95
SITE0649,Wood,Nierstraszella lineata,VANUATU: Fond Bay,-15.11,166.8466666666667
SITE0650,Wood,Nierstraszella lineata,VANUATU,-16.5916666666667,167.965
SITE0651,Wood,Ferreiraella plana,VANUATU,-16.625,167.9566666666667
SITE0651,Wood,Leptochiton juvenis,VANUATU,-16.625,167.9566666666667
SITE0651,Wood,Leptochiton schwabei,VANUATU,-16.625,167.9566666666667
SITE0651,Wood,Leptochiton vaubani,VANUATU,-16.625,167.9566666666667
SITE0651,Wood,Nierstraszella andamanica,VANUATU,-16.625,167.9566666666667
SITE0652,Wood,Leptochiton vietnamensis,VANUATU,-16.6566666666667,167.96
SITE0653,Wood,Leptochiton boucheti,VANUATU,-16.705,167.9783333333333
SITE0654,Wood,Ferreiraella plana,VANUATU,-16.715,167.98
SITE0654,Wood,Leptochiton juvenis,VANUATU,-16.715,167.98
SITE0654,Wood,Leptochiton thandari,VANUATU,-16.715,167.98
SITE0654,Wood,Leptochiton vaubani,VANUATU,-16.715,167.98
SITE0654,Wood,Nierstraszella andamanica,VANUATU,-16.715,167.98
SITE0655,Wood,Leptochiton dykei,VANUATU,-16.735,167.9866666666667
SITE0655,Wood,Leptochiton juvenis,VANUATU,-16.735,167.9866666666667
SITE0655,Wood,Leptochiton saitoi,VANUATU,-16.735,167.9866666666667
SITE0656,Wood,Leptochiton boucheti,VANUATU,-16.755,167.985
SITE0657,Wood,Nierstraszella lineata,VANUATU,-16.5116666666667,167.925
SITE0658,Wood,Ferreiraella plana,VANUATU,-16.42,167.8733333333333
SITE0658,Wood,Nierstraszella lineata,VANUATU,-16.42,167.8733333333333
SITE0659,Wood,Leptochiton angustidens,VANUATU,-16.34,167.8066666666667
SITE0659,Wood,Leptochiton vanbellei,VANUATU,-16.34,167.8066666666667
SITE0660,Wood,Leptochiton thandari,VANUATU,-16.3066666666667,167.78
SITE0660,Wood,Leptochiton vaubani,VANUATU,-16.3066666666667,167.78
SITE0661,Wood,Leptochiton samadiae,VANUATU,-16.75,167.8633333333333
SITE0662,Wood,Nierstraszella lineata,"Bohol Sea, Philippines",8.7,123.2216666666667
SITE0663,Wood,Leptochiton foresti,"Bohol Sea, Philippines",9.653333333333334,123.7916666666667
SITE0663,Wood,Nierstraszella lineata,"Bohol Sea, Philippines",9.653333333333334,123.7916666666667
SITE0664,Wood,Nierstraszella lineata,"Bohol Sea, Philippines",9.636666666666667,123.725
SITE0665,Wood,Nierstraszella andamanica,"Bohol Sea, Philippines",9.571666666666667,123.63
SITE0666,Wood,Nierstraszella andamanica,"Bohol Sea, Philippines",9.538333333333334,123.655
SITE0666,Wood,Nierstraszella lineata,"Bohol Sea, Philippines",9.538333333333334,123.655
SITE0667,Wood,Leptochiton foresti,"Bohol Sea, Philippines",9.49,123.74
SITE0667,Wood,Nierstraszella lineata,"Bohol Sea, Philippines",9.49,123.74
SITE0668,Wood,Leptochiton habei,"Bohol Sea, Philippines",9.456666666666667,123.8233333333333
SITE0669,Wood,Leptochiton foresti,"Bohol Sea, Philippines",9.473333333333333,123.835
SITE0669,Wood,Leptochiton samadiae,"Bohol Sea, Philippines",9.473333333333333,123.835
SITE0671,Wood,Nierstraszella andamanica,"Bohol Sea, Philippines",9.455,124.0516666666667
SITE0672,Wood,Adipicola longissima,"Bohol Sea, Philippines",9.426666666666666,124.035
SITE0672,Wood,Idas iwaotakii,"Bohol Sea, Philippines",9.426666666666666,124.035
SITE0672,Wood,Nierstraszella andamanica,"Bohol Sea, Philippines",9.426666666666666,124.035
SITE0672,Wood,Nierstraszella lineata,"Bohol Sea, Philippines",9.426666666666666,124.035
SITE0673,Wood,Nierstraszella andamanica,"Bohol Sea, Philippines",9.433333333333334,124.1083333333333
SITE0674,Wood,Nierstraszella andamanica,"Bohol Sea, Philippines",9.405,124.1783333333333
SITE0675,Wood,Idas iwaotakii,"Bohol Sea, Philippines",9.348333333333333,124.145
SITE0675,Wood,Leptochiton foresti,"Bohol Sea, Philippines",9.348333333333333,124.145
SITE0675,Wood,Leptochiton vietnamensis,"Bohol Sea, Philippines",9.348333333333333,124.145
SITE0675,Wood,Nierstraszella andamanica,"Bohol Sea, Philippines",9.348333333333333,124.145
SITE0675,Wood,Nierstraszella lineata,"Bohol Sea, Philippines",9.348333333333333,124.145
SITE0676,Wood,Leptochiton saitoi,"Bohol Sea, Philippines",9.335,124.055
SITE0676,Wood,Nierstraszella andamanica,"Bohol Sea, Philippines",9.335,124.055
SITE0677,Wood,Leptochiton saitoi,"Bohol Sea, Philippines",8.868333333333334,123.6183333333333
SITE0677,Wood,Nierstraszella andamanica,"Bohol Sea, Philippines",8.868333333333334,123.6183333333333
SITE0677,Wood,Nierstraszella lineata,"Bohol Sea, Philippines",8.868333333333334,123.6183333333333
SITE0678,Wood,Nierstraszella lineata,"Bohol Sea, Philippines",8.831666666666667,123.5816666666667
SITE0679,Wood,Nierstraszella lineata,"Bohol Sea, Philippines",8.815,123.6266666666667
SITE0680,Wood,Nierstraszella lineata,"Bohol Sea, Philippines",8.885,123.5583333333333
SITE0681,Wood,Leptochiton,"Bohol Sea, Philippines",8.941666666666666,123.545
SITE0681,Wood,Nierstraszella lineata,"Bohol Sea, Philippines",8.941666666666666,123.545
SITE0682,Wood,Nierstraszella lineata,"Bohol Sea, Philippines",9.1,123.4166666666667
SITE0683,Wood,Nierstraszella andamanica,"Bohol Sea, Philippines",8.645,123.2666666666667
SITE0683,Wood,Nierstraszella lineata,"Bohol Sea, Philippines",8.645,123.2666666666667
SITE0684,Wood,Leptochiton foresti,"Bohol Sea, Philippines",8.688333333333333,123.2966666666667
SITE0684,Wood,Leptochiton samadiae,"Bohol Sea, Philippines",8.688333333333333,123.2966666666667
SITE0684,Wood,Nierstraszella lineata,"Bohol Sea, Philippines",8.688333333333333,123.2966666666667
SITE0685,Wood,Leptochiton foresti,"Bohol Sea, Philippines",8.721666666666666,123.3166666666667
SITE0685,Wood,Nierstraszella lineata,"Bohol Sea, Philippines",8.721666666666666,123.3166666666667
SITE0686,Wood,Leptochiton foresti,"Bohol Sea, Philippines",8.745,123.3083333333333
SITE0686,Wood,Nierstraszella andamanica,"Bohol Sea, Philippines",8.745,123.3083333333333
SITE0686,Wood,Nierstraszella lineata,"Bohol Sea, Philippines",8.745,123.3083333333333
SITE0687,Wood,Nierstraszella lineata,"Bohol Sea, Philippines",8.77,123.2683333333333
SITE0688,Wood,Leptochiton foresti,"Bohol Sea, Philippines",8.85,123.1666666666667
SITE0688,Wood,Leptochiton saitoi,"Bohol Sea, Philippines",8.85,123.1666666666667
SITE0688,Wood,Leptochiton samadiae,"Bohol Sea, Philippines",8.85,123.1666666666667
SITE0688,Wood,Leptochiton vietnamensis,"Bohol Sea, Philippines",8.85,123.1666666666667
SITE0688,Wood,Nierstraszella andamanica,"Bohol Sea, Philippines",8.85,123.1666666666667
SITE0688,Wood,Nierstraszella lineata,"Bohol Sea, Philippines",8.85,123.1666666666667
SITE0689,Wood,Idas iwaotakii,"Bohol Sea, Philippines",8.855,122.9816666666667
SITE0689,Wood,Leptochiton vietnamensis,"Bohol Sea, Philippines",8.855,122.9816666666667
SITE0690,Wood,Nierstraszella andamanica,"Bohol Sea, Philippines",9.448333333333334,123.575
SITE0691,Wood,Leptochiton foresti,"Bohol Sea, Philippines",9.483333333333333,123.685
SITE0691,Wood,Nierstraszella lineata,"Bohol Sea, Philippines",9.483333333333333,123.685
SITE0692,Wood,Nierstraszella lineata,"Bohol Sea, Philippines",9.501666666666667,123.6933333333333
SITE0693,Wood,Nierstraszella lineata,"Bohol Sea, Philippines",9.476666666666667,123.6666666666667
SITE0694,Wood,Nierstraszella lineata,"Bohol Sea, Philippines",9.603333333333333,123.73
SITE0695,Wood,Nierstraszella lineata,"Bohol Sea, Philippines",9.605,123.7
SITE0696,Wood,Nierstraszella lineata,"Bohol Sea, Philippines",9.581666666666667,123.695
SITE0697,Wood,Nierstraszella lineata,"Bohol Sea, Philippines",9.543333333333333,123.675
SITE0698,Wood,Nierstraszella lineata,"Bohol Sea, Philippines",9.656666666666666,123.7216666666667
SITE0699,Wood,Nierstraszella andamanica,"Bohol Sea, Philippines",9.676666666666666,123.78
SITE0700,Wood,Leptochiton foresti,"Bohol Sea, Philippines",9.688333333333333,123.8083333333333
SITE0700,Wood,Nierstraszella lineata,"Bohol Sea, Philippines",9.688333333333333,123.8083333333333
SITE0701,Wood,Leptochiton foresti,"Bohol Sea, Philippines",9.725,123.785
SITE0701,Wood,Leptochiton samadiae,"Bohol Sea, Philippines",9.725,123.785
SITE0701,Wood,Nierstraszella andamanica,"Bohol Sea, Philippines",9.725,123.785
SITE0702,Wood,Nierstraszella lineata,"Bohol Sea, Philippines",9.516666666666667,123.6733333333333
SITE0703,Wood,Nierstraszella andamanica,Solomon Islands,-9.33166666666667,160.44
SITE0703,Wood,Nierstraszella lineata,Solomon Islands,-9.33166666666667,160.44
SITE0704,Wood,Nierstraszella andamanica,Solomon Islands,-9.34,159.97
SITE0704,Wood,Nierstraszella lineata,Solomon Islands,-9.34,159.97
SITE0705,Wood,Nierstraszella andamanica,Solomon Islands,-9.34833333333333,159.9366666666667
SITE0705,Wood,Nierstraszella lineata,Solomon Islands,-9.34833333333333,159.9366666666667
SITE0706,Wood,Leptochiton clarki,Solomon Islands,-9.17333333333333,159.8833333333333
SITE0706,Wood,Leptochiton vaubani,Solomon Islands,-9.17333333333333,159.8833333333333
SITE0707,Wood,Leptochiton consimilis,Solomon Islands,-9.115,159.8866666666667
SITE0707,Wood,Leptochiton vanbellei,Solomon Islands,-9.115,159.8866666666667
SITE0708,Wood,Nierstraszella andamanica,Solomon Islands,-9.045,159.8233333333333
SITE0709,Wood,Leptochiton vietnamensis,Solomon Islands,-9.00166666666667,159.8166666666667
SITE0710,Wood,Leptochiton vanbellei,Solomon Islands,-8.97,159.6933333333333
SITE0710,Wood,Leptochiton vietnamensis,Solomon Islands,-8.97,159.6933333333333
SITE0711,Wood,Leptochiton vanbellei,Solomon Islands,-8.52,160.6283333333333
SITE0712,Wood,Leptochiton schwabei,Solomon Islands,-8.54666666666667,160.695
SITE0712,Wood,Nierstraszella lineata,Solomon Islands,-8.54666666666667,160.695
SITE0713,Wood,Nierstraszella andamanica,Solomon Islands,-9.355,160.41
SITE0713,Wood,Nierstraszella lineata,Solomon Islands,-9.355,160.41
SITE0714,Wood,Leptochiton juvenis,Solomon Islands,-9.25666666666667,160.1483333333333
SITE0714,Wood,Leptochiton schwabei,Solomon Islands,-9.25666666666667,160.1483333333333
SITE0714,Wood,Nierstraszella andamanica,Solomon Islands,-9.25666666666667,160.1483333333333
SITE0714,Wood,Nierstraszella lineata,Solomon Islands,-9.25666666666667,160.1483333333333
SITE0715,Wood,Leptochiton schwabei,Solomon Islands,-9.26833333333333,160.1283333333333
SITE0715,Wood,Nierstraszella andamanica,Solomon Islands,-9.26833333333333,160.1283333333333
SITE0715,Wood,Nierstraszella lineata,Solomon Islands,-9.26833333333333,160.1283333333333
SITE0716,Wood,Nierstraszella andamanica,Solomon Islands,-9.31333333333333,160.3816666666667
SITE0717,Wood,Nierstraszella andamanica,Solomon Islands,-9.32,160.4233333333333
SITE0718,Wood,Nierstraszella andamanica,Solomon Islands,-9.35,160.4866666666667
SITE0718,Wood,Nierstraszella lineata,Solomon Islands,-9.35,160.4866666666667
SITE0719,Wood,Nierstraszella andamanica,Solomon Islands,-9.35666666666667,160.3983333333333
SITE0719,Wood,Nierstraszella lineata,Solomon Islands,-9.35666666666667,160.3983333333333
SITE0720,Wood,Nierstraszella lineata,Solomon Islands,-9.535,160.6216666666667
SITE0721,Wood,Nierstraszella lineata,Solomon Islands,-9.53333333333333,160.6233333333333
SITE0722,Wood,Leptochiton schwabei,Solomon Islands,-9.58333333333333,160.7116666666667
SITE0722,Wood,Nierstraszella andamanica,Solomon Islands,-9.58333333333333,160.7116666666667
SITE0722,Wood,Nierstraszella lineata,Solomon Islands,-9.58333333333333,160.7116666666667
SITE0723,Wood,Leptochiton clarki,Solomon Islands,-9.63166666666667,160.8283333333333
SITE0724,Wood,Leptochiton clarki,Solomon Islands,-9.70333333333333,160.88
SITE0724,Wood,Leptochiton vanbellei,Solomon Islands,-9.70333333333333,160.88
SITE0725,Wood,Leptochiton clarki,Solomon Islands,-9.54333333333333,160.6216666666667
SITE0725,Wood,Nierstraszella andamanica,Solomon Islands,-9.54333333333333,160.6216666666667
SITE0725,Wood,Nierstraszella lineata,Solomon Islands,-9.54333333333333,160.6216666666667
SITE0726,Wood,Leptochiton vanbellei,Solomon Islands,-8.81,159.7216666666667
SITE0727,Wood,Leptochiton vanbellei,Solomon Islands,-8.78166666666667,159.6633333333333
SITE0727,Wood,Leptochiton vaubani,Solomon Islands,-8.78166666666667,159.6633333333333
SITE0728,Wood,Leptochiton thandari,Solomon Islands,-8.78333333333333,159.6316666666667
SITE0728,Wood,Leptochiton vanbellei,Solomon Islands,-8.78333333333333,159.6316666666667
SITE0728,Wood,Nierstraszella andamanica,Solomon Islands,-8.78333333333333,159.6316666666667
SITE0728,Wood,Nierstraszella lineata,Solomon Islands,-8.78333333333333,159.6316666666667
SITE0729,Wood,Leptochiton longisetosus,Solomon Islands,-8.28166666666667,159.995
SITE0729,Wood,Leptochiton samadiae,Solomon Islands,-8.28166666666667,159.995
SITE0729,Wood,Nierstraszella andamanica,Solomon Islands,-8.28166666666667,159.995
SITE0729,Wood,Nierstraszella lineata,Solomon Islands,-8.28166666666667,159.995
SITE0730,Wood,Nierstraszella andamanica,Solomon Islands,-8.28333333333333,160
SITE0730,Wood,Nierstraszella lineata,Solomon Islands,-8.28333333333333,160
SITE0731,Wood,Leptochiton clarki,Solomon Islands,-8.29166666666667,159.9966666666667
SITE0731,Wood,Leptochiton longisetosus,Solomon Islands,-8.29166666666667,159.9966666666667
SITE0731,Wood,Nierstraszella andamanica,Solomon Islands,-8.29166666666667,159.9966666666667
SITE0731,Wood,Nierstraszella lineata,Solomon Islands,-8.29166666666667,159.9966666666667
SITE0732,Wood,Leptochiton dykei,Solomon Islands,-8.32666666666667,160.0316666666667
SITE0733,Wood,Leptochiton habei,Solomon Islands,-8.39833333333333,159.4433333333333
SITE0733,Wood,Leptochiton longisetosus,Solomon Islands,-8.39833333333333,159.4433333333333
SITE0733,Wood,Nierstraszella andamanica,Solomon Islands,-8.39833333333333,159.4433333333333
SITE0733,Wood,Nierstraszella lineata,Solomon Islands,-8.39833333333333,159.4433333333333
SITE0734,Wood,Nierstraszella andamanica,Solomon Islands,-8.41333333333333,159.445
SITE0734,Wood,Nierstraszella lineata,Solomon Islands,-8.41333333333333,159.445
SITE0735,Wood,Leptochiton vietnamensis,Solomon Islands,-8.425,159.44
SITE0735,Wood,Nierstraszella andamanica,Solomon Islands,-8.425,159.44
SITE0735,Wood,Nierstraszella lineata,Solomon Islands,-8.425,159.44
SITE0736,Wood,Leptochiton,Solomon Islands,-8.42666666666667,159.4316666666667
SITE0737,Wood,Leptochiton habei,Solomon Islands,-7.72666666666667,158.5
SITE0738,Wood,Leptochiton samadiae,Solomon Islands,-7.72333333333333,158.4833333333333
SITE0739,Wood,Leptochiton samadiae,Solomon Islands,-7.59833333333333,157.7066666666667
SITE0739,Wood,Nierstraszella lineata,Solomon Islands,-7.59833333333333,157.7066666666667
SITE0740,Wood,Ferreiraella xylophaga karenae,Solomon Islands,-7.63,157.695
SITE0740,Wood,Nierstraszella andamanica,Solomon Islands,-7.63,157.695
SITE0741,Wood,Ferreiraella plana,Solomon Islands,-7.645,157.715
SITE0741,Wood,Leptochiton juvenis,Solomon Islands,-7.645,157.715
SITE0741,Wood,Leptochiton longisetosus,Solomon Islands,-7.645,157.715
SITE0741,Wood,Nierstraszella lineata,Solomon Islands,-7.645,157.715
SITE0742,Wood,Leptochiton vanbellei,Solomon Islands,-7.73833333333333,157.705
SITE0743,Wood,Leptochiton consimilis,Solomon Islands,-7.755,157.6566666666667
SITE0743,Wood,Leptochiton vanbellei,Solomon Islands,-7.755,157.6566666666667
SITE0743,Wood,Leptochiton vietnamensis,Solomon Islands,-7.755,157.6566666666667
SITE0743,Wood,Nierstraszella andamanica,Solomon Islands,-7.755,157.6566666666667
SITE0744,Wood,Leptochiton consimilis,Solomon Islands,-7.82166666666667,157.6866666666667
SITE0744,Wood,Leptochiton saitoi,Solomon Islands,-7.82166666666667,157.6866666666667
SITE0744,Wood,Leptochiton vaubani,Solomon Islands,-7.82166666666667,157.6866666666667
SITE0744,Wood,Leptochiton vietnamensis,Solomon Islands,-7.82166666666667,157.6866666666667
SITE0745,Wood,Leptochiton vanbellei,Solomon Islands,-7.93833333333333,157.5766666666667
SITE0746,Wood,Leptochiton deforgesi,Solomon Islands,-7.97166666666667,157.5733333333333
SITE0746,Wood,Leptochiton vaubani,Solomon Islands,-7.97166666666667,157.5733333333333
SITE0747,Wood,Leptochiton habei,Solomon Islands,-7.96833333333333,157.565
SITE0747,Wood,Leptochiton longisetosus,Solomon Islands,-7.96833333333333,157.565
SITE0748,Wood,Leptochiton longisetosus,Solomon Islands,-6.65,156.2383333333333
SITE0748,Wood,Nierstraszella andamanica,Solomon Islands,-6.65,156.2383333333333
SITE0748,Wood,Nierstraszella lineata,Solomon Islands,-6.65,156.2383333333333
SITE0749,Wood,Leptochiton schwabei,Solomon Islands,-6.62,156.2116666666667
SITE0749,Wood,Nierstraszella andamanica,Solomon Islands,-6.62,156.2116666666667
SITE0749,Wood,Nierstraszella lineata,Solomon Islands,-6.62,156.2116666666667
SITE0750,Wood,Leptochiton vaubani,Solomon Islands,-6.57833333333333,156.175
SITE0750,Wood,Nierstraszella andamanica,Solomon Islands,-6.57833333333333,156.175
SITE0750,Wood,Nierstraszella lineata,Solomon Islands,-6.57833333333333,156.175
SITE0751,Wood,Leptochiton longisetosus,Solomon Islands,-6.92166666666667,156.3533333333333
SITE0751,Wood,Leptochiton saitoi,Solomon Islands,-6.92166666666667,156.3533333333333
SITE0751,Wood,Leptochiton vanbellei,Solomon Islands,-6.92166666666667,156.3533333333333
SITE0752,Wood,Leptochiton juvenis,Solomon Islands,-7.715,156.455
SITE0752,Wood,Leptochiton schwabei,Solomon Islands,-7.715,156.455
SITE0752,Wood,Nierstraszella andamanica,Solomon Islands,-7.715,156.455
SITE0752,Wood,Nierstraszella lineata,Solomon Islands,-7.715,156.455
SITE0753,Wood,Nierstraszella lineata,Solomon Islands,-7.75,156.445
SITE0754,Wood,Nierstraszella andamanica,Solomon Islands,-7.71833333333333,156.4333333333333
SITE0754,Wood,Nierstraszella lineata,Solomon Islands,-7.71833333333333,156.4333333333333
SITE0755,Wood,Leptochiton vietnamensis,Solomon Islands,-7.71,156.41
SITE0756,Wood,Ferreiraella xylophaga karenae,Solomon Islands,-7.74833333333333,156.4116666666667
SITE0756,Wood,Leptochiton,Solomon Islands,-7.74833333333333,156.4116666666667
SITE0756,Wood,Leptochiton vietnamensis,Solomon Islands,-7.74833333333333,156.4116666666667
SITE0757,Wood,Leptochiton longisetosus,Solomon Islands,-7.70833333333333,156.4133333333333
SITE0758,Wood,Leptochiton longisetosus,Solomon Islands,-7.47333333333333,156.2916666666667
SITE0759,Wood,Leptochiton consimilis,Solomon Islands,-7.44166666666667,156.25
SITE0759,Wood,Leptochiton vietnamensis,Solomon Islands,-7.44166666666667,156.25
SITE0760,Wood,Leptochiton longisetosus,Solomon Islands,-7.94,156.8533333333333
SITE0760,Wood,Leptochiton samadiae,Solomon Islands,-7.94,156.8533333333333
SITE0760,Wood,Nierstraszella andamanica,Solomon Islands,-7.94,156.8533333333333
SITE0760,Wood,Nierstraszella lineata,Solomon Islands,-7.94,156.8533333333333
SITE0761,Wood,Leptochiton,Solomon Islands,-7.91333333333333,156.855
SITE0761,Wood,Leptochiton samadiae,Solomon Islands,-7.91333333333333,156.855
SITE0761,Wood,Nierstraszella andamanica,Solomon Islands,-7.91333333333333,156.855
SITE0761,Wood,Nierstraszella lineata,Solomon Islands,-7.91333333333333,156.855
SITE0762,Wood,Leptochiton thandari,Solomon Islands,-7.87333333333333,156.85
SITE0762,Wood,Nierstraszella andamanica,Solomon Islands,-7.87333333333333,156.85
SITE0762,Wood,Nierstraszella lineata,Solomon Islands,-7.87333333333333,156.85
SITE0763,Wood,Nierstraszella andamanica,Solomon Islands,-7.8,156.8666666666667
SITE0763,Wood,Nierstraszella lineata,Solomon Islands,-7.8,156.8666666666667
SITE0764,Wood,Leptochiton vanbellei,Solomon Islands,-7.81166666666667,156.8883333333333
SITE0764,Wood,Leptochiton vietnamensis,Solomon Islands,-7.81166666666667,156.8883333333333
SITE0764,Wood,Nierstraszella lineata,Solomon Islands,-7.81166666666667,156.8883333333333
SITE0765,Wood,Leptochiton vietnamensis,Solomon Islands,-7.63166666666667,156.98
SITE0766,Wood,Nierstraszella andamanica,Solomon Islands,-8.93666666666667,157.735
SITE0767,Wood,Leptochiton schwabei,Solomon Islands,-8.53,157.7133333333333
SITE0767,Wood,Nierstraszella lineata,Solomon Islands,-8.53,157.7133333333333
SITE0768,Wood,Leptochiton vietnamensis,Solomon Islands,-8.69166666666667,157.6366666666667
SITE0769,Wood,Leptochiton longisetosus,Solomon Islands,-8.64,157.3583333333333
SITE0769,Wood,Leptochiton samadiae,Solomon Islands,-8.64,157.3583333333333
SITE0770,Wood,Leptochiton longisetosus,Solomon Islands,-8.65833333333333,157.3833333333333
SITE0770,Wood,Leptochiton samadiae,Solomon Islands,-8.65833333333333,157.3833333333333
SITE0771,Wood,Nierstraszella andamanica,Solomon Islands,-8.605,157.4416666666667
SITE0771,Wood,Nierstraszella lineata,Solomon Islands,-8.605,157.4416666666667
SITE0772,Wood,Nierstraszella andamanica,Solomon Islands,-8.65333333333333,157.4433333333333
SITE0773,Wood,Nierstraszella andamanica,Solomon Islands,-8.955,159.0833333333333
SITE0774,Wood,Leptochiton,Solomon Islands,-8.69333333333333,159.6733333333333
SITE0774,Wood,Leptochiton vanbellei,Solomon Islands,-8.69333333333333,159.6733333333333
SITE0775,Wood,Leptochiton,Solomon Islands,-8.125,156.9966666666667
SITE0775,Wood,Leptochiton vaubani,Solomon Islands,-8.125,156.9966666666667
SITE0776,Wood,Stenosemus,Solomon Islands,-7.91333333333333,156.8766666666667
SITE0777,Wood,Nierstraszella andamanica,Solomon Islands,-8.63666666666667,157.3583333333333
SITE0777,Wood,Nierstraszella lineata,Solomon Islands,-8.63666666666667,157.3583333333333
SITE0778,Wood,Calagrassor aldermenensis,Solomon Islands,-7.65,157.716666666666
SITE0778,Wood,Eosipho smithi,Solomon Islands,-7.65,157.716666666666
SITE0779,Wood,Calagrassor aldermenensis,Philippines,15.45,121.6
SITE0780,Wood,Calagrassor aldermenensis,Philippines,15.0166666666666,121.75
SITE0781,Wood,Calagrassor aldermenensis,Philippines,16.0166666666666,121.85
SITE0782,Wood,Calagrassor aldermenensis,Philippines,15.35,121.566666666666
SITE0782,Wood,Manaria clandestina,Philippines,15.35,121.566666666666
SITE0783,Wood,Calagrassor aldermenensis,Philippines,8.81666666666666,123.033333333333
SITE0784,Wood,Eosipho smithi,Philippines,9.35,124.15
SITE0785,Wood,Eosipho smithi,Solomon Islands,-8.28333333333333,160.15
SITE0786,Wood,Eosipho smithi,VANUATU,-15.5333333333333,167.366666666666
SITE0787,Wood,Eosipho smithi,VANUATU,-15.0166666666666,166.866666666666
SITE0787,Wood,Nivanteredo coronata,VANUATU,-15.0166666666666,166.866666666666
SITE0788,Wood,Eosipho,Solomon Islands,-8.4,159.366666666666
SITE0789,Wood,Gaillea coriolis,Philippines,14.8333333333333,123.583333333333
SITE0790,Wood,Manaria brevicaudata,Philippines,15.0333333333333,123.183333333333
SITE0791,Wood,Manaria brevicaudata,Solomon Islands,-7.96666666666666,157.566666666666
SITE0792,Wood,Manaria brevicaudata,Solomon Islands,-7.73333333333333,157.7
SITE0793,Wood,Manaria brevicaudata,Solomon Islands,-8.81666666666666,159.716666666666
SITE0794,Wood,Manaria clandestina,Philippines,9.46666666666666,123.633333333333
SITE0795,Wood,Manaria clandestina,Philippines,9.6,123.7
SITE0796,Wood,Manaria clandestina,Philippines,15.3333333333333,121.616666666666
SITE0797,Wood,Manaria kuroharai,Solomon Islands,-6.61666666666666,156.216666666666
SITE0798,Wood,Manaria,Solomon Islands,-8.6,157.433333333333
SITE0799,Wood,Manaria,Solomon Islands,-8.43333333333333,159.433333333333
SITE0800,Wood,Conasprella eugrammata f. Nereis,Philippines,9.53333333333333,123.7
SITE0801,Wood,Metula,Philippines,9.5,123.866666666666
SITE0802,Wood,Pectinodonta,Vanuatu,-16.6233333333333,167.996666666666
SITE0803,Wood,Nivanteredo coronata,Papua New Guinea,-2.4,150.566666666666
SITE0804,Wood,Nivanteredo coronata,Solomon Islands,-7.56666666666666,157.7
SITE0805,Wood,Nivanteredo coronata,Solomon Islands,-7.71666666666666,156.45
SITE0806,Wood,Nivanteredo coronata,VANUATU,-15.7166666666666,167.05
SITE0809,Wood,Idas iwaotakii,Philippines,8.85,122.981666666666
SITE0811,Wood,Idas iwaotakii,Papua New Guinea,-6.93083333333333,147.137
SITE0812,Wood,Idas iwaotakii,Papua New Guinea,-6.78299999999999,147.208833333333
SITE0813,Wood,Idas iwaotakii,Papua New Guinea,-2.23333333333333,150.251666666666
SITE0814,Wood,Idas iwaotakii,Papua New Guinea,-5.07066666666666,152.0035
SITE0815,Wood,Idas iwaotakii,Papua New Guinea,-5.06816666666666,152.046333333333
SITE0816,Wood,Idas iwaotakii,Solomon Islands,-6.62666666666666,156.219166666666
SITE0817,Wood,Idas iwaotakii,Solomon Islands,-6.63783333333333,156.22
SITE0818,Wood,Idas iwaotakii,Solomon Islands,-7.74166666666666,156.465
SITE0819,Wood,Idas iwaotakii,Solomon Islands,-7.71383333333333,156.4075
SITE0820,Wood,Idas iwaotakii,Solomon Islands,-7.7535,156.426833333333
SITE0821,Wood,Idas iwaotakii,Solomon Islands,-7.95833333333333,156.855833333333
SITE0822,Wood,Idas iwaotakii,Solomon Islands,-7.90583333333333,156.847666666666
SITE0823,Wood,Idas iwaotakii,Vanuatu,-15.0513333333333,166.935
SITE0826,Wood,Idas iwaotakii,Vanuatu,-16.458,167.913
SITE0827,Wood,Idas iwaotakii,Vanuatu,-16.0445,167.505833333333
SITE0828,Wood,Idas iwaotakii,Vanuatu,-16.6246666666666,167.958833333333
SITE0829,Wood,Idas iwaotakii,Vanuatu,-16.4603333333333,167.894333333333
SITE0830,Wood,Coccopigya,Vanuatu,-16.62333,167.996666666666
SITE0830,Wood,Idas,Vanuatu,-16.62333,167.996666666666
SITE0830,Wood,Lyrodus pedicellatus,Vanuatu,-16.62333,167.996666666666
SITE0830,Wood,Pectinodonta,Vanuatu,-16.62333,167.996666666666
SITE0830,Wood,Teredothyra matocotana,Vanuatu,-16.62333,167.996666666666
SITE0830,Wood,Xylophaga cf.gerda,Vanuatu,-16.62333,167.996666666666
SITE0830,Wood,Xylophaga teramachii,Vanuatu,-16.62333,167.996666666666
SITE0831,Wood,Adipicola,Vanuatu,-15.6963333333333,167.063833333333
SITE0831,Wood,Idas,Vanuatu,-15.6963333333333,167.063833333333
SITE0832,Wood,Capitella,"Blanes canyon, Catalonia",41.5702,2.83865
SITE0832,Wood,Neoamphitrite,"Blanes canyon, Catalonia",41.5702,2.83865
SITE0832,Wood,Ophryotrocha,"Blanes canyon, Catalonia",41.5702,2.83865
SITE0832,Wood,Spiophanes,"Blanes canyon, Catalonia",41.5702,2.83865
SITE0832,Wood,Xylophaga atlantica,"Blanes canyon, Catalonia",41.5702,2.83865
SITE0832,Wood,Xylophaga brava,"Blanes canyon, Catalonia",41.5702,2.83865
SITE0832,Wood,Xylophaga dorsalis,"Blanes canyon, Catalonia",41.5702,2.83865
SITE0833,Wood,Xylophaga dorsalis,"Blanes canyon, Catalonia",41.5208333333333,2.84722222222222
SITE0834,Wood,Capitella,"Blanes canyon, Catalonia",41.5208499999999,2.84701666666666
SITE0834,Wood,Idas,"Blanes canyon, Catalonia",41.5208499999999,2.84701666666666
SITE0834,Wood,Neoamphitrite,"Blanes canyon, Catalonia",41.5208499999999,2.84701666666666
SITE0834,Wood,Ophryotrocha,"Blanes canyon, Catalonia",41.5208499999999,2.84701666666666
SITE0834,Wood,Prionospio,"Blanes canyon, Catalonia",41.5208499999999,2.84701666666666
SITE0834,Wood,Seba aloe,"Blanes canyon, Catalonia",41.5208499999999,2.84701666666666
SITE0834,Wood,Spiophanes,"Blanes canyon, Catalonia",41.5208499999999,2.84701666666666
SITE0834,Wood,Xylophaga atlantica,"Blanes canyon, Catalonia",41.5208499999999,2.84701666666666
SITE0834,Wood,Xylophaga brava,"Blanes canyon, Catalonia",41.5208499999999,2.84701666666666
SITE0834,Wood,Xylophaga dorsalis,"Blanes canyon, Catalonia",41.5208499999999,2.84701666666666
SITE0835,Wood,Xylophaga atlantica,"Blanes canyon, Catalonia",41.458,2.88277777777777
SITE0835,Wood,Xylophaga brava,"Blanes canyon, Catalonia",41.458,2.88277777777777
SITE0835,Wood,Xylophaga dorsalis,"Blanes canyon, Catalonia",41.458,2.88277777777777
SITE0836,Wood,Xylophaga dorsalis,"Blanes canyon, Catalonia",41.2192222222222,2.81527777777777
SITE0837,Wood,Xylophaga atlantica,"Blanes canyon, Catalonia",41.2191638888888,2.81512777777777
SITE0837,Wood,Xylophaga dorsalis,"Blanes canyon, Catalonia",41.2191638888888,2.81512777777777
SITE0838,Wood,Xylophaga atlantica,"Blanes canyon, Catalonia",41.1501638888888,2.89666666666666
SITE0838,Wood,Xylophaga brava,"Blanes canyon, Catalonia",41.1501638888888,2.89666666666666
SITE0838,Wood,Xylophaga dorsalis,"Blanes canyon, Catalonia",41.1501638888888,2.89666666666666
SITE0839,Wood,Xylophaga atlantica,"Blanes canyon, Catalonia",41.0811638888888,2.96916666666666
SITE0839,Wood,Xylophaga brava,"Blanes canyon, Catalonia",41.0811638888888,2.96916666666666
SITE0839,Wood,Xylophaga dorsalis,"Blanes canyon, Catalonia",41.0811638888888,2.96916666666666
SITE0840,Wood,Xylophaga dorsalis,"La Fonera canyon, Catalonia",41.8909027777777,3.24588888888888
SITE0842,Wood,Xylophaga atlantica,"Avilés canyon, Spain",43.9685833333333,-6.51413888888888
SITE0842,Wood,Xylophaga cf. Anselli,"Avilés canyon, Spain",43.9685833333333,-6.51413888888888
SITE0842,Wood,Xylophaga dorsalis,"Avilés canyon, Spain",43.9685833333333,-6.51413888888888
SITE0843,Wood,Idas argenteus,Rainbow vent field,36.229,-33.9008333333333
SITE0844,Wood,Idas argenteus,"Lacaze-Duthiers canyon, France",42.5453333333333,3.42116666666666
SITE0845,Wood,Xylophaga,"Lacaze-Duthiers canyon, France",42.5453833333333,3.42108333333333
SITE0846,Wood,Xylophaga,"Lacaze-Duthiers canyon, France",42.5452833333333,3.42176666666666
SITE0847,Wood,Coeloteredo,"off Miyako Island, Japan",24.9531666666666,125.954833333333
SITE0847,Wood,Xyloredo teramachii,"off Miyako Island, Japan",24.9531666666666,125.954833333333
SITE0848,Wood,Xyloredo teramachii,"off Miyako Island, Japan",24.75,125.749833333333
SITE0849,Wood,Xyloredo teramachii,"off Miyako Island, Japan",24.5835,125.7585
SITE0850,Wood,Decemunciger,off Oregon,43.9036666666666,-125.170633333333
SITE0852,Wood,Alvania cf. zylensis,Mercator mud volcano,35.2986,-6.64515
SITE0852,Wood,Amage,Mercator mud volcano,35.2986,-6.64515
SITE0852,Wood,Apseudes setiferus,Mercator mud volcano,35.2986,-6.64515
SITE0852,Wood,Aricidea suecica meridionalis,Mercator mud volcano,35.2986,-6.64515
SITE0852,Wood,Campanulina panicula,Mercator mud volcano,35.2986,-6.64515
SITE0852,Wood,Clytia,Mercator mud volcano,35.2986,-6.64515
SITE0852,Wood,Clytia linearis,Mercator mud volcano,35.2986,-6.64515
SITE0852,Wood,Coccopigya,Mercator mud volcano,35.2986,-6.64515
SITE0852,Wood,Copulabyssia,Mercator mud volcano,35.2986,-6.64515
SITE0852,Wood,Cryptolaria pectinata,Mercator mud volcano,35.2986,-6.64515
SITE0852,Wood,Dulichiopsis nordlandica,Mercator mud volcano,35.2986,-6.64515
SITE0852,Wood,Dysponetus caecus,Mercator mud volcano,35.2986,-6.64515
SITE0852,Wood,Ennucula bushae,Mercator mud volcano,35.2986,-6.64515
SITE0852,Wood,Ensayara cf. carpinei,Mercator mud volcano,35.2986,-6.64515
SITE0852,Wood,Eunereis longissima,Mercator mud volcano,35.2986,-6.64515
SITE0852,Wood,Eusirus longipes,Mercator mud volcano,35.2986,-6.64515
SITE0852,Wood,Filellum serratum,Mercator mud volcano,35.2986,-6.64515
SITE0852,Wood,Gnathia,Mercator mud volcano,35.2986,-6.64515
SITE0852,Wood,Halecium cf. Tenellum,Mercator mud volcano,35.2986,-6.64515
SITE0852,Wood,Harmothoe evei,Mercator mud volcano,35.2986,-6.64515
SITE0852,Wood,Harpinia,Mercator mud volcano,35.2986,-6.64515
SITE0852,Wood,Idas modiolaeformis,Mercator mud volcano,35.2986,-6.64515
SITE0852,Wood,Kelliella,Mercator mud volcano,35.2986,-6.64515
SITE0852,Wood,Leocrates atlanticus,Mercator mud volcano,35.2986,-6.64515
SITE0852,Wood,Leptamphopus,Mercator mud volcano,35.2986,-6.64515
SITE0852,Wood,Melinnopsis,Mercator mud volcano,35.2986,-6.64515
SITE0852,Wood,Monodaeus couchii,Mercator mud volcano,35.2986,-6.64515
SITE0852,Wood,Munna,Mercator mud volcano,35.2986,-6.64515
SITE0852,Wood,Nebalia,Mercator mud volcano,35.2986,-6.64515
SITE0852,Wood,Neoamphitrite affinis,Mercator mud volcano,35.2986,-6.64515
SITE0852,Wood,Nereimyra,Mercator mud volcano,35.2986,-6.64515
SITE0852,Wood,Ophryotrocha,Mercator mud volcano,35.2986,-6.64515
SITE0852,Wood,Ophryotrocha cantabrica,Mercator mud volcano,35.2986,-6.64515
SITE0852,Wood,Ophryotrocha cf. lipscombae,Mercator mud volcano,35.2986,-6.64515
SITE0852,Wood,Ophryotrocha chemecoli,Mercator mud volcano,35.2986,-6.64515
SITE0852,Wood,Ophryotrocha hartmanni,Mercator mud volcano,35.2986,-6.64515
SITE0852,Wood,Ophryotrocha mammillata,Mercator mud volcano,35.2986,-6.64515
SITE0852,Wood,Ophryotrocha nunezi,Mercator mud volcano,35.2986,-6.64515
SITE0852,Wood,Ophryotrocha scutellus,Mercator mud volcano,35.2986,-6.64515
SITE0852,Wood,Orchomene grimaldii,Mercator mud volcano,35.2986,-6.64515
SITE0852,Wood,Pareurythoe cf. Borealis,Mercator mud volcano,35.2986,-6.64515
SITE0852,Wood,Parougia ougi,Mercator mud volcano,35.2986,-6.64515
SITE0852,Wood,Polycirrus norvegicus,Mercator mud volcano,35.2986,-6.64515
SITE0852,Wood,Prionospio,Mercator mud volcano,35.2986,-6.64515
SITE0852,Wood,Prionospio cf. aluta,Mercator mud volcano,35.2986,-6.64515
SITE0852,Wood,Pseudosetia,Mercator mud volcano,35.2986,-6.64515
SITE0852,Wood,Raricirrus beryli,Mercator mud volcano,35.2986,-6.64515
SITE0852,Wood,Subadyte pellucida,Mercator mud volcano,35.2986,-6.64515
SITE0852,Wood,Tryphosella simillima,Mercator mud volcano,35.2986,-6.64515
SITE0852,Wood,Xylodiscula,Mercator mud volcano,35.2986,-6.64515
SITE0852,Wood,Xylophaga dorsalis,Mercator mud volcano,35.2986,-6.64515
SITE0852,Wood,Zygophylax biarmata,Mercator mud volcano,35.2986,-6.64515
SITE0852,Wood,cf. Amphiduros,Mercator mud volcano,35.2986,-6.64515
SITE0854,Wood,Idas modiolaeformis,Darwin mud volcano,35.39205,-7.19188333333333
SITE0854,Wood,Ophryotrocha chemecoli,Darwin mud volcano,35.39205,-7.19188333333333
SITE0854,Wood,Ophryotrocha geoffreadi,Darwin mud volcano,35.39205,-7.19188333333333
SITE0854,Wood,Ophryotrocha hartmanni,Darwin mud volcano,35.39205,-7.19188333333333
SITE0854,Wood,Ophryotrocha mammillata,Darwin mud volcano,35.39205,-7.19188333333333
SITE0854,Wood,Ophryotrocha scutellus,Darwin mud volcano,35.39205,-7.19188333333333
SITE0855,Wood,Ophryotrocha cantabrica,Estremadura spur,39.28825,-10.0174166666666
SITE0855,Wood,Ophryotrocha cf. lipscombae,Estremadura spur,39.28825,-10.0174166666666
SITE0855,Wood,Ophryotrocha chemecoli,Estremadura spur,39.28825,-10.0174166666666
SITE0856,Wood,Ophryotrocha batillus,Santa Cruz Basin,33.5,-119.366666666666
SITE0856,Wood,Ophryotrocha langstrumpae,Santa Cruz Basin,33.5,-119.366666666666
SITE0856,Wood,Ophryotrocha magnadentata,Santa Cruz Basin,33.5,-119.366666666666
SITE0861,Wood,Idas modiolaeformis,Gorringe Bank,36.6426166666666,-11.6031166666666
SITE0862,Wood,Dictyabyssia fosteri,East Pacific Rise,11.85,-103.833333333333
SITE0862,Wood,Punctabyssia tibbettsi,East Pacific Rise,11.85,-103.833333333333
SITE0863,Wood,Caymanabyssia vandoverae,Gorda Ridge,41.0066666666666,-127.488333333333
SITE0864,Wood,Ferreiraella soyomaruae,Taiwan,21.535,120.801666666666
SITE0864,Wood,Ferreiraella xylophaga karenae,Taiwan,21.535,120.801666666666
SITE0864,Wood,Leptochiton,Taiwan,21.535,120.801666666666
SITE0864,Wood,Leptochiton habei,Taiwan,21.535,120.801666666666
SITE0864,Wood,Leptochiton longisetosus,Taiwan,21.535,120.801666666666
SITE0864,Wood,Leptochiton torishimensis,Taiwan,21.535,120.801666666666
SITE0865,Wood,Leptochiton habei,Taiwan,24.585,122.096666666666
SITE0865,Wood,Leptochiton wui,Taiwan,24.585,122.096666666666
SITE0866,Wood,Leptochiton habei,Taiwan,24.93,122.095
SITE0867,Wood,Ferreiraella soyomaruae,Taiwan,24.2616666666666,122.193333333333
SITE0867,Wood,Leptochiton consimilis,Taiwan,24.2616666666666,122.193333333333
SITE0869,Wood,Glycera noelae,"Nile fan, off Egypt",32.5347222222222,30.3563888888888
SITE0870,Wood,Amage,Mèknes and Darwin mud volcano,34.98485,-7.07373333333333
SITE0870,Wood,Austrofilius cf. mediterraneus,Mèknes and Darwin mud volcano,34.98485,-7.07373333333333
SITE0870,Wood,Bathyxylophila,Mèknes and Darwin mud volcano,34.98485,-7.07373333333333
SITE0870,Wood,Chelator,Mèknes and Darwin mud volcano,34.98485,-7.07373333333333
SITE0870,Wood,Coccopigya,Mèknes and Darwin mud volcano,34.98485,-7.07373333333333
SITE0870,Wood,Copulabyssia,Mèknes and Darwin mud volcano,34.98485,-7.07373333333333
SITE0870,Wood,Glycera tesselata,Mèknes and Darwin mud volcano,34.98485,-7.07373333333333
SITE0870,Wood,Graphis gracilis,Mèknes and Darwin mud volcano,34.98485,-7.07373333333333
SITE0870,Wood,Harmothoe evei,Mèknes and Darwin mud volcano,34.98485,-7.07373333333333
SITE0870,Wood,Idas modiolaeformis,Mèknes and Darwin mud volcano,34.98485,-7.07373333333333
SITE0870,Wood,Janira maculosa,Mèknes and Darwin mud volcano,34.98485,-7.07373333333333
SITE0870,Wood,Leocrates atlanticus,Mèknes and Darwin mud volcano,34.98485,-7.07373333333333
SITE0870,Wood,Leptamphopus,Mèknes and Darwin mud volcano,34.98485,-7.07373333333333
SITE0870,Wood,Linopherus cf. Hemuli,Mèknes and Darwin mud volcano,34.98485,-7.07373333333333
SITE0870,Wood,Lissospira,Mèknes and Darwin mud volcano,34.98485,-7.07373333333333
SITE0870,Wood,Lumbrineriopsis paradoxa,Mèknes and Darwin mud volcano,34.98485,-7.07373333333333
SITE0870,Wood,Melinnopsis,Mèknes and Darwin mud volcano,34.98485,-7.07373333333333
SITE0870,Wood,Mesotanais pinguiculus,Mèknes and Darwin mud volcano,34.98485,-7.07373333333333
SITE0870,Wood,Nebalia,Mèknes and Darwin mud volcano,34.98485,-7.07373333333333
SITE0870,Wood,Nereimyra,Mèknes and Darwin mud volcano,34.98485,-7.07373333333333
SITE0870,Wood,Ophryotrocha,Mèknes and Darwin mud volcano,34.98485,-7.07373333333333
SITE0870,Wood,Ophryotrocha cantabrica,Mèknes and Darwin mud volcano,34.98485,-7.07373333333333
SITE0870,Wood,Ophryotrocha chemecoli,Mèknes and Darwin mud volcano,34.98485,-7.07373333333333
SITE0870,Wood,Ophryotrocha geoffreadi,Mèknes and Darwin mud volcano,34.98485,-7.07373333333333
SITE0870,Wood,Ophryotrocha mammillata,Mèknes and Darwin mud volcano,34.98485,-7.07373333333333
SITE0870,Wood,Ophryotrocha scutellus,Mèknes and Darwin mud volcano,34.98485,-7.07373333333333
SITE0870,Wood,Orchomene grimaldii,Mèknes and Darwin mud volcano,34.98485,-7.07373333333333
SITE0870,Wood,Pareurythoe cf. Borealis,Mèknes and Darwin mud volcano,34.98485,-7.07373333333333
SITE0870,Wood,Phyllodoce madeirensis,Mèknes and Darwin mud volcano,34.98485,-7.07373333333333
SITE0870,Wood,Prionospio,Mèknes and Darwin mud volcano,34.98485,-7.07373333333333
SITE0870,Wood,Prionospio cf. aluta,Mèknes and Darwin mud volcano,34.98485,-7.07373333333333
SITE0870,Wood,Prochelator,Mèknes and Darwin mud volcano,34.98485,-7.07373333333333
SITE0870,Wood,Protodrilus,Mèknes and Darwin mud volcano,34.98485,-7.07373333333333
SITE0870,Wood,Raricirrus beryli,Mèknes and Darwin mud volcano,34.98485,-7.07373333333333
SITE0870,Wood,Seba aloe,Mèknes and Darwin mud volcano,34.98485,-7.07373333333333
SITE0870,Wood,Siboglinum,Mèknes and Darwin mud volcano,34.98485,-7.07373333333333
SITE0870,Wood,Subadyte pellucida,Mèknes and Darwin mud volcano,34.98485,-7.07373333333333
SITE0870,Wood,Xylodiscula,Mèknes and Darwin mud volcano,34.98485,-7.07373333333333
SITE0870,Wood,Xylophaga dorsalis,Mèknes and Darwin mud volcano,34.98485,-7.07373333333333
SITE0870,Wood,Xyloredo,Mèknes and Darwin mud volcano,34.98485,-7.07373333333333
SITE0870,Wood,Yoldiella,Mèknes and Darwin mud volcano,34.98485,-7.07373333333333
SITE0870,Wood,cf. Amphiduros,Mèknes and Darwin mud volcano,34.98485,-7.07373333333333
SITE0870,Wood,cf. Leptogyra,Mèknes and Darwin mud volcano,34.98485,-7.07373333333333
SITE0870,Wood,cf. Obtusella,Mèknes and Darwin mud volcano,34.98485,-7.07373333333333
SITE0871,Whale,Alvinocaris muricola,"Rio de Janeiro, Brazil",-25.3383333333333,-39.6411666666666
SITE0871,Whale,Ampithoidae sp.1,"Rio de Janeiro, Brazil",-25.3383333333333,-39.6411666666666
SITE0871,Whale,Ampithoidae sp.3,"Rio de Janeiro, Brazil",-25.3383333333333,-39.6411666666666
SITE0871,Whale,Anthuroidea sp. 1,"Rio de Janeiro, Brazil",-25.3383333333333,-39.6411666666666
SITE0871,Whale,Asellota sp.1,"Rio de Janeiro, Brazil",-25.3383333333333,-39.6411666666666
SITE0871,Whale,Asellota sp.3,"Rio de Janeiro, Brazil",-25.3383333333333,-39.6411666666666
SITE0871,Whale,Capitella spp,"Rio de Janeiro, Brazil",-25.3383333333333,-39.6411666666666
SITE0871,Whale,Cordesia atlantica,"Rio de Janeiro, Brazil",-25.3383333333333,-39.6411666666666
SITE0871,Whale,Cryptoniscidae sp.,"Rio de Janeiro, Brazil",-25.3383333333333,-39.6411666666666
SITE0871,Whale,Dexaminidae sp.2,"Rio de Janeiro, Brazil",-25.3383333333333,-39.6411666666666
SITE0871,Whale,Echinoidea sp.,"Rio de Janeiro, Brazil",-25.3383333333333,-39.6411666666666
SITE0871,Whale,Hyalogyrina rissoella,"Rio de Janeiro, Brazil",-25.3383333333333,-39.6411666666666
SITE0871,Whale,Lower Heterobranchia sp.1,"Rio de Janeiro, Brazil",-25.3383333333333,-39.6411666666666
SITE0871,Whale,Lower Heterobranchia sp.2,"Rio de Janeiro, Brazil",-25.3383333333333,-39.6411666666666
SITE0871,Whale,Lusitanops cingulatus,"Rio de Janeiro, Brazil",-25.3383333333333,-39.6411666666666
SITE0871,Whale,Munidopsis sp.1,"Rio de Janeiro, Brazil",-25.3383333333333,-39.6411666666666
SITE0871,Whale,Munidopsis sp.2,"Rio de Janeiro, Brazil",-25.3383333333333,-39.6411666666666
SITE0871,Whale,Munidopsis sp.3,"Rio de Janeiro, Brazil",-25.3383333333333,-39.6411666666666
SITE0871,Whale,Ophiuroidea sp.,"Rio de Janeiro, Brazil",-25.3383333333333,-39.6411666666666
SITE0871,Whale,Ophryotrocha sp.1 Biosuor,"Rio de Janeiro, Brazil",-25.3383333333333,-39.6411666666666
SITE0871,Whale,Ophryotrocha sp.2 Biosuor,"Rio de Janeiro, Brazil",-25.3383333333333,-39.6411666666666
SITE0871,Whale,Osedax spp.,"Rio de Janeiro, Brazil",-25.3383333333333,-39.6411666666666
SITE0871,Whale,Paramytha sp. 1,"Rio de Janeiro, Brazil",-25.3383333333333,-39.6411666666666
SITE0871,Whale,Pleijelius sp. 1,"Rio de Janeiro, Brazil",-25.3383333333333,-39.6411666666666
SITE0871,Whale,Raphitomidae sp.2,"Rio de Janeiro, Brazil",-25.3383333333333,-39.6411666666666
SITE0871,Whale,Rubyspira brasiliensis,"Rio de Janeiro, Brazil",-25.3383333333333,-39.6411666666666
SITE0871,Whale,Rubyspira pescaprae,"Rio de Janeiro, Brazil",-25.3383333333333,-39.6411666666666
SITE0871,Whale,Sebidae sp.,"Rio de Janeiro, Brazil",-25.3383333333333,-39.6411666666666
SITE0871,Whale,Sirsoe alphadelphini,"Rio de Janeiro, Brazil",-25.3383333333333,-39.6411666666666
SITE0871,Whale,Sirsoe balaenophila,"Rio de Janeiro, Brazil",-25.3383333333333,-39.6411666666666
SITE0871,Whale,Sirsoe besnard,"Rio de Janeiro, Brazil",-25.3383333333333,-39.6411666666666
SITE0871,Whale,Sirsoe yokosuka,"Rio de Janeiro, Brazil",-25.3383333333333,-39.6411666666666
SITE0871,Whale,Sirsoe ypupiara,"Rio de Janeiro, Brazil",-25.3383333333333,-39.6411666666666
SITE0871,Wood,Abyssochrysos sp.,"Rio de Janeiro, Brazil",-25.3383333333333,-39.6411666666666
SITE0871,Wood,Alvinocaris muricola,"Rio de Janeiro, Brazil",-25.3383333333333,-39.6411666666666
SITE0871,Wood,Ampithoidae sp.1,"Rio de Janeiro, Brazil",-25.3383333333333,-39.6411666666666
SITE0871,Wood,Ampithoidae sp.2,"Rio de Janeiro, Brazil",-25.3383333333333,-39.6411666666666
SITE0871,Wood,Aoridae sp.,"Rio de Janeiro, Brazil",-25.3383333333333,-39.6411666666666
SITE0871,Wood,Asellota sp.1,"Rio de Janeiro, Brazil",-25.3383333333333,-39.6411666666666
SITE0871,Wood,Asellota sp.3,"Rio de Janeiro, Brazil",-25.3383333333333,-39.6411666666666
SITE0871,Wood,Capitella,"Rio de Janeiro, Brazil",-25.3383333333333,-39.6411666666666
SITE0871,Wood,Capitella spp,"Rio de Janeiro, Brazil",-25.3383333333333,-39.6411666666666
SITE0871,Wood,Columbellidae sp.,"Rio de Janeiro, Brazil",-25.3383333333333,-39.6411666666666
SITE0871,Wood,Cordesia atlantica,"Rio de Janeiro, Brazil",-25.3383333333333,-39.6411666666666
SITE0871,Wood,Cumacea sp.2,"Rio de Janeiro, Brazil",-25.3383333333333,-39.6411666666666
SITE0871,Wood,Dexaminidae sp.2,"Rio de Janeiro, Brazil",-25.3383333333333,-39.6411666666666
SITE0871,Wood,Dexaminidae sp.3,"Rio de Janeiro, Brazil",-25.3383333333333,-39.6411666666666
SITE0871,Wood,Dexaminidae sp.4,"Rio de Janeiro, Brazil",-25.3383333333333,-39.6411666666666
SITE0871,Wood,Echinoidea sp.,"Rio de Janeiro, Brazil",-25.3383333333333,-39.6411666666666
SITE0871,Wood,Hyalogyrina rissoella,"Rio de Janeiro, Brazil",-25.3383333333333,-39.6411666666666
SITE0871,Wood,Hyperiidae sp.2,"Rio de Janeiro, Brazil",-25.3383333333333,-39.6411666666666
SITE0871,Wood,Isopoda sp.,"Rio de Janeiro, Brazil",-25.3383333333333,-39.6411666666666
SITE0871,Wood,Janiridae spp.,"Rio de Janeiro, Brazil",-25.3383333333333,-39.6411666666666
SITE0871,Wood,Lower Heterobranchia sp.1,"Rio de Janeiro, Brazil",-25.3383333333333,-39.6411666666666
SITE0871,Wood,Lusitanops cingulatus,"Rio de Janeiro, Brazil",-25.3383333333333,-39.6411666666666
SITE0871,Wood,Lysianassidae sp.2,"Rio de Janeiro, Brazil",-25.3383333333333,-39.6411666666666
SITE0871,Wood,Melitidae sp.,"Rio de Janeiro, Brazil",-25.3383333333333,-39.6411666666666
SITE0871,Wood,Munidopsis sp.1,"Rio de Janeiro, Brazil",-25.3383333333333,-39.6411666666666
SITE0871,Wood,Munidopsis sp.2,"Rio de Janeiro, Brazil",-25.3383333333333,-39.6411666666666
SITE0871,Wood,Munidopsis sp.3,"Rio de Janeiro, Brazil",-25.3383333333333,-39.6411666666666
SITE0871,Wood,Ophiactidae sp. 01,"Rio de Janeiro, Brazil",-25.3383333333333,-39.6411666666666
SITE0871,Wood,Ophiuroidea sp.,"Rio de Janeiro, Brazil",-25.3383333333333,-39.6411666666666
SITE0871,Wood,Ostracoda sp.5,"Rio de Janeiro, Brazil",-25.3383333333333,-39.6411666666666
SITE0871,Wood,Pseudococculinidae sp.,"Rio de Janeiro, Brazil",-25.3383333333333,-39.6411666666666
SITE0871,Wood,Rubyspira pescaprae,"Rio de Janeiro, Brazil",-25.3383333333333,-39.6411666666666
SITE0871,Wood,Sebidae sp.,"Rio de Janeiro, Brazil",-25.3383333333333,-39.6411666666666
SITE0871,Wood,Sirsoe,"Rio de Janeiro, Brazil",-25.3383333333333,-39.6411666666666
SITE0871,Wood,Sirsoe balaenophila,"Rio de Janeiro, Brazil",-25.3383333333333,-39.6411666666666
SITE0871,Wood,Spiniapex gilsonorum,"Rio de Janeiro, Brazil",-25.3383333333333,-39.6411666666666
SITE0871,Wood,Strepternos didymopyton,"Rio de Janeiro, Brazil",-25.3383333333333,-39.6411666666666
SITE0872,Wood,Aequipecten opercularis spat,"Osterfjorden, Norway",60.5818588647682,5.43063372611999
SITE0872,Wood,Atlantopandalus propinqvus,"Osterfjorden, Norway",60.5818588647682,5.43063372611999
SITE0872,Wood,Capitella,"Osterfjorden, Norway",60.5818588647682,5.43063372611999
SITE0872,Wood,Caridion gordoni,"Osterfjorden, Norway",60.5818588647682,5.43063372611999
SITE0872,Wood,Cirolana sp.,"Osterfjorden, Norway",60.5818588647682,5.43063372611999
SITE0872,Wood,Flabelligera affinis,"Osterfjorden, Norway",60.5818588647682,5.43063372611999
SITE0872,Wood,Glycera alba,"Osterfjorden, Norway",60.5818588647682,5.43063372611999
SITE0872,Wood,Lebbeus polaris,"Osterfjorden, Norway",60.5818588647682,5.43063372611999
SITE0872,Wood,Lumbrineris,"Osterfjorden, Norway",60.5818588647682,5.43063372611999
SITE0872,Wood,Nebalia strausi,"Osterfjorden, Norway",60.5818588647682,5.43063372611999
SITE0872,Wood,Neogyptis rosea,"Osterfjorden, Norway",60.5818588647682,5.43063372611999
SITE0872,Wood,Nereimyra woodsholea,"Osterfjorden, Norway",60.5818588647682,5.43063372611999
SITE0872,Wood,Ophelina modesta,"Osterfjorden, Norway",60.5818588647682,5.43063372611999
SITE0872,Wood,Ophryotrocha,"Osterfjorden, Norway",60.5818588647682,5.43063372611999
SITE0872,Wood,Pandalus montagui,"Osterfjorden, Norway",60.5818588647682,5.43063372611999
SITE0872,Wood,Paraprionospio alata,"Osterfjorden, Norway",60.5818588647682,5.43063372611999
SITE0872,Wood,Prionospio multibranchiata,"Osterfjorden, Norway",60.5818588647682,5.43063372611999
SITE0872,Wood,Sosane wahrbergi,"Osterfjorden, Norway",60.5818588647682,5.43063372611999
SITE0872,Wood,Sphaerosyllis,"Osterfjorden, Norway",60.5818588647682,5.43063372611999
SITE0872,Wood,Terebellides,"Osterfjorden, Norway",60.5818588647682,5.43063372611999
SITE0872,Wood,Veneridae spat,"Osterfjorden, Norway",60.5818588647682,5.43063372611999
SITE0872,Wood,Xylophaga dorsalis,"Osterfjorden, Norway",60.5818588647682,5.43063372611999
SITE0873,Wood,Calypsophontodes,Clarion-Clipperton Zone,14.03427,-130.09405
SITE0873,Wood,Laophontodes,Clarion-Clipperton Zone,14.03427,-130.09405
SITE0873,Wood,Mesochra,Clarion-Clipperton Zone,14.03427,-130.09405
SITE0873,Wood,Munidopsis,Clarion-Clipperton Zone,14.03427,-130.09405
SITE0873,Wood,Ophryotrocha,Clarion-Clipperton Zone,14.03427,-130.09405
SITE0873,Wood,Xylora,Clarion-Clipperton Zone,14.03427,-130.09405
SITE0873,Wood,cf. Caymanostella,Clarion-Clipperton Zone,14.03427,-130.09405
SITE0873,Wood,cf. Fultonia,Clarion-Clipperton Zone,14.03427,-130.09405
SITE0873,Wood,cf. Spiochaetopterus,Clarion-Clipperton Zone,14.03427,-130.09405
SITE0873,Wood,cf. Xyloredo,Clarion-Clipperton Zone,14.03427,-130.09405
SITE0874,Wood,Adontorhina,"Monterey Bay, CA, USA",36.154098,-122.40852
SITE0874,Wood,Adontorhina lynnae,"Monterey Bay, CA, USA",36.154098,-122.40852
SITE0874,Wood,Amphiura,"Monterey Bay, CA, USA",36.154098,-122.40852
SITE0874,Wood,Anemone1,"Monterey Bay, CA, USA",36.154098,-122.40852
SITE0874,Wood,Anemone2,"Monterey Bay, CA, USA",36.154098,-122.40852
SITE0874,Wood,Bathyacra frieli,"Monterey Bay, CA, USA",36.154098,-122.40852
SITE0874,Wood,Bathyceradocus,"Monterey Bay, CA, USA",36.154098,-122.40852
SITE0874,Wood,Bathyxylophila,"Monterey Bay, CA, USA",36.154098,-122.40852
SITE0874,Wood,Capitellidae sp. A,"Monterey Bay, CA, USA",36.154098,-122.40852
SITE0874,Wood,Caymanostella,"Monterey Bay, CA, USA",36.154098,-122.40852
SITE0874,Wood,Cephalaspidea sp. 1,"Monterey Bay, CA, USA",36.154098,-122.40852
SITE0874,Wood,Crinoid,"Monterey Bay, CA, USA",36.154098,-122.40852
SITE0874,Wood,Dillwynella (Ganesa) panamesis,"Monterey Bay, CA, USA",36.154098,-122.40852
SITE0874,Wood,Dillwynella panamesis,"Monterey Bay, CA, USA",36.154098,-122.40852
SITE0874,Wood,Euclymeninae,"Monterey Bay, CA, USA",36.154098,-122.40852
SITE0874,Wood,Ferreiraella,"Monterey Bay, CA, USA",36.154098,-122.40852
SITE0874,Wood,Hyalogyra,"Monterey Bay, CA, USA",36.154098,-122.40852
SITE0874,Wood,Iso1,"Monterey Bay, CA, USA",36.154098,-122.40852
SITE0874,Wood,Limpet1,"Monterey Bay, CA, USA",36.154098,-122.40852
SITE0874,Wood,Limpet2,"Monterey Bay, CA, USA",36.154098,-122.40852
SITE0874,Wood,Munidopsis,"Monterey Bay, CA, USA",36.154098,-122.40852
SITE0874,Wood,Munidopsis bracteosa,"Monterey Bay, CA, USA",36.154098,-122.40852
SITE0874,Wood,Munidopsis cascadia,"Monterey Bay, CA, USA",36.154098,-122.40852
SITE0874,Wood,Neptunea,"Monterey Bay, CA, USA",36.154098,-122.40852
SITE0874,Wood,Neptunea amniata,"Monterey Bay, CA, USA",36.154098,-122.40852
SITE0874,Wood,Nereididae sp. A,"Monterey Bay, CA, USA",36.154098,-122.40852
SITE0874,Wood,Opheliidae sp. A,"Monterey Bay, CA, USA",36.154098,-122.40852
SITE0874,Wood,Ophiacantha,"Monterey Bay, CA, USA",36.154098,-122.40852
SITE0874,Wood,Ophiambix,"Monterey Bay, CA, USA",36.154098,-122.40852
SITE0874,Wood,Paraonesimoides,"Monterey Bay, CA, USA",36.154098,-122.40852
SITE0874,Wood,Paronesimoides,"Monterey Bay, CA, USA",36.154098,-122.40852
SITE0874,Wood,Polychaete 10,"Monterey Bay, CA, USA",36.154098,-122.40852
SITE0874,Wood,Polychaete 11,"Monterey Bay, CA, USA",36.154098,-122.40852
SITE0874,Wood,Polychaete 16,"Monterey Bay, CA, USA",36.154098,-122.40852
SITE0874,Wood,Polychaete 17,"Monterey Bay, CA, USA",36.154098,-122.40852
SITE0874,Wood,Polychaete 8,"Monterey Bay, CA, USA",36.154098,-122.40852
SITE0874,Wood,Polychaete 9,"Monterey Bay, CA, USA",36.154098,-122.40852
SITE0874,Wood,Polynoidae sp. A,"Monterey Bay, CA, USA",36.154098,-122.40852
SITE0874,Wood,Polynoidae sp. B,"Monterey Bay, CA, USA",36.154098,-122.40852
SITE0874,Wood,Protanais,"Monterey Bay, CA, USA",36.154098,-122.40852
SITE0874,Wood,Protonais,"Monterey Bay, CA, USA",36.154098,-122.40852
SITE0874,Wood,Provanna,"Monterey Bay, CA, USA",36.154098,-122.40852
SITE0874,Wood,Provanna pacifica,"Monterey Bay, CA, USA",36.154098,-122.40852
SITE0874,Wood,Pycno1,"Monterey Bay, CA, USA",36.154098,-122.40852
SITE0874,Wood,Seba,"Monterey Bay, CA, USA",36.154098,-122.40852
SITE0874,Wood,Xylophaga,"Monterey Bay, CA, USA",36.154098,-122.40852
SITE0874,Wood,Xylophaga concava,"Monterey Bay, CA, USA",36.154098,-122.40852
SITE0874,Wood,Xylophaga zierenbergi,"Monterey Bay, CA, USA",36.154098,-122.40852
SITE0874,Wood,Xylopholas,"Monterey Bay, CA, USA",36.154098,-122.40852
SITE0874,Wood,Xylopholas crooki,"Monterey Bay, CA, USA",36.154098,-122.40852
SITE0874,Wood,Xyloskenea,"Monterey Bay, CA, USA",36.154098,-122.40852
SITE0874,Wood,Yoldiella,"Monterey Bay, CA, USA",36.154098,-122.40852
SITE0875,Whale,Abyssochrysos sp.,"Espirito Santo, Brazil",-21.4501666666666,-39.8965
SITE0875,Whale,Alvinocaris muricola,"Espirito Santo, Brazil",-21.4501666666666,-39.8965
SITE0875,Whale,Amphinomidae sp. 1,"Espirito Santo, Brazil",-21.4501666666666,-39.8965
SITE0875,Whale,Asellota sp.1,"Espirito Santo, Brazil",-21.4501666666666,-39.8965
SITE0875,Whale,Asellota sp.2,"Espirito Santo, Brazil",-21.4501666666666,-39.8965
SITE0875,Whale,Capitella spp,"Espirito Santo, Brazil",-21.4501666666666,-39.8965
SITE0875,Whale,Cirripedia sp.1,"Espirito Santo, Brazil",-21.4501666666666,-39.8965
SITE0875,Whale,Corophiidae sp.,"Espirito Santo, Brazil",-21.4501666666666,-39.8965
SITE0875,Whale,Cumacea sp.1,"Espirito Santo, Brazil",-21.4501666666666,-39.8965
SITE0875,Whale,Dexaminidae sp.1,"Espirito Santo, Brazil",-21.4501666666666,-39.8965
SITE0875,Whale,Hesionidae n.i/juv,"Espirito Santo, Brazil",-21.4501666666666,-39.8965
SITE0875,Whale,Hyalogyrina rissoella,"Espirito Santo, Brazil",-21.4501666666666,-39.8965
SITE0875,Whale,Hyperiidae sp.1,"Espirito Santo, Brazil",-21.4501666666666,-39.8965
SITE0875,Whale,Idas sp.1,"Espirito Santo, Brazil",-21.4501666666666,-39.8965
SITE0875,Whale,Idas sp.3,"Espirito Santo, Brazil",-21.4501666666666,-39.8965
SITE0875,Whale,Lower Heterobranchia sp.1,"Espirito Santo, Brazil",-21.4501666666666,-39.8965
SITE0875,Whale,Lusitanops cingulatus,"Espirito Santo, Brazil",-21.4501666666666,-39.8965
SITE0875,Whale,Lysianassidae sp.1,"Espirito Santo, Brazil",-21.4501666666666,-39.8965
SITE0875,Whale,Microphthalmus sp. 1,"Espirito Santo, Brazil",-21.4501666666666,-39.8965
SITE0875,Whale,Munidopsis sp.1,"Espirito Santo, Brazil",-21.4501666666666,-39.8965
SITE0875,Whale,Ophiuroidea sp.,"Espirito Santo, Brazil",-21.4501666666666,-39.8965
SITE0875,Whale,Ophryotrocha sp.1 Biosuor,"Espirito Santo, Brazil",-21.4501666666666,-39.8965
SITE0875,Whale,"Osedax ""BioSuOr-3""","Espirito Santo, Brazil",-21.4501666666666,-39.8965
SITE0875,Whale,Osedax frankpressi,"Espirito Santo, Brazil",-21.4501666666666,-39.8965
SITE0875,Whale,Ostracoda sp.2,"Espirito Santo, Brazil",-21.4501666666666,-39.8965
SITE0875,Whale,Ostracoda sp.3,"Espirito Santo, Brazil",-21.4501666666666,-39.8965
SITE0875,Whale,Paramytha sp. 1,"Espirito Santo, Brazil",-21.4501666666666,-39.8965
SITE0875,Whale,Pleijelius sp. 1,"Espirito Santo, Brazil",-21.4501666666666,-39.8965
SITE0875,Whale,Podoceridae sp.,"Espirito Santo, Brazil",-21.4501666666666,-39.8965
SITE0875,Whale,Rubyspira elongata,"Espirito Santo, Brazil",-21.4501666666666,-39.8965
SITE0875,Whale,Rubyspira pescaprae,"Espirito Santo, Brazil",-21.4501666666666,-39.8965
SITE0875,Whale,Sirsoe alphacrucis,"Espirito Santo, Brazil",-21.4501666666666,-39.8965
SITE0875,Whale,Sirsoe alphadelphini,"Espirito Santo, Brazil",-21.4501666666666,-39.8965
SITE0875,Whale,Sirsoe balaenophila,"Espirito Santo, Brazil",-21.4501666666666,-39.8965
SITE0875,Whale,Sirsoe pirapuan,"Espirito Santo, Brazil",-21.4501666666666,-39.8965
SITE0875,Whale,Sirsoe ungava,"Espirito Santo, Brazil",-21.4501666666666,-39.8965
SITE0875,Wood,Alvinocaris muricola,"Espirito Santo, Brazil",-21.4501666666666,-39.8965
SITE0875,Wood,Amphilochidae sp.,"Espirito Santo, Brazil",-21.4501666666666,-39.8965
SITE0875,Wood,Ampithoidae sp.2,"Espirito Santo, Brazil",-21.4501666666666,-39.8965
SITE0875,Wood,Asellota sp.1,"Espirito Santo, Brazil",-21.4501666666666,-39.8965
SITE0875,Wood,Asellota sp.2,"Espirito Santo, Brazil",-21.4501666666666,-39.8965
SITE0875,Wood,Capitella,"Espirito Santo, Brazil",-21.4501666666666,-39.8965
SITE0875,Wood,Capitella spp,"Espirito Santo, Brazil",-21.4501666666666,-39.8965
SITE0875,Wood,Cryptonome barbada,"Espirito Santo, Brazil",-21.4501666666666,-39.8965
SITE0875,Wood,Eusiridae sp.,"Espirito Santo, Brazil",-21.4501666666666,-39.8965
SITE0875,Wood,Idas,"Espirito Santo, Brazil",-21.4501666666666,-39.8965
SITE0875,Wood,Idas sp.1,"Espirito Santo, Brazil",-21.4501666666666,-39.8965
SITE0875,Wood,Idas sp.3,"Espirito Santo, Brazil",-21.4501666666666,-39.8965
SITE0875,Wood,Idas sp.4,"Espirito Santo, Brazil",-21.4501666666666,-39.8965
SITE0875,Wood,Lower Heterobranchia sp.1,"Espirito Santo, Brazil",-21.4501666666666,-39.8965
SITE0875,Wood,Lusitanops cingulatus,"Espirito Santo, Brazil",-21.4501666666666,-39.8965
SITE0875,Wood,Lysianassidae sp.2,"Espirito Santo, Brazil",-21.4501666666666,-39.8965
SITE0875,Wood,Munidopsis sp.1,"Espirito Santo, Brazil",-21.4501666666666,-39.8965
SITE0875,Wood,Nereis,"Espirito Santo, Brazil",-21.4501666666666,-39.8965
SITE0875,Wood,Nereis sp. 1,"Espirito Santo, Brazil",-21.4501666666666,-39.8965
SITE0875,Wood,Nereis sp. 2,"Espirito Santo, Brazil",-21.4501666666666,-39.8965
SITE0875,Wood,Ophiuroidea sp.,"Espirito Santo, Brazil",-21.4501666666666,-39.8965
SITE0875,Wood,Ostracoda sp.1,"Espirito Santo, Brazil",-21.4501666666666,-39.8965
SITE0875,Wood,Pleijelius cf. longae,"Espirito Santo, Brazil",-21.4501666666666,-39.8965
SITE0875,Wood,Pseudococculinidae sp.,"Espirito Santo, Brazil",-21.4501666666666,-39.8965
SITE0875,Wood,Raphitomidae sp.3,"Espirito Santo, Brazil",-21.4501666666666,-39.8965
SITE0875,Wood,Rubyspira elongata,"Espirito Santo, Brazil",-21.4501666666666,-39.8965
SITE0875,Wood,Rubyspira pescaprae,"Espirito Santo, Brazil",-21.4501666666666,-39.8965
SITE0875,Wood,Sirsoe,"Espirito Santo, Brazil",-21.4501666666666,-39.8965
SITE0875,Wood,Sirsoe balaenophila,"Espirito Santo, Brazil",-21.4501666666666,-39.8965
SITE0875,Wood,Sophrosyne sp.,"Espirito Santo, Brazil",-21.4501666666666,-39.8965
SITE0875,Wood,Spiniapex gilsonorum,"Espirito Santo, Brazil",-21.4501666666666,-39.8965
SITE0875,Wood,Strepternos didymopyton,"Espirito Santo, Brazil",-21.4501666666666,-39.8965
SITE0875,Wood,Xylophaga,"Espirito Santo, Brazil",-21.4501666666666,-39.8965
SITE0875,Wood,Xylophaga sp. 1,"Espirito Santo, Brazil",-21.4501666666666,-39.8965
SITE0875,Wood,Xyloredo nooi,"Espirito Santo, Brazil",-21.4501666666666,-39.8965
SITE0876,Whale,Abyssochrysos sp.,"São Paulo, Brazil",-25.894,-45.0483333333333
SITE0876,Whale,Amphinomidae sp. 1,"São Paulo, Brazil",-25.894,-45.0483333333333
SITE0876,Whale,Capitella spp,"São Paulo, Brazil",-25.894,-45.0483333333333
SITE0876,Whale,Eulimidae sp.,"São Paulo, Brazil",-25.894,-45.0483333333333
SITE0876,Whale,Hyalogyrina rissoella,"São Paulo, Brazil",-25.894,-45.0483333333333
SITE0876,Whale,Idas sp.1,"São Paulo, Brazil",-25.894,-45.0483333333333
SITE0876,Whale,Lower Heterobranchia sp.1,"São Paulo, Brazil",-25.894,-45.0483333333333
SITE0876,Whale,Lusitanops cingulatus,"São Paulo, Brazil",-25.894,-45.0483333333333
SITE0876,Whale,Ophryotrocha sp.2 Biosuor,"São Paulo, Brazil",-25.894,-45.0483333333333
SITE0876,Whale,Osedax frankpressi,"São Paulo, Brazil",-25.894,-45.0483333333333
SITE0876,Whale,Paramytha sp. 1,"São Paulo, Brazil",-25.894,-45.0483333333333
SITE0876,Whale,Rubyspira pescaprae,"São Paulo, Brazil",-25.894,-45.0483333333333
SITE0876,Whale,Sirsoe alphacrucis,"São Paulo, Brazil",-25.894,-45.0483333333333
SITE0876,Whale,Sirsoe maximiano,"São Paulo, Brazil",-25.894,-45.0483333333333
SITE0876,Whale,Sirsoe sirikos,"São Paulo, Brazil",-25.894,-45.0483333333333
SITE0876,Wood,Capitella,"São Paulo, Brazil",-25.894,-45.0483333333333
SITE0876,Wood,Capitella spp,"São Paulo, Brazil",-25.894,-45.0483333333333
SITE0876,Wood,Cryptonome barbada,"São Paulo, Brazil",-25.894,-45.0483333333333
SITE0876,Wood,Idas,"São Paulo, Brazil",-25.894,-45.0483333333333
SITE0876,Wood,Nereis,"São Paulo, Brazil",-25.894,-45.0483333333333
SITE0876,Wood,Nereis sp. 1,"São Paulo, Brazil",-25.894,-45.0483333333333
SITE0876,Wood,Pleijelius cf. longae,"São Paulo, Brazil",-25.894,-45.0483333333333
SITE0876,Wood,Rubyspira pescaprae,"São Paulo, Brazil",-25.894,-45.0483333333333
SITE0876,Wood,Sirsoe,"São Paulo, Brazil",-25.894,-45.0483333333333
SITE0876,Wood,Sirsoe balaenophila,"São Paulo, Brazil",-25.894,-45.0483333333333
SITE0876,Wood,Sphaerodoropsis kitazatoi,"São Paulo, Brazil",-25.894,-45.0483333333333
SITE0876,Wood,Spiniapex gilsonorum,"São Paulo, Brazil",-25.894,-45.0483333333333
SITE0876,Wood,Strepternos didymopyton,"São Paulo, Brazil",-25.894,-45.0483333333333
SITE0876,Wood,Xylophaga,"São Paulo, Brazil",-25.894,-45.0483333333333
SITE0876,Wood,Xylophaga sp. 1,"São Paulo, Brazil",-25.894,-45.0483333333333
SITE0877,Whale,Amphinomidae sp. 1,"Espirito Santo, Brazil",-22.8408333333333,-38.4163333333333
SITE0877,Whale,Capitella spp,"Espirito Santo, Brazil",-22.8408333333333,-38.4163333333333
SITE0877,Whale,Cirripedia sp.1,"Espirito Santo, Brazil",-22.8408333333333,-38.4163333333333
SITE0877,Whale,Cordesia atlantica,"Espirito Santo, Brazil",-22.8408333333333,-38.4163333333333
SITE0877,Whale,Echinoidea sp.,"Espirito Santo, Brazil",-22.8408333333333,-38.4163333333333
SITE0877,Whale,Hyalogyrina rissoella,"Espirito Santo, Brazil",-22.8408333333333,-38.4163333333333
SITE0877,Whale,Isaeidae sp.,"Espirito Santo, Brazil",-22.8408333333333,-38.4163333333333
SITE0877,Whale,Lower Heterobranchia sp.1,"Espirito Santo, Brazil",-22.8408333333333,-38.4163333333333
SITE0877,Whale,Lusitanops cingulatus,"Espirito Santo, Brazil",-22.8408333333333,-38.4163333333333
SITE0877,Whale,Microphthalmus sp. 1,"Espirito Santo, Brazil",-22.8408333333333,-38.4163333333333
SITE0877,Whale,Munidopsis sp.1,"Espirito Santo, Brazil",-22.8408333333333,-38.4163333333333
SITE0877,Whale,Munidopsis sp.2,"Espirito Santo, Brazil",-22.8408333333333,-38.4163333333333
SITE0877,Whale,Ophryotrocha sp.1 Biosuor,"Espirito Santo, Brazil",-22.8408333333333,-38.4163333333333
SITE0877,Whale,Osedax spp.,"Espirito Santo, Brazil",-22.8408333333333,-38.4163333333333
SITE0877,Whale,Paramytha sp. 1,"Espirito Santo, Brazil",-22.8408333333333,-38.4163333333333
SITE0877,Whale,Pleijelius sp. 1,"Espirito Santo, Brazil",-22.8408333333333,-38.4163333333333
SITE0877,Whale,Raphitomidae sp.3,"Espirito Santo, Brazil",-22.8408333333333,-38.4163333333333
SITE0877,Whale,Rubyspira pescaprae,"Espirito Santo, Brazil",-22.8408333333333,-38.4163333333333
SITE0877,Whale,Sirsoe balaenophila,"Espirito Santo, Brazil",-22.8408333333333,-38.4163333333333
SITE0877,Whale,Sirsoe pirapuan,"Espirito Santo, Brazil",-22.8408333333333,-38.4163333333333
SITE0877,Whale,Sirsoe yokosuka,"Espirito Santo, Brazil",-22.8408333333333,-38.4163333333333
SITE0877,Wood,Abyssochrysos sp.,"Espirito Santo, Brazil",-22.8408333333333,-38.4163333333333
SITE0877,Wood,Amphilochidae sp.,"Espirito Santo, Brazil",-22.8408333333333,-38.4163333333333
SITE0877,Wood,Ampithoidae sp.1,"Espirito Santo, Brazil",-22.8408333333333,-38.4163333333333
SITE0877,Wood,Asellota sp.3,"Espirito Santo, Brazil",-22.8408333333333,-38.4163333333333
SITE0877,Wood,Capitella,"Espirito Santo, Brazil",-22.8408333333333,-38.4163333333333
SITE0877,Wood,Capitella spp,"Espirito Santo, Brazil",-22.8408333333333,-38.4163333333333
SITE0877,Wood,Cirripedia sp.1,"Espirito Santo, Brazil",-22.8408333333333,-38.4163333333333
SITE0877,Wood,Cordesia atlantica,"Espirito Santo, Brazil",-22.8408333333333,-38.4163333333333
SITE0877,Wood,Lower Heterobranchia sp.1,"Espirito Santo, Brazil",-22.8408333333333,-38.4163333333333
SITE0877,Wood,Lusitanops cingulatus,"Espirito Santo, Brazil",-22.8408333333333,-38.4163333333333
SITE0877,Wood,Munidopsis sp.1,"Espirito Santo, Brazil",-22.8408333333333,-38.4163333333333
SITE0877,Wood,Munidopsis sp.2,"Espirito Santo, Brazil",-22.8408333333333,-38.4163333333333
SITE0877,Wood,Munidopsis sp.3,"Espirito Santo, Brazil",-22.8408333333333,-38.4163333333333
SITE0877,Wood,Ophiactidae sp. 01,"Espirito Santo, Brazil",-22.8408333333333,-38.4163333333333
SITE0877,Wood,Ophiuroidea sp.,"Espirito Santo, Brazil",-22.8408333333333,-38.4163333333333
SITE0877,Wood,Pleijelius cf. longae,"Espirito Santo, Brazil",-22.8408333333333,-38.4163333333333
SITE0877,Wood,Raphitomidae sp.2,"Espirito Santo, Brazil",-22.8408333333333,-38.4163333333333
SITE0877,Wood,Rubyspira pescaprae,"Espirito Santo, Brazil",-22.8408333333333,-38.4163333333333
SITE0877,Wood,Sirsoe,"Espirito Santo, Brazil",-22.8408333333333,-38.4163333333333
SITE0877,Wood,Sirsoe balaenophila,"Espirito Santo, Brazil",-22.8408333333333,-38.4163333333333
SITE0877,Wood,Strepternos didymopyton,"Espirito Santo, Brazil",-22.8408333333333,-38.4163333333333
SITE0877,Wood,Xyloredo nooi,"Espirito Santo, Brazil",-22.8408333333333,-38.4163333333333
SITE0879,Wood,Abditoconus heterosiphon,"Monterey Bay, CA, USA",36.26128,-122.677983333333
SITE0879,Wood,Acanthaspidia,"Monterey Bay, CA, USA",36.26128,-122.677983333333
SITE0879,Wood,Acanthocope,"Monterey Bay, CA, USA",36.26128,-122.677983333333
SITE0879,Wood,Amphiplica gordensis,"Monterey Bay, CA, USA",36.26128,-122.677983333333
SITE0879,Wood,Amphiura carchara,"Monterey Bay, CA, USA",36.26128,-122.677983333333
SITE0879,Wood,Bathyceradocus,"Monterey Bay, CA, USA",36.26128,-122.677983333333
SITE0879,Wood,Capitella,"Monterey Bay, CA, USA",36.26128,-122.677983333333
SITE0879,Wood,Capitella blakei,"Monterey Bay, CA, USA",36.26128,-122.677983333333
SITE0879,Wood,Capitella multibranchiata,"Monterey Bay, CA, USA",36.26128,-122.677983333333
SITE0879,Wood,Caymanabyssia vandoverae,"Monterey Bay, CA, USA",36.26128,-122.677983333333
SITE0879,Wood,Disconectes,"Monterey Bay, CA, USA",36.26128,-122.677983333333
SITE0879,Wood,Eucantra anoculata,"Monterey Bay, CA, USA",36.26128,-122.677983333333
SITE0879,Wood,Eurycope,"Monterey Bay, CA, USA",36.26128,-122.677983333333
SITE0879,Wood,Harmothoe tenebricosa,"Monterey Bay, CA, USA",36.26128,-122.677983333333
SITE0879,Wood,Hebefustis,"Monterey Bay, CA, USA",36.26128,-122.677983333333
SITE0879,Wood,Katianira,"Monterey Bay, CA, USA",36.26128,-122.677983333333
SITE0879,Wood,Lacydonia hampsoni,"Monterey Bay, CA, USA",36.26128,-122.677983333333
SITE0879,Wood,Melinnampharete gracilis,"Monterey Bay, CA, USA",36.26128,-122.677983333333
SITE0879,Wood,Munidopsis,"Monterey Bay, CA, USA",36.26128,-122.677983333333
SITE0879,Wood,Munna,"Monterey Bay, CA, USA",36.26128,-122.677983333333
SITE0879,Wood,Neanthes,"Monterey Bay, CA, USA",36.26128,-122.677983333333
SITE0879,Wood,Neptunea amianta,"Monterey Bay, CA, USA",36.26128,-122.677983333333
SITE0879,Wood,Nereis,"Monterey Bay, CA, USA",36.26128,-122.677983333333
SITE0879,Wood,Nicomache arwidssoni,"Monterey Bay, CA, USA",36.26128,-122.677983333333
SITE0879,Wood,Ophelina cf. pallida,"Monterey Bay, CA, USA",36.26128,-122.677983333333
SITE0879,Wood,Ophiacantha bathybia,"Monterey Bay, CA, USA",36.26128,-122.677983333333
SITE0879,Wood,Ophiambix cf. aculeatus,"Monterey Bay, CA, USA",36.26128,-122.677983333333
SITE0879,Wood,Ophryotrocha,"Monterey Bay, CA, USA",36.26128,-122.677983333333
SITE0879,Wood,Orbinella aciculata,"Monterey Bay, CA, USA",36.26128,-122.677983333333
SITE0879,Wood,Paronesimoides voightae,"Monterey Bay, CA, USA",36.26128,-122.677983333333
SITE0879,Wood,Phyllodoce,"Monterey Bay, CA, USA",36.26128,-122.677983333333
SITE0879,Wood,Prionospio,"Monterey Bay, CA, USA",36.26128,-122.677983333333
SITE0879,Wood,Protanais,"Monterey Bay, CA, USA",36.26128,-122.677983333333
SITE0879,Wood,Provanna,"Monterey Bay, CA, USA",36.26128,-122.677983333333
SITE0879,Wood,Provanna cf. pacifica,"Monterey Bay, CA, USA",36.26128,-122.677983333333
SITE0879,Wood,Raricirrus,"Monterey Bay, CA, USA",36.26128,-122.677983333333
SITE0879,Wood,Seba bathybia,"Monterey Bay, CA, USA",36.26128,-122.677983333333
SITE0879,Wood,Sige brunnea,"Monterey Bay, CA, USA",36.26128,-122.677983333333
SITE0879,Wood,Spiniapex gilsonorum,"Monterey Bay, CA, USA",36.26128,-122.677983333333
SITE0879,Wood,Vrijenhoekia,"Monterey Bay, CA, USA",36.26128,-122.677983333333
SITE0879,Wood,Xylophaga cf. corona,"Monterey Bay, CA, USA",36.26128,-122.677983333333
SITE0879,Wood,Xylophaga heterosiphon,"Monterey Bay, CA, USA",36.26128,-122.677983333333
SITE0879,Wood,Xylophaga muraokai,"Monterey Bay, CA, USA",36.26128,-122.677983333333
SITE0879,Wood,Xylophaga zierenbergi,"Monterey Bay, CA, USA",36.26128,-122.677983333333
SITE0879,Wood,Xylopholas crooki,"Monterey Bay, CA, USA",36.26128,-122.677983333333
SITE0879,Wood,Xyloredo,"Monterey Bay, CA, USA",36.26128,-122.677983333333
SITE0879,Wood,Xyloskenea,"Monterey Bay, CA, USA",36.26128,-122.677983333333
SITE0879,Wood,cf. Janthura,"Monterey Bay, CA, USA",36.26128,-122.677983333333
SITE0880,Wood,Ameira longipes,Lucky Strike vent field,37.2911666666666,-32.28
SITE0880,Wood,Ameiropsis mixta,Lucky Strike vent field,37.2911666666666,-32.28
SITE0880,Wood,Aphotopontius atlanteus,Lucky Strike vent field,37.2911666666666,-32.28
SITE0880,Wood,Bathykermadeca,Lucky Strike vent field,37.2911666666666,-32.28
SITE0880,Wood,Bathylaophonte azorica,Lucky Strike vent field,37.2911666666666,-32.28
SITE0880,Wood,Capitella,Lucky Strike vent field,37.2911666666666,-32.28
SITE0880,Wood,Chromadorita,Lucky Strike vent field,37.2911666666666,-32.28
SITE0880,Wood,Coccopigya spinigera,Lucky Strike vent field,37.2911666666666,-32.28
SITE0880,Wood,Cyclopina,Lucky Strike vent field,37.2911666666666,-32.28
SITE0880,Wood,Glycera tesselata,Lucky Strike vent field,37.2911666666666,-32.28
SITE0880,Wood,Idas,Lucky Strike vent field,37.2911666666666,-32.28
SITE0880,Wood,Lepetodrilus atlanticus,Lucky Strike vent field,37.2911666666666,-32.28
SITE0880,Wood,Lirapex costellatus,Lucky Strike vent field,37.2911666666666,-32.28
SITE0880,Wood,Luckia striki,Lucky Strike vent field,37.2911666666666,-32.28
SITE0880,Wood,Lurifax vitreus,Lucky Strike vent field,37.2911666666666,-32.28
SITE0880,Wood,Macellicephala,Lucky Strike vent field,37.2911666666666,-32.28
SITE0880,Wood,Mesochra sp.,Lucky Strike vent field,37.2911666666666,-32.28
SITE0880,Wood,Nitocrella,Lucky Strike vent field,37.2911666666666,-32.28
SITE0880,Wood,Ophryotrocha,Lucky Strike vent field,37.2911666666666,-32.28
SITE0880,Wood,Ophryotrocha cf. platykephale,Lucky Strike vent field,37.2911666666666,-32.28
SITE0880,Wood,Ophryotrocha fabriae,Lucky Strike vent field,37.2911666666666,-32.28
SITE0880,Wood,Paramytha,Lucky Strike vent field,37.2911666666666,-32.28
SITE0880,Wood,Pleijelius,Lucky Strike vent field,37.2911666666666,-32.28
SITE0880,Wood,Protolira valvatoides,Lucky Strike vent field,37.2911666666666,-32.28
SITE0880,Wood,Sirsoe,Lucky Strike vent field,37.2911666666666,-32.28
SITE0880,Wood,Smacigastes micheli,Lucky Strike vent field,37.2911666666666,-32.28
SITE0880,Wood,Strepternos,Lucky Strike vent field,37.2911666666666,-32.28
SITE0880,Wood,Thomontocypris excussa,Lucky Strike vent field,37.2911666666666,-32.28
SITE0880,Wood,Tisbe,Lucky Strike vent field,37.2911666666666,-32.28
SITE0880,Wood,Xylodiscula analoga,Lucky Strike vent field,37.2911666666666,-32.28
SITE0880,Wood,Xyloredo,Lucky Strike vent field,37.2911666666666,-32.28
SITE0880,Wood,cf. Storthyngura,Lucky Strike vent field,37.2911666666666,-32.28
SITE0881,Wood,Ambilimbus,Lucky Strike vent field,37.2886666666666,-32.2755
SITE0881,Wood,Ameiropsis mixta,Lucky Strike vent field,37.2886666666666,-32.2755
SITE0881,Wood,Aphotopontius atlanteus,Lucky Strike vent field,37.2886666666666,-32.2755
SITE0881,Wood,Archesola typhlops,Lucky Strike vent field,37.2886666666666,-32.2755
SITE0881,Wood,Archinome,Lucky Strike vent field,37.2886666666666,-32.2755
SITE0881,Wood,Bathykermadeca,Lucky Strike vent field,37.2886666666666,-32.2755
SITE0881,Wood,Bathylaophonte azorica,Lucky Strike vent field,37.2886666666666,-32.2755
SITE0881,Wood,Glycera tesselata,Lucky Strike vent field,37.2886666666666,-32.2755
SITE0881,Wood,Harmothoe,Lucky Strike vent field,37.2886666666666,-32.2755
SITE0881,Wood,Laonice athecata,Lucky Strike vent field,37.2886666666666,-32.2755
SITE0881,Wood,Lepidonotopodium,Lucky Strike vent field,37.2886666666666,-32.2755
SITE0881,Wood,Nitocrella,Lucky Strike vent field,37.2886666666666,-32.2755
SITE0881,Wood,Ophryotrocha,Lucky Strike vent field,37.2886666666666,-32.2755
SITE0881,Wood,Ophryotrocha cf. platykephale,Lucky Strike vent field,37.2886666666666,-32.2755
SITE0881,Wood,Ophryotrocha fabriae,Lucky Strike vent field,37.2886666666666,-32.2755
SITE0881,Wood,Paramytha,Lucky Strike vent field,37.2886666666666,-32.2755
SITE0881,Wood,Pleijelius,Lucky Strike vent field,37.2886666666666,-32.2755
SITE0881,Wood,Prionospio unilamellata,Lucky Strike vent field,37.2886666666666,-32.2755
SITE0881,Wood,Retrocalcar sp.,Lucky Strike vent field,37.2886666666666,-32.2755
SITE0881,Wood,Sirsoe,Lucky Strike vent field,37.2886666666666,-32.2755
SITE0881,Wood,Strepternos,Lucky Strike vent field,37.2886666666666,-32.2755
SITE0881,Wood,Tisbe,Lucky Strike vent field,37.2886666666666,-32.2755
SITE0882,Wood,Aponema,Lucky Strike vent field,37.288635,-32.2755516666666
SITE0882,Wood,Calomicrolaimus,Lucky Strike vent field,37.288635,-32.2755516666666
SITE0882,Wood,Halomonhystera,Lucky Strike vent field,37.288635,-32.2755516666666
SITE0882,Wood,Microlaimus,Lucky Strike vent field,37.288635,-32.2755516666666
SITE0882,Wood,Thalassomonhystera vandoverae,Lucky Strike vent field,37.288635,-32.2755516666666
SITE0883,Wood,Bathylaophonte azorica,Lucky Strike vent field,37.2887,-32.2755
SITE0883,Wood,Bonnierella,Lucky Strike vent field,37.2887,-32.2755
SITE0883,Wood,Capitella,Lucky Strike vent field,37.2887,-32.2755
SITE0883,Wood,Chromadorita,Lucky Strike vent field,37.2887,-32.2755
SITE0883,Wood,Coccopigya spinigera,Lucky Strike vent field,37.2887,-32.2755
SITE0883,Wood,Cyclopina,Lucky Strike vent field,37.2887,-32.2755
SITE0883,Wood,Desmoscolex,Lucky Strike vent field,37.2887,-32.2755
SITE0883,Wood,Idas,Lucky Strike vent field,37.2887,-32.2755
SITE0883,Wood,Luckia striki,Lucky Strike vent field,37.2887,-32.2755
SITE0883,Wood,Lurifax vitreus,Lucky Strike vent field,37.2887,-32.2755
SITE0883,Wood,Mesochra,Lucky Strike vent field,37.2887,-32.2755
SITE0883,Wood,Microlaimus,Lucky Strike vent field,37.2887,-32.2755
SITE0883,Wood,Obesutanais sigridae,Lucky Strike vent field,37.2887,-32.2755
SITE0883,Wood,Phymorhynchus,Lucky Strike vent field,37.2887,-32.2755
SITE0883,Wood,Protolira valvatoides,Lucky Strike vent field,37.2887,-32.2755
SITE0883,Wood,Smacigastes micheli,Lucky Strike vent field,37.2887,-32.2755
SITE0883,Wood,Theristus,Lucky Strike vent field,37.2887,-32.2755
SITE0883,Wood,Thomontocypris excussa,Lucky Strike vent field,37.2887,-32.2755
SITE0883,Wood,Tisbe,Lucky Strike vent field,37.2887,-32.2755
SITE0883,Wood,Xyloredo,Lucky Strike vent field,37.2887,-32.2755
SITE0883,Wood,cf. Typhlotanais incognitus,Lucky Strike vent field,37.2887,-32.2755
SITE0884,Wood,Xyloredo ingolfia,"Hakon Mosby mud volcano, Norway",72.0065,14.72733
SITE0885,Wood,Xyloredo ingolfia,"Hakon Mosby mud volcano, Norway",72.0063,14.7182616666666
SITE0886,Wood,Cocculina tenuitesta,Sagami Bay KM-ROV dive #149 branch-like plant debris,35.01595,139.222183333333
SITE0887,Wood,Lacydonia shohoensis,Shoho Seamount wood fall — 2042 m (Hookabe 2022),32.3475666666666,138.657866666666
SITE0888,Wood,Munidopsis vrijenhoeki,Fiji Basin,-16.9913333333333,173.914833333333
SITE0890,Whale,Asclerocheilus sp. A,Santa Catalina Basin (NE Pacific Ocean),33.2,-118.5
SITE0890,Whale,Ephesiella brevicapita,Santa Catalina Basin (NE Pacific Ocean),33.2,-118.5
SITE0890,Whale,Golfingia nicolasi,Santa Catalina Basin (NE Pacific Ocean),33.2,-118.5
SITE0890,Whale,Harmothoe craigsmithi,Santa Catalina Basin (NE Pacific Ocean),33.2,-118.5
SITE0890,Whale,Macellicephala irisae,Santa Catalina Basin (NE Pacific Ocean),33.2,-118.5
SITE0890,Whale,Mitrella permodesta,Santa Catalina Basin (NE Pacific Ocean),33.2,-118.5
SITE0890,Whale,Ophryotrocha nr. globopalpata,Santa Catalina Basin (NE Pacific Ocean),33.2,-118.5
SITE0890,Whale,Pyropelta corymba,Santa Catalina Basin (NE Pacific Ocean),33.2,-118.5
SITE0890,Whale,Pyropelta craigsmithi,Santa Catalina Basin (NE Pacific Ocean),33.2,-118.5
SITE0890,Whale,Pyropelta musaica,Santa Catalina Basin (NE Pacific Ocean),33.2,-118.5
SITE0890,Whale,Sphaerosyllis sp. A,Santa Catalina Basin (NE Pacific Ocean),33.2,-118.5
SITE0890,Wood,Ophryotrocha batillus,Santa Catalina Basin (NE Pacific Ocean),33.2,-118.5
SITE0890,Wood,Ophryotrocha langstrumpae,Santa Catalina Basin (NE Pacific Ocean),33.2,-118.5
SITE0899,Whale,Allocentrotus fragilis,Monterey Canyon (NE Pacific Ocean),36.79,-121.887
SITE0899,Whale,Amphinomidae unidentified,Monterey Canyon (NE Pacific Ocean),36.79,-121.887
SITE0899,Whale,Anthosactis pearseae,Monterey Canyon (NE Pacific Ocean),36.79,-121.887
SITE0899,Whale,Benthoctopus,Monterey Canyon (NE Pacific Ocean),36.79,-121.887
SITE0899,Whale,Buccinidae unidentified,Monterey Canyon (NE Pacific Ocean),36.79,-121.887
SITE0899,Whale,Chionoecetes tanneri,Monterey Canyon (NE Pacific Ocean),36.79,-121.887
SITE0899,Whale,Chorilia longipes,Monterey Canyon (NE Pacific Ocean),36.79,-121.887
SITE0899,Whale,Coryphopterus nicholsii,Monterey Canyon (NE Pacific Ocean),36.79,-121.887
SITE0899,Whale,Enteroctopus dofleini,Monterey Canyon (NE Pacific Ocean),36.79,-121.887
SITE0899,Whale,Eptatretus sp.,Monterey Canyon (NE Pacific Ocean),36.79,-121.887
SITE0899,Whale,Gammarid amphipod unidentified,Monterey Canyon (NE Pacific Ocean),36.79,-121.887
SITE0899,Whale,Hydrolagus sp.,Monterey Canyon (NE Pacific Ocean),36.79,-121.887
SITE0899,Whale,Idas,Monterey Canyon (NE Pacific Ocean),36.79,-121.887
SITE0899,Whale,Lycodapus sp.,Monterey Canyon (NE Pacific Ocean),36.79,-121.887
SITE0899,Whale,Lycodes sp.,Monterey Canyon (NE Pacific Ocean),36.79,-121.887
SITE0899,Whale,Metridium farcimen,Monterey Canyon (NE Pacific Ocean),36.79,-121.887
SITE0899,Whale,Munidopsis,Monterey Canyon (NE Pacific Ocean),36.79,-121.887
SITE0899,Whale,Neptunea amianta,Monterey Canyon (NE Pacific Ocean),36.79,-121.887
SITE0899,Whale,Octopoda,Monterey Canyon (NE Pacific Ocean),36.79,-121.887
SITE0899,Whale,"Osedax ""orange collar""",Monterey Canyon (NE Pacific Ocean),36.79,-121.887
SITE0899,Whale,"Osedax ""yellow collar""",Monterey Canyon (NE Pacific Ocean),36.79,-121.887
SITE0899,Whale,Osedax lehmani,Monterey Canyon (NE Pacific Ocean),36.79,-121.887
SITE0899,Whale,Osedax packardorum,Monterey Canyon (NE Pacific Ocean),36.79,-121.887
SITE0899,Whale,Pandalus platyceros,Monterey Canyon (NE Pacific Ocean),36.79,-121.887
SITE0899,Whale,Paralithodes californiensis,Monterey Canyon (NE Pacific Ocean),36.79,-121.887
SITE0899,Whale,Paralomis multispina,Monterey Canyon (NE Pacific Ocean),36.79,-121.887
SITE0899,Whale,Paralomis verrilli,Monterey Canyon (NE Pacific Ocean),36.79,-121.887
SITE0899,Whale,Provanna cf. pacifica,Monterey Canyon (NE Pacific Ocean),36.79,-121.887
SITE0899,Whale,Rathbunaster californicus,Monterey Canyon (NE Pacific Ocean),36.79,-121.887
SITE0899,Whale,Scotoplanes globosa,Monterey Canyon (NE Pacific Ocean),36.79,-121.887
SITE0899,Whale,Scyliorhinidae unidentified,Monterey Canyon (NE Pacific Ocean),36.79,-121.887
SITE0899,Whale,Sebastidae unidentified,Monterey Canyon (NE Pacific Ocean),36.79,-121.887
SITE0899,Whale,Solaster,Monterey Canyon (NE Pacific Ocean),36.79,-121.887
SITE0899,Whale,Somniosus pacificus,Monterey Canyon (NE Pacific Ocean),36.79,-121.887
SITE0899,Whale,Squalus acanthias,Monterey Canyon (NE Pacific Ocean),36.79,-121.887
SITE0899,Whale,Stomphia,Monterey Canyon (NE Pacific Ocean),36.79,-121.887
SITE0899,Whale,Vesicomya angulata,Monterey Canyon (NE Pacific Ocean),36.79,-121.887
SITE0899,Whale,Zoarcidae unidentified,Monterey Canyon (NE Pacific Ocean),36.79,-121.887
SITE0901,Whale,Abyssocucumis abyssorum,Monterey Canyon (NE Pacific Ocean),36.772,-122.083
SITE0901,Whale,Aeolidacea new species,Monterey Canyon (NE Pacific Ocean),36.772,-122.083
SITE0901,Whale,Amage cf. arieticornuta,Monterey Canyon (NE Pacific Ocean),36.772,-122.083
SITE0901,Whale,Anthomastus ritteri,Monterey Canyon (NE Pacific Ocean),36.772,-122.083
SITE0901,Whale,Apristurus brunneus,Monterey Canyon (NE Pacific Ocean),36.772,-122.083
SITE0901,Whale,"Buccinidae, 2 species",Monterey Canyon (NE Pacific Ocean),36.772,-122.083
SITE0901,Whale,Buccinum,Monterey Canyon (NE Pacific Ocean),36.772,-122.083
SITE0901,Whale,Caprellidae,Monterey Canyon (NE Pacific Ocean),36.772,-122.083
SITE0901,Whale,Careproctus melanurus,Monterey Canyon (NE Pacific Ocean),36.772,-122.083
SITE0901,Whale,Chionoecetes tanneri,Monterey Canyon (NE Pacific Ocean),36.772,-122.083
SITE0901,Whale,Chorilia longipes,Monterey Canyon (NE Pacific Ocean),36.772,-122.083
SITE0901,Whale,Corallimorphus pillatus,Monterey Canyon (NE Pacific Ocean),36.772,-122.083
SITE0901,Whale,Coryphaenoides sp.,Monterey Canyon (NE Pacific Ocean),36.772,-122.083
SITE0901,Whale,Diogenidae,Monterey Canyon (NE Pacific Ocean),36.772,-122.083
SITE0901,Whale,Dorvilleidae unidentified,Monterey Canyon (NE Pacific Ocean),36.772,-122.083
SITE0901,Whale,Enteroctopus dofleini,Monterey Canyon (NE Pacific Ocean),36.772,-122.083
SITE0901,Whale,Eptatretus spp.,Monterey Canyon (NE Pacific Ocean),36.772,-122.083
SITE0901,Whale,Eunicidae unidentified,Monterey Canyon (NE Pacific Ocean),36.772,-122.083
SITE0901,Whale,Florometra serratissima,Monterey Canyon (NE Pacific Ocean),36.772,-122.083
SITE0901,Whale,"Gammarid amphipods, 2 species",Monterey Canyon (NE Pacific Ocean),36.772,-122.083
SITE0901,Whale,Glyphanostomum,Monterey Canyon (NE Pacific Ocean),36.772,-122.083
SITE0901,Whale,Gyptis hians,Monterey Canyon (NE Pacific Ocean),36.772,-122.083
SITE0901,Whale,"Hyalogyrinidae, 1 new species",Monterey Canyon (NE Pacific Ocean),36.772,-122.083
SITE0901,Whale,Idas,Monterey Canyon (NE Pacific Ocean),36.772,-122.083
SITE0901,Whale,Liparidae,Monterey Canyon (NE Pacific Ocean),36.772,-122.083
SITE0901,Whale,Lophaster,Monterey Canyon (NE Pacific Ocean),36.772,-122.083
SITE0901,Whale,Lycenchelys sp.,Monterey Canyon (NE Pacific Ocean),36.772,-122.083
SITE0901,Whale,Lycodapus sp.,Monterey Canyon (NE Pacific Ocean),36.772,-122.083
SITE0901,Whale,Melanostigma sp.,Monterey Canyon (NE Pacific Ocean),36.772,-122.083
SITE0901,Whale,Munidopsis,Monterey Canyon (NE Pacific Ocean),36.772,-122.083
SITE0901,Whale,Neptunea,Monterey Canyon (NE Pacific Ocean),36.772,-122.083
SITE0901,Whale,Neptunea amianta,Monterey Canyon (NE Pacific Ocean),36.772,-122.083
SITE0901,Whale,Nuculana sp.,Monterey Canyon (NE Pacific Ocean),36.772,-122.083
SITE0901,Whale,Octopoda,Monterey Canyon (NE Pacific Ocean),36.772,-122.083
SITE0901,Whale,Osedax docricketts,Monterey Canyon (NE Pacific Ocean),36.772,-122.083
SITE0901,Whale,Osedax knutei,Monterey Canyon (NE Pacific Ocean),36.772,-122.083
SITE0901,Whale,Osedax packardorum,Monterey Canyon (NE Pacific Ocean),36.772,-122.083
SITE0901,Whale,Osedax randyi,Monterey Canyon (NE Pacific Ocean),36.772,-122.083
SITE0901,Whale,Osedax roseus,Monterey Canyon (NE Pacific Ocean),36.772,-122.083
SITE0901,Whale,Osedax talkovici,Monterey Canyon (NE Pacific Ocean),36.772,-122.083
SITE0901,Whale,Osedax westernflyer,Monterey Canyon (NE Pacific Ocean),36.772,-122.083
SITE0901,Whale,Pandalus platyceros,Monterey Canyon (NE Pacific Ocean),36.772,-122.083
SITE0901,Whale,Paralithodes californiensis,Monterey Canyon (NE Pacific Ocean),36.772,-122.083
SITE0901,Whale,Paralomis verrilli,Monterey Canyon (NE Pacific Ocean),36.772,-122.083
SITE0901,Whale,Pennatula cf. phosphorea,Monterey Canyon (NE Pacific Ocean),36.772,-122.083
SITE0901,Whale,Pleuronectiformes,Monterey Canyon (NE Pacific Ocean),36.772,-122.083
SITE0901,Whale,Podarkeopsis perkinsi,Monterey Canyon (NE Pacific Ocean),36.772,-122.083
SITE0901,Whale,Polynoidae unidentified,Monterey Canyon (NE Pacific Ocean),36.772,-122.083
SITE0901,Whale,"Protobranchia, 1 new species",Monterey Canyon (NE Pacific Ocean),36.772,-122.083
SITE0901,Whale,Provanna macleani,Monterey Canyon (NE Pacific Ocean),36.772,-122.083
SITE0901,Whale,Rathbunaster californicus,Monterey Canyon (NE Pacific Ocean),36.772,-122.083
SITE0901,Whale,Sebastes sp.,Monterey Canyon (NE Pacific Ocean),36.772,-122.083
SITE0901,Whale,Solaster,Monterey Canyon (NE Pacific Ocean),36.772,-122.083
SITE0901,Whale,Swiftia kofoidi,Monterey Canyon (NE Pacific Ocean),36.772,-122.083
SITE0901,Whale,Thyasira sp.,Monterey Canyon (NE Pacific Ocean),36.772,-122.083
SITE0901,Whale,Tritonia diomedea,Monterey Canyon (NE Pacific Ocean),36.772,-122.083
SITE0901,Whale,Tritonia tetraquetra,Monterey Canyon (NE Pacific Ocean),36.772,-122.083
SITE0901,Whale,Ziminella vrijenhoeki,Monterey Canyon (NE Pacific Ocean),36.772,-122.083
SITE0901,Whale,Zoarcidae,Monterey Canyon (NE Pacific Ocean),36.772,-122.083
SITE0901,Whale,Zoroaster,Monterey Canyon (NE Pacific Ocean),36.772,-122.083
SITE0974,Whale,Acoela sp.1,"Blanes coast, Catalonia",41.6756,2.81398333333333
SITE0974,Whale,Acoela sp.4,"Blanes coast, Catalonia",41.6756,2.81398333333333
SITE0974,Whale,Alpheus dentipes,"Blanes coast, Catalonia",41.6756,2.81398333333333
SITE0974,Whale,Amphiglena mediterranea,"Blanes coast, Catalonia",41.6756,2.81398333333333
SITE0974,Whale,Amphinomidae sp.,"Blanes coast, Catalonia",41.6756,2.81398333333333
SITE0974,Whale,Amphipoda sp.,"Blanes coast, Catalonia",41.6756,2.81398333333333
SITE0974,Whale,Anthura gracilis,"Blanes coast, Catalonia",41.6756,2.81398333333333
SITE0974,Whale,Aphelochaeta cf. multibranchis,"Blanes coast, Catalonia",41.6756,2.81398333333333
SITE0974,Whale,Aplysiomorpha sp.,"Blanes coast, Catalonia",41.6756,2.81398333333333
SITE0974,Whale,Aponuphis bilineata,"Blanes coast, Catalonia",41.6756,2.81398333333333
SITE0974,Whale,Caecum sp.,"Blanes coast, Catalonia",41.6756,2.81398333333333
SITE0974,Whale,Capitella capitata,"Blanes coast, Catalonia",41.6756,2.81398333333333
SITE0974,Whale,Capitella sp.,"Blanes coast, Catalonia",41.6756,2.81398333333333
SITE0974,Whale,Caprella acanthifera,"Blanes coast, Catalonia",41.6756,2.81398333333333
SITE0974,Whale,Caulleriella cf. bioculata,"Blanes coast, Catalonia",41.6756,2.81398333333333
SITE0974,Whale,Caulleriella sp.,"Blanes coast, Catalonia",41.6756,2.81398333333333
SITE0974,Whale,Cephalothrix rufifrons,"Blanes coast, Catalonia",41.6756,2.81398333333333
SITE0974,Whale,Cerithiidae sp.,"Blanes coast, Catalonia",41.6756,2.81398333333333
SITE0974,Whale,Chironomidae sp.,"Blanes coast, Catalonia",41.6756,2.81398333333333
SITE0974,Whale,Chrysopetalum debile,"Blanes coast, Catalonia",41.6756,2.81398333333333
SITE0974,Whale,Cirriformia sp.,"Blanes coast, Catalonia",41.6756,2.81398333333333
SITE0974,Whale,Cnidaria sp.,"Blanes coast, Catalonia",41.6756,2.81398333333333
SITE0974,Whale,Cuthona sp.,"Blanes coast, Catalonia",41.6756,2.81398333333333
SITE0974,Whale,Decapoda natantia sp.1,"Blanes coast, Catalonia",41.6756,2.81398333333333
SITE0974,Whale,Decapoda natantia sp.2,"Blanes coast, Catalonia",41.6756,2.81398333333333
SITE0974,Whale,Decapoda sp.,"Blanes coast, Catalonia",41.6756,2.81398333333333
SITE0974,Whale,Diogenes pugilator,"Blanes coast, Catalonia",41.6756,2.81398333333333
SITE0974,Whale,Doto sp.,"Blanes coast, Catalonia",41.6756,2.81398333333333
SITE0974,Whale,Enoplus meridionalis,"Blanes coast, Catalonia",41.6756,2.81398333333333
SITE0974,Whale,Eulalia sp.,"Blanes coast, Catalonia",41.6756,2.81398333333333
SITE0974,Whale,Eunice cf. vittata,"Blanes coast, Catalonia",41.6756,2.81398333333333
SITE0974,Whale,Eunice sp.,"Blanes coast, Catalonia",41.6756,2.81398333333333
SITE0974,Whale,Eunicidae sp.,"Blanes coast, Catalonia",41.6756,2.81398333333333
SITE0974,Whale,Eusyllinae sp.,"Blanes coast, Catalonia",41.6756,2.81398333333333
SITE0974,Whale,Eusyllis lamelligera,"Blanes coast, Catalonia",41.6756,2.81398333333333
SITE0974,Whale,Exogone naidina,"Blanes coast, Catalonia",41.6756,2.81398333333333
SITE0974,Whale,Exogone sp.,"Blanes coast, Catalonia",41.6756,2.81398333333333
SITE0974,Whale,Galatheidea sp.,"Blanes coast, Catalonia",41.6756,2.81398333333333
SITE0974,Whale,Gasteropoda sp.,"Blanes coast, Catalonia",41.6756,2.81398333333333
SITE0974,Whale,Genetyllis rubiginosa,"Blanes coast, Catalonia",41.6756,2.81398333333333
SITE0974,Whale,Glycera tesselata,"Blanes coast, Catalonia",41.6756,2.81398333333333
SITE0974,Whale,Gnathiidae sp.,"Blanes coast, Catalonia",41.6756,2.81398333333333
SITE0974,Whale,Harmothoe cf. antilopes,"Blanes coast, Catalonia",41.6756,2.81398333333333
SITE0974,Whale,Harmothoe cf. longisetis,"Blanes coast, Catalonia",41.6756,2.81398333333333
SITE0974,Whale,Harmothoe extenuata,"Blanes coast, Catalonia",41.6756,2.81398333333333
SITE0974,Whale,Harmothoe imbricata,"Blanes coast, Catalonia",41.6756,2.81398333333333
SITE0974,Whale,Harmothoe sp.,"Blanes coast, Catalonia",41.6756,2.81398333333333
SITE0974,Whale,Haustoriidae sp.1,"Blanes coast, Catalonia",41.6756,2.81398333333333
SITE0974,Whale,Haustoriidae sp.2,"Blanes coast, Catalonia",41.6756,2.81398333333333
SITE0974,Whale,Haustoriidae sp.3,"Blanes coast, Catalonia",41.6756,2.81398333333333
SITE0974,Whale,Hesione pantherina,"Blanes coast, Catalonia",41.6756,2.81398333333333
SITE0974,Whale,Hesionidae sp.,"Blanes coast, Catalonia",41.6756,2.81398333333333
SITE0974,Whale,Holothuroidea sp.,"Blanes coast, Catalonia",41.6756,2.81398333333333
SITE0974,Whale,Lepidonotus tenuisetosus,"Blanes coast, Catalonia",41.6756,2.81398333333333
SITE0974,Whale,Leptochelia savignyi,"Blanes coast, Catalonia",41.6756,2.81398333333333
SITE0974,Whale,Leucocephalonemertes aurantiaca,"Blanes coast, Catalonia",41.6756,2.81398333333333
SITE0974,Whale,Lumbrineridae sp.,"Blanes coast, Catalonia",41.6756,2.81398333333333
SITE0974,Whale,Lysidice ninetta,"Blanes coast, Catalonia",41.6756,2.81398333333333
SITE0974,Whale,Malmgreniella sp.,"Blanes coast, Catalonia",41.6756,2.81398333333333
SITE0974,Whale,Myrianida sp.,"Blanes coast, Catalonia",41.6756,2.81398333333333
SITE0974,Whale,Neanthes caudata,"Blanes coast, Catalonia",41.6756,2.81398333333333
SITE0974,Whale,Nebalia kocatasi,"Blanes coast, Catalonia",41.6756,2.81398333333333
SITE0974,Whale,Nereididae sp.,"Blanes coast, Catalonia",41.6756,2.81398333333333
SITE0974,Whale,Nereididae sp.10,"Blanes coast, Catalonia",41.6756,2.81398333333333
SITE0974,Whale,Nereididae sp.11,"Blanes coast, Catalonia",41.6756,2.81398333333333
SITE0974,Whale,Nereididae sp.7,"Blanes coast, Catalonia",41.6756,2.81398333333333
SITE0974,Whale,Nereididae sp.8,"Blanes coast, Catalonia",41.6756,2.81398333333333
SITE0974,Whale,Nereididae sp.9,"Blanes coast, Catalonia",41.6756,2.81398333333333
SITE0974,Whale,Oligochaeta sp.,"Blanes coast, Catalonia",41.6756,2.81398333333333
SITE0974,Whale,Ophiothrix fragilis,"Blanes coast, Catalonia",41.6756,2.81398333333333
SITE0974,Whale,Ophiuroidea sp.,"Blanes coast, Catalonia",41.6756,2.81398333333333
SITE0974,Whale,Ophryotrocha alborana,"Blanes coast, Catalonia",41.6756,2.81398333333333
SITE0974,Whale,Ophryotrocha cf. robusta,"Blanes coast, Catalonia",41.6756,2.81398333333333
SITE0974,Whale,Ophryotrocha puerilis,"Blanes coast, Catalonia",41.6756,2.81398333333333
SITE0974,Whale,Ophryotrocha robusta,"Blanes coast, Catalonia",41.6756,2.81398333333333
SITE0974,Whale,Ophryotrocha sp.,"Blanes coast, Catalonia",41.6756,2.81398333333333
SITE0974,Whale,Oxydromus pallidus,"Blanes coast, Catalonia",41.6756,2.81398333333333
SITE0974,Whale,Paracentrotus lividus,"Blanes coast, Catalonia",41.6756,2.81398333333333
SITE0974,Whale,Paraonidae sp.,"Blanes coast, Catalonia",41.6756,2.81398333333333
SITE0974,Whale,Pectinidae sp.,"Blanes coast, Catalonia",41.6756,2.81398333333333
SITE0974,Whale,Phyllodoce cf. maculata,"Blanes coast, Catalonia",41.6756,2.81398333333333
SITE0974,Whale,Phyllodoce sp.,"Blanes coast, Catalonia",41.6756,2.81398333333333
SITE0974,Whale,Pista malmgreni,"Blanes coast, Catalonia",41.6756,2.81398333333333
SITE0974,Whale,Plakosyllis brevipes,"Blanes coast, Catalonia",41.6756,2.81398333333333
SITE0974,Whale,Polychaeta sp.,"Blanes coast, Catalonia",41.6756,2.81398333333333
SITE0974,Whale,Polycirrus aurantiacus,"Blanes coast, Catalonia",41.6756,2.81398333333333
SITE0974,Whale,Polycirrus medusa,"Blanes coast, Catalonia",41.6756,2.81398333333333
SITE0974,Whale,Polycirrus sp.,"Blanes coast, Catalonia",41.6756,2.81398333333333
SITE0974,Whale,Polydora ciliata,"Blanes coast, Catalonia",41.6756,2.81398333333333
SITE0974,Whale,Polynoidae sp.,"Blanes coast, Catalonia",41.6756,2.81398333333333
SITE0974,Whale,Polyophthalmus pictus,"Blanes coast, Catalonia",41.6756,2.81398333333333
SITE0974,Whale,Prionospio cf. multibranchiata,"Blanes coast, Catalonia",41.6756,2.81398333333333
SITE0974,Whale,Prosobranchia sp.,"Blanes coast, Catalonia",41.6756,2.81398333333333
SITE0974,Whale,Prosthiostomum siphunculus,"Blanes coast, Catalonia",41.6756,2.81398333333333
SITE0974,Whale,Protodorvillea kefersteini,"Blanes coast, Catalonia",41.6756,2.81398333333333
SITE0974,Whale,Runcina cf. africana,"Blanes coast, Catalonia",41.6756,2.81398333333333
SITE0974,Whale,Runcina cf. capreensis,"Blanes coast, Catalonia",41.6756,2.81398333333333
SITE0974,Whale,Runcina sp.1,"Blanes coast, Catalonia",41.6756,2.81398333333333
SITE0974,Whale,Salvatoria sp.,"Blanes coast, Catalonia",41.6756,2.81398333333333
SITE0974,Whale,Schistomeringos rudolphi,"Blanes coast, Catalonia",41.6756,2.81398333333333
SITE0974,Whale,Serpula sp.,"Blanes coast, Catalonia",41.6756,2.81398333333333
SITE0974,Whale,Sphaerosyllis pirifera,"Blanes coast, Catalonia",41.6756,2.81398333333333
SITE0974,Whale,Sphaerosyllis sp.,"Blanes coast, Catalonia",41.6756,2.81398333333333
SITE0974,Whale,Spio decoratus,"Blanes coast, Catalonia",41.6756,2.81398333333333
SITE0974,Whale,Spionidae sp.,"Blanes coast, Catalonia",41.6756,2.81398333333333
SITE0974,Whale,Spirobranchus triqueter,"Blanes coast, Catalonia",41.6756,2.81398333333333
SITE0974,Whale,Syllidae sp.,"Blanes coast, Catalonia",41.6756,2.81398333333333
SITE0974,Whale,Syllides fulvus,"Blanes coast, Catalonia",41.6756,2.81398333333333
SITE0974,Whale,Syllidia armata,"Blanes coast, Catalonia",41.6756,2.81398333333333
SITE0974,Whale,Syllis alternata,"Blanes coast, Catalonia",41.6756,2.81398333333333
SITE0974,Whale,Syllis armillaris,"Blanes coast, Catalonia",41.6756,2.81398333333333
SITE0974,Whale,Syllis cf. variegata,"Blanes coast, Catalonia",41.6756,2.81398333333333
SITE0974,Whale,Syllis gerlachi,"Blanes coast, Catalonia",41.6756,2.81398333333333
SITE0974,Whale,Syllis hyalina,"Blanes coast, Catalonia",41.6756,2.81398333333333
SITE0974,Whale,Syllis prolifera,"Blanes coast, Catalonia",41.6756,2.81398333333333
SITE0974,Whale,Tritonia blainvillei,"Blanes coast, Catalonia",41.6756,2.81398333333333
SITE0977,Wood,Ampharetidae indet.,NW Pacific abyssal plain east of Ogasawara Trench,32.57843333333334,143.7689
SITE0977,Wood,Amphipoda indet.,NW Pacific abyssal plain east of Ogasawara Trench,32.57843333333334,143.7689
SITE0977,Wood,Bairdidae indet.,NW Pacific abyssal plain east of Ogasawara Trench,32.57843333333334,143.7689
SITE0977,Wood,Bayerius sp.,NW Pacific abyssal plain east of Ogasawara Trench,32.57843333333334,143.7689
SITE0977,Wood,Caudinidae indet.,NW Pacific abyssal plain east of Ogasawara Trench,32.57843333333334,143.7689
SITE0977,Wood,Colloniidae indet.,NW Pacific abyssal plain east of Ogasawara Trench,32.57843333333334,143.7689
SITE0977,Wood,Crinitostella sp.,NW Pacific abyssal plain east of Ogasawara Trench,32.57843333333334,143.7689
SITE0977,Wood,Echinoidea indet.,NW Pacific abyssal plain east of Ogasawara Trench,32.57843333333334,143.7689
SITE0977,Wood,Ferreiraella populi,NW Pacific abyssal plain east of Ogasawara Trench,32.57843333333334,143.7689
SITE0977,Wood,Ferreiraella sp.,NW Pacific abyssal plain east of Ogasawara Trench,32.57843333333334,143.7689
SITE0977,Wood,Hydrozoa indet.,NW Pacific abyssal plain east of Ogasawara Trench,32.57843333333334,143.7689
SITE0977,Wood,Isopoda indet.,NW Pacific abyssal plain east of Ogasawara Trench,32.57843333333334,143.7689
SITE0977,Wood,Leptogyropsis sp.,NW Pacific abyssal plain east of Ogasawara Trench,32.57843333333334,143.7689
SITE0977,Wood,Lumbrineridae indet.,NW Pacific abyssal plain east of Ogasawara Trench,32.57843333333334,143.7689
SITE0977,Wood,Maldanidae/Ampharetidae indet.,NW Pacific abyssal plain east of Ogasawara Trench,32.57843333333334,143.7689
SITE0977,Wood,Melanodrymiidae indet.,NW Pacific abyssal plain east of Ogasawara Trench,32.57843333333334,143.7689
SITE0977,Wood,Neomphalida indet.,NW Pacific abyssal plain east of Ogasawara Trench,32.57843333333334,143.7689
SITE0977,Wood,Ophiuroidea indet. sp. 1,NW Pacific abyssal plain east of Ogasawara Trench,32.57843333333334,143.7689
SITE0977,Wood,Ophiuroidea indet. sp. 2,NW Pacific abyssal plain east of Ogasawara Trench,32.57843333333334,143.7689
SITE0977,Wood,Polynoidae indet.,NW Pacific abyssal plain east of Ogasawara Trench,32.57843333333334,143.7689
SITE0977,Wood,Provanna sp. 1,NW Pacific abyssal plain east of Ogasawara Trench,32.57843333333334,143.7689
SITE0977,Wood,Provanna sp. 2,NW Pacific abyssal plain east of Ogasawara Trench,32.57843333333334,143.7689
SITE0977,Wood,Sclerolinum sp.,NW Pacific abyssal plain east of Ogasawara Trench,32.57843333333334,143.7689
SITE0977,Wood,Serpulidae indet.,NW Pacific abyssal plain east of Ogasawara Trench,32.57843333333334,143.7689
SITE0977,Wood,Thyasiridae indet.,NW Pacific abyssal plain east of Ogasawara Trench,32.57843333333334,143.7689
SITE0977,Wood,Xenophyophorea indet.,NW Pacific abyssal plain east of Ogasawara Trench,32.57843333333334,143.7689
SITE0977,Wood,Xyloplax sp.,NW Pacific abyssal plain east of Ogasawara Trench,32.57843333333334,143.7689
SITE0977,Wood,Xyloskenea sp.,NW Pacific abyssal plain east of Ogasawara Trench,32.57843333333334,143.7689
SITE0978,Wood,Idas iwaotakii,East China Sea sunken wood,30.7,127.8
SITE0978,Wood,Idas pacificus,East China Sea sunken wood,30.7,127.8
SITE0978,Wood,Idas sinensis,East China Sea sunken wood,30.7,127.8
SITE0979,Wood,Caymanostella scrippscognaticausa,"Mound 11, Costa Rica",8.9221,-84.3045
SITE0980,Wood,Caymanostella scrippscognaticausa,"Mound 12, Costa Rica",8.9297,-84.3115
SITE0981,Wood,Caymanostella scrippscognaticausa,"Mound 12, Costa Rica",8.9306,-84.3124
SITE0982,Wood,Caymanostella davidalani,"Mound 12, Costa Rica",8.9325,-84.3074
SITE0982,Wood,Caymanostella scrippscognaticausa,"Mound 12, Costa Rica",8.9325,-84.3074
SITE0983,Wood,Caymanostella scrippscognaticausa,"Mound 12, Costa Rica",8.93,-84.3117
SITE0984,Wood,Caymanostella scrippscognaticausa,"Jaco Scar, Costa Rica",9.1262,-84.8384
SITE0985,Wood,Caymanostella davidalani,"Seamount 2, Costa Rica",8.8003,-85.1899
SITE0986,Wood,Caymanostella davidalani,"Jaco Scar, Costa Rica",9.1146,-84.8356
SITE0987,Wood,Caymanostella davidalani,"Jaco Scar, Costa Rica",9.1151,-84.8398
SITE0988,Wood,Caymanostella loresae,"Tamayo Fracture Zone, Gulf of California",22.9628,-108.1576
SITE0989,Wood,Arbaciidae sp.,"CCFZ IFREMER East, Station 161",14.0345,-130.09333333333333
SITE0989,Wood,Caymanostella hades,"CCFZ IFREMER East, Station 161",14.0345,-130.09333333333333
SITE0989,Wood,Caymanostella persephone,"CCFZ IFREMER East, Station 161",14.0345,-130.09333333333333
SITE0989,Wood,Munidopsis sp.,"CCFZ IFREMER East, Station 161",14.0345,-130.09333333333333
SITE0990,Wood,Abditoconus cf. brava,Northern Gulf of Mexico wood-type experiment,28.81364194,-87.82033444
SITE0990,Wood,Bankia,Northern Gulf of Mexico wood-type experiment,28.81364194,-87.82033444
SITE0990,Wood,Spiniapex,Northern Gulf of Mexico wood-type experiment,28.81364194,-87.82033444
SITE0990,Wood,Xylonora,Northern Gulf of Mexico wood-type experiment,28.81364194,-87.82033444
SITE0990,Wood,Xylophagidae sp. 11,Northern Gulf of Mexico wood-type experiment,28.81364194,-87.82033444
SITE0990,Wood,Xylophagidae sp. 16,Northern Gulf of Mexico wood-type experiment,28.81364194,-87.82033444
SITE0990,Wood,Xylopholas,Northern Gulf of Mexico wood-type experiment,28.81364194,-87.82033444
SITE0990,Wood,Xyloredo,Northern Gulf of Mexico wood-type experiment,28.81364194,-87.82033444
SITE0991,Whale,?Pseudomystides sp.,"off Byron Bay, New South Wales",-28.075000000000003,154.08
SITE0991,Whale,Boudemos paulinae,"off Byron Bay, New South Wales",-28.075000000000003,154.08
SITE0991,Whale,Eumida cf. longicirrata,"off Byron Bay, New South Wales",-28.075000000000003,154.08
SITE0991,Whale,Microphthalmus hvalr,"off Byron Bay, New South Wales",-28.075000000000003,154.08
SITE0991,Whale,Neanthes adriangloveri,"off Byron Bay, New South Wales",-28.075000000000003,154.08
SITE0991,Whale,Neanthes visicete,"off Byron Bay, New South Wales",-28.075000000000003,154.08
SITE0991,Whale,Nereis sp.,"off Byron Bay, New South Wales",-28.075000000000003,154.08
SITE0991,Whale,Ophryotrocha dahlgreni,"off Byron Bay, New South Wales",-28.075000000000003,154.08
SITE0991,Whale,Ophryotrocha hanneloreae,"off Byron Bay, New South Wales",-28.075000000000003,154.08
SITE0991,Whale,Ophryotrocha ravarae,"off Byron Bay, New South Wales",-28.075000000000003,154.08
SITE0991,Whale,Orbiniella jamesi,"off Byron Bay, New South Wales",-28.075000000000003,154.08
SITE0991,Whale,Orbiniella sp.,"off Byron Bay, New South Wales",-28.075000000000003,154.08
SITE0991,Whale,Osedax byronbayensis,"off Byron Bay, New South Wales",-28.075000000000003,154.08
SITE0991,Whale,Osedax waadjum,"off Byron Bay, New South Wales",-28.075000000000003,154.08
SITE0991,Whale,Paramphinome cf. australis,"off Byron Bay, New South Wales",-28.075000000000003,154.08
SITE0991,Whale,Paramytha cf. ossicola,"off Byron Bay, New South Wales",-28.075000000000003,154.08
SITE0991,Whale,Phascolosoma undes. sp.,"off Byron Bay, New South Wales",-28.075000000000003,154.08
SITE0991,Whale,Pleijelius keni,"off Byron Bay, New South Wales",-28.075000000000003,154.08
SITE0991,Whale,Protodrilus cf. puniceus,"off Byron Bay, New South Wales",-28.075000000000003,154.08
SITE0991,Whale,Sphaerodoropsis sp.,"off Byron Bay, New South Wales",-28.075000000000003,154.08
SITE0991,Whale,Vrijenhoekia timoharai,"off Byron Bay, New South Wales",-28.075000000000003,154.08
SITE0992,Whale,Ampharetidae indet.,"Palmer Deep, Western Antarctic Peninsula",-64.84166666666667,-64.15333333333334
SITE0992,Whale,Eusiridae/Pontogeneiidae indet. sp. 1,"Palmer Deep, Western Antarctic Peninsula",-64.84166666666667,-64.15333333333334
SITE0992,Whale,Eusiridae/Pontogeneiidae indet. sp. 2,"Palmer Deep, Western Antarctic Peninsula",-64.84166666666667,-64.15333333333334
SITE0992,Whale,Hesionidae indet. or Boudemos,"Palmer Deep, Western Antarctic Peninsula",-64.84166666666667,-64.15333333333334
SITE0992,Whale,Indeterminate large robust pale-pink worm,"Palmer Deep, Western Antarctic Peninsula",-64.84166666666667,-64.15333333333334
SITE0992,Whale,Lysianassidae/Uristidae indet.,"Palmer Deep, Western Antarctic Peninsula",-64.84166666666667,-64.15333333333334
SITE0992,Whale,Munnopsidae indet.,"Palmer Deep, Western Antarctic Peninsula",-64.84166666666667,-64.15333333333334
SITE0992,Whale,Ophryotrocha sp.,"Palmer Deep, Western Antarctic Peninsula",-64.84166666666667,-64.15333333333334
SITE0992,Whale,Zoarcidae indet.,"Palmer Deep, Western Antarctic Peninsula",-64.84166666666667,-64.15333333333334
SITE0992,Whale,cf. Rhodaliidae indet.,"Palmer Deep, Western Antarctic Peninsula",-64.84166666666667,-64.15333333333334
SITE0993,Wood,Rhombonemertes rublinea,"Off Owase, Sea of Kumano",34.11361111111111,136.50972222222222
SITE0994,Wood,Rhombonemertes rublinea,"Off Kumano, Sea of Kumano",33.87177777777778,136.19855555555557
SITE0995,Wood,Erinaceusyllis simonlledoi,NORI-D eastern Clarion-Clipperton Zone wood fall,10.325556666666667,-117.17089666666666
SITE0997,Wood,Pericelis nivea,"Off Owase, Mie, 330 m",34.016666666666666,136.36666666666667
SITE0998,Wood,Abidtoconus cf. brava,Northern Gulf of Mexico 24-log wood experiment,27.135,-89.924
SITE0998,Wood,Acrocirrus or Macrochaeta,Northern Gulf of Mexico 24-log wood experiment,27.135,-89.924
SITE0998,Wood,Actinoscyphia,Northern Gulf of Mexico 24-log wood experiment,27.135,-89.924
SITE0998,Wood,Amphiplica,Northern Gulf of Mexico 24-log wood experiment,27.135,-89.924
SITE0998,Wood,Aonides sp.,Northern Gulf of Mexico 24-log wood experiment,27.135,-89.924
SITE0998,Wood,Astyris,Northern Gulf of Mexico 24-log wood experiment,27.135,-89.924
SITE0998,Wood,Bankia,Northern Gulf of Mexico 24-log wood experiment,27.135,-89.924
SITE0998,Wood,Bivalve [biv-1],Northern Gulf of Mexico 24-log wood experiment,27.135,-89.924
SITE0998,Wood,Bivalve [biv-3],Northern Gulf of Mexico 24-log wood experiment,27.135,-89.924
SITE0998,Wood,Bivalve [biv-4],Northern Gulf of Mexico 24-log wood experiment,27.135,-89.924
SITE0998,Wood,Brachiopod [brach-1],Northern Gulf of Mexico 24-log wood experiment,27.135,-89.924
SITE0998,Wood,Capitella,Northern Gulf of Mexico 24-log wood experiment,27.135,-89.924
SITE0998,Wood,Caymanostella,Northern Gulf of Mexico 24-log wood experiment,27.135,-89.924
SITE0998,Wood,Cnidaria [anem-1],Northern Gulf of Mexico 24-log wood experiment,27.135,-89.924
SITE0998,Wood,Cnidaria [hyd-2],Northern Gulf of Mexico 24-log wood experiment,27.135,-89.924
SITE0998,Wood,Cnidaria [hyd-3],Northern Gulf of Mexico 24-log wood experiment,27.135,-89.924
SITE0998,Wood,Cocculina,Northern Gulf of Mexico 24-log wood experiment,27.135,-89.924
SITE0998,Wood,Copulabyssia,Northern Gulf of Mexico 24-log wood experiment,27.135,-89.924
SITE0998,Wood,Cordesia,Northern Gulf of Mexico 24-log wood experiment,27.135,-89.924
SITE0998,Wood,Crustacean [amph-10],Northern Gulf of Mexico 24-log wood experiment,27.135,-89.924
SITE0998,Wood,Crustacean [amph-11],Northern Gulf of Mexico 24-log wood experiment,27.135,-89.924
SITE0998,Wood,Crustacean [amph-12],Northern Gulf of Mexico 24-log wood experiment,27.135,-89.924
SITE0998,Wood,Crustacean [amph-13],Northern Gulf of Mexico 24-log wood experiment,27.135,-89.924
SITE0998,Wood,Crustacean [barn-1],Northern Gulf of Mexico 24-log wood experiment,27.135,-89.924
SITE0998,Wood,Crustacean [iso-4],Northern Gulf of Mexico 24-log wood experiment,27.135,-89.924
SITE0998,Wood,Crustacean [tan-1],Northern Gulf of Mexico 24-log wood experiment,27.135,-89.924
SITE0998,Wood,Crustacean [tan-5],Northern Gulf of Mexico 24-log wood experiment,27.135,-89.924
SITE0998,Wood,Cryptonome sp.,Northern Gulf of Mexico 24-log wood experiment,27.135,-89.924
SITE0998,Wood,Cyclostrema pompholyx,Northern Gulf of Mexico 24-log wood experiment,27.135,-89.924
SITE0998,Wood,Dillwynella voightae,Northern Gulf of Mexico 24-log wood experiment,27.135,-89.924
SITE0998,Wood,Eccliseogyra cf. maracatu,Northern Gulf of Mexico 24-log wood experiment,27.135,-89.924
SITE0998,Wood,Echinoderm [echn-1],Northern Gulf of Mexico 24-log wood experiment,27.135,-89.924
SITE0998,Wood,Echinoderm [holo-2],Northern Gulf of Mexico 24-log wood experiment,27.135,-89.924
SITE0998,Wood,Echinoderm [holo-5],Northern Gulf of Mexico 24-log wood experiment,27.135,-89.924
SITE0998,Wood,Echinoderm [ophi-1],Northern Gulf of Mexico 24-log wood experiment,27.135,-89.924
SITE0998,Wood,Echinoderm [ophi-2],Northern Gulf of Mexico 24-log wood experiment,27.135,-89.924
SITE0998,Wood,Echinoderm [ophi-3],Northern Gulf of Mexico 24-log wood experiment,27.135,-89.924
SITE0998,Wood,Eunice sp.,Northern Gulf of Mexico 24-log wood experiment,27.135,-89.924
SITE0998,Wood,Eurycope,Northern Gulf of Mexico 24-log wood experiment,27.135,-89.924
SITE0998,Wood,Gastropod [gas-6],Northern Gulf of Mexico 24-log wood experiment,27.135,-89.924
SITE0998,Wood,Gastropod [limp-5],Northern Gulf of Mexico 24-log wood experiment,27.135,-89.924
SITE0998,Wood,Idas,Northern Gulf of Mexico 24-log wood experiment,27.135,-89.924
SITE0998,Wood,Janiralata sp. nov.,Northern Gulf of Mexico 24-log wood experiment,27.135,-89.924
SITE0998,Wood,Leocretes,Northern Gulf of Mexico 24-log wood experiment,27.135,-89.924
SITE0998,Wood,Leptamphopus,Northern Gulf of Mexico 24-log wood experiment,27.135,-89.924
SITE0998,Wood,Leucia sp. cf. violacea,Northern Gulf of Mexico 24-log wood experiment,27.135,-89.924
SITE0998,Wood,Lusitanops cf. cingulatus,Northern Gulf of Mexico 24-log wood experiment,27.135,-89.924
SITE0998,Wood,Macellicephala,Northern Gulf of Mexico 24-log wood experiment,27.135,-89.924
SITE0998,Wood,Mesotanais sp. 2,Northern Gulf of Mexico 24-log wood experiment,27.135,-89.924
SITE0998,Wood,Moelleriopsis sp. 7,Northern Gulf of Mexico 24-log wood experiment,27.135,-89.924
SITE0998,Wood,Mollusc [aplac-1],Northern Gulf of Mexico 24-log wood experiment,27.135,-89.924
SITE0998,Wood,Mollusc [aplac-3],Northern Gulf of Mexico 24-log wood experiment,27.135,-89.924
SITE0998,Wood,Mollusc [polyplac-1],Northern Gulf of Mexico 24-log wood experiment,27.135,-89.924
SITE0998,Wood,Munidopsis,Northern Gulf of Mexico 24-log wood experiment,27.135,-89.924
SITE0998,Wood,Nereis/Neanthes sp. nov. 1 and sp. nov. 2,Northern Gulf of Mexico 24-log wood experiment,27.135,-89.924
SITE0998,Wood,Niomache sp. nov.,Northern Gulf of Mexico 24-log wood experiment,27.135,-89.924
SITE0998,Wood,Ophryotrocha,Northern Gulf of Mexico 24-log wood experiment,27.135,-89.924
SITE0998,Wood,Pagodula aculeata,Northern Gulf of Mexico 24-log wood experiment,27.135,-89.924
SITE0998,Wood,Paronesimoides sp. aff. voightae,Northern Gulf of Mexico 24-log wood experiment,27.135,-89.924
SITE0998,Wood,Phascolosoma,Northern Gulf of Mexico 24-log wood experiment,27.135,-89.924
SITE0998,Wood,Platyhelminth [platy-1],Northern Gulf of Mexico 24-log wood experiment,27.135,-89.924
SITE0998,Wood,Polychaeta [poly-11],Northern Gulf of Mexico 24-log wood experiment,27.135,-89.924
SITE0998,Wood,Polychaeta [poly-14],Northern Gulf of Mexico 24-log wood experiment,27.135,-89.924
SITE0998,Wood,Polychaeta [poly-20],Northern Gulf of Mexico 24-log wood experiment,27.135,-89.924
SITE0998,Wood,Polychaeta [poly-26],Northern Gulf of Mexico 24-log wood experiment,27.135,-89.924
SITE0998,Wood,Polychaeta [poly-29],Northern Gulf of Mexico 24-log wood experiment,27.135,-89.924
SITE0998,Wood,Polychaeta [poly-2],Northern Gulf of Mexico 24-log wood experiment,27.135,-89.924
SITE0998,Wood,Polychaeta [poly-31],Northern Gulf of Mexico 24-log wood experiment,27.135,-89.924
SITE0998,Wood,Polychaeta [poly-51],Northern Gulf of Mexico 24-log wood experiment,27.135,-89.924
SITE0998,Wood,Polychaeta [poly-55],Northern Gulf of Mexico 24-log wood experiment,27.135,-89.924
SITE0998,Wood,Polychaeta [poly-62],Northern Gulf of Mexico 24-log wood experiment,27.135,-89.924
SITE0998,Wood,Polychaeta [poly-68],Northern Gulf of Mexico 24-log wood experiment,27.135,-89.924
SITE0998,Wood,Polychaeta [poly-79],Northern Gulf of Mexico 24-log wood experiment,27.135,-89.924
SITE0998,Wood,Polychaeta [poly-91],Northern Gulf of Mexico 24-log wood experiment,27.135,-89.924
SITE0998,Wood,Polychaeta [poly-94],Northern Gulf of Mexico 24-log wood experiment,27.135,-89.924
SITE0998,Wood,Polychaeta [poly-95],Northern Gulf of Mexico 24-log wood experiment,27.135,-89.924
SITE0998,Wood,Polychaeta [poly-97],Northern Gulf of Mexico 24-log wood experiment,27.135,-89.924
SITE0998,Wood,Polychaeta [poly-H],Northern Gulf of Mexico 24-log wood experiment,27.135,-89.924
SITE0998,Wood,Polychaeta [sib-1],Northern Gulf of Mexico 24-log wood experiment,27.135,-89.924
SITE0998,Wood,Prionospio,Northern Gulf of Mexico 24-log wood experiment,27.135,-89.924
SITE0998,Wood,Sige sp.,Northern Gulf of Mexico 24-log wood experiment,27.135,-89.924
SITE0998,Wood,Spiniapex,Northern Gulf of Mexico 24-log wood experiment,27.135,-89.924
SITE0998,Wood,Sponge [por-1],Northern Gulf of Mexico 24-log wood experiment,27.135,-89.924
SITE0998,Wood,Valettiopsis lincolni,Northern Gulf of Mexico 24-log wood experiment,27.135,-89.924
SITE0998,Wood,Vigtorniella,Northern Gulf of Mexico 24-log wood experiment,27.135,-89.924
SITE0998,Wood,Worms [ech-1],Northern Gulf of Mexico 24-log wood experiment,27.135,-89.924
SITE0998,Wood,Worms [nem-1],Northern Gulf of Mexico 24-log wood experiment,27.135,-89.924
SITE0998,Wood,Worms [oli-1],Northern Gulf of Mexico 24-log wood experiment,27.135,-89.924
SITE0998,Wood,Xylonora,Northern Gulf of Mexico 24-log wood experiment,27.135,-89.924
SITE0998,Wood,Xylophaga,Northern Gulf of Mexico 24-log wood experiment,27.135,-89.924
SITE0998,Wood,Xylopholas,Northern Gulf of Mexico 24-log wood experiment,27.135,-89.924
SITE0998,Wood,Xyloredo,Northern Gulf of Mexico 24-log wood experiment,27.135,-89.924
SITE0998,Wood,Zoromunna sp. nov.,Northern Gulf of Mexico 24-log wood experiment,27.135,-89.924
SITE0998,Wood,aff. Notoxenoides gen. et sp. nov.,Northern Gulf of Mexico 24-log wood experiment,27.135,-89.924
SITE0998,Wood,amph-unid,Northern Gulf of Mexico 24-log wood experiment,27.135,-89.924
SITE0998,Wood,deca-unid,Northern Gulf of Mexico 24-log wood experiment,27.135,-89.924
SITE0998,Wood,gas-5,Northern Gulf of Mexico 24-log wood experiment,27.135,-89.924
SITE0998,Wood,gas-unid,Northern Gulf of Mexico 24-log wood experiment,27.135,-89.924
SITE0998,Wood,holo-juv,Northern Gulf of Mexico 24-log wood experiment,27.135,-89.924
SITE0998,Wood,holo-unid,Northern Gulf of Mexico 24-log wood experiment,27.135,-89.924
SITE0998,Wood,idas-juv,Northern Gulf of Mexico 24-log wood experiment,27.135,-89.924
SITE0998,Wood,iso-unid,Northern Gulf of Mexico 24-log wood experiment,27.135,-89.924
SITE0998,Wood,mys-1,Northern Gulf of Mexico 24-log wood experiment,27.135,-89.924
SITE0998,Wood,poly-45,Northern Gulf of Mexico 24-log wood experiment,27.135,-89.924
SITE0998,Wood,poly-5C,Northern Gulf of Mexico 24-log wood experiment,27.135,-89.924
SITE0998,Wood,poly-63C,Northern Gulf of Mexico 24-log wood experiment,27.135,-89.924
SITE0998,Wood,poly-int,Northern Gulf of Mexico 24-log wood experiment,27.135,-89.924
SITE0998,Wood,poly-unid,Northern Gulf of Mexico 24-log wood experiment,27.135,-89.924
SITE0998,Wood,scaph-1,Northern Gulf of Mexico 24-log wood experiment,27.135,-89.924
SITE0998,Wood,xylo-unid,Northern Gulf of Mexico 24-log wood experiment,27.135,-89.924
SITE1000,Whale,Annelida: Maldanidae: Nicomache sp. (tubeworm 1),Diamantina Zone WF1 — Dordrecht Deep,-33.4662,101.5553
SITE1000,Whale,Annelida: Phyllodocida: Nereis sp.,Diamantina Zone WF1 — Dordrecht Deep,-33.4662,101.5553
SITE1000,Whale,Annelida: Polynoidae (scale worm),Diamantina Zone WF1 — Dordrecht Deep,-33.4662,101.5553
SITE1000,Whale,Mollusca: Gastropoda spp.,Diamantina Zone WF1 — Dordrecht Deep,-33.4662,101.5553
SITE1001,Whale,Annelida: Maldanidae: Nicomache sp. (tubeworm 1),Diamantina Zone WF2,-32.502,96.5286
SITE1001,Whale,Annelida: Polynoidae (scale worm),Diamantina Zone WF2,-32.502,96.5286
SITE1001,Whale,Annelida: Sabellida: Osedax sp. 1 (bone-eating worm 1),Diamantina Zone WF2,-32.502,96.5286
SITE1001,Whale,Annelida: Sabellida: Osedax sp. 2 (bone-eating worm 2),Diamantina Zone WF2,-32.502,96.5286
SITE1001,Whale,Arthropoda: Decapoda: Munidopsis sp. 1 (squat lobster),Diamantina Zone WF2,-32.502,96.5286
SITE1001,Whale,Arthropoda: Decapoda: Munidopsis sp. 2 (squat lobster),Diamantina Zone WF2,-32.502,96.5286
SITE1001,Whale,Cnidaria: Actiniaria: Ostiactis sp.,Diamantina Zone WF2,-32.502,96.5286
SITE1001,Whale,Mollusca: Bivalve: Adipicola sp.,Diamantina Zone WF2,-32.502,96.5286
SITE1001,Whale,Mollusca: Gastropoda spp.,Diamantina Zone WF2,-32.502,96.5286
SITE1002,Whale,Annelida: Chaetopteridae: Phyllochaetopterus sp. (tubeworm 2),Diamantina Zone WF3,-32.8059,96.2777
SITE1002,Whale,Annelida: Maldanidae: Nicomache sp. (tubeworm 1),Diamantina Zone WF3,-32.8059,96.2777
SITE1002,Whale,Annelida: Phyllodocida: Nereis sp.,Diamantina Zone WF3,-32.8059,96.2777
SITE1002,Whale,Annelida: Polynoidae (scale worm),Diamantina Zone WF3,-32.8059,96.2777
SITE1002,Whale,Annelida: Sabellida: Osedax sp. 1 (bone-eating worm 1),Diamantina Zone WF3,-32.8059,96.2777
SITE1002,Whale,Annelida: Sabellida: Osedax sp. 2 (bone-eating worm 2),Diamantina Zone WF3,-32.8059,96.2777
SITE1002,Whale,Arthropoda: Amphipoda: Caprellidae sp.,Diamantina Zone WF3,-32.8059,96.2777
SITE1002,Whale,Arthropoda: Amphipoda: Lysianassidae sp. & Stegocephalidae sp.,Diamantina Zone WF3,-32.8059,96.2777
SITE1002,Whale,Arthropoda: Decapoda: Munidopsis sp. 1 (squat lobster),Diamantina Zone WF3,-32.8059,96.2777
SITE1002,Whale,Cnidaria: Actiniaria: Ostiactis sp.,Diamantina Zone WF3,-32.8059,96.2777
SITE1002,Whale,Cnidaria: scyphozoan jellyfish,Diamantina Zone WF3,-32.8059,96.2777
SITE1002,Whale,Echinodermata: Ophioscolecidae: Ophiambix sp.,Diamantina Zone WF3,-32.8059,96.2777
SITE1002,Whale,Echinodermata: Peripodida: Xyloplax sp. (sea daisy),Diamantina Zone WF3,-32.8059,96.2777
SITE1002,Whale,Mollusca: Gastropoda spp.,Diamantina Zone WF3,-32.8059,96.2777
SITE1003,Whale,Annelida: Maldanidae: Nicomache sp. (tubeworm 1),Diamantina Zone WF4,-32.6983,98.5612
SITE1003,Whale,Annelida: Sabellida: Osedax sp. 1 (bone-eating worm 1),Diamantina Zone WF4,-32.6983,98.5612
SITE1003,Whale,Cnidaria: Actiniaria sp. 2,Diamantina Zone WF4,-32.6983,98.5612
SITE1003,Whale,Cnidaria: Actiniaria: Ostiactis sp.,Diamantina Zone WF4,-32.6983,98.5612
SITE1003,Whale,Mollusca: Bivalve: Adipicola sp.,Diamantina Zone WF4,-32.6983,98.5612
SITE1004,Whale,Abyssogena southwardae,Diamantina Zone WF5,-32.7121,98.5722
SITE1004,Whale,Annelida: Maldanidae: Nicomache sp. (tubeworm 1),Diamantina Zone WF5,-32.7121,98.5722
SITE1004,Whale,Annelida: Polynoidae (scale worm),Diamantina Zone WF5,-32.7121,98.5722
SITE1004,Whale,Annelida: Sabellida: Osedax sp. 1 (bone-eating worm 1),Diamantina Zone WF5,-32.7121,98.5722
SITE1004,Whale,Arthropoda: Decapoda: Munidopsis sp. 1 (squat lobster),Diamantina Zone WF5,-32.7121,98.5722
SITE1004,Whale,Cnidaria: Actiniaria sp. 2,Diamantina Zone WF5,-32.7121,98.5722
SITE1004,Whale,Echinodermata: Amphiuridae: Silax sp.,Diamantina Zone WF5,-32.7121,98.5722
SITE1004,Whale,Echinodermata: Ophioscolecidae sp.,Diamantina Zone WF5,-32.7121,98.5722
SITE1004,Whale,Echinodermata: Peripodida: Xyloplax sp. (sea daisy),Diamantina Zone WF5,-32.7121,98.5722
SITE1004,Whale,Mollusca: Gastropoda spp.,Diamantina Zone WF5,-32.7121,98.5722
SITE1005,Whale,Acesta sp.,Hood Canyon — SuBastian dive S0315,-34.74,119.66
SITE1005,Whale,Acharax,Hood Canyon — SuBastian dive S0315,-34.74,119.66
SITE1005,Whale,Calyptogena sp.,Hood Canyon — SuBastian dive S0315,-34.74,119.66
SITE1005,Whale,Eunicidae,Hood Canyon — SuBastian dive S0315,-34.74,119.66
SITE1005,Whale,Eunoe sp.,Hood Canyon — SuBastian dive S0315,-34.74,119.66
SITE1005,Whale,Fusitriton oregonensis,Hood Canyon — SuBastian dive S0315,-34.74,119.66
SITE1005,Whale,Gnathiidae,Hood Canyon — SuBastian dive S0315,-34.74,119.66
SITE1005,Whale,Janthina,Hood Canyon — SuBastian dive S0315,-34.74,119.66
SITE1005,Whale,Leptamphopus?,Hood Canyon — SuBastian dive S0315,-34.74,119.66
SITE1005,Whale,Leptamphropus,Hood Canyon — SuBastian dive S0315,-34.74,119.66
SITE1005,Whale,Lucinidae,Hood Canyon — SuBastian dive S0315,-34.74,119.66
SITE1005,Whale,Lucinoma sp.,Hood Canyon — SuBastian dive S0315,-34.74,119.66
SITE1005,Whale,Lysianassidae,Hood Canyon — SuBastian dive S0315,-34.74,119.66
SITE1005,Whale,Munnidae,Hood Canyon — SuBastian dive S0315,-34.74,119.66
SITE1005,Whale,Nebalia,Hood Canyon — SuBastian dive S0315,-34.74,119.66
SITE1005,Whale,Oedicerotidae,Hood Canyon — SuBastian dive S0315,-34.74,119.66
SITE1005,Whale,Parataniadae,Hood Canyon — SuBastian dive S0315,-34.74,119.66
SITE1005,Whale,Phoxocephalidae,Hood Canyon — SuBastian dive S0315,-34.74,119.66
SITE1005,Whale,Phyllochaetopterus? / chaetopterid polychaetes,Hood Canyon — SuBastian dive S0315,-34.74,119.66
SITE1005,Whale,Pyrgo,Hood Canyon — SuBastian dive S0315,-34.74,119.66
SITE1005,Whale,Sassia remensa,Hood Canyon — SuBastian dive S0315,-34.74,119.66
SITE1005,Whale,Seba,Hood Canyon — SuBastian dive S0315,-34.74,119.66
SITE1005,Whale,Seba sp.,Hood Canyon — SuBastian dive S0315,-34.74,119.66
SITE1005,Whale,Stenothoidae,Hood Canyon — SuBastian dive S0315,-34.74,119.66
SITE1005,Whale,Thyasiridae,Hood Canyon — SuBastian dive S0315,-34.74,119.66
SITE1005,Whale,Vesicomyidae,Hood Canyon — SuBastian dive S0315,-34.74,119.66
SITE1005,Whale,brachiopods,Hood Canyon — SuBastian dive S0315,-34.74,119.66
SITE1005,Whale,bryozoans,Hood Canyon — SuBastian dive S0315,-34.74,119.66
SITE1005,Whale,echinoids,Hood Canyon — SuBastian dive S0315,-34.74,119.66
SITE1005,Whale,gastropods,Hood Canyon — SuBastian dive S0315,-34.74,119.66
SITE1005,Whale,limpet shells,Hood Canyon — SuBastian dive S0315,-34.74,119.66
SITE1005,Whale,protobranchs,Hood Canyon — SuBastian dive S0315,-34.74,119.66
SITE1005,Whale,pteropods,Hood Canyon — SuBastian dive S0315,-34.74,119.66
SITE1005,Whale,scaphopods,Hood Canyon — SuBastian dive S0315,-34.74,119.66
SITE1005,Whale,scleractinians,Hood Canyon — SuBastian dive S0315,-34.74,119.66
SITE1005,Whale,serpulids,Hood Canyon — SuBastian dive S0315,-34.74,119.66
SITE1005,Whale,unclassified skeneimorph gastropod,Hood Canyon — SuBastian dive S0315,-34.74,119.66
SITE1005,Whale,“Adipicola” s.l. / bathymodiolinae mussels,Hood Canyon — SuBastian dive S0315,-34.74,119.66
SITE1006,Whale,Serpulidae,Hood Canyon — SuBastian dive S0323,-34.76,119.63
SITE1006,Whale,bathymodiolinae,Hood Canyon — SuBastian dive S0323,-34.76,119.63
SITE1006,Whale,bathymodiolinae / “Adipicola”,Hood Canyon — SuBastian dive S0323,-34.76,119.63
SITE1006,Whale,bathymodiolinae bivalves / “Adipicola”,Hood Canyon — SuBastian dive S0323,-34.76,119.63
SITE1006,Whale,bathymodiolinae mussels,Hood Canyon — SuBastian dive S0323,-34.76,119.63
SITE1006,Whale,sea urchin,Hood Canyon — SuBastian dive S0323,-34.76,119.63
SITE1011,Whale,Ophryotrocha averysea,"Rosebud whale fall, off San Diego, California",32.7769,-117.4881
SITE1011,Whale,Ophryotrocha haleyae,"Rosebud whale fall, off San Diego, California",32.7769,-117.4881
SITE1011,Whale,Ophryotrocha scoobyi,"Rosebud whale fall, off San Diego, California",32.7769,-117.4881
SITE1011,Whale,Ophryotrocha tilici,"Rosebud whale fall, off San Diego, California",32.7769,-117.4881
SITE1012,Whale,Ophryotrocha averysea,"Pedro whale fall, near Channel Islands, California",33.7704,-119.5241
SITE1013,Whale,Ophryotrocha averysea,"Pebbles whale fall, Monterey Submarine Canyon",36.803,-121.9946
SITE1015,Wood,Papuadocus blodiwai,"CP4062, Bismarck Sea off Vanimo",-2.6166667,141.3
SITE1016,Wood,Caymanostella cf. spinimarginata,"SO250-9, Kuril-Kamchatka slope",43.8006833,151.7405333
SITE1017,Wood,Ceradocus hawkingi,Johnston Atoll NA153 H1999 wood fall,16.990982,-169.7693
SITE1017,Wood,Decamastus gracilis,Johnston Atoll NA153 H1999 wood fall,16.990982,-169.7693
SITE1017,Wood,Lithodes sp.,Johnston Atoll NA153 H1999 wood fall,16.990982,-169.7693
SITE1017,Wood,Malmgreniella sp.,Johnston Atoll NA153 H1999 wood fall,16.990982,-169.7693
SITE1017,Wood,Munidopsis cf. pallida,Johnston Atoll NA153 H1999 wood fall,16.990982,-169.7693
SITE1017,Wood,Munidopsis giribeti,Johnston Atoll NA153 H1999 wood fall,16.990982,-169.7693
SITE1017,Wood,Ophiambix aculeatus,Johnston Atoll NA153 H1999 wood fall,16.990982,-169.7693
SITE1017,Wood,Pectinodonta nautilus,Johnston Atoll NA153 H1999 wood fall,16.990982,-169.7693
SITE1017,Wood,xylophagaid bivalves,Johnston Atoll NA153 H1999 wood fall,16.990982,-169.7693
SITE1018,Wood,Munidopsis juxtapallida,Shoho Seamount wood fall — 1901 m (Komai 2025),32.3495,138.6563333333
SITE1018,Wood,Munidopsis lignicola,Shoho Seamount wood fall — 1901 m (Komai 2025),32.3495,138.6563333333
SITE1019,Whale,Vigtorniella flokati,Oahu slope implanted whale bones,21.35,-158.216667
