Event_ID,Site_ID,Event_Name,Fall_Type,Origin,Analysis_Include,Exclusion_Reason,Replicate_Count,Replicate_Unit,Event_Latitude,Event_Longitude,Verbatim_Coordinates,Event_Depth_Min_m,Event_Depth_Max_m,Discovery_Date,Verbatim_Discovery_Date,Deployment_Date,Verbatim_Deployment_Date,Recovery_Date,Verbatim_Recovery_Date,Substrate_Detail,Substrate_Origin,Experimental_Design_Notes,Event_Notes,Cetacean_Common_Name,Cetacean_Scientific_Name,Carcass_Material,Carcass_Length_m,Carcass_Weight_t,Animal_Life_Stage,Wood_Substrate_Type,Plant_Taxon,Wood_Common_Name,Wood_Length_cm,Wood_Width_cm,Wood_Height_cm,Wood_Mass,Wood_Treatment,Animal_Taxon,Animal_Common_Name,Animal_Group,Animal_Material,Contributor
EVT0001,SITE0001,whale fall,Whale,Natural,1,,,,-28.5186516666666,-41.6568283333333,,4204,4204,,2013,,2013,,,hard,Brazilian whale fall,,,Antartic minke whale,Balaenoptera bonaerensis,skeleton,1.6,,juvenile,,,,,,,,,,,,,cherisse.persad@gmail.com
EVT0002,SITE0876,BioSuOr SP1500 experimental humpback-whale vertebra lander,Whale,Experimental,1,,,,-25.894,-45.0483333333333,"25˚55' S, 045˚00' W",1508,1508,,,2013-06-05,2013-06-05,2014-10-09,2014-10-09,"thoracic vertebra of Megaptera novaeangliae, transversely cut into front/rear halves; whale-bone substrate on lander box/lid",thoracic vertebrae collected 23 October 2012 from one stranded humpback whale on the SE Brazilian coast,"Free-fall lander with three replicated substrate sets (bone/wood/control) on boxes and lids. For the 2022 endofauna analysis, one-quarter of one half-vertebra per recovered lander was dissected; box bone sampled except SP1500, where lid bone was sampled.",,humpback whale,Megaptera novaeangliae,thoracic vertebra,,,,,,,,,,,,,,,,cherisse.persad@gmail.com
EVT0003,SITE0003,BioSuOr SP3300 experimental humpback-whale vertebra lander,Whale,Experimental,1,,,,-28.0285,-43.5296666666666,"27˚45' S, 043˚40' W",3358,3358,,,2013-06-04,2013-06-04,2015-05-25,2015-05-25,"thoracic vertebra of Megaptera novaeangliae, transversely cut into front/rear halves; whale-bone substrate on lander box/lid",thoracic vertebrae collected 23 October 2012 from one stranded humpback whale on the SE Brazilian coast,"Free-fall lander with three replicated substrate sets (bone/wood/control) on boxes and lids. For the 2022 endofauna analysis, one-quarter of one half-vertebra per recovered lander was dissected; box bone sampled except SP1500, where lid bone was sampled.",,humpback whale,Megaptera novaeangliae,thoracic vertebra,,,,,,,,,,,,,,,,cherisse.persad@gmail.com
EVT0004,SITE0871,BioSuOr RJ3300 experimental humpback-whale vertebra lander,Whale,Experimental,1,,,,-25.3383333333333,-39.6411666666666,"25˚40' S, 040˚07' W",3285,3285,,,2013-06-02,2013-06-02,2015-05-23,2015-05-23,"thoracic vertebra of Megaptera novaeangliae, transversely cut into front/rear halves; whale-bone substrate on lander box/lid",thoracic vertebrae collected 23 October 2012 from one stranded humpback whale on the SE Brazilian coast,"Free-fall lander with three replicated substrate sets (bone/wood/control) on boxes and lids. For the 2022 endofauna analysis, one-quarter of one half-vertebra per recovered lander was dissected; box bone sampled except SP1500, where lid bone was sampled.",,humpback whale,Megaptera novaeangliae,thoracic vertebra,,,,,,,,,,,,,,,,cherisse.persad@gmail.com
EVT0005,SITE0875,BioSuOr ES1500 experimental humpback-whale vertebra lander,Whale,Experimental,1,,,,-21.4501666666666,-39.8965,"21˚20' S, 039˚45' W",1491,1491,,,2013-05-31,2013-05-31,2015-05-21,2015-05-21,"thoracic vertebra of Megaptera novaeangliae, transversely cut into front/rear halves; whale-bone substrate on lander box/lid",thoracic vertebrae collected 23 October 2012 from one stranded humpback whale on the SE Brazilian coast,"Free-fall lander with three replicated substrate sets (bone/wood/control) on boxes and lids. For the 2022 endofauna analysis, one-quarter of one half-vertebra per recovered lander was dissected; box bone sampled except SP1500, where lid bone was sampled.",,humpback whale,Megaptera novaeangliae,thoracic vertebra,,,,,,,,,,,,,,,,cherisse.persad@gmail.com
EVT0006,SITE0877,BioSuOr ES3300 experimental humpback-whale vertebra lander,Whale,Experimental,1,,,,-22.8408333333333,-38.4163333333333,"22˚50' S, 038˚25' W",3322,3322,,,2013-06-01,2013-06-01,2015-05-22,2015-05-22,"thoracic vertebra of Megaptera novaeangliae, transversely cut into front/rear halves; whale-bone substrate on lander box/lid",thoracic vertebrae collected 23 October 2012 from one stranded humpback whale on the SE Brazilian coast,"Free-fall lander with three replicated substrate sets (bone/wood/control) on boxes and lids. For the 2022 endofauna analysis, one-quarter of one half-vertebra per recovered lander was dissected; box bone sampled except SP1500, where lid bone was sampled.",,humpback whale,Megaptera novaeangliae,thoracic vertebra,,,,,,,,,,,,,,,,cherisse.persad@gmail.com
EVT0007,SITE0007,Brazilian landers,Whale,Experimental,1,,,,-26.6,-46.15,,550,550,,2016,,2016,,,hard,Brazilian landers,,,humpback whale,Megaptera novaeangliae,vertebrae,,,adult,,,,,,,,,,,,,cherisse.persad@gmail.com
EVT0008,SITE0008,Aligator 2,Animal,Experimental,0,Other animal fall; excluded from whale/wood analysis,,,27.3126,-88.927,,2034,2034,,2019,,2019,,,hard,Aligator 2,,,alligator,Alligator mississippiensis,carcass,175.3,19.5,,,,,,,,,,Alligator mississippiensis,alligator,,carcass,cherisse.persad@gmail.com
EVT0009,SITE0890,whale skull,Whale,Unknown,1,,,,33.2,-118.5,,1240,1240,,,,,,,hard,skull,,,,,,,,,,,,,,,,,,,,,jmalfarolucas@gmail.com
EVT0010,SITE0010,whale skull,Whale,Natural,1,,,,36.2933333333333,-122.203333333333,,940,940,,1987,,1987,,,hard,skull,,,,,skull,,,,,,,,,,,,,,,,cherisse.persad@gmail.com
EVT0011,SITE0011,whale skull,Whale,Natural,1,,,,36.4366666666666,-122.263333333333,,1400,1400,,1985,,1985,,,hard,skull,,,,,skull,,,,,,,,,,,,,,,,cherisse.persad@gmail.com
EVT0012,SITE0012,whale skull,Whale,Natural,1,,,,36.94,-122.631666666666,,1100,1100,,1987,,1987,,,hard,skull,,,,,skull,,,,,,,,,,,,,,,,cherisse.persad@gmail.com
EVT0013,SITE0013,cow bone,Animal,Experimental,0,Other animal fall; excluded from whale/wood analysis,,,73.5671111111111,8.15880555555555,,2341,2341,,2017,,2017,,,hard,cow bone,,,cow,Bos taurus,bone,,,,,,,,,,,,Bos taurus,cow,,bone,cherisse.persad@gmail.com
EVT0014,SITE0014,cow bone,Animal,Experimental,0,Other animal fall; excluded from whale/wood analysis,,,73.567,8.15830555555555,,2341,2341,,2017,,2017,,,hard,cow bone,,,cow,Bos taurus,bone,,,,,,,,,,,,Bos taurus,cow,,bone,cherisse.persad@gmail.com
EVT0015,SITE0015,whale bone,Whale,Unknown,1,,,,,,,,,,,,,,,hard,whale bone,,,,,,,,,,,,,,,,,,,,,jmalfarolucas@gmail.com
EVT0016,SITE0016,whale bone,Whale,Unknown,1,,,,,,,150.0,400.0,,,,,,,hard,whale bone,,Reported depth range: 150-400 m; numeric range: 150–400 m.,,,,,,,,,,,,,,,,,,,cherisse.persad@gmail.com
EVT0017,SITE0016,whale skeleton,Whale,Unknown,1,,,,,,,,,,,,,,,hard,whale skeleton,,,,,,,,,,,,,,,,,,,,,jmalfarolucas@gmail.com
EVT0018,SITE0017,drifting whale blubber,Whale,Unknown,1,,,,,,,0,0,,,,,,,hard,drifting whale blubber,,,,,,,,,,,,,,,,,,,,,jmalfarolucas@gmail.com
EVT0019,SITE0018,bone,Whale,Unknown,1,,,,,,,300,300,,,,,,,hard,bone,,,,,,,,,,,,,,,,,,,,,jmalfarolucas@gmail.com
EVT0020,SITE0019,whale skeleton and dolphins,Whale,Unknown,1,,,,,,,100.0,200.0,,,,,,,hard,whale skeleton and dolphins,,Reported depth range: 100-200 m; numeric range: 100–200 m.,,,,,,,,,,,,,,,,,,,cherisse.persad@gmail.com
EVT0021,SITE0020,bone,Whale,Unknown,1,,,,,,,,,,,,,,,hard,bone,,Depth reported as 'few hundred metres'; no numeric depth assigned.,,,,,,,,,,,,,,,,,,,jmalfarolucas@gmail.com
EVT0022,SITE0021,whale jaw,Whale,Natural,1,,,,42.4863833333333,17.0026416666666,,430,430,,2003,,2003,,,hard,whale jaw,,,Fin whale,Balaenoptera physalus,jaw,2.69,,,,,,,,,,,,,,,cherisse.persad@gmail.com
EVT0023,SITE0022,whale jaw,Whale,Unknown,1,,,,,,,300,300,,,,,,,hard,whale jaw,,,,,,,,,,,,,,,,,,,,,jmalfarolucas@gmail.com
EVT0024,SITE0023,whale skull,Whale,Natural,1,,,,41.4783333333333,-9.21166666666666,,300,300,,,,,,,hard,whale skull,,,unknown,unknown,skull,,,,,,,,,,,,,,,,cherisse.persad@gmail.com
EVT0025,SITE0024,sperm whale blubber,Whale,Experimental,1,,,,42.8333333333333,-28.6291666666666,,0,0,,1902,,1902,,,hard,sperm whale blubber,,,sperm whale,Physeter macrocephalus,blubber,,,,,,,,,,,,,,,,cherisse.persad@gmail.com
EVT0026,SITE0025,whale skull,Whale,Unknown,1,,,,-42.9366666666666,-175.543333333333,,880.0,882.0,,,,,,,hard,whale skull,,Reported depth bounds were 882 and 880 m; stored range is 880–882 m.,,,,,,,,,,,,,,,,,,,cherisse.persad@gmail.com
EVT0027,SITE0026,large whale skull,Whale,Natural,1,,,,-43.569,176.3115,,900,900,,1988,,1988,,,hard,large whale skull,,,,,large skull,,,,,,,,,,,,,,,,cherisse.persad@gmail.com
EVT0028,SITE0027,whale skull,Whale,Unknown,1,,,,-44.13,178.526666666666,,937.0,955.0,,,,,,,hard,whale skull,,Reported depth bounds were 955 and 937 m; stored range is 937–955 m.,,,,,,,,,,,,,,,,,,,cherisse.persad@gmail.com
EVT0029,SITE0028,whale skull,Whale,Natural,1,,,,-44.675,174.016666666666,,844,844,,,,,,,hard,whale skull,,,,,skull,,,,,,,,,,,,,,,,cherisse.persad@gmail.com
EVT0030,SITE0029,whale vertebra,Whale,Unknown,1,,,,-39.8666666666666,167.116666666666,,1116.0,1120.0,,,,,,,hard,whale vertebra,,Reported depth bounds were 1120 and 1116 m; stored range is 1116–1120 m.,,,,,,,,,,,,,,,,,,,cherisse.persad@gmail.com
EVT0031,SITE0030,whale bone,Whale,Unknown,1,,,,-39.8866666666666,168.02,,908.0,912.0,,,,,,,hard,whale bone,,Reported depth bounds were 912 and 908 m; stored range is 908–912 m.,,,,,,,,,,,,,,,,,,,cherisse.persad@gmail.com
EVT0032,SITE0031,whale vertebra,Whale,Unknown,1,,,,-43.8583333333333,177.863333333333,,572.0,587.0,,,,,,,hard,whale vertebra,,Reported depth bounds were 587 and 572 m; stored range is 572–587 m.,,,,,,,,,,,,,,,,,,,cherisse.persad@gmail.com
EVT0033,SITE0026,whale vertebra,Whale,Unknown,1,,,,-43.569,176.3115,,372.0,379.0,,,,,,,hard,whale vertebra,,Reported depth bounds were 379 and 372 m; stored range is 372–379 m.,,,,,,,,,,,,,,,,,,,cherisse.persad@gmail.com
EVT0034,SITE0032,whale skull,Whale,Natural,1,,,,-43.2833333333333,174.091666666666,,1242,1242,,1989,,1989,,,hard,whale skull,,,,,skull,,,,,,,,,,,,,,,,cherisse.persad@gmail.com
EVT0035,SITE0033,ACES1 experimental implanted minke-whale bones,Whale,Experimental,1,,,,-63.1645,-61.689,,650,650,,2007,2007-12,December 2007,,,implanted common minke whale bones,whale skull and 2 vertebra,,,minke whale,balaenoptera acutorostrata,skull and 2 vertebra,,,,,,,,,,,,,,,,cherisse.persad@gmail.com
EVT0036,SITE0034,ACES2 experimental implanted minke-whale bones,Whale,Experimental,1,,,,-63.183,-61.636,,568,568,,,2007-12,December 2007,2009-02-09,9 February 2009,implanted common minke whale bones,"1 scapula, 3 vertebra, 1 rib, 4 whale bone pieces",,,,,,,,,,,,,,,,,,,,,cherisse.persad@gmail.com
EVT0037,SITE0035,whale skeleton,Whale,Unknown,0,Same physical event as EVT0988; excluded from analysis.,,,-59.6945166666666,-28.3514833333333,,1444.0,1446.0,,,,,,,hard,whale skeleton,,Reported depth bounds were 1446 and 1444 m; stored range is 1444–1446 m.,,,,,,,,,,,,,,,,,,,cherisse.persad@gmail.com
EVT0038,SITE0036,whale skeleton,Whale,Unknown,0,Same physical event as EVT0061; excluded from analysis.,,,36.7082666666666,-122.105266666666,,1820,1820,,,,,,,hard,whale skeleton,,,,,,,,,,,,,,,,,,,,,cherisse.persad@gmail.com
EVT0039,SITE0036,bovine bones,Animal,Unknown,0,Other animal fall; excluded from whale/wood analysis,,,36.7082666666666,-122.105266666666,,1820,1820,,,,,,,hard,bobine bones,,,,,,,,,,,,,,,,,,,,,cherisse.persad@gmail.com
EVT0040,SITE0037,whale vertebra,Whale,Experimental,1,,,,-62.9888333333333,-60.5575,,21,21,,2009,2009-01-02,2 January 2009,2010-01-25,25 January 2010,hard,whale vertebra,,Whalers Bay Station 1; experimentally deployed juvenile minke-whale caudal vertebra at 21 m; Taboada et al. (2013).,Minke whale,Balaenoptera acutorostrata,caudal vertebra,0.2,,juvenile,,,,,,,,,,,,,cherisse.persad@gmail.com
EVT0041,SITE0901,Whale 1018 implanted blue whale carcass,Whale,Experimental,1,,,,36.7721,-122.0831,,1018,1018,,,2004-10-05,5 October 2004,,,implanted whale carcass,"Del Monte Beach, Monterey, California",Implanted 17-m blue whale; iron train wheels used to overcome buoyancy.,"Braby et al. (2007) identify this event as Whale 1018 at 36.7721°N, 122.0831°W; the original longitude differs from the published coordinate.",Blue whale,,carcass,17,,,,,,,,,,,,,,,cherisse.persad@gmail.com
EVT0042,SITE0039,Whale 2893 natural juvenile gray whale carcass,Whale,Natural,1,,,,36.6131,-122.4341,,2898,2898,,,,,,,natural whale carcass,Natural carcass discovered on Monterey Submarine Canyon floor,,,Gray whale,Eschrichtius robustus,carcass,10,,juvenile,,,,,,,,,,,,,cherisse.persad@gmail.com
EVT0043,SITE0040,whale skeleton,Whale,Unknown,1,,,,31.3453333333333,129.988166666666,,224.0,250.0,,,,,,,hard,whale skeleton,,Reported depth bounds were 250 and 224 m; stored range is 224–250 m.,,,,,,,,,,,,,,,,,,,cherisse.persad@gmail.com
EVT0044,SITE0038,bovine bones,Animal,Unknown,0,Other animal fall; excluded from whale/wood analysis,,,36.7718,-122.1052,,1018,1018,,,,,,,hard,bobine bones,,,,,,,,,,,,,,,,,,,,,cherisse.persad@gmail.com
EVT0045,SITE0038,teleost bones,Animal,Unknown,0,Other animal fall; excluded from whale/wood analysis,,,36.7718,-122.1052,,1018,1018,,,,,,,hard,teleost bones,,,,,,,,,,,,,,,,,,,,,cherisse.persad@gmail.com
EVT0046,SITE0039,teleost bones,Animal,Unknown,0,Other animal fall; excluded from whale/wood analysis,,,36.6101,-122.435366666666,,2898,2898,,,,,,,hard,teleost bones,,,,,,,,,,,,,,,,,,,,,cherisse.persad@gmail.com
EVT0047,SITE0038,bird bones,Animal,Unknown,0,Other animal fall; excluded from whale/wood analysis,,,36.7718,-122.1052,,1018,1018,,,,,,,hard,bird bones,,,,,,,,,,,,,,,,,,,,,cherisse.persad@gmail.com
EVT0048,SITE0041,whale skeleton,Whale,Unknown,0,Same physical event as EVT0989; excluded from analysis.,,,36.7900166666666,-122.88725,,389,389,,,,,,,hard,whale skeleton,,,,,,,,,,,,,,,,,,,,,cherisse.persad@gmail.com
EVT0049,SITE0041,bovine bones,Animal,Unknown,0,Other animal fall; excluded from whale/wood analysis,,,36.7900166666666,-122.88725,,389,389,,,,,,,hard,bobine bones,,,,,,,,,,,,,,,,,,,,,cherisse.persad@gmail.com
EVT0050,SITE0042,whale skeleton,Whale,Experimental,1,,,,58.885,11.1066666666666,,125,125,,2003,,2003,,,hard,whale skeleton,,,Minke whale,Balaenoptera acutorostrata,skeleton,5.3,,,,,,,,,,,,,,,cherisse.persad@gmail.com
EVT0051,SITE0043,whale skeleton,Whale,Unknown,1,,,,36.8029666666666,-121.994616666666,,633,633,,,,,,,hard,whale skeleton,,,,,,,,,,,,,,,,,,,,,jmalfarolucas@gmail.com
EVT0052,SITE0043,bovine bones,Animal,Unknown,0,Other animal fall; excluded from whale/wood analysis,,,36.8029666666666,-121.994616666666,,633,633,,,,,,,hard,bovine bones,,,,,,,,,,,,,,,,,,,,,cherisse.persad@gmail.com
EVT0053,SITE0043,elephant seal bones,Animal,Unknown,0,Other animal fall; excluded from whale/wood analysis,,,36.8029666666666,-121.994616666666,,633,633,,,,,,,hard,elephant seal bones,,,,,,,,,,,,,,,,,,,,,cherisse.persad@gmail.com
EVT0054,SITE0044,fur seal bones,Animal,Unknown,0,Other animal fall; excluded from whale/wood analysis,,,36.6051166666666,-122.154,,873,873,,,,,,,hard,fur seal bones,,,fur seal,Callorhinus ursinus,bones,,,,,,,,,,,,Callorhinus ursinus,fur seal,,bones,cherisse.persad@gmail.com
EVT0055,SITE0036,bovine bones,Animal,Unknown,0,Other animal fall; excluded from whale/wood analysis,,,36.7082666666666,-122.105266666666,,1820,1820,,,,,,,hard,bovine bones,,,,,,,,,,,,,,,,,,,,,cherisse.persad@gmail.com
EVT0056,SITE0039,whale bone,Whale,Unknown,0,Same physical event as EVT0042; excluded from analysis.,,,36.6101,-122.435366666666,,2898,2898,,,,,,,hard,whale bone,,,,,,,,,,,,,,,,,,,,,cherisse.persad@gmail.com
EVT0057,SITE0039,turtle bones,Animal,Unknown,0,Other animal fall; excluded from whale/wood analysis,,,36.6101,-122.435366666666,,2898,2898,,,,,,,hard,turtle bones,,,,,,,,,,,,,,,,,,,,,cherisse.persad@gmail.com
EVT0058,SITE0038,turtle bones,Animal,Unknown,0,Other animal fall; excluded from whale/wood analysis,,,36.7718,-122.1052,,1018,1018,,,,,,,hard,turtle bones,,,,,,,,,,,,,,,,,,,,,cherisse.persad@gmail.com
EVT0059,SITE0039,bovine bones,Animal,Unknown,0,Other animal fall; excluded from whale/wood analysis,,,36.6101,-122.435366666666,,2898,2898,,,,,,,hard,bobine bones,,,,,,,,,,,,,,,,,,,,,cherisse.persad@gmail.com
EVT0060,SITE0045,whale skeleton,Whale,Unknown,0,Same physical event as EVT0041; excluded from analysis.,,,36.7718,-122.1052,,1018,1018,,,,,,,hard,whale skeleton,,,,,,,,,,,,,,,,,,,,,cherisse.persad@gmail.com
EVT0061,SITE0046,Whale 1820 implanted gray whale carcass,Whale,Experimental,1,,,,36.7081,-122.1051,,1820,1820,,,2006-03-20,20 March 2006,,,implanted whale carcass,"Monterey Dunes Colony Beach, Castroville, California",Implanted 10-m gray whale; iron train wheels used to overcome buoyancy.,,Gray whale,Eschrichtius robustus,carcass,10,,,,,,,,,,,,,,,cherisse.persad@gmail.com
EVT0062,SITE0046,bovine bones,Animal,Unknown,0,Other animal fall; excluded from whale/wood analysis,,,36.7082666666666,-122.105266666666,,1820,1820,,,,,,,hard,bobine bones,,,,,,,,,,,,,,,,,,,,,cherisse.persad@gmail.com
EVT0063,SITE0047,Florence experiments,Animal,Experimental,0,Other animal fall; excluded from whale/wood analysis,,,35.05,139.13,,925,925,,,,,,,hard,Florence experiments,,,,,,,,,,,,,,,,,,,,,cherisse.persad@gmail.com
EVT0064,SITE0048,Florence experiments,Animal,Experimental,0,Other animal fall; excluded from whale/wood analysis,,,31.2,129.6,,925,925,,,,,,,hard,Florence experiments,,,,,,,,,,,,,,,,,,,,,cherisse.persad@gmail.com
EVT0065,SITE0049,whale vertebra,Whale,Natural,1,,,,-62.9913666666666,-60.61825,,15,15,2010-01-11,11 January 2010,,2010,2010-01-11,11 January 2010,hard,whale vertebra,,Colatinas Station 2; old whale vertebra of unknown origin collected by scuba at 15 m; Taboada et al. (2013).,,,vertebra,,,,,,,,,,,,,,,,cherisse.persad@gmail.com
EVT0066,SITE0050,whale skull,Whale,Natural,1,,,,52.5,-12,,275,275,,1992,,1992,,,hard,whale skull,,,Cuviers beaked whale,Ziphius cavirostris,skull,,,,,,,,,,,,,,,,cherisse.persad@gmail.com
EVT0067,SITE0050,whale skull,Whale,Unknown,1,,,,52.5,-12,,180,180,,,,,,,hard,whale skull,,,,,,,,,,,,,,,,,,,,,jmalfarolucas@gmail.com
EVT0068,SITE0052,whale skull,Whale,Unknown,1,,,,,,,,,,,,,,,hard,whale skull,,,,,,,,,,,,,,,,,,,,,jmalfarolucas@gmail.com
EVT0069,SITE0053,whale skull,Whale,Unknown,1,,,,,,,90,90,,,,,,,hard,whale skull,,,,,,,,,,,,,,,,,,,,,jmalfarolucas@gmail.com
EVT0070,SITE0054,whale skulll,Whale,Unknown,1,,,,,,,,,,,,,,,hard,whale skulll,,Fair Isle coordinates are unavailable in the original animal metadata; the Aberdeen coordinates are unsupported for this event.,,,,,,,,,,,,,,,,,,,cherisse.persad@gmail.com
EVT0071,SITE0055,whale jaw,Whale,Unknown,1,,,,,,,146,146,,,,,,,hard,whale jaw,,,,,,,,,,,,,,,,,,,,,jmalfarolucas@gmail.com
EVT0072,SITE0056,whale skull,Whale,Natural,1,,,,-46.1666666666667,-61.8333333333333,,104,104,2010-07-21,21 July 2010,,2010,,,hard,whale skull,,"Natural sei-whale skull trawled off Gulf of San Jorge, Argentina; Signorelli & Crespo (2017).",Sei whale,Balaenoptera borealis,skull,,,,,,,,,,,,,,,,cherisse.persad@gmail.com
EVT0073,SITE0057,whale skull,Whale,Natural,1,,,,47.0333333333333,-4.68333333333333,,150,150,,1972,,1972,,,hard,whale skull,,,long-finned pilot whale,globicephala melas,skull,,,,,,,,,,,,,,,,cherisse.persad@gmail.com
EVT0074,SITE0042,whale skeleton,Whale,Experimental,1,,,,58.885,11.1066666666666,,30,30,,2003,,2003,,,hard,whale skeleton,,,Pilot whale,Globicephala melas,skeleton,4.5,,,,,,,,,,,,,,,cherisse.persad@gmail.com
EVT0075,SITE0058,bovine bones,Animal,Experimental,0,Other animal fall; excluded from whale/wood analysis,,,60.1842931666666,5.50879628,,118,118,,2009,,2009,,,hard,bobine bones,,,cow,Bos taurus,bones,0.3,,,,,,,,,,,Bos taurus,cow,,bones,cherisse.persad@gmail.com
EVT0076,SITE0059,whale bone,Whale,Experimental,1,,,,64.1569444444444,-51.6969444444444,,123,123,,2009,,2009,,,hard,whale bone,,,Fin whale,Balaenoptera physalus,bones,,0.06,,,,,,,,,,,,,,cherisse.persad@gmail.com
EVT0077,SITE0060,Torishima Seamount Bryde's whale fall,Whale,Natural,1,,,,30.9241666666666,141.828666666666,,4021,4037,1992,1992,,1993,,,hard/soft,whale skeleton,,"Tiwari et al. (2026) identify this as the natural Bryde's whale fall discovered in 1992 on Torishima Seamount. The 2025 HOV sample was at 30°55.0925'N, 141°48.9416'E and 4021 m; earlier records place the same fall near 4037 m, giving an event depth range of 4021–4037 m.",Bryde's whale,Balaenoptera brydei,skeleton,10.5,12,adult,,,,,,,,,,,,,cherisse.persad@gmail.com
EVT0078,SITE0061,Clayoquot Slope whale fall,Whale,Natural,1,,,,48.6754388888888,-126.0899,,1288,1288,2009,2009,,2009,,,hard/soft,whale skeleton,,"De Leo et al. (2026) identify this as the Clayoquot Slope natural whale fall discovered in 2009 at 1288 m, ~400 m NE of Bullseye Vent; the 16.5 m skeleton was identified as blue or fin whale and included skull bones and 23 caudal vertebrae. Their 2026 observations are a later sampling of the same fall.",blue or fin whale,,skeleton: skull bones and 23 caudal vertebrae,16.5,,adult,,,,,,,,,,,,,cherisse.persad@gmail.com
EVT0079,SITE0062,whale bone,Whale,Unknown,1,,,,,,,170,170,,,,,,,hard,whale bone,,,,,,,,,,,,,,,,,,,,,jmalfarolucas@gmail.com
EVT0080,SITE0063,whale skull,Whale,Unknown,1,,,,,,,200,200,,,,,,,hard,whale skull,,,,,,,,,,,,,,,,,,,,,jmalfarolucas@gmail.com
EVT0081,SITE0064,whale vertebra,Whale,Experimental,1,,,,41.6709722222222,2.8898,,56,56,,,,,,,hard,whale vertebra,,,Minke whale,balaenoptera acutorostrata,,,,,,,,,,,,,,,,,cherisse.persad@gmail.com
EVT0082,SITE0065,seal,Animal,Natural,0,Other animal fall; excluded from whale/wood analysis,,,-54.2967499999999,-37.9045,,156,156,,2013,,2013,,,hard,seal,,,seal,,,,,,,,,,,,,,,seal,,,cherisse.persad@gmail.com
EVT0083,SITE0066,whale vertebra,Whale,Experimental,1,,,,-62.9899166666666,-60.5613888888888,,15,15,,2012,,2012,,,hard,whale vertebra,,,Minke whale,Balaenoptera acutorostrata,caudal bones,,,,,,,,,,,,,,,,cherisse.persad@gmail.com
EVT0084,SITE0067,whale vertebra,Whale,Experimental,1,,,,23.9093466666666,126.36227,,4974,4974,,,,,,,hard,whale vertebra,,,,,vertebrae,,,,,,,,,,,,,,,,cherisse.persad@gmail.com
EVT0085,SITE0068,mamal bones,Animal,Unknown,0,Other animal fall; excluded from whale/wood analysis,,,-3.78943166666666,152.092013055555,,1551,1551,,,,,,,hard,mamal bones,,,,,,,,,,,,,,,,,,,,,cherisse.persad@gmail.com
EVT0086,SITE0069,whale bone,Whale,Experimental,1,,,,44.669,-125.098,,610,610,,2011,,2011,,,hard,whale bone,,,,,bones,,,,,,,,,,,,,,,,cherisse.persad@gmail.com
EVT0087,SITE0069,bovine bones,Animal,Unknown,0,Other animal fall; excluded from whale/wood analysis,,,44.669,-125.098,,610,610,,,,,,,hard,bobine bones,,,,,,,,,,,,,,,,,,,,,cherisse.persad@gmail.com
EVT0088,SITE0070,fur seal bones,Animal,Experimental,0,Other animal fall; excluded from whale/wood analysis,,,36.608544,-122.156694,,740,740,,2009,,2009,,,hard,fur seal bones,,,fur seal,Callorhinus ursinus,scapula and ribs,,,,,,,,,,,,Callorhinus ursinus,fur seal,,scapula and ribs,cherisse.persad@gmail.com
EVT0089,SITE0071,pig bones,Animal,Unknown,0,Other animal fall; excluded from whale/wood analysis,,,-37.78355,49.64475,,2908,2908,,,,,,,hard,pig bones,,,,,,,,,,,,,,,,,,,,,cherisse.persad@gmail.com
EVT0090,SITE0072,turtle bones,Animal,Unknown,0,Other animal fall; excluded from whale/wood analysis,,,-15.704,167.0435,,441,441,,,,,,,hard,turtle bones,,,,,,,,,,,,,,,,,,,,,cherisse.persad@gmail.com
EVT0091,SITE0072,whale bone,Whale,Unknown,1,,,,-15.704,167.0435,,441,441,,,,,,,hard,whale bone,,,,,,,,,,,,,,,,,,,,,jmalfarolucas@gmail.com
EVT0092,SITE0073,whale bone,Whale,Experimental,1,,,,-41.373,42.9106666666666,,732,732,,,2009-12-04,4 December 2009,2011-11-20,20 November 2011,whale bones,"Bones from previously stranded whales, frozen and transported for deployment","Whale-bone package in a coarse-net bag attached to the same mooring as the mango-wood package; two minke vertebrae, one minke vertebral cap, and ribs from humpback and northern bottlenose whales.",Experimental whale-bone deployment at Coral Seamount; total listed bone mass 13.65 kg; no Osedax observed after ~2 years.,"minke, humpback and northern bottlenose whales",,bone,,0.01365,,,,,,,,,,,,,,cherisse.persad@gmail.com
EVT0093,SITE0074,whale bone,Whale,Experimental,1,,,,-32.7118333333333,57.2718333333333,,750,750,,,2009-11-18,18 November 2009,2011-12-14,14 December 2011,whale bones,"Bones from previously stranded whales, frozen and transported for deployment","Whale-bone package in a coarse-net bag attached to the same mooring as the mango-wood package; 1/2 sperm-whale vertebra, one minke vertebra, and ribs from humpback and northern bottlenose whales.",Experimental whale-bone deployment at Atlantis Bank; total listed bone mass 17.85 kg; no Osedax observed after ~2 years.,"sperm, minke, humpback and northern bottlenose whales",,bone,,0.01785,,,,,,,,,,,,,,cherisse.persad@gmail.com
EVT0094,SITE0075,cow bone,Animal,Experimental,0,Other animal fall; excluded from whale/wood analysis,,,12.716915,156.453428333333,,3225,3225,,2016,,2016,,,hard,cow bone,,,cow,Bos taurus,bones,,,,,,,,,,,,Bos taurus,cow,,bones,cherisse.persad@gmail.com
EVT0095,SITE0076,cow bone,Animal,Experimental,0,Other animal fall; excluded from whale/wood analysis,,,12.9493333333333,156.954166666666,,1427.5,1427.5,,2018,,2018,,,hard,cow bone,,,cow,Bos taurus,bones,,,,,,,,,,,,Bos taurus,cow,,bones,cherisse.persad@gmail.com
EVT0096,SITE0077,cow skeleton,Animal,Experimental,0,Other animal fall; excluded from whale/wood analysis,,,38.2809333333333,-9.11223333333333,,1000,1000,,2011,,2011,,,hard,cow skeleton,,,cow,Bos taurus,skeleton,,0.57,,,,,,,,,,Bos taurus,cow,,skeleton,cherisse.persad@gmail.com
EVT0097,SITE0078,dolphin skull,Animal,Unknown,0,Other animal fall; excluded from whale/wood analysis,,,28,127,,300.0,400.0,,,,,,,hard,dolphin skull,,Reported depth bounds were 400 and 300 m; stored range is 300–400 m.,,,,,,,,,,,,,,,,,,,cherisse.persad@gmail.com
EVT0098,SITE0079,whale bone,Whale,Unknown,1,,,,-36.4833333333333,-73.5666666666666,,250,250,,,,,,,hard,whale bone,,,,,,,,,,,,,,,,,,,,,jmalfarolucas@gmail.com
EVT0099,SITE0080,Mid-Atlantic Ridge juvenile sperm-whale experiment,Whale,Experimental,1,,,,38.4651666666666,-28.6216666666666,,760,760,,,2015-08-22,22 Aug 2015,,,hard,whale skeleton,,"Silva et al. 2021 publisher abstract: juvenile sperm whale deliberately sunk south of Faial, Azores, at 760 m in 2015 and monitored for one year with seven submersible dives. Occurrence records are based on the available published abstract; full-text confirmation is unavailable.",sperm whale,Physeter macrocephalus,whole carcass,10,,juvenile male,,,,,,,,,,,,,cherisse.persad@gmail.com
EVT0100,SITE0881,cow bone,Animal,Experimental,0,Other animal fall; excluded from whale/wood analysis,,,37.2886666666666,-32.2755,,1701,1701,,2011,,2011,,,hard,cow bone,,,cow,Bos taurus,bone,,,,,,,,,,,,Bos taurus,cow,,bone,cherisse.persad@gmail.com
EVT0101,SITE0082,whale skeleton,Whale,Unknown,1,,,,31.3453333333333,129.988083333333,,219,254,,,,,,,hard/soft,whale skeleton,,,,,,,,,,,,,,,,,,,,,jmalfarolucas@gmail.com
EVT0102,SITE0083,whale skeleton,Whale,Unknown,1,,,,32.7769666666666,-117.487566666666,,842,842,,,,,,,unknown,whale skeleton,,,,,,,,,,,,,,,,,,,,,jmalfarolucas@gmail.com
EVT0103,SITE0084,whale skeleton,Whale,Unknown,1,,,,32.7716,-117.453,,850,850,,,,,,,unknown,whale skeleton,,,,,,,,,,,,,,,,,,,,,jmalfarolucas@gmail.com
EVT0104,SITE0085,whale skeleton,Whale,Natural,1,,,,36.7721,-122.0831,,595,595,,2009,,2009,,,soft,whale skeleton,,,,,whale skeleton,,,,,,,,,,,,,,,,cherisse.persad@gmail.com
EVT0105,SITE0041,whale skeleton,Whale,Unknown,0,Same physical event as EVT0989; excluded from analysis.,,,36.7900166666666,-122.88725,,382,382,,,,,,,unknown,whale skeleton,,,,,,,,,,,,,,,,,,,,,cherisse.persad@gmail.com
EVT0106,SITE0086,whale skeleton,Whale,Experimental,1,,,,33.45,-119.366666666666,,1675,1675,,1998,1998-04-28,28 April 1998,,,soft,whale skeleton,,"Dahlgren et al. (2004) independently reports 33°27′N, 119°22′W and 1675 m; systematics material also gives 1674 m. Alternative reported values are provided in Source_Evidence.",Gray whale,Eschrichtius robustus,skeleton,13,30,adult,,,,,,,,,,,,,cherisse.persad@gmail.com
EVT0107,SITE0087,whale skeleton,Whale,Unknown,1,,,,32.2,-118.5,,1240,1240,,,,,,,hard,whale skeleton,,,,,,,,,,,,,,,,,,,,,jmalfarolucas@gmail.com
EVT0108,SITE0088,whale skeleton,Whale,Experimental,1,,,,32.5833333333333,-117.5,,1220,1220,,1996,,1996,,,hard,whale skeleton,,,Gray whale,Eschrichtius robustus,skeleton,,5,juvenile,,,,,,,,,,,,,cherisse.persad@gmail.com
EVT0109,SITE0089,whale skeleton,Whale,Unknown,1,,,,33.3333333333333,-119.833333333333,,960,960,,,,,,,hard,whale skeleton,,,,,,,,,,,,,,,,,,,,,jmalfarolucas@gmail.com
EVT0110,SITE0090,whale skeleton,Whale,Unknown,1,,,,32.4333333333333,-118.15,,1220,1220,,,,,,,hard,whale skeleton,,,,,,,,,,,,,,,,,,,,,jmalfarolucas@gmail.com
EVT0111,SITE0091,whale bone,Whale,Experimental,1,,3,mesh-bin substrate replicate,47.9576666666666,-126.035333333333,,1596,1596,,,2013-04-05,2013-04-05,2014-06-22,2014-06-22,hard,whale bone,Co-located with wood and inorganic controls; experimental whale-bone colonisation substrate.,,,Megaptera novaeangliae,vertebra/rib sections,,,,,,,,,,,,,,,,cherisse.persad@gmail.com
EVT0112,SITE0092,whale bone,Whale,Experimental,1,,3,mesh-bin substrate replicate,43.9086666666666,-125.173666666666,,1605,1605,,,2013-04-09,2013-04-09,2014-06-27,2014-06-27,hard,whale bone,Co-located with wood and inorganic controls; experimental whale-bone colonisation substrate.,,,Megaptera novaeangliae,vertebra/rib sections,,,,,,,,,,,,,,,,cherisse.persad@gmail.com
EVT0113,SITE0093,whale bone,Whale,Experimental,1,,3,mesh-bin substrate replicate,47.27,-127.592833333333,,2666,2666,,,2013-04-06,2013-04-06,2014-06-23,2014-06-23,hard,whale bone,Co-located with wood and inorganic controls; experimental whale-bone colonisation substrate.,,,Megaptera novaeangliae,vertebra/rib sections,,,,,,,,,,,,,,,,cherisse.persad@gmail.com
EVT0114,SITE0094,whale bone,Whale,Experimental,1,,3,mesh-bin substrate replicate,43.8783333333333,-127.5655,,2917,2917,,,2013-04-08,2013-04-08,2014-06-26,2014-06-26,hard,whale bone,Co-located with wood and inorganic controls; experimental whale-bone colonisation substrate.,,,Megaptera novaeangliae,vertebra/rib sections,,,,,,,,,,,,,,,,cherisse.persad@gmail.com
EVT0115,SITE0218,experimental wood,Wood,Experimental,1,,,,39.7666666666666,-70.6833333333333,,1830,1830,,,,,,,hard,experimental wood,,,,,,,,,,,,,,,,,,,,,jmalfarolucas@gmail.com
EVT0116,SITE0096,wild Thalassia sp.,Seagrass,Natural,0,Seagrass fall; excluded from whale/wood analysis,,,19.0166666666667,-80.5,,6800,6800,,,,,,,hard,wild Thalassia sp.,,Wolff (1976) Table I identifies these coordinates and depth as Cayman Trench west station 1242A rather than Puerto Rico Trench.,,,,,,,,,,,,,,,,,,,cherisse.persad@gmail.com
EVT0117,SITE0097,wild Thalassia sp.,Seagrass,Natural,0,Seagrass fall; excluded from whale/wood analysis,,,17.85,-65.0666666666666,,4180,4180,,,,,,,hard,wild Thalassia sp.,,,,,,,,,,,,,,,,,,,,,cherisse.persad@gmail.com
EVT0118,SITE0098,wild Thalassia sp.,Seagrass,Natural,0,Seagrass fall; excluded from whale/wood analysis,,,19.65,-76.6166666666666,,6740,6780,,,,,,,hard,wild Thalassia sp.,,,,,,,,,,,,,,,,,,,,,cherisse.persad@gmail.com
EVT0119,SITE0099,wild Thalassia sp.,Seagrass,Natural,0,Seagrass fall; excluded from whale/wood analysis,,,17.583,-61.35,,3852,3852,,,,,,,hard,wild Thalassia sp.,,,,,,,,,,,,,,,,,,,,,cherisse.persad@gmail.com
EVT0120,SITE0100,wild wood,Wood,Natural,1,,,,19.23,-73.23,,1760,1760,,,,,,,hard,wild wood,,,,,,,,,,,,,,,,,,,,,jmalfarolucas@gmail.com
EVT0121,SITE0101,wild wood,Wood,Natural,1,,,,4.8333,-4.9666,,1549,1549,,,,,,,hard,wild wood,,,,,,,,,,,,,,,,,,,,,jmalfarolucas@gmail.com
EVT0122,SITE0102,"wild Thalassia sp., Spartina sp.",Seagrass,Natural,0,Seagrass fall; excluded from whale/wood analysis,,,19.0166666666666,-80.5833333333333,,6840,6850,,,,,,,hard,"wild Thalassia sp., Spartina sp.",,,,,,,,,,,,,,,,,,,,,cherisse.persad@gmail.com
EVT0123,SITE0103,wild Thalassia sp.,Seagrass,Natural,0,Seagrass fall; excluded from whale/wood analysis,,,19.1,-80.5,,5800,6500,,,,,,,hard,wild Thalassia sp.,,,,,,,,,,,,,,,,,,,,,cherisse.persad@gmail.com
EVT0124,SITE0104,wild cocconut,Wood,Natural,1,,,,20.1333333333333,-84.5,,4580,4580,,,,,,,hard,wild cocconut,,,,,,,,,,,,,,,,,,,,,jmalfarolucas@gmail.com
EVT0125,SITE0105,wild wood,Wood,Natural,1,,,,11.65,-64.5833333333333,,1517,1517,,,,,,,hard,wild wood,,,,,,,,,,,,,,,,,,,,,cherisse.persad@gmail.com
EVT0126,SITE0106,wild wood,Wood,Natural,1,,,,19.2333333333333,-73.2333333333333,,1760,1760,,,,,,,hard,wild wood,,,,,,,,,,,,,,,,,,,,,cherisse.persad@gmail.com
EVT0127,SITE0107,wild wood,Wood,Natural,1,,,,4.83333333333333,-4.96666666666666,,1549,1549,,,,,,,hard,wild wood,,,,,,,,,,,,,,,,,,,,,cherisse.persad@gmail.com
EVT0128,SITE0108,wild wood,Wood,Natural,1,,,,11.6166666666666,-60.2,,1656,1656,,,,,,,hard,wild wood,,,,,,,,,,,,,,,,,,,,,cherisse.persad@gmail.com
EVT0129,SITE0109,wild Sargassum sp.,Seaweed,Natural,0,Seaweed fall; excluded from whale/wood analysis,,,27.4333333333333,-77.8333333333333,,1373,1373,,,,,,,hard,wild Sargassum sp.,,,,,,,,,,,,,,,,,,,,,cherisse.persad@gmail.com
EVT0130,SITE0106,wild wood,Wood,Natural,0,Same physical event as EVT0126; excluded from analysis.,,,19.2333333333333,-73.2333333333333,,1760,1760,,,,,,,hard,wild wood,,,,,,,,,,,,,,,,,,,,,cherisse.persad@gmail.com
EVT0131,SITE0111,wild Thalassia sp.,Seagrass,Natural,0,Seagrass fall; excluded from whale/wood analysis,,,19.4333333333333,-66.4,,7471,7471,,,,,,,hard,wild Thalassia sp.,,,,,,,,,,,,,,,,,,,,,cherisse.persad@gmail.com
EVT0132,SITE0112,wild Thalassia sp.,Seagrass,Natural,0,Seagrass fall; excluded from whale/wood analysis,,,31.8,-76.5333333333333,,2288,2288,,,,,,,hard,wild Thalassia sp.,,,,,,,,,,,,,,,,,,,,,cherisse.persad@gmail.com
EVT0133,SITE0113,wild wood,Wood,Natural,1,,,,8.55,-54.3,,1253,1253,,,,,,,hard,wild wood,,,,,,,,,,,,,,,,,,,,,jmalfarolucas@gmail.com
EVT0134,SITE0114,"wild wood, Thalassia sp., coconut",Wood,Natural,1,,,,19.65,-76.61666,,6740,6780,,,,,,,hard,"wild wood, Thalassiasp., coconut",,,,,,,,,,,,,,,,,,,,,jmalfarolucas@gmail.com
EVT0135,SITE0115,wild Thalassia sp.,Seagrass,Natural,0,Seagrass fall; excluded from whale/wood analysis,,,19.4,-68,,5890,6000,,,,,,,hard,wild Thalassia sp.,,,,,,,,,,,,,,,,,,,,,cherisse.persad@gmail.com
EVT0136,SITE0116,wild Thalassia sp.,Seagrass,Natural,0,Seagrass fall; excluded from whale/wood analysis,,,20.1333,-84.5,,4580,4580,,,,,,,hard,wild Thalassia sp.,,,,,,,,,,,,,,,,,,,,,cherisse.persad@gmail.com
EVT0137,SITE0098,wild wood,Wood,Natural,1,,,,19.65,-76.6166666666666,,6740.0,6780.0,,,,,,,hard,wild wood,,Reported depth bounds were 6780 and 6740 m; stored range is 6740–6780 m.,,,,,,,,,,,,,,,,,,,cherisse.persad@gmail.com
EVT0138,SITE0117,wild wood,Wood,Natural,1,,,,21.9666666666666,-73.7,,1650,1650,,,,,,,hard,wild wood,,,,,,,,,,,,,,,,,,,,,jmalfarolucas@gmail.com
EVT0139,SITE0098,"wild wood, straw",Wood,Natural,1,,,,19.65,-76.6166666666666,,6740.0,6780.0,,,,,,,hard,"wild wood, straw",,Reported depth bounds were 6780 and 6740 m; stored range is 6740–6780 m.,,,,,,,,,,,,,,,,,,,cherisse.persad@gmail.com
EVT0140,SITE0118,"wild wood, straw",Wood,Natural,1,,,,19.0166666666666,-80.5,,6800,6800,,,,,,,hard,"wild wood, straw",,,,,,,,,,,,,,,,,,,,,jmalfarolucas@gmail.com
EVT0141,SITE0118,wild wood,Wood,Natural,1,,,,19.0166666666666,-80.5,,6800,6800,,,,,,,hard,wild wood,,,,,,,,,,,,,,,,,,,,,jmalfarolucas@gmail.com
EVT0142,SITE0119,wild cocconut,Wood,Natural,1,,,,13.45,-62.3166666666666,,2970.0,3000.0,,,,,,,hard,wild cocconut,,Reported depth bounds were 3000 and 2970 m; stored range is 2970–3000 m.,,,,,,,,,,,,,,,,,,,cherisse.persad@gmail.com
EVT0143,SITE0120,wild cocconut,Wood,Natural,1,,,,19.4,-76.6333333333333,,5280,5280,,,,,,,hard,wild cocconut,,,,,,,,,,,,,,,,,,,,,jmalfarolucas@gmail.com
EVT0144,SITE0121,wild wood,Wood,Natural,1,,,,19.65,-68.3,,7950.0,8100.0,,,,,,,hard,wild wood,,Reported depth bounds were 8100 and 7950 m; stored range is 7950–8100 m.,,,,,,,,,,,,,,,,,,,cherisse.persad@gmail.com
EVT0145,SITE0122,wild wood,Wood,Natural,1,,,,6.85,-79.4666666666666,,3197,3197,,,,,,,hard,wild wood,,,,,,,,,,,,,,,,,,,,,jmalfarolucas@gmail.com
EVT0146,SITE0108,wild wood,Wood,Natural,0,Same physical event as EVT0128; excluded from analysis.,,,11.6166666666666,-60.2,,1656,1656,,,,,,,hard,wild wood,,,,,,,,,,,,,,,,,,,,,cherisse.persad@gmail.com
EVT0147,SITE0124,wild wood,Wood,Natural,1,,,,61.5,-22.5,,1836,1836,,,,,,,hard,wild wood,,,,,,,,,,,,,,,,,,,,,jmalfarolucas@gmail.com
EVT0148,SITE0109,wild Thalassia sp.,Seagrass,Natural,0,Seagrass fall; excluded from whale/wood analysis,,,27.4333333333333,-77.8333333333333,,1373,1373,,,,,,,hard,wild Thalassia sp.,,,,,,,,,,,,,,,,,,,,,cherisse.persad@gmail.com
EVT0149,SITE0106,wild wood,Wood,Natural,0,Same physical event as EVT0126; excluded from analysis.,,,19.2333333333333,-73.2333333333333,,1760,1760,,,,,,,hard,wild wood,,,,,,,,,,,,,,,,,,,,,cherisse.persad@gmail.com
EVT0150,SITE0105,wild wood,Wood,Natural,0,Same physical event as EVT0125; excluded from analysis.,,,11.65,-64.5833333333333,,1517,1517,,,,,,,hard,wild wood,,,,,,,,,,,,,,,,,,,,,cherisse.persad@gmail.com
EVT0151,SITE0097,wild Thalassia sp.,Seagrass,Natural,0,Seagrass fall; excluded from whale/wood analysis,,,17.85,-65.0666666666666,,4180,4180,,,,,,,hard,wild Thalassia sp.,,,,,,,,,,,,,,,,,,,,,cherisse.persad@gmail.com
EVT0152,SITE0128,wild wood,Wood,Natural,1,,,,13.7666666666666,-61.0833333333333,,1326,1326,,,,,,,hard,wild wood,,,,,,,,,,,,,,,,,,,,,jmalfarolucas@gmail.com
EVT0153,SITE0129,wild wood,Wood,Natural,1,,,,7.58333333333333,-56.35,,1326,1326,,,,,,,hard,wild wood,,,,,,,,,,,,,,,,,,,,,jmalfarolucas@gmail.com
EVT0154,SITE0113,wild wood,Wood,Natural,1,,,,8.55,-54.3,,1235,1235,,,,,,,hard,wild wood,,,,,,,,,,,,,,,,,,,,,jmalfarolucas@gmail.com
EVT0155,SITE0107,wild wood,Wood,Natural,0,Same physical event as EVT0127; excluded from analysis.,,,4.83333333333333,-4.96666666666666,,1549,1549,,,,,,,hard,wild wood,,,,,,,,,,,,,,,,,,,,,cherisse.persad@gmail.com
EVT0156,SITE0131,"wild wood, Thalassia sp.",Wood,Natural,1,,,,22.4,-75.43333,,2450,2450,,,,,,,hard,"wild wood, Thalassiasp.",,,,,,,,,,,,,,,,,,,,,jmalfarolucas@gmail.com
EVT0157,SITE0132,wild Thalassia sp.,Seagrass,Natural,0,Seagrass fall; excluded from whale/wood analysis,,,18.266666,-78.516666,,4417,4417,,,,,,,hard,wild Thalassia sp.,,,,,,,,,,,,,,,,,,,,,cherisse.persad@gmail.com
EVT0158,SITE0104,"wild wood, Thalassia sp.",Wood,Natural,1,,,,20.1333333333333,-84.5,,4580,4580,,,,,,,hard,"wild wood, Thalassiasp.",,,,,,,,,,,,,,,,,,,,,jmalfarolucas@gmail.com
EVT0159,SITE0134,wild Thalassia sp.,Seagrass,Natural,0,Seagrass fall; excluded from whale/wood analysis,,,19.4,-66.1833333,,7430,7430,,,,,,,hard,wild Thalassia sp.,,,,,,,,,,,,,,,,,,,,,cherisse.persad@gmail.com
EVT0160,SITE0135,wild Thalassia sp.,Seagrass,Natural,0,Seagrass fall; excluded from whale/wood analysis,,,19.6333,-67.7666,,8330,8330,,,,,,,hard,wild Thalassia sp.,,,,,,,,,,,,,,,,,,,,,cherisse.persad@gmail.com
EVT0161,SITE0136,wild Thalassia sp.,Seagrass,Natural,0,Seagrass fall; excluded from whale/wood analysis,,,19.75,-67,,7938,7938,,,,,,,hard,wild Thalassia sp.,,,,,,,,,,,,,,,,,,,,,cherisse.persad@gmail.com
EVT0162,SITE0137,wild Thalassia sp.,Seagrass,Natural,0,Seagrass fall; excluded from whale/wood analysis,,,19.8,-83.5,,4417,4417,,,,,,,hard,wild Thalassia sp.,,,,,,,,,,,,,,,,,,,,,cherisse.persad@gmail.com
EVT0163,SITE0138,wild Thalassia sp.,Seagrass,Natural,0,Seagrass fall; excluded from whale/wood analysis,,,19.71666,-67.083333,,7965,7965,,,,,,,hard,wild Thalassia sp.,,,,,,,,,,,,,,,,,,,,,cherisse.persad@gmail.com
EVT0164,SITE0139,wild Thalassia sp.,Seagrass,Natural,0,Seagrass fall; excluded from whale/wood analysis,,,19.01666,-80.5,,6800,6800,,,,,,,hard,wild Thalassia sp.,,,,,,,,,,,,,,,,,,,,,cherisse.persad@gmail.com
EVT0165,SITE0140,wild Thalassia sp.,Seagrass,Natural,0,Seagrass fall; excluded from whale/wood analysis,,,19.01666,-80.58333,,6840,6850,,,,,,,hard,wild Thalassia sp.,,,,,,,,,,,,,,,,,,,,,cherisse.persad@gmail.com
EVT0166,SITE0114,wild Thalassia sp.,Seagrass,Natural,0,Seagrass fall; excluded from whale/wood analysis,,,19.65,-76.61666,,6740,6780,,,,,,,hard,wild Thalassia sp.,,,,,,,,,,,,,,,,,,,,,cherisse.persad@gmail.com
EVT0167,SITE0142,wild Thalassia sp.,Seagrass,Natural,0,Seagrass fall; excluded from whale/wood analysis,,,19.01666,-80.5833,,6840,6850,,,,,,,hard,wild Thalassia sp.,,,,,,,,,,,,,,,,,,,,,cherisse.persad@gmail.com
EVT0168,SITE0143,wild Thalassia sp.,Seagrass,Natural,0,Seagrass fall; excluded from whale/wood analysis,,,31.8,-76.5333,,2288,2288,,,,,,,hard,wild Thalassia sp.,,,,,,,,,,,,,,,,,,,,,cherisse.persad@gmail.com
EVT0169,SITE0144,wild wood,Wood,Natural,1,,,,-37.485,176.911666666666,,248,283,,,,,,,hard,wild wood,,,,,,,,,,,,,,,,,,,,,jmalfarolucas@gmail.com
EVT0170,SITE0145,wild wood,Wood,Natural,1,,,,-39.88,177.608333333333,,785,882,,,,,,,hard,wild wood,,,,,,,,,,,,,,,,,,,,,jmalfarolucas@gmail.com
EVT0171,SITE0146,wild wood,Wood,Natural,1,,,,-41.9316666666666,174.72,,424,454,,,,,,,hard,wild wood,,,,,,,,,,,,,,,,,,,,,jmalfarolucas@gmail.com
EVT0172,SITE0147,wild wood,Wood,Natural,1,,,,-43.4466666666666,168.903333333333,,833.0,891.0,,,,,,,hard,wild wood,,Reported depth bounds were 891 and 833 m; stored range is 833–891 m.,,,,,,,,,,,,,,,,,,,cherisse.persad@gmail.com
EVT0173,SITE0148,wild wood,Wood,Natural,1,,,,-44.5366666666666,173.705,,738,750,,,,,,,hard,wild wood,,,,,,,,,,,,,,,,,,,,,jmalfarolucas@gmail.com
EVT0174,SITE0149,wild wood,Wood,Natural,1,,,,-44.6083333333333,173.546666666666,,749,762,,,,,,,hard,wild wood,,,,,,,,,,,,,,,,,,,,,cherisse.persad@gmail.com
EVT0175,SITE0172,wild wood,Wood,Natural,1,,,,-37.395,177.658333333333,,1075,1100,,,,,,,hard,wild wood,,,,,,,,,,,,,,,,,,,,,jmalfarolucas@gmail.com
EVT0176,SITE0151,wild wood,Wood,Natural,1,,,,-41.1616666666666,176.521666666666,,1198,1211,,,,,,,hard,wild wood,,,,,,,,,,,,,,,,,,,,,jmalfarolucas@gmail.com
EVT0177,SITE0152,wild wood,Wood,Natural,1,,,,-41.1616666666666,176.441666666666,,1174,1208,,,,,,,hard,wild wood,,,,,,,,,,,,,,,,,,,,,jmalfarolucas@gmail.com
EVT0178,SITE0153,wild wood,Wood,Natural,1,,,,-42.6383333333333,173.773333333333,,1489,1514,,,,,,,hard,wild wood,,,,,,,,,,,,,,,,,,,,,jmalfarolucas@gmail.com
EVT0179,SITE0154,wild wood,Wood,Natural,1,,,,-44.7683333333333,173.6,,952,962,,,,,,,hard,wild wood,,,,,,,,,,,,,,,,,,,,,jmalfarolucas@gmail.com
EVT0180,SITE0201,wild wood,Wood,Natural,1,,,,-42.7316666666666,176.133333333333,,800,810,,,,,,,hard,wild wood,,,,,,,,,,,,,,,,,,,,,jmalfarolucas@gmail.com
EVT0181,SITE0156,wild wood,Wood,Natural,1,,,,-37.365,176.348333333333,,203,248,,,,,,,hard,wild wood,,,,,,,,,,,,,,,,,,,,,jmalfarolucas@gmail.com
EVT0182,SITE0157,wild wood,Wood,Natural,1,,,,-37.3916666666666,176.75,,631,666,,,,,,,hard,wild wood,,,,,,,,,,,,,,,,,,,,,jmalfarolucas@gmail.com
EVT0183,SITE0195,wild wood,Wood,Natural,1,,,,-33.6666666666666,151.933333333333,,714,714,,,,,,,hard,wild wood,,,,,,,,,,,,,,,,,,,,,jmalfarolucas@gmail.com
EVT0184,SITE0159,wild wood,Wood,Natural,1,,,,-33.5,152.083333333333,,823,823,,,,,,,hard,wild wood,,,,,,,,,,,,,,,,,,,,,jmalfarolucas@gmail.com
EVT0185,SITE0160,wild wood,Wood,Natural,1,,,,-33.5333333333333,152,,823,823,,,,,,,hard,wild wood,,,,,,,,,,,,,,,,,,,,,jmalfarolucas@gmail.com
EVT0186,SITE0161,wild wood,Wood,Natural,1,,,,-33.5666666666666,152.116666666666,,914,914,,,,,,,hard,wild wood,,,,,,,,,,,,,,,,,,,,,jmalfarolucas@gmail.com
EVT0187,SITE0162,wild wood,Wood,Natural,1,,,,-33.5833333333333,152.016666666666,,823,823,,,,,,,hard,wild wood,,,,,,,,,,,,,,,,,,,,,jmalfarolucas@gmail.com
EVT0188,SITE0163,wild wood,Wood,Natural,1,,,,-33.5833333333333,152,,823,823,,,,,,,hard,wild wood,,,,,,,,,,,,,,,,,,,,,jmalfarolucas@gmail.com
EVT0189,SITE0149,wild wood,Wood,Natural,0,Same physical event as EVT0174; excluded from analysis.,,,-44.6083333333333,173.546666666666,,749,762,,,,,,,hard,wild wood,,,,,,,,,,,,,,,,,,,,,cherisse.persad@gmail.com
EVT0190,SITE0171,wild wood,Wood,Natural,0,Same physical event as EVT0196; excluded from analysis.,,,-34.2833333333333,151.45,,457,457,,,,,,,hard,wild wood,,,,,,,,,,,,,,,,,,,,,cherisse.persad@gmail.com
EVT0191,SITE0166,wild wood,Wood,Natural,1,,,,-34.35,151.383333333333,,439,439,,,,,,,hard,wild wood,,,,,,,,,,,,,,,,,,,,,jmalfarolucas@gmail.com
EVT0192,SITE0167,wild wood,Wood,Natural,1,,,,-35.55,150.733333333333,,384,384,,,,,,,hard,wild wood,,,,,,,,,,,,,,,,,,,,,jmalfarolucas@gmail.com
EVT0193,SITE0195,wild wood,Wood,Natural,1,,,,-33.6666666666666,151.933333333333,,457,457,,,,,,,hard,wild wood,,,,,,,,,,,,,,,,,,,,,jmalfarolucas@gmail.com
EVT0194,SITE0169,wild wood,Wood,Natural,1,,,,-33.7166666666666,151.85,,457,457,,,,,,,hard,wild wood,,,,,,,,,,,,,,,,,,,,,jmalfarolucas@gmail.com
EVT0195,SITE0209,wild wood,Wood,Natural,1,,,,-33.7666666666666,151.833333333333,,439,439,,,,,,,hard,wild wood,,,,,,,,,,,,,,,,,,,,,jmalfarolucas@gmail.com
EVT0196,SITE0171,wild wood,Wood,Natural,1,,,,-34.2833333333333,151.45,,457,457,,,,,,,hard,wild wood,,,,,,,,,,,,,,,,,,,,,cherisse.persad@gmail.com
EVT0197,SITE0172,wild wood,Wood,Natural,1,,,,-37.395,177.658333333333,,1075,1100,,,,,,,hard,wild wood,,,,,,,,,,,,,,,,,,,,,jmalfarolucas@gmail.com
EVT0198,SITE0173,wild wood,Wood,Natural,1,,,,-37.5433333333333,179.321666666666,,1215,1280,,,,,,,hard,wild wood,,,,,,,,,,,,,,,,,,,,,jmalfarolucas@gmail.com
EVT0199,SITE0174,wild Macrocystis sp.,Seaweed,Natural,0,Seaweed fall; excluded from whale/wood analysis,,,-41.1833333333333,176.666666666666,,1070,1198,,,,,,,hard,wild Macrocystis sp.,,,,,,,,,,,,,,,,,,,,,jmalfarolucas@gmail.com
EVT0200,SITE0151,wild Macrocystis sp.,Seaweed,Natural,0,Seaweed fall; excluded from whale/wood analysis,,,-41.1616666666666,176.521666666666,,1198,1211,,,,,,,hard,wild Macrocystis sp.,,,,,,,,,,,,,,,,,,,,,jmalfarolucas@gmail.com
EVT0201,SITE0175,wild Macrocystis sp.,Seaweed,Natural,0,Seaweed fall; excluded from whale/wood analysis,,,-41.175,176.58,,1191,1200,,,,,,,hard,wild Macrocystis sp.,,,,,,,,,,,,,,,,,,,,,jmalfarolucas@gmail.com
EVT0202,SITE0176,wild wood,Wood,Natural,1,,,,-44.7366666666666,173.13,,920,926,,,,,,,hard,wild wood,,,,,,,,,,,,,,,,,,,,,jmalfarolucas@gmail.com
EVT0203,SITE0177,wild wood,Wood,Natural,1,,,,-44.7516666666666,173.086666666666,,922,922,,,,,,,hard,wild wood,,,,,,,,,,,,,,,,,,,,,jmalfarolucas@gmail.com
EVT0204,SITE0154,wild wood,Wood,Natural,1,,,,-44.7683333333333,173.6,,845,860,,,,,,,hard,wild wood,,,,,,,,,,,,,,,,,,,,,jmalfarolucas@gmail.com
EVT0205,SITE0189,wild wood,Wood,Natural,1,,,,-42.9766666666666,168.365,,1142,1147,,,,,,,hard,wild wood,,,,,,,,,,,,,,,,,,,,,jmalfarolucas@gmail.com
EVT0206,SITE0179,wild wood,Wood,Natural,1,,,,-42.695,174.466666666666,,1549,1723,,,,,,,hard,wild wood,,,,,,,,,,,,,,,,,,,,,jmalfarolucas@gmail.com
EVT0207,SITE0180,wild wood,Wood,Natural,1,,,,-38.975,172.17,,1045,1055,,,,,,,hard,wild wood,,,,,,,,,,,,,,,,,,,,,jmalfarolucas@gmail.com
EVT0208,SITE0181,wild wood,Wood,Natural,1,,,,-39.4733333333333,178.393333333333,,800,1100,,,,,,,hard,wild wood,,,,,,,,,,,,,,,,,,,,,jmalfarolucas@gmail.com
EVT0209,SITE0182,wild wood,Wood,Natural,1,,,,-39.945,177.92,,1058,1065,,,,,,,hard,wild wood,,,,,,,,,,,,,,,,,,,,,jmalfarolucas@gmail.com
EVT0210,SITE0183,wild wood,Wood,Natural,1,,,,-41.165,176.441666666666,,1174,1208,,,,,,,hard,wild wood,,,,,,,,,,,,,,,,,,,,,jmalfarolucas@gmail.com
EVT0211,SITE0184,wild wood,Wood,Natural,1,,,,-41.4733333333333,176.086666666666,,1120,1120,,,,,,,hard,wild wood,,,,,,,,,,,,,,,,,,,,,jmalfarolucas@gmail.com
EVT0212,SITE0185,wild wood,Wood,Natural,1,,,,-41.7533333333333,175.446666666666,,1039,1077,,,,,,,hard,wild wood,,,,,,,,,,,,,,,,,,,,,jmalfarolucas@gmail.com
EVT0213,SITE0186,wild wood,Wood,Natural,1,,,,-42.24,174.353333333333,,907,918,,,,,,,hard,wild wood,,,,,,,,,,,,,,,,,,,,,jmalfarolucas@gmail.com
EVT0214,SITE0187,wild wood,Wood,Natural,1,,,,-42.37,169.458333333333,,1080,1097,,,,,,,hard,wild wood,,,,,,,,,,,,,,,,,,,,,jmalfarolucas@gmail.com
EVT0215,SITE0188,wild wood,Wood,Natural,1,,,,-42.785,-175.76,,1174,1180,,,,,,,hard,wild wood,,,,,,,,,,,,,,,,,,,,,jmalfarolucas@gmail.com
EVT0216,SITE0189,wild wood,Wood,Natural,1,,,,-42.9766666666666,168.365,,1142,1174,,,,,,,hard,wild wood,,,,,,,,,,,,,,,,,,,,,jmalfarolucas@gmail.com
EVT0217,SITE0147,wild wood,Wood,Natural,1,,,,-43.4466666666666,168.903333333333,,833,891,,,,,,,hard,wild wood,,,,,,,,,,,,,,,,,,,,,jmalfarolucas@gmail.com
EVT0218,SITE0191,wild wood,Wood,Natural,1,,,,-43.4966666666666,168.901666666666,,900,945,,,,,,,hard,wild wood,,,,,,,,,,,,,,,,,,,,,jmalfarolucas@gmail.com
EVT0219,SITE0192,wild Macrocystis sp.,Seaweed,Natural,0,Seaweed fall; excluded from whale/wood analysis,,,-41.3583333333333,176.348333333333,,1073,1116,,,,,,,hard,wild Macrocystis sp.,,,,,,,,,,,,,,,,,,,,,jmalfarolucas@gmail.com
EVT0220,SITE0193,wild Macrocystis sp.,Seaweed,Natural,0,Seaweed fall; excluded from whale/wood analysis,,,-38.6483333333333,178.638333333333,,529,565,,,,,,,hard,wild Macrocystis sp.,,,,,,,,,,,,,,,,,,,,,jmalfarolucas@gmail.com
EVT0221,SITE0189,wild wood,Wood,Natural,1,,,,-42.9766666666666,168.365,,1142,1147,,,,,,,hard,wild wood,,,,,,,,,,,,,,,,,,,,,jmalfarolucas@gmail.com
EVT0222,SITE0195,wild wood,Wood,Natural,1,,,,-33.6666666666666,151.933333333333,,714,714,,,,,,,hard,wild wood,,,,,,,,,,,,,,,,,,,,,jmalfarolucas@gmail.com
EVT0223,SITE0196,wild wood,Wood,Natural,1,,,,-37.535,179.176666666666,,916,933,,,,,,,hard,wild wood,,,,,,,,,,,,,,,,,,,,,jmalfarolucas@gmail.com
EVT0224,SITE0197,wild wood,Wood,Natural,1,,,,-41.4116666666666,176.14,,1071,1103,,,,,,,hard,wild wood,,,,,,,,,,,,,,,,,,,,,jmalfarolucas@gmail.com
EVT0225,SITE0198,wild wood,Wood,Natural,1,,,,-41.4216666666666,176.126666666666,,1057,1110,,,,,,,hard,wild wood,,,,,,,,,,,,,,,,,,,,,jmalfarolucas@gmail.com
EVT0226,SITE0199,wild wood,Wood,Natural,1,,,,-42.9583333333333,175.371666666666,,910,910,,,,,,,hard,wild wood,,,,,,,,,,,,,,,,,,,,,jmalfarolucas@gmail.com
EVT0227,SITE0200,wild wood,Wood,Natural,1,,,,-44.9875,174.015,,1178,1190,,,,,,,hard,wild wood,,,,,,,,,,,,,,,,,,,,,jmalfarolucas@gmail.com
EVT0228,SITE0201,wild wood,Wood,Natural,1,,,,-42.7316666666666,176.133333333333,,800,810,,,,,,,hard,wild wood,,,,,,,,,,,,,,,,,,,,,jmalfarolucas@gmail.com
EVT0229,SITE0202,wild wood,Wood,Natural,1,,,,-37.4983333333333,177.783333333333,,450,481,,,,,,,hard,wild wood,,,,,,,,,,,,,,,,,,,,,jmalfarolucas@gmail.com
EVT0230,SITE0203,wild wood,Wood,Natural,1,,,,-41.42,176.07,,1009,1013,,,,,,,hard,wild wood,,,,,,,,,,,,,,,,,,,,,jmalfarolucas@gmail.com
EVT0231,SITE0184,wild wood,Wood,Natural,1,,,,-41.4733333333333,176.086666666666,,1120,1121,,,,,,,hard,wild wood,,,,,,,,,,,,,,,,,,,,,jmalfarolucas@gmail.com
EVT0232,SITE0189,wild wood,Wood,Natural,1,,,,-42.9766666666666,168.365,,1142,1147,,,,,,,hard,wild wood,,,,,,,,,,,,,,,,,,,,,jmalfarolucas@gmail.com
EVT0233,SITE0205,wild wood,Wood,Natural,1,,,,-43.555,168.856666666666,,800,902,,,,,,,hard,wild wood,,,,,,,,,,,,,,,,,,,,,jmalfarolucas@gmail.com
EVT0234,SITE0206,wild wood,Wood,Natural,1,,,,-44.5883333333333,174.098333333333,,880,900,,,,,,,hard,wild wood,,,,,,,,,,,,,,,,,,,,,jmalfarolucas@gmail.com
EVT0235,SITE0207,wild wood,Wood,Natural,1,,,,-44.7983333333333,174.098333333333,,845,860,,,,,,,hard,wild wood,,,,,,,,,,,,,,,,,,,,,jmalfarolucas@gmail.com
EVT0236,SITE0148,wild wood,Wood,Natural,1,,,,-44.5366666666666,173.705,,738,750,,,,,,,hard,wild wood,,,,,,,,,,,,,,,,,,,,,jmalfarolucas@gmail.com
EVT0237,SITE0209,wild wood,Wood,Natural,1,,,,-33.7666666666666,151.833333333333,,439,439,,,,,,,hard,wild wood,,,,,,,,,,,,,,,,,,,,,jmalfarolucas@gmail.com
EVT0238,SITE0145,wild wood,Wood,Natural,1,,,,-39.88,177.608333333333,,785,882,,,,,,,hard,wild wood,,,,,,,,,,,,,,,,,,,,,jmalfarolucas@gmail.com
EVT0239,SITE0211,wild wood,Wood,Natural,1,,,,-35.5166666666666,150.833333333333,,941,978,,,,,,,hard,wild wood,,,,,,,,,,,,,,,,,,,,,jmalfarolucas@gmail.com
EVT0240,SITE0151,wild wood,Wood,Natural,1,,,,-41.1616666666666,176.521666666666,,1198.0,1211.0,,,,,,,hard,wild wood,,Reported depth bounds were 1211 and 1198 m; stored range is 1198–1211 m.,,,,,,,,,,,,,,,,,,,cherisse.persad@gmail.com
EVT0241,SITE0212,wild wood,Wood,Natural,1,,,,-37.35,176.433333333333,,330,330,,,,,,,hard,wild wood,,,,,,,,,,,,,,,,,,,,,jmalfarolucas@gmail.com
EVT0242,SITE0213,wild wood,Wood,Natural,1,,,,-37.3333333333333,176.483333333333,,366,366,,,,,,,hard,wild wood,,,,,,,,,,,,,,,,,,,,,jmalfarolucas@gmail.com
EVT0243,SITE0214,wild wood,Wood,Natural,1,,,,-38.65,172.633333333333,,691,751,,,,,,,hard,wild wood,,,,,,,,,,,,,,,,,,,,,jmalfarolucas@gmail.com
EVT0244,SITE0215,wild wood,Wood,Natural,1,,,,-43.3833333333333,169.05,,823,823,,,,,,,hard,wild wood,,,,,,,,,,,,,,,,,,,,,jmalfarolucas@gmail.com
EVT0245,SITE0216,wild wood,Wood,Natural,1,,,,-42.7166666666666,169.25,,978,1067,,,,,,,hard,wild wood,,,,,,,,,,,,,,,,,,,,,jmalfarolucas@gmail.com
EVT0246,SITE0217,wild wood,Wood,Natural,1,,,,-43.3833333333333,168.083333333333,,1213,1221,,,,,,,hard,wild wood,,,,,,,,,,,,,,,,,,,,,jmalfarolucas@gmail.com
EVT0247,SITE0218,Maddocks & Steineck wood-island DOS-1,Wood,Experimental,1,,,,39.7666666666666,-70.6833333333333,,1830,1830,,,,,,,12 pine or spruce cubes (35 cm side) with numbered wood panels enclosed in plastic mesh bags,Experimental wood-island deployment,Wood islands and surrounding panels deployed on seafloor for a year or more; panels recovered by Alvin and washed over 63 µm sieve for fauna.,,,,,,,,wood cubes/panels,Pinus/Picea (source: pine or spruce),,,,,,,,,,,cherisse.persad@gmail.com
EVT0248,SITE0219,Maddocks & Steineck wood-island DOS-2,Wood,Experimental,1,,,,38.3066666666666,-69.5933333333333,,3506,3506,,,,,,,12 pine or spruce cubes (35 cm side) with numbered wood panels enclosed in plastic mesh bags,Experimental wood-island deployment,Wood islands and surrounding panels deployed on seafloor for a year or more; panels recovered by Alvin and washed over 63 µm sieve for fauna.,,,,,,,,wood cubes/panels,Pinus/Picea (source: pine or spruce),,,,,,,,,,,cherisse.persad@gmail.com
EVT0249,SITE0220,experimental wood,Wood,Experimental,1,,,,38.3066666666666,-69.5933333333333,,3506,3506,,,,,,,hard,experimental wood,,Coordinates use the modal SE Woods Hole values; one source reports an outlying coordinate.,,,,,,,,,,,,,,,,,,,cherisse.persad@gmail.com
EVT0250,SITE0221,Maddocks & Steineck wood-island — Tongue of the Ocean,Wood,Experimental,1,,,,24.8866666666666,-77.67,,2066,2066,,,,,,,12 pine or spruce cubes (35 cm side) with numbered wood panels enclosed in plastic mesh bags,Experimental wood-island deployment,Wood islands and surrounding panels deployed on seafloor for a year or more; panels recovered by Alvin and washed over 63 µm sieve for fauna.,,,,,,,,wood cubes/panels,Pinus/Picea (source: pine or spruce),,,,,,,,,,,cherisse.persad@gmail.com
EVT0251,SITE0222,Maddocks & Steineck wood-island — north of St. Croix,Wood,Experimental,1,,,,17.9438333333333,-64.81,,4000,4000,,,,,,,12 pine or spruce cubes (35 cm side) with numbered wood panels enclosed in plastic mesh bags,Experimental wood-island deployment,Wood islands and surrounding panels deployed on seafloor for a year or more; panels recovered by Alvin and washed over 63 µm sieve for fauna.,,,,,,,,wood cubes/panels,Pinus/Picea (source: pine or spruce),,,,,,,,,,,cherisse.persad@gmail.com
EVT0252,SITE0223,Maddocks & Steineck wood-island — Panama Basin,Wood,Experimental,1,,,,5.34416666666666,-81.9365,,3900,3900,,,,,,,12 pine or spruce cubes (35 cm side) with numbered wood panels enclosed in plastic mesh bags,Experimental wood-island deployment,Wood islands and surrounding panels deployed on seafloor for a year or more; panels recovered by Alvin and washed over 63 µm sieve for fauna.,,,,,,,,wood cubes/panels,Pinus/Picea (source: pine or spruce),,,,,,,,,,,cherisse.persad@gmail.com
EVT0253,SITE0224,wild wood,Wood,Natural,1,,,,,,,2400,2400,,,,,,,hard,wild wood,,,,,,,,,,,,,,,,,,,,,jmalfarolucas@gmail.com
EVT0254,SITE0225,wild wood,Wood,Natural,1,,,,,,,200.0,400.0,,,,,,,hard,wild wood,,Reported depth bounds were 400 and 200 m; stored range is 200–400 m.,,,,,,,,,,,,,,,,,,,cherisse.persad@gmail.com
EVT0255,SITE0226,wild wood,Wood,Natural,1,,,,,,,250.0,350.0,,,,,,,hard,wild wood,,Reported depth bounds were 350 and 250 m; stored range is 250–350 m.,,,,,,,,,,,,,,,,,,,cherisse.persad@gmail.com
EVT0256,SITE0227,wild wood,Wood,Natural,1,,,,,,,150.0,400.0,,,,,,,hard,wild wood,,Reported depth bounds were 400 and 150 m; stored range is 150–400 m.,,,,,,,,,,,,,,,,,,,cherisse.persad@gmail.com
EVT0257,SITE0124,wild wood,Wood,Natural,1,,,,61.5,-22.5,,1750,1750,,,,,,,hard,wild wood,,,,,,,,,,,,,,,,,,,,,jmalfarolucas@gmail.com
EVT0258,SITE0228,wild wood,Wood,Natural,1,,,,,,,944,944,,,,,,,hard,wild wood,,,,,,,,,,,,,,,,,,,,,jmalfarolucas@gmail.com
EVT0259,SITE0229,wild wood,Wood,Natural,1,,,,38.5083333333333,-69.1402777777777,,3718,3718,,,,,,,hard,wild wood,,,,,,,,,,,,,,,,,,,,,jmalfarolucas@gmail.com
EVT0260,SITE0230,wild wood,Wood,Natural,1,,,,39.7,-71.5333333333333,,612,612,,,,,,,hard,wild wood,,,,,,,,,,,,,,,,,,,,,jmalfarolucas@gmail.com
EVT0261,SITE0231,wild wood,Wood,Natural,1,,,,,,,,,,,,,,,hard,wild wood,,,,,,,,,,,,,,,,,,,,,jmalfarolucas@gmail.com
EVT0262,SITE0232,wild wood,Wood,Natural,1,,,,,,,,,,,,,,,hard,wild wood,,,,,,,,,,,,,,,,,,,,,jmalfarolucas@gmail.com
EVT0263,SITE0231,wild wood,Wood,Natural,1,,,,,,,450,500,,,,,,,hard,wild wood,,,,,,,,,,,,,,,,,,,,,jmalfarolucas@gmail.com
EVT0264,SITE0193,wild algae,Seaweed,Natural,0,Seaweed fall; excluded from whale/wood analysis,,,-38.6483333333333,178.638333333333,,529,565,,,,,,,hard,wild algae,,,,,,,,,,,,,,,,,,,,,jmalfarolucas@gmail.com
EVT0265,SITE0233,wild algae,Seaweed,Natural,0,Seaweed fall; excluded from whale/wood analysis,,,-43.0416666666666,174.15,,848,877,,,,,,,hard,wild algae,,,,,,,,,,,,,,,,,,,,,jmalfarolucas@gmail.com
EVT0266,SITE0234,wild algae,Seaweed,Natural,0,Seaweed fall; excluded from whale/wood analysis,,,-30.0433333333333,169.516666666666,,620,644,,,,,,,hard,wild algae,,,,,,,,,,,,,,,,,,,,,jmalfarolucas@gmail.com
EVT0267,SITE0235,wild cocoonut,Wood,Natural,1,,,,,,,990,1022,,,,,,,hard,wild cocoonut,,,,,,,,,,,,,,,,,,,,,jmalfarolucas@gmail.com
EVT0268,SITE0236,wild nipa palm fruits,Wood,Natural,1,,,,,,,1600,2053,,,,,,,hard,wild nipa palm fruits,,,,,,,,,,,,,,,,,,,,,jmalfarolucas@gmail.com
EVT0269,SITE0237,wild wood,Wood,Natural,1,,,,35.1833333333333,-7.83333333333333,,1978,2077,,,,,,,hard,wild wood,,,,,,,,,,,,,,,,,,,,,jmalfarolucas@gmail.com
EVT0270,SITE0222,experimental wood,Wood,Experimental,1,,,,17.9438333333333,-64.81,,4000,4000,,,,,,,hard,experimental wood,,,,,,,,,,,,,,,,,,,,,jmalfarolucas@gmail.com
EVT0271,SITE0239,experimental pine wood,Wood,Experimental,1,,,,32.5166666666666,-117.275,,274,274,,,,,,,hard,experimental pine wood,,,,,,,,,,,,,,,,,,,,,jmalfarolucas@gmail.com
EVT0272,SITE0240,shipwreck,Wood,Unknown,0,Anthropogenic shipwreck / mixed organic reducing habitat; not a defensible discrete whale- or wood-fall event for dissertation analysis,,,32,-77,,2200,2200,,,,,,,hard,shipwreck,,,,,,,,,,,,,,,,,,,,,cherisse.persad@gmail.com
EVT0273,SITE0222,wild wood,Wood,Natural,1,,,,17.9438333333333,-64.81,,4000,4000,,,,,,,hard,wild wood,,,,,,,,,,,,,,,,,,,,,jmalfarolucas@gmail.com
EVT0274,SITE0241,experimental oak and fir wood,Wood,Experimental,1,,,,47.76275,-127.757316666666,,2660,2660,,,,,,,hard,experimental oak and fir wood,,,,,,,,,,,,,,,,,,,,,jmalfarolucas@gmail.com
EVT0275,SITE0242,experimental oak and fir wood,Wood,Experimental,1,,,,47.7106166666666,-127.7882,,2642,2642,,,,,,,hard,experimental oak and fir wood,,,,,,,,,,,,,,,,,,,,,jmalfarolucas@gmail.com
EVT0276,SITE0243,experimental oak and fir wood,Wood,Experimental,1,,,,41.0045333333333,-127.49465,,3232,3232,,,,,,,hard,experimental oak and fir wood,,,,,,,,,,,,,,,,,,,,,jmalfarolucas@gmail.com
EVT0277,SITE0244,sediments associated (from 5 to 90 cm) with experimental wood,Wood,Experimental,1,,,,39.7783333333333,-70.68,,1830,1830,,,,,,,soft,sediments associated (from 5 to 90 cm) with experimental wood,,,,,,,,,,,,,,,,,,,,,jmalfarolucas@gmail.com
EVT0278,SITE0245,sediments associated (15 cm) with experimental wood,Wood,Experimental,1,,,,38.3233333333333,-69.5933333333333,,3600,3600,,,,,,,soft,sediments associated (15 cm) with experimental wood,,,,,,,,,,,,,,,,,,,,,jmalfarolucas@gmail.com
EVT0279,SITE0245,sediment associated with experimental Sargassum sp.,Seaweed,Experimental,0,Seaweed fall; excluded from whale/wood analysis,,,38.3233333333333,-69.5933333333333,,3600,3600,,,,,,,soft,sediment associated with experimental Sargassum sp.,,,,,,,,,,,,,,,,,,,,,cherisse.persad@gmail.com
EVT0280,SITE0246,Wuzza Bare paired Douglas fir + oak deployment,Wood,Experimental,1,,,,47.7847833333333,-127.691316666666,,2656,2656,,,,2002-09-01 to 2002-09-04,2004-09-03,2004-09-03,paired 45.7-cm bark-free green Douglas fir and oak pieces,experimental oak and fir wood,,,,,,,,,,,,,,,,,,,,,cherisse.persad@gmail.com
EVT0281,SITE0247,Baby Bare paired Douglas fir + oak deployment,Wood,Experimental,1,,,,47.7106166666666,-127.79375,,2639,2639,,,2002-09-05,2002-09-05,2003-07-08,2003-07-08,paired 45.7-cm bark-free green Douglas fir and oak pieces,experimental oak and fir wood,,,,,,,,,,,,,,,,,,,,,cherisse.persad@gmail.com
EVT0282,SITE0248,ODP 1026B paired Douglas fir + oak deployment,Wood,Experimental,1,,,,47.7625833333333,-127.75735,,2658,2658,,,2002-09-12,2002-09-12,2003-07-11,2003-07-11,paired 45.7-cm bark-free green Douglas fir and oak pieces,experimental oak and fir wood,,,,,,,,,,,,,,,,,,,,,cherisse.persad@gmail.com
EVT0283,SITE0249,Escanaba Trough paired Douglas fir + oak deployment,Wood,Experimental,1,,,,41.0002666666666,-127.49475,,3232,3232,,,,2002-07-23 to 2002-07-25,2004-08-30,2004-08-30,paired 45.7-cm bark-free green Douglas fir and oak pieces,experimental oak and fir wood,,,,,,,,,,,,,,,,,,,,,cherisse.persad@gmail.com
EVT0284,SITE0250,Sea Cliff Gorda paired Douglas fir + oak deployment,Wood,Experimental,1,,,,42.7543,-126.709533333333,,2701,2701,,,2002-07-28,2002-07-28,2004-08-31,2004-08-31,paired 45.7-cm bark-free green Douglas fir and oak pieces,experimental oak and fir wood,,,,,,,,,,,,,,,,,,,,,cherisse.persad@gmail.com
EVT0285,SITE0251,Axial Volcano paired Douglas fir + oak deployment,Wood,Experimental,1,,,,45.9336833333333,-129.9827,,1520,1520,,,2002-09-14,2002-09-14,2003-09-03,2003-09-03,paired 45.7-cm bark-free green Douglas fir and oak pieces,experimental oak and fir wood,,,,,,,,,,,,,,,,,,,,,cherisse.persad@gmail.com
EVT0286,SITE0252,Endeavour Segment paired Douglas fir + oak deployment,Wood,Experimental,1,,,,47.94635,-129.097033333333,,2211,2211,,,2002-09-16,2002-09-16,2004-09-02,2004-09-02,paired 45.7-cm bark-free green Douglas fir and oak pieces,experimental oak and fir wood,,,,,,,,,,,,,,,,,,,,,cherisse.persad@gmail.com
EVT0287,SITE0253,Cleft Segment incidental deployed wood,Wood,Experimental,1,,,,44.6633333333333,-130.355,,2100,2100,,,,summer 1999,,July 2000,hard,experimental oak and fir wood,,,,,,,,,,,,,,,,,,,,,cherisse.persad@gmail.com
EVT0288,SITE0254,Nootka Fracture Zone incidental deployed wood,Wood,Experimental,1,,,,49.2951666666666,-127.6785,,2100,2100,,,,September 2004,,September 2005,hard,experimental oak and fir wood,,,,,,,,,,,,,,,,,,,,,cherisse.persad@gmail.com
EVT0289,SITE0255,Oregon Margin wild/trawled wood material,Wood,Natural,1,,,,44.7595,-125.524333333333,,2750,2750,1997-04-17,17 April 1997,,,1997-04-17,1997-04-17,hard,unknown,,"Original substrate-origin wording is 'unknown'. Occurrence records identify a wood-fall habitat, but natural versus experimental origin is unresolved.",,,,,,,,,,,,,,,,,,,cherisse.persad@gmail.com
EVT0290,SITE0256,wild wood,Wood,Natural,1,,,,48.5166666666666,-124.716666666666,,248,248,,,,,,,hard,wild wood,,,,,,,,,,,,,,,,,,,,,jmalfarolucas@gmail.com
EVT0291,SITE0257,experimental wood,Wood,Experimental,1,,,,25.9,-77.8166666666666,,1737,1737,,,,,,,hard,experimental wood,,,,,,,,,,,,,,,,,,,,,jmalfarolucas@gmail.com
EVT0292,SITE0258,experimental wood,Wood,Experimental,1,,,,33.7666666666666,-120.766666666666,,2072.6,2072.6,,,,,,,hard,experimental wood,,,,,,,,,,,,,,,,,,,,,jmalfarolucas@gmail.com
EVT0293,SITE0124,wild pine wood,Wood,Natural,1,,,,61.5,-22.5,,1783,1783,,,,,,,hard,wild pine wood,,,,,,,,,,,,,,,,,,,,,jmalfarolucas@gmail.com
EVT0294,SITE0259,wild cocconut,Wood,Natural,1,,,,0,8.96666666666666,,250,250,,,,,,,hard,wild cocconut,,,,,,,,,,,,,,,,,,,,,jmalfarolucas@gmail.com
EVT0295,SITE0264,wild cocconut,Wood,Natural,1,,,,1.7,7.85,,2550,2550,,,,,,,hard,wild cocconut,,,,,,,,,,,,,,,,,,,,,jmalfarolucas@gmail.com
EVT0296,SITE0261,wild wood,Wood,Natural,1,,,,25.4166666666666,-79.9833333333333,,366,366,,,,,,,hard,wild wood,,,,,,,,,,,,,,,,,,,,,jmalfarolucas@gmail.com
EVT0297,SITE0295,wood,Wood,Unknown,1,,,,25.65,-79.9666666666666,,342,342,,,,,,,hard,wood,,,,,,,,,,,,,,,,,,,,,jmalfarolucas@gmail.com
EVT0298,SITE0263,wood,Wood,Unknown,1,,,,24.4166666666666,-80.5583333333333,,311,311,,,,,,,hard,wood,,,,,,,,,,,,,,,,,,,,,jmalfarolucas@gmail.com
EVT0299,SITE0264,wild cocoonut,Wood,Natural,1,,,,1.7,7.85,,2550,2550,,,,,,,hard,wild cocoonut,,,,,,,,,,,,,,,,,,,,,jmalfarolucas@gmail.com
EVT0300,SITE0264,wild wood,Wood,Natural,1,,,,1.7,7.85,,2550,2550,,,,,,,hard,wild wood,,,,,,,,,,,,,,,,,,,,,jmalfarolucas@gmail.com
EVT0301,SITE0265,wild pandanus fruit,Wood,Natural,1,,,,8.8,124.15,,1500,1500,,,,,,,hard,wild pandanus fruit,,,,,,,,,,,,,,,,,,,,,jmalfarolucas@gmail.com
EVT0302,SITE0265,wild wood,Wood,Natural,1,,,,8.8,124.15,,1500,1500,,,,,,,hard,wild wood,,,,,,,,,,,,,,,,,,,,,jmalfarolucas@gmail.com
EVT0303,SITE0266,wild wood,Wood,Natural,1,,,,7.9,121.5,,5050,5050,,,,,,,hard,wild wood,,,,,,,,,,,,,,,,,,,,,jmalfarolucas@gmail.com
EVT0304,SITE0266,wild bamboo,Wood,Natural,1,,,,7.9,121.5,,5050,5050,,,,,,,hard,wild bamboo,,,,,,,,,,,,,,,,,,,,,jmalfarolucas@gmail.com
EVT0305,SITE0267,wild wood,Wood,Natural,1,,,,-3.93333333333333,118.433333333333,,2000,2000,,,,,,,hard,wild wood,,,,,,,,,,,,,,,,,,,,,jmalfarolucas@gmail.com
EVT0306,SITE0268,wild wood,Wood,Natural,1,,,,-5.41666666666666,117.05,,545,570,,,,,,,hard,wild wood,,,,,,,,,,,,,,,,,,,,,jmalfarolucas@gmail.com
EVT0307,SITE0269,wild wood,Wood,Natural,1,,,,-5.43333333333333,130.966666666666,,7250,7290,,,,,,,hard,wild wood,,,,,,,,,,,,,,,,,,,,,jmalfarolucas@gmail.com
EVT0308,SITE0270,wild wood,Wood,Natural,1,,,,-31.45,153.55,,4530,4530,,,,,,,hard,wild wood,,,,,,,,,,,,,,,,,,,,,jmalfarolucas@gmail.com
EVT0309,SITE0271,wild wood,Wood,Natural,1,,,,-35.85,-178.516666666666,,6660.0,6770.0,,,,,,,hard,wild wood,,Reported depth bounds were 6770 and 6660 m; stored range is 6660–6770 m.,,,,,,,,,,,,,,,,,,,cherisse.persad@gmail.com
EVT0310,SITE0272,Galathea St 726 — sunken tree trunk,Wood,Natural,1,,,,5.8166666,-78.8666666666666,,3270,3670,1952-05-13,13 May 1952,,,,,sunken tree trunk,wild wood,,,,,,,,,,,,,,,,,,,,,cherisse.persad@gmail.com
EVT0311,SITE0273,wild wood,Wood,Natural,1,,,,7.36,-79.5333333333333,,915,975,,,,,,,hard,wild wood,,,,,,,,,,,,,,,,,,,,,jmalfarolucas@gmail.com
EVT0312,SITE0274,Galathea St 745 — sunken tree trunk,Wood,Natural,1,,,,7.25,-79.4166666666666,,915,915,1952-05-16,16 May 1952,,,,,sunken tree trunk,wild wood,,,,,,,,,,,,,,,,,,,,,cherisse.persad@gmail.com
EVT0313,SITE0275,wood,Wood,Unknown,1,,,,-41.5013888888888,-72.9394444444444,,247,247,,,,,,,hard,wood,,,,,,,,,,,,,,,,,,,,,jmalfarolucas@gmail.com
EVT0314,SITE0276,wood,Wood,Unknown,1,,,,16.7833333333333,-99.9833333333333,,258,258,,,,,,,hard,wood,,,,,,,,,,,,,,,,,,,,,jmalfarolucas@gmail.com
EVT0315,SITE0277,wood,Wood,Unknown,1,,,,42.55,-69.9666666666666,,201,201,,,,,,,hard,wood,,,,,,,,,,,,,,,,,,,,,jmalfarolucas@gmail.com
EVT0316,SITE0278,wood,Wood,Unknown,1,,,,41.2166666666666,-66,,1657,1657,,,,,,,hard,wood,,,,,,,,,,,,,,,,,,,,,jmalfarolucas@gmail.com
EVT0317,SITE0279,wood,Wood,Unknown,1,,,,39.7166666666666,-71.5333333333333,,552,552,,,,,,,hard,wood,,,,,,,,,,,,,,,,,,,,,jmalfarolucas@gmail.com
EVT0318,SITE0280,wood,Wood,Unknown,1,,,,39.5666666666666,-71.9333333333333,,684,684,,,,,,,hard,wood,,,,,,,,,,,,,,,,,,,,,jmalfarolucas@gmail.com
EVT0319,SITE0281,wood,Wood,Unknown,1,,,,39.3666666666666,-68.4166666666666,,2941,2941,,,,,,,hard,wood,,,,,,,,,,,,,,,,,,,,,jmalfarolucas@gmail.com
EVT0320,SITE0282,wood,Wood,Unknown,1,,,,38.8666666666666,-69.4,,3173,3173,,,,,,,hard,wood,,,,,,,,,,,,,,,,,,,,,jmalfarolucas@gmail.com
EVT0321,SITE0283,wood,Wood,Unknown,1,,,,36.75,-74.4666666666666,,1428,1428,,,,,,,hard,wood,,,,,,,,,,,,,,,,,,,,,jmalfarolucas@gmail.com
EVT0322,SITE0284,wood,Wood,Unknown,1,,,,36.6,-74.5333333333333,,1242,1242,,,,,,,hard,wood,,,,,,,,,,,,,,,,,,,,,jmalfarolucas@gmail.com
EVT0323,SITE0285,wood,Wood,Unknown,1,,,,39.4833333333333,-70.9666666666666,,2454,2454,,,,,,,hard,wood,,,,,,,,,,,,,,,,,,,,,jmalfarolucas@gmail.com
EVT0324,SITE0286,wood,Wood,Unknown,1,,,,35.8166666666666,-74.5666666666666,,1541,1541,,,,,,,hard,wood,,,,,,,,,,,,,,,,,,,,,jmalfarolucas@gmail.com
EVT0325,SITE0287,wood,Wood,Unknown,1,,,,30.9666666666666,-79.6333333333333,,538,538,,,,,,,hard,wood,,,,,,,,,,,,,,,,,,,,,jmalfarolucas@gmail.com
EVT0326,SITE0288,wood,Wood,Unknown,1,,,,15.2833333333333,-61.4,,252,252,,,,,,,hard,wood,,,,,,,,,,,,,,,,,,,,,jmalfarolucas@gmail.com
EVT0327,SITE0289,wood,Wood,Unknown,1,,,,13.85,-61.05,,413,413,,,,,,,hard,wood,,,,,,,,,,,,,,,,,,,,,jmalfarolucas@gmail.com
EVT0328,SITE0290,experimental wood,Wood,Experimental,1,,,,44.8666666666666,-124.483333333333,,200,200,,,,,,,hard,experimental wood,,,,,,,,,,,,,,,,,,,,,jmalfarolucas@gmail.com
EVT0329,SITE0291,experimental wood,Wood,Experimental,1,,,,44.8666666666666,-124.6,,500,500,,,,,,,hard,experimental wood,,,,,,,,,,,,,,,,,,,,,jmalfarolucas@gmail.com
EVT0330,SITE0292,experimental wood,Wood,Experimental,1,,,,44.8666666666666,-125.016666666666,,1000,1000,,,,,,,hard,experimental wood,,,,,,,,,,,,,,,,,,,,,jmalfarolucas@gmail.com
EVT0331,SITE0293,wild wood,Wood,Natural,1,,,,0.576666666666667,118.883333333333,,1301,1301,,,,,,,hard,wild wood,,,,,,,,,,,,,,,,,,,,,jmalfarolucas@gmail.com
EVT0332,SITE0294,wild wood,Wood,Natural,1,,,,26.6166666666666,-78.9333333333333,,284,284,,,,,,,hard,wild wood,,,,,,,,,,,,,,,,,,,,,jmalfarolucas@gmail.com
EVT0333,SITE0295,wild wood,Wood,Natural,1,,,,25.65,-79.9666666666666,,338,345,,,,,,,hard,wild wood,,,,,,,,,,,,,,,,,,,,,jmalfarolucas@gmail.com
EVT0334,SITE0296,wild wood,Wood,Natural,1,,,,16.5366666666666,-61.6133333333333,,364.0,421.0,,,,,,,hard,wild wood,,Reported depth bounds were 421 and 364 m; stored range is 364–421 m.,,,,,,,,,,,,,,,,,,,cherisse.persad@gmail.com
EVT0335,SITE0297,wild wood,Wood,Natural,1,,,,9.93,-78.9966666666666,,2069.0,2072.0,,,,,,,hard,wild wood,,Reported depth bounds were 2072 and 2069 m; stored range is 2069–2072 m.,,,,,,,,,,,,,,,,,,,cherisse.persad@gmail.com
EVT0336,SITE0298,wild wood,Wood,Natural,1,,,,6.88333333333,-79.45,,3193,3211,,,,,,,hard,wild wood,,,,,,,,,,,,,,,,,,,,,jmalfarolucas@gmail.com
EVT0337,SITE0299,wild wood,Wood,Natural,1,,,,39.73,-70.5,,1977,1977,,,,,,,hard,wild wood,,,,,,,,,,,,,,,,,,,,,jmalfarolucas@gmail.com
EVT0338,SITE0283,wild wood,Wood,Natural,1,,,,36.75,-74.4666666666666,,1428,1428,,,,,,,hard,wild wood,,,,,,,,,,,,,,,,,,,,,jmalfarolucas@gmail.com
EVT0339,SITE0300,wild wood,Wood,Natural,1,,,,36.4816666666666,-67.97,,2178,2178,,,,,,,hard,wild wood,,,,,,,,,,,,,,,,,,,,,jmalfarolucas@gmail.com
EVT0340,SITE0301,wild wood,Wood,Natural,1,,,,31,-79.8333333333333,,247,247,,,,,,,hard,wild wood,,,,,,,,,,,,,,,,,,,,,jmalfarolucas@gmail.com
EVT0341,SITE0302,wild wood,Wood,Natural,1,,,,37.43333333,-63.9833333333333,,4862,4862,,,,,,,hard,wild wood,,,,,,,,,,,,,,,,,,,,,jmalfarolucas@gmail.com
EVT0342,SITE0303,wild wood,Wood,Natural,1,,,,32.25,-64.5333333333333,,2095,2223,,,,,,,hard,wild wood,,,,,,,,,,,,,,,,,,,,,jmalfarolucas@gmail.com
EVT0343,SITE0297,wild wood,Wood,Natural,1,,,,9.93,-78.9966666666666,,420,640,,,,,,,hard,wild wood,,,,,,,,,,,,,,,,,,,,,jmalfarolucas@gmail.com
EVT0344,SITE0304,wild wood,Wood,Natural,1,,,,11.5833333333333,-64.59,,770,890,,,,,,,hard,wild wood,,,,,,,,,,,,,,,,,,,,,jmalfarolucas@gmail.com
EVT0345,SITE0305,wild wood,Wood,Natural,1,,,,23.35,-80.9333333333333,,914,914,,,,,,,hard,wild wood,,,,,,,,,,,,,,,,,,,,,jmalfarolucas@gmail.com
EVT0346,SITE0306,wild wood,Wood,Natural,1,,,,9.46,-76.4333333333333,,419,640,,,,,,,hard,wild wood,,,,,,,,,,,,,,,,,,,,,jmalfarolucas@gmail.com
EVT0347,SITE0307,experimental wood,Wood,Experimental,1,,,,24.9,-77.7833333333333,,1722,1722,,,,,,,hard,experimental wood,,,,,,,,,,,,,,,,,,,,,jmalfarolucas@gmail.com
EVT0348,SITE0308,experimental wood,Wood,Experimental,1,,,,33.73,-120.75,,1615,1615,,,,,,,hard,experimental wood,,,,,,,,,,,,,,,,,,,,,jmalfarolucas@gmail.com
EVT0349,SITE0308,experimental wood,Wood,Experimental,1,,,,33.73,-120.75,,1720,1720,,,,,,,hard,experimental wood,,,,,,,,,,,,,,,,,,,,,jmalfarolucas@gmail.com
EVT0350,SITE0308,experimental wood,Wood,Experimental,1,,,,33.73,-120.75,,2072,2072,,,,,,,hard,experimental wood,,,,,,,,,,,,,,,,,,,,,jmalfarolucas@gmail.com
EVT0351,SITE0308,experimental wood,Wood,Experimental,1,,,,33.73,-120.75,,1828,1828,,,,,,,hard,experimental wood,,,,,,,,,,,,,,,,,,,,,jmalfarolucas@gmail.com
EVT0352,SITE0309,wild wood,Wood,Natural,1,,,,46,-124.8,,464,464,,,,,,,hard,wild wood,,,,,,,,,,,,,,,,,,,,,jmalfarolucas@gmail.com
EVT0353,SITE0310,wild wood,Wood,Natural,1,,,,45.75,-125.15,,1554,1554,,,,,,,hard,wild wood,,,,,,,,,,,,,,,,,,,,,jmalfarolucas@gmail.com
EVT0354,SITE0311,wild wood,Wood,Natural,1,,,,45.8666666666666,-124.9,,823,823,,,,,,,hard,wild wood,,,,,,,,,,,,,,,,,,,,,jmalfarolucas@gmail.com
EVT0355,SITE0312,experimental wood,Wood,Experimental,1,,,,34.1,-120.75,,722,722,,,,,,,hard,experimental wood,,,,,,,,,,,,,,,,,,,,,jmalfarolucas@gmail.com
EVT0356,SITE0313,experimental wood,Wood,Experimental,1,,,,33.7333333333333,-120.75,,1524.0,2066.0,,,,,,,hard,experimental wood,,Reported depth bounds were 2066 and 1524 m; stored range is 1524–2066 m.,,,,,,,,,,,,,,,,,,,cherisse.persad@gmail.com
EVT0357,SITE0295,wild wood,Wood,Natural,1,,,,25.65,-79.9666666666666,,340,340,,,,,,,hard,wild wood,,,,,,,,,,,,,,,,,,,,,jmalfarolucas@gmail.com
EVT0358,SITE0314,wild wood,Wood,Natural,1,,,,18.1986111111111,-67.7138888888888,,365,365,,,,,,,hard,wild wood,,,,,,,,,,,,,,,,,,,,,jmalfarolucas@gmail.com
EVT0359,SITE0315,wild wood,Wood,Natural,1,,,,-8.6,114.566666666666,,300,300,,,,,,,hard,wild wood,,,,,,,,,,,,,,,,,,,,,jmalfarolucas@gmail.com
EVT0360,SITE0316,wild wood,Wood,Natural,1,,,,10.5,96.5833333333333,,384,384,,,,,,,hard,wild wood,,,,,,,,,,,,,,,,,,,,,jmalfarolucas@gmail.com
EVT0361,SITE0317,wild wood,Wood,Natural,1,,,,-0.25,8.78333333333333,,239,239,,,,,,,hard,wild wood,,,,,,,,,,,,,,,,,,,,,jmalfarolucas@gmail.com
EVT0362,SITE0318,wild wood,Wood,Natural,1,,,,67.4078333333333,-21.6183333333333,,487,492,,,,,,,hard,wild wood,,,,,,,,,,,,,,,,,,,,,jmalfarolucas@gmail.com
EVT0363,SITE0319,wild wood,Wood,Natural,1,,,,74.892,-12.5898333333333,,1509,1525,,,,,,,hard,wild wood,,,,,,,,,,,,,,,,,,,,,jmalfarolucas@gmail.com
EVT0364,SITE0320,wild wood,Wood,Natural,1,,,,,,,200,200,,,,,,,hard,wild wood,,,,,,,,,,,,,,,,,,,,,jmalfarolucas@gmail.com
EVT0365,SITE0321,wild wood,Wood,Natural,1,,,,,,,500,500,,,,,,,hard,wild wood,,,,,,,,,,,,,,,,,,,,,jmalfarolucas@gmail.com
EVT0366,SITE0322,wild wood,Wood,Natural,1,,,,,,,250,300,,,,,,,hard,wild wood,,,,,,,,,,,,,,,,,,,,,jmalfarolucas@gmail.com
EVT0367,SITE0323,wild wood,Wood,Natural,1,,,,,,,560,580,,,,,,,hard,wild wood,,,,,,,,,,,,,,,,,,,,,jmalfarolucas@gmail.com
EVT0368,SITE0324,experimental wood,Wood,Experimental,1,,,,21.0635,-31.2035,,4626,4626,,,,,,,hard,experimental wood,,,,,,,,,,,,,,,,,,,,,jmalfarolucas@gmail.com
EVT0369,SITE0183,wild wood,Wood,Natural,1,,,,-41.165,176.441666666666,,1174,1208,,,,,,,hard,wild wood,,,,,,,,,,,,,,,,,,,,,jmalfarolucas@gmail.com
EVT0370,SITE0326,wild wood,Wood,Natural,1,,,,-41.3,176.305,,1152.0,1170.0,,,,,,,hard,wild wood,,Reported depth bounds were 1170 and 1152 m; stored range is 1152–1170 m.,,,,,,,,,,,,,,,,,,,cherisse.persad@gmail.com
EVT0371,SITE0198,wild wood,Wood,Natural,1,,,,-41.4216666666666,176.126666666666,,1057,1110,,,,,,,hard,wild wood,,,,,,,,,,,,,,,,,,,,,jmalfarolucas@gmail.com
EVT0372,SITE0197,wild wood,Wood,Natural,1,,,,-41.4116666666666,176.14,,1071,1103,,,,,,,hard,wild wood,,,,,,,,,,,,,,,,,,,,,jmalfarolucas@gmail.com
EVT0373,SITE0329,experimental oak and fir wood,Wood,Experimental,1,,,,42.7533333333333,-126.708333333333,,2675,2675,,,,,,,hard,experimental oak and fir wood,,,,,,,,,,,,,,,,,,,,,jmalfarolucas@gmail.com
EVT0374,SITE0879,experimental wood,Wood,Experimental,1,,,,36.26128,-122.677983333333,,3100,3100,,,,,,,hard,experimental wood,,,,,,,,,,,,,,,,,,,,,jmalfarolucas@gmail.com
EVT0375,SITE0331,wild wood,Wood,Natural,1,,,,-42.787,179.926166666666,,1040,1042,,,,,,,hard,wild wood,,,,,,,,,,,,,,,,,,,,,jmalfarolucas@gmail.com
EVT0376,SITE0219,unknown,Wood,Unknown,1,,,,38.3066666666666,-69.5933333333333,,3506,3506,,,,,,,hard,unknown,,"Original substrate-origin wording is 'unknown'. Occurrence records identify a wood-fall habitat, but natural versus experimental origin is unresolved.",,,,,,,,,,,,,,,,,,,cherisse.persad@gmail.com
EVT0377,SITE0333,experimental wood,Wood,Experimental,1,,,,-28.0284333333333,-43.5296666666666,,3358,3358,,,,,,,hard,experimental wood,,,,,,,,,,,,,,,,,,,,,jmalfarolucas@gmail.com
EVT0378,SITE0334,unknown,Wood,Unknown,1,,,,17.9583333333333,-64.8083333333333,,4000,4000,,,,,,,hard,unknown,,"Original substrate-origin wording is 'unknown'. Occurrence records identify a wood-fall habitat, but natural versus experimental origin is unresolved.",,,,,,,,,,,,,,,,,,,cherisse.persad@gmail.com
EVT0379,SITE0335,experimental wood,Wood,Experimental,1,,,,47.2700166666666,-127.592883333333,,2666,2666,,,,,,,hard,experimental wood,,,,,,,,,,,,,,,,,,,,,jmalfarolucas@gmail.com
EVT0380,SITE0336,experimental wood,Wood,Experimental,1,,,,43.9087,-125.170633333333,,1605,1605,,,,,,,hard,experimental wood,,,,,,,,,,,,,,,,,,,,,jmalfarolucas@gmail.com
EVT0381,SITE0337,experimental wood,Wood,Experimental,1,,,,47.9577,-126.0353,,1596,1596,,,,,,,hard,experimental wood,,,,,,,,,,,,,,,,,,,,,jmalfarolucas@gmail.com
EVT0382,SITE0338,wild wood,Wood,Natural,1,,,,-39.7158333333333,177.963666666666,,1063,1063,,,,,,,hard,wild wood,,,,,,,,,,,,,,,,,,,,,jmalfarolucas@gmail.com
EVT0383,SITE0339,experimental wood,Wood,Experimental,1,,,,36.2613,-122.678,,3100,3100,,,,,,,hard,experimental wood,,,,,,,,,,,,,,,,,,,,,jmalfarolucas@gmail.com
EVT0384,SITE0340,wild wood,Wood,Natural,1,,,,-42.8166666666666,-175.683333333333,,1045,1068,,,,,,,hard,wild wood,,,,,,,,,,,,,,,,,,,,,jmalfarolucas@gmail.com
EVT0385,SITE0341,experimental wood,Wood,Experimental,1,,,,-25.894,-45.0348333333333,,1500,1500,,,,,,,hard,experimental wood,,,,,,,,,,,,,,,,,,,,,jmalfarolucas@gmail.com
EVT0386,SITE0342,wild wood,Wood,Natural,1,,,,-39.7158,177.9637,,1063,1063,,,,,,,hard,wild wood,,,,,,,,,,,,,,,,,,,,,jmalfarolucas@gmail.com
EVT0387,SITE0343,wild wood,Wood,Natural,1,,,,-43.9546666666666,176.767166666666,,517,518,,,,,,,hard,wild wood,,,,,,,,,,,,,,,,,,,,,jmalfarolucas@gmail.com
EVT0388,SITE0344,wild wood,Wood,Natural,1,,,,-46.8716666666666,167.041666666666,,886,887,,,,,,,hard,wild wood,,,,,,,,,,,,,,,,,,,,,jmalfarolucas@gmail.com
EVT0389,SITE0345,wild wood,Wood,Natural,1,,,,-40.8305,176.935833333333,,930,930,,,,,,,hard,wild wood,,,,,,,,,,,,,,,,,,,,,jmalfarolucas@gmail.com
EVT0390,SITE0346,experimental wood,Wood,Experimental,1,,,,-21.4501333333333,-39.8965,,1500,1500,,,,,,,hard,experimental wood,,,,,,,,,,,,,,,,,,,,,jmalfarolucas@gmail.com
EVT0391,SITE0347,experimental wood,Wood,Experimental,1,,,,41.5041666666666,2.84722222222222,,1200,1200,,,,,,,hard,experimental wood,,,,,,,,,,,,,,,,,,,,,jmalfarolucas@gmail.com
EVT0392,SITE0348,experimental wood,Wood,Experimental,1,,,,43.9103611111111,-6.35002777777777,,2100,2100,,,,,,,hard,experimental wood,,,,,,,,,,,,,,,,,,,,,jmalfarolucas@gmail.com
EVT0393,SITE0349,wild wood,Wood,Natural,1,,,,27.7458333333333,-91.2218333333333,,540,540,,,,,,,hard,wild wood,,,,,,,,,,,,,,,,,,,,,jmalfarolucas@gmail.com
EVT0394,SITE0347,experimental wood,Wood,Experimental,1,,,,41.5041666666666,2.84722222222222,,1195,1195,,,,,,,hard,experimental wood,,,,,,,,,,,,,,,,,,,,,jmalfarolucas@gmail.com
EVT0395,SITE0350,experimental wood,Wood,Experimental,1,,,,41.8641666666666,3.33616666666666,,1150,1150,,,,,,,hard,experimental wood,,,,,,,,,,,,,,,,,,,,,jmalfarolucas@gmail.com
EVT0396,SITE0351,unknown,Wood,Unknown,1,,,,-29.0366666666666,32.3266666666666,,800,800,,,,,,,hard,unknown,,"Original substrate-origin wording is 'unknown'. Occurrence records identify a wood-fall habitat, but natural versus experimental origin is unresolved.",,,,,,,,,,,,,,,,,,,cherisse.persad@gmail.com
EVT0397,SITE0349,unknown,Wood,Unknown,1,,,,27.7458333333333,-91.2218333333333,,540,540,,,,,,,hard,unknown,,"Original substrate-origin wording is 'unknown'. Occurrence records identify a wood-fall habitat, but natural versus experimental origin is unresolved.",,,,,,,,,,,,,,,,,,,cherisse.persad@gmail.com
EVT0398,SITE0334,experimental wood,Wood,Experimental,1,,,,17.9583333333333,-64.8083333333333,,4000,4000,,,,,,,hard,experimental wood,,,,,,,,,,,,,,,,,,,,,jmalfarolucas@gmail.com
EVT0399,SITE0353,unknown,Wood,Unknown,1,,,,60.4819166666666,5.41775,,210,210,,,,,,,hard,unknown,,"Original substrate-origin wording is 'unknown'. Occurrence records identify a wood-fall habitat, but natural versus experimental origin is unresolved.",,,,,,,,,,,,,,,,,,,cherisse.persad@gmail.com
EVT0400,SITE0354,wild wood,Wood,Natural,1,,,,-8.5537,157.8983,,850,850,,,,,,,hard,wild wood,,,,,,,,,,,,,,,,,,,,,jmalfarolucas@gmail.com
EVT0401,SITE0354,wild wood,Wood,Natural,1,,,,-8.5537,157.8983,,515,515,,,,,,,hard,wild wood,,,,,,,,,,,,,,,,,,,,,jmalfarolucas@gmail.com
EVT0402,SITE0355,wild wood,Wood,Natural,1,,,,-8.5592,157.4578,,515,515,,,,,,,hard,wild wood,,,,,,,,,,,,,,,,,,,,,jmalfarolucas@gmail.com
EVT0403,SITE0356,wild wood,Wood,Natural,1,,,,-8.28,159.96,,900,900,,,,,,,hard,wild wood,,,,,,,,,,,,,,,,,,,,,jmalfarolucas@gmail.com
EVT0404,SITE0357,wild wood,Wood,Natural,1,,,,-8.6807,157.4683,,450,450,,,,,,,hard,wild wood,,,,,,,,,,,,,,,,,,,,,jmalfarolucas@gmail.com
EVT0405,SITE0358,wild wood,Wood,Natural,1,,,,-8.5325,157.726944,,850,850,,,,,,,hard,wild wood,,,,,,,,,,,,,,,,,,,,,jmalfarolucas@gmail.com
EVT0406,SITE0359,wild wood,Wood,Natural,1,,,,-8.5307,157.7162,,850,850,,,,,,,hard,wild wood,,,,,,,,,,,,,,,,,,,,,jmalfarolucas@gmail.com
EVT0407,SITE0360,wild wood,Wood,Natural,1,,,,-8.5537,157.4198,,515,515,,,,,,,hard,wild wood,,,,,,,,,,,,,,,,,,,,,jmalfarolucas@gmail.com
EVT0408,SITE0361,wild wood,Wood,Natural,1,,,,-8.75,159.6797,,700,700,,,,,,,hard,wild wood,,,,,,,,,,,,,,,,,,,,,jmalfarolucas@gmail.com
EVT0409,SITE0362,wild wood,Wood,Natural,1,,,,-8.7617,159.665,,900,900,,,,,,,hard,wild wood,,,,,,,,,,,,,,,,,,,,,jmalfarolucas@gmail.com
EVT0410,SITE0363,wild wood,Wood,Natural,1,,,,-7.9378,156.8467,,450,450,,,,,,,hard,wild wood,,,,,,,,,,,,,,,,,,,,,jmalfarolucas@gmail.com
EVT0411,SITE0364,wild wood,Wood,Natural,1,,,,-7.940833,156.855556,,450,450,,,,,,,hard,wild wood,,,,,,,,,,,,,,,,,,,,,jmalfarolucas@gmail.com
EVT0412,SITE0365,wild wood,Wood,Natural,1,,,,-7.7535,156.4267,,515,515,,,,,,,hard,wild wood,,,,,,,,,,,,,,,,,,,,,jmalfarolucas@gmail.com
EVT0413,SITE0366,wild wood,Wood,Natural,1,,,,-7.67,156.4007,,670,670,,,,,,,hard,wild wood,,,,,,,,,,,,,,,,,,,,,jmalfarolucas@gmail.com
EVT0414,SITE0367,wild wood,Wood,Natural,1,,,,-7.7983,156.8983,,850,850,,,,,,,hard,wild wood,,,,,,,,,,,,,,,,,,,,,jmalfarolucas@gmail.com
EVT0415,SITE0368,wild wood,Wood,Natural,1,,,,-6.5935,156.188,,610,610,,,,,,,hard,wild wood,,,,,,,,,,,,,,,,,,,,,jmalfarolucas@gmail.com
EVT0416,SITE0369,wild wood,Wood,Natural,1,,,,-6.600278,156.19111,,610,610,,,,,,,hard,wild wood,,,,,,,,,,,,,,,,,,,,,jmalfarolucas@gmail.com
EVT0417,SITE0370,wild wood,Wood,Natural,1,,,,-8.4067,159.445,,400,400,,,,,,,hard,wild wood,,,,,,,,,,,,,,,,,,,,,jmalfarolucas@gmail.com
EVT0418,SITE0371,wild wood,Wood,Natural,1,,,,-8.6215,157.3657,,195,195,,,,,,,hard,wild wood,,,,,,,,,,,,,,,,,,,,,jmalfarolucas@gmail.com
EVT0419,SITE0372,wild wood,Wood,Natural,1,,,,-8.665,157.388333,,250,250,,,,,,,hard,wild wood,,,,,,,,,,,,,,,,,,,,,jmalfarolucas@gmail.com
EVT0420,SITE0373,wild wood,Wood,Natural,1,,,,-8.659,157.3863,,250,250,,,,,,,hard,wild wood,,,,,,,,,,,,,,,,,,,,,jmalfarolucas@gmail.com
EVT0421,SITE0374,wild wood,Wood,Natural,1,,,,-8.7773,157.5103,,130,130,,,,,,,hard,wild wood,,,,,,,,,,,,,,,,,,,,,jmalfarolucas@gmail.com
EVT0422,SITE0375,wild wood,Wood,Natural,1,,,,34.07,136.3,,150,250,,,,,,,hard,wild wood,,,,,,,,,,,,,,,,,,,,,jmalfarolucas@gmail.com
EVT0423,SITE0376,wild wood,Wood,Natural,1,,,,34.43,138.41,,150,250,,,,,,,hard,wild wood,,,,,,,,,,,,,,,,,,,,,jmalfarolucas@gmail.com
EVT0424,SITE0377,wild wood,Wood,Natural,1,,,,-14.995,166.916666666666,,630,705,,,,,,,hard,wild wood,,,,,,,,,,,,,,,,,,,,,jmalfarolucas@gmail.com
EVT0425,SITE0636,wild wood,Wood,Natural,1,,,,-14.9516666666666,166.918333333333,,677,771,,,,,,,hard,wild wood,,,,,,,,,,,,,,,,,,,,,jmalfarolucas@gmail.com
EVT0426,SITE0379,wild wood,Wood,Natural,1,,,,-14.025,166.901666666666,,503,553,,,,,,,hard,wild wood,,,,,,,,,,,,,,,,,,,,,jmalfarolucas@gmail.com
EVT0427,SITE0380,wild wood,Wood,Natural,1,,,,-10.4666666666666,161.373333333333,,533,612,,,,,,,hard,wild wood,,,,,,,,,,,,,,,,,,,,,jmalfarolucas@gmail.com
EVT0428,SITE0381,Galathea St 450 — two waterlogged Nipa-palm fruits,Wood,Natural,1,,,,1.83333333333333,119.333333333333,,4940,4970,1951-08-21,21 August 1951,,,,,two waterlogged Nipa-palm fruits,wild nipa palm fruit,,,,,,,,,,,,,,,,,,,,,cherisse.persad@gmail.com
EVT0429,SITE0382,ship wreck: decomposing paper in the ship's mailroom,Wood,Unknown,0,Anthropogenic shipwreck / mixed organic reducing habitat; not a defensible discrete whale- or wood-fall event for dissertation analysis,,,,,,2800,2800,,,,,,,hard,ship wreck: decomposing paper in the ship's mailroom,,,,,,,,,,,,,,,,,,,,,cherisse.persad@gmail.com
EVT0430,SITE0383,wild wood,Wood,Natural,1,,,,9.60166666666666,123.75,,200,200,,,,,,,hard,wild wood,,,,,,,,,,,,,,,,,,,,,jmalfarolucas@gmail.com
EVT0431,SITE0384,Shipwreck Catania (contained some wooden structures and was transporting cotton balls and oil seeds),Wood,Unknown,0,Anthropogenic shipwreck / mixed organic reducing habitat; not a defensible discrete whale- or wood-fall event for dissertation analysis,,,,,,490,490,,,,,,,hard,Shipwreck Catania (contained some wooden structures and was transporting cotton balls and oil seeds),,,,,,,,,,,,,,,,,,,,,cherisse.persad@gmail.com
EVT0432,SITE0385,Shipwreck Francois Vieljeux: beans and sunflowers seeds,Wood,Unknown,0,Anthropogenic shipwreck / mixed organic reducing habitat; not a defensible discrete whale- or wood-fall event for dissertation analysis,,,42.1325,-9.49483333333333,,1160,1160,,,,,,,hard,Shipwreck Francois Vieljeux: beans and sunflowers seeds,,,,,,,,,,,,,,,,,,,,,cherisse.persad@gmail.com
EVT0433,SITE0386,wild wood,Wood,Natural,1,,,,-14.9957777777777,166.9245,,220,780,,,,,,,hard,wild wood,,,,,,,,,,,,,,,,,,,,,jmalfarolucas@gmail.com
EVT0434,SITE0172,wild wood,Wood,Natural,1,,,,-37.395,177.658333333333,,1075,1100,,,,,,,hard,wild wood,,,,,,,,,,,,,,,,,,,,,jmalfarolucas@gmail.com
EVT0435,SITE0388,wild wood,Wood,Natural,1,,,,-37.395,177.61,,1075,1100,,,,,,,hard,wild wood,,,,,,,,,,,,,,,,,,,,,jmalfarolucas@gmail.com
EVT0436,SITE0389,wild wood,Wood,Natural,1,,,,32.3516666666666,132.475,,1650,1650,,,,,,,hard,wild wood,,,,,,,,,,,,,,,,,,,,,jmalfarolucas@gmail.com
EVT0437,SITE0390,wild wood,Wood,Natural,1,,,,27.7348333333333,-91.2415,,610,610,,,,,,,hard,wild wood,,,,,,,,,,,,,,,,,,,,,jmalfarolucas@gmail.com
EVT0438,SITE0391,wild wood,Wood,Natural,1,,,,42.4833333333333,154.0015,,5295,5299,,,,,,,hard,wild wood,,,,,,,,,,,,,,,,,,,,,jmalfarolucas@gmail.com
EVT0439,SITE0392,wild wood,Wood,Natural,1,,,,43.0443333333333,152.991,,5218,5222,,,,,,,hard,wild wood,,,,,,,,,,,,,,,,,,,,,jmalfarolucas@gmail.com
EVT0440,SITE0393,wild wood,Wood,Natural,1,,,,41.2006666666666,150.097833333333,,5236,5257,,,,,,,hard,wild wood,,,,,,,,,,,,,,,,,,,,,jmalfarolucas@gmail.com
EVT0441,SITE0394,wild wood,Wood,Natural,1,,,,40.2258333333333,148.112833333333,,5349,5352,,,,,,,hard,wild wood,,,,,,,,,,,,,,,,,,,,,jmalfarolucas@gmail.com
EVT0442,SITE0395,wild wood,Wood,Natural,1,,,,39.7245,147.1795,,5217,5229,,,,,,,hard,wild wood,,,,,,,,,,,,,,,,,,,,,jmalfarolucas@gmail.com
EVT0443,SITE0396,wild wood,Wood,Natural,1,,,,16.2,-84.2333333333333,,645,645,,,,,,,hard,wild wood,,,,,,,,,,,,,,,,,,,,,jmalfarolucas@gmail.com
EVT0444,SITE0397,wild wood,Wood,Natural,1,,,,9.1,-81.25,,735,825,,,,,,,hard,wild wood,,,,,,,,,,,,,,,,,,,,,jmalfarolucas@gmail.com
EVT0445,SITE0398,wild wood,Wood,Natural,1,,,,9.96666666666666,-76.4833333333333,,1285,1285,,,,,,,hard,wild wood,,,,,,,,,,,,,,,,,,,,,jmalfarolucas@gmail.com
EVT0446,SITE0399,wild wood,Wood,Natural,1,,,,11.2166666666666,-74.4333333333333,,625,645,,,,,,,hard,wild wood,,,,,,,,,,,,,,,,,,,,,jmalfarolucas@gmail.com
EVT0447,SITE0400,wild wood,Wood,Natural,1,,,,11.4333333333333,-73.6833333333333,,470,470,,,,,,,hard,wild wood,,,,,,,,,,,,,,,,,,,,,jmalfarolucas@gmail.com
EVT0448,SITE0401,wild wood,Wood,Natural,1,,,,11.2,-74.4,,550,590,,,,,,,hard,wild wood,,,,,,,,,,,,,,,,,,,,,jmalfarolucas@gmail.com
EVT0449,SITE0402,wild wood,Wood,Natural,1,,,,11.6833333333333,-73.4,,645,645,,,,,,,hard,wild wood,,,,,,,,,,,,,,,,,,,,,jmalfarolucas@gmail.com
EVT0450,SITE0403,wild wood,Wood,Natural,1,,,,9.53333333333333,-76.6333333333333,,1470,1470,,,,,,,hard,wild wood,,,,,,,,,,,,,,,,,,,,,jmalfarolucas@gmail.com
EVT0451,SITE0404,wild wood,Wood,Natural,1,,,,10.1666666666666,-76.2333333333333,,1100,1100,,,,,,,hard,wild wood,,,,,,,,,,,,,,,,,,,,,jmalfarolucas@gmail.com
EVT0452,SITE0405,wild wood,Wood,Natural,1,,,,10.15,-76.2333333333333,,920,920,,,,,,,hard,wild wood,,,,,,,,,,,,,,,,,,,,,jmalfarolucas@gmail.com
EVT0453,SITE0406,wild wood,Wood,Natural,1,,,,12.9166666666666,-70.2666666666666,,630,630,,,,,,,hard,wild wood,,,,,,,,,,,,,,,,,,,,,jmalfarolucas@gmail.com
EVT0454,SITE0407,wild wood,Wood,Natural,1,,,,60.3972222222222,6.425,,870,870,,,,,,,hard,wild wood,,,,,,,,,,,,,,,,,,,,,jmalfarolucas@gmail.com
EVT0455,SITE0408,wild wood,Wood,Natural,1,,,,,,,,,,,,,,,hard,wild wood,,,,,,,,,,,,,,,,,,,,,jmalfarolucas@gmail.com
EVT0456,SITE0246,experiment,Wood,Experimental,1,,,,47.7847833333333,-127.691316666666,,2656,2656,,,,,,,hard,experiment,,,,,,,,,,,,,,,,,,,,,jmalfarolucas@gmail.com
EVT0457,SITE0409,wild Siberian pine wood,Wood,Natural,1,,,,73.5531666666666,8.28166666666666,,2830,2830,,,,,,,hard,wild Siberian pine wood,,,,,,,,,,,,,,,,,,,,,jmalfarolucas@gmail.com
EVT0458,SITE0410,wild wood,Wood,Natural,1,,,,33.95,136.35,,330,400,,,,,,,hard,wild wood,,,,,,,,,,,,,,,,,,,,,jmalfarolucas@gmail.com
EVT0459,SITE0411,wild wood,Wood,Natural,1,,,,50.95,149.75,,1040,1050,,,,,,,hard,wild wood,,,,,,,,,,,,,,,,,,,,,jmalfarolucas@gmail.com
EVT0460,SITE0412,wild wood,Wood,Natural,1,,,,34.9916666666666,138.716666666666,,180,450,,,,,,,hard,wild wood,,,,,,,,,,,,,,,,,,,,,jmalfarolucas@gmail.com
EVT0461,SITE0413,wild wood,Wood,Natural,1,,,,35.0066666666666,138.731666666666,,400,740,,,,,,,hard,wild wood,,,,,,,,,,,,,,,,,,,,,cherisse.persad@gmail.com
EVT0462,SITE0414,wild wood,Wood,Natural,1,,,,34.8966666666666,138.721666666666,,350,600,,,,,,,hard,wild wood,,,,,,,,,,,,,,,,,,,,,jmalfarolucas@gmail.com
EVT0463,SITE0415,wild wood,Wood,Natural,1,,,,34.945,138.721666666666,,430,710,,,,,,,hard,wild wood,,,,,,,,,,,,,,,,,,,,,jmalfarolucas@gmail.com
EVT0464,SITE0416,wild wood,Wood,Natural,1,,,,34.9983333333333,138.735,,420,540,,,,,,,hard,wild wood,,,,,,,,,,,,,,,,,,,,,jmalfarolucas@gmail.com
EVT0465,SITE0417,wild wood,Wood,Natural,1,,,,34.9666666666666,138.736666666666,,370,400,,,,,,,hard,wild wood,,,,,,,,,,,,,,,,,,,,,jmalfarolucas@gmail.com
EVT0466,SITE0418,wild wood,Wood,Natural,1,,,,34.7716666666666,138.713333333333,,275,500,,,,,,,hard,wild wood,,,,,,,,,,,,,,,,,,,,,jmalfarolucas@gmail.com
EVT0467,SITE0419,wild wood,Wood,Natural,1,,,,35.0083333333333,138.751666666666,,140,400,,,,,,,hard,wild wood,,,,,,,,,,,,,,,,,,,,,jmalfarolucas@gmail.com
EVT0468,SITE0420,wild wood,Wood,Natural,1,,,,34.93,138.71,,510,510,,,,,,,hard,wild wood,,,,,,,,,,,,,,,,,,,,,jmalfarolucas@gmail.com
EVT0469,SITE0421,wild wood,Wood,Natural,1,,,,34.7603333333333,138.492166666666,,240,410,,,,,,,hard,wild wood,,,,,,,,,,,,,,,,,,,,,jmalfarolucas@gmail.com
EVT0470,SITE0422,wild wood,Wood,Natural,1,,,,34.7745,138.714,,205,423,,,,,,,hard,wild wood,,,,,,,,,,,,,,,,,,,,,jmalfarolucas@gmail.com
EVT0471,SITE0423,wild wood,Wood,Natural,1,,,,34.7441666666666,138.6955,,345,422,,,,,,,hard,wild wood,,,,,,,,,,,,,,,,,,,,,jmalfarolucas@gmail.com
EVT0472,SITE0424,wild wood,Wood,Natural,1,,,,34.7661666666666,138.705333333333,,314,314,,,,,,,hard,wild wood,,,,,,,,,,,,,,,,,,,,,jmalfarolucas@gmail.com
EVT0473,SITE0425,wild wood,Wood,Natural,1,,,,34.3828333333333,138.298333333333,,458,479,,,,,,,hard,wild wood,,,,,,,,,,,,,,,,,,,,,jmalfarolucas@gmail.com
EVT0474,SITE0426,wild wood,Wood,Natural,1,,,,35.085,138.723333333333,,785,920,,,,,,,hard,wild wood,,,,,,,,,,,,,,,,,,,,,jmalfarolucas@gmail.com
EVT0475,SITE0427,wild wood,Wood,Natural,1,,,,34.2033333333333,139.21,,825,825,,,,,,,hard,wild wood,,,,,,,,,,,,,,,,,,,,,jmalfarolucas@gmail.com
EVT0476,SITE0428,wild wood,Wood,Natural,1,,,,35.0683333333333,139.525,,750,870,,,,,,,hard,wild wood,,,,,,,,,,,,,,,,,,,,,jmalfarolucas@gmail.com
EVT0477,SITE0429,wild wood,Wood,Natural,1,,,,34.9933333333333,138.745,,310,680,,,,,,,hard,wild wood,,,,,,,,,,,,,,,,,,,,,jmalfarolucas@gmail.com
EVT0478,SITE0430,wild wood,Wood,Natural,1,,,,34.7633333333333,138.708333333333,,312,328,,,,,,,hard,wild wood,,,,,,,,,,,,,,,,,,,,,jmalfarolucas@gmail.com
EVT0479,SITE0431,wild wood,Wood,Natural,1,,,,34.9066666666666,138.728333333333,,337,355,,,,,,,hard,wild wood,,,,,,,,,,,,,,,,,,,,,jmalfarolucas@gmail.com
EVT0480,SITE0432,wild wood,Wood,Natural,1,,,,34.685,138.39,,505,555,,,,,,,hard,wild wood,,,,,,,,,,,,,,,,,,,,,jmalfarolucas@gmail.com
EVT0481,SITE0413,wild wood,Wood,Natural,0,Same physical event as EVT0461; excluded from analysis.,,,35.0066666666666,138.731666666666,,400,740,,,,,,,hard,wild wood,,,,,,,,,,,,,,,,,,,,,cherisse.persad@gmail.com
EVT0482,SITE0434,wild wood,Wood,Natural,1,,,,34.918,138.718,,365,380,,,,,,,hard,wild wood,,,,,,,,,,,,,,,,,,,,,jmalfarolucas@gmail.com
EVT0483,SITE0435,wild wood,Wood,Natural,1,,,,35.1516666666666,139.388333333333,,478,490,,,,,,,hard,wild wood,,,,,,,,,,,,,,,,,,,,,jmalfarolucas@gmail.com
EVT0484,SITE0436,wild wood,Wood,Natural,1,,,,34.9516666666666,138.726666666666,,380,1000,,,,,,,hard,wild wood,,,,,,,,,,,,,,,,,,,,,jmalfarolucas@gmail.com
EVT0485,SITE0437,wild wood,Wood,Natural,1,,,,34.8683333333333,139.461666666666,,1685,1708,,,,,,,hard,wild wood,,,,,,,,,,,,,,,,,,,,,jmalfarolucas@gmail.com
EVT0486,SITE0438,wild wood,Wood,Natural,1,,,,34.38,138.400166666666,,459,490,,,,,,,hard,wild wood,,,,,,,,,,,,,,,,,,,,,jmalfarolucas@gmail.com
EVT0487,SITE0439,wild wood,Wood,Natural,1,,,,35.0683333333333,138.788333333333,,211,282,,,,,,,hard,wild wood,,,,,,,,,,,,,,,,,,,,,jmalfarolucas@gmail.com
EVT0488,SITE0440,wild wood,Wood,Natural,1,,,,34.951,138.75,,160,210,,,,,,,hard,wild wood,,,,,,,,,,,,,,,,,,,,,jmalfarolucas@gmail.com
EVT0489,SITE0441,wild wood,Wood,Natural,1,,,,34.8983333333333,138.718333333333,,382,425,,,,,,,hard,wild wood,,,,,,,,,,,,,,,,,,,,,jmalfarolucas@gmail.com
EVT0490,SITE0442,wild wood,Wood,Natural,1,,,,32.3816666666666,132.453333333333,,1090,1091,,,,,,,hard,wild wood,,,,,,,,,,,,,,,,,,,,,jmalfarolucas@gmail.com
EVT0491,SITE0443,wild wood,Wood,Natural,1,,,,34.0846666666666,136.655333333333,,495,515,,,,,,,hard,wild wood,,,,,,,,,,,,,,,,,,,,,jmalfarolucas@gmail.com
EVT0492,SITE0444,wild wood,Wood,Natural,1,,,,18.3783333333333,-75.0455555555555,,530,530,,,,,,,hard,wild wood,,,,,,,,,,,,,,,,,,,,,jmalfarolucas@gmail.com
EVT0493,SITE0445,Flinders CMR natural wood trawl,Wood,Natural,1,,,,-40.4732,149.3967,,4114,4139,2017-05-20,,,,,,hard,wild wood,,,,,,,,,,,,,,,,,,,,,cherisse.persad@gmail.com
EVT0494,SITE0446,East Gippsland CMR natural wood trawl,Wood,Natural,1,,,,-37.792,150.382,,2338,2581,2017-05-25,,,,,,hard,wild wood,,,,,,,,,,,,,,,,,,,,,cherisse.persad@gmail.com
EVT0495,SITE0447,Hunter CMR natural wood trawl,Wood,Natural,1,,,,-32.575,153.1617,,2474,2595,2017-06-03,,,,,,hard,wild wood,,,,,,,,,,,,,,,,,,,,,cherisse.persad@gmail.com
EVT0496,SITE0448,wild wood,Wood,Natural,1,,,,36.485,141.013333333333,,380,384,,,,,,,hard,wild wood,,,,,,,,,,,,,,,,,,,,,jmalfarolucas@gmail.com
EVT0497,SITE0449,wild wood,Wood,Natural,1,,,,36.8616666666666,141.511666666666,,510,515,,,,,,,hard,wild wood,,,,,,,,,,,,,,,,,,,,,jmalfarolucas@gmail.com
EVT0498,SITE0450,wild wood,Wood,Natural,1,,,,38.6766666666666,142.02,,345,347,,,,,,,hard,wild wood,,,,,,,,,,,,,,,,,,,,,jmalfarolucas@gmail.com
EVT0499,SITE0451,wild wood,Wood,Natural,1,,,,38.655,142.056666666666,,404,407,,,,,,,hard,wild wood,,,,,,,,,,,,,,,,,,,,,jmalfarolucas@gmail.com
EVT0500,SITE0452,wild wood,Wood,Natural,1,,,,38.6283333333333,142.075,,447,451,,,,,,,hard,wild wood,,,,,,,,,,,,,,,,,,,,,jmalfarolucas@gmail.com
EVT0501,SITE0453,wild wood,Wood,Natural,1,,,,38.65,142.121666666666,,511,511,,,,,,,hard,wild wood,,,,,,,,,,,,,,,,,,,,,jmalfarolucas@gmail.com
EVT0502,SITE0454,wild wood,Wood,Natural,1,,,,38.0483333333333,141.94,,278,285,,,,,,,hard,wild wood,,,,,,,,,,,,,,,,,,,,,jmalfarolucas@gmail.com
EVT0503,SITE0455,wild wood,Wood,Natural,1,,,,37.975,141.985,,358,359,,,,,,,hard,wild wood,,,,,,,,,,,,,,,,,,,,,jmalfarolucas@gmail.com
EVT0504,SITE0456,wild wood,Wood,Natural,1,,,,38.0383333333333,142.035,,376,382,,,,,,,hard,wild wood,,,,,,,,,,,,,,,,,,,,,jmalfarolucas@gmail.com
EVT0505,SITE0457,wild wood,Wood,Natural,1,,,,38.0066666666666,142.086666666666,,486,487,,,,,,,hard,wild wood,,,,,,,,,,,,,,,,,,,,,jmalfarolucas@gmail.com
EVT0506,SITE0458,wild wood,Wood,Natural,1,,,,37.7183333333333,141.898333333333,,411,411,,,,,,,hard,wild wood,,,,,,,,,,,,,,,,,,,,,jmalfarolucas@gmail.com
EVT0507,SITE0459,wild wood,Wood,Natural,1,,,,37.7383333333333,141.913333333333,,424,424,,,,,,,hard,wild wood,,,,,,,,,,,,,,,,,,,,,jmalfarolucas@gmail.com
EVT0508,SITE0460,wild wood,Wood,Natural,1,,,,37.6566666666666,142.02,,506,508,,,,,,,hard,wild wood,,,,,,,,,,,,,,,,,,,,,jmalfarolucas@gmail.com
EVT0509,SITE0461,wild wood,Wood,Natural,1,,,,37.3583333333333,141.686666666666,,311,312,,,,,,,hard,wild wood,,,,,,,,,,,,,,,,,,,,,jmalfarolucas@gmail.com
EVT0510,SITE0462,wild wood,Wood,Natural,1,,,,37.3383333333333,141.72,,346,352,,,,,,,hard,wild wood,,,,,,,,,,,,,,,,,,,,,jmalfarolucas@gmail.com
EVT0511,SITE0463,wild wood,Wood,Natural,1,,,,37.325,141.743333333333,,383,383,,,,,,,hard,wild wood,,,,,,,,,,,,,,,,,,,,,jmalfarolucas@gmail.com
EVT0512,SITE0464,wild wood,Wood,Natural,1,,,,37.315,141.763333333333,,410,411,,,,,,,hard,wild wood,,,,,,,,,,,,,,,,,,,,,jmalfarolucas@gmail.com
EVT0513,SITE0465,wild wood,Wood,Natural,1,,,,37.3266666666666,141.775,,426,426,,,,,,,hard,wild wood,,,,,,,,,,,,,,,,,,,,,jmalfarolucas@gmail.com
EVT0514,SITE0466,wild wood,Wood,Natural,1,,,,37.3133333333333,141.786666666666,,446,450,,,,,,,hard,wild wood,,,,,,,,,,,,,,,,,,,,,jmalfarolucas@gmail.com
EVT0515,SITE0467,wild wood,Wood,Natural,1,,,,37.3016666666666,141.823333333333,,480,480,,,,,,,hard,wild wood,,,,,,,,,,,,,,,,,,,,,jmalfarolucas@gmail.com
EVT0516,SITE0468,wild wood,Wood,Natural,1,,,,36.8866666666666,141.486666666666,,418,427,,,,,,,hard,wild wood,,,,,,,,,,,,,,,,,,,,,jmalfarolucas@gmail.com
EVT0517,SITE0469,wild wood,Wood,Natural,1,,,,36.6733333333333,141.26,,376,381,,,,,,,hard,wild wood,,,,,,,,,,,,,,,,,,,,,jmalfarolucas@gmail.com
EVT0518,SITE0470,wild wood,Wood,Natural,1,,,,36.625,141.233333333333,,413,417,,,,,,,hard,wild wood,,,,,,,,,,,,,,,,,,,,,jmalfarolucas@gmail.com
EVT0519,SITE0471,wild wood,Wood,Natural,1,,,,40.9216666666666,141.715,,360,364,,,,,,,hard,wild wood,,,,,,,,,,,,,,,,,,,,,jmalfarolucas@gmail.com
EVT0520,SITE0472,wild wood,Wood,Natural,1,,,,38.6733333333333,141.983333333333,,306,315,,,,,,,hard,wild wood,,,,,,,,,,,,,,,,,,,,,jmalfarolucas@gmail.com
EVT0521,SITE0473,wild wood,Wood,Natural,1,,,,38.645,142.036666666666,,376,378,,,,,,,hard,wild wood,,,,,,,,,,,,,,,,,,,,,jmalfarolucas@gmail.com
EVT0522,SITE0451,wild wood,Wood,Natural,1,,,,38.655,142.056666666666,,408,408,,,,,,,hard,wild wood,,,,,,,,,,,,,,,,,,,,,jmalfarolucas@gmail.com
EVT0523,SITE0452,wild wood,Wood,Natural,1,,,,38.6283333333333,142.075,,446,450,,,,,,,hard,wild wood,,,,,,,,,,,,,,,,,,,,,jmalfarolucas@gmail.com
EVT0524,SITE0474,wild wood,Wood,Natural,1,,,,38.6483333333333,142.095,,476,476,,,,,,,hard,wild wood,,,,,,,,,,,,,,,,,,,,,jmalfarolucas@gmail.com
EVT0525,SITE0475,wild wood,Wood,Natural,1,,,,38.39,142.026666666666,,377,382,,,,,,,hard,wild wood,,,,,,,,,,,,,,,,,,,,,jmalfarolucas@gmail.com
EVT0526,SITE0456,wild wood,Wood,Natural,1,,,,38.0383333333333,142.035,,373,378,,,,,,,hard,wild wood,,,,,,,,,,,,,,,,,,,,,jmalfarolucas@gmail.com
EVT0527,SITE0476,wild wood,Wood,Natural,1,,,,38.0883333333333,142.061666666666,,409,410,,,,,,,hard,wild wood,,,,,,,,,,,,,,,,,,,,,jmalfarolucas@gmail.com
EVT0528,SITE0477,wild wood,Wood,Natural,1,,,,38.0666666666666,142.085,,450,453,,,,,,,hard,wild wood,,,,,,,,,,,,,,,,,,,,,jmalfarolucas@gmail.com
EVT0529,SITE0478,wild wood,Wood,Natural,1,,,,38.0083333333333,142.086666666666,,482,486,,,,,,,hard,wild wood,,,,,,,,,,,,,,,,,,,,,jmalfarolucas@gmail.com
EVT0530,SITE0479,wild wood,Wood,Natural,1,,,,38.0116666666666,142.096666666666,,504,531,,,,,,,hard,wild wood,,,,,,,,,,,,,,,,,,,,,jmalfarolucas@gmail.com
EVT0531,SITE0480,wild wood,Wood,Natural,1,,,,37.7166666666666,141.898333333333,,411,411,,,,,,,hard,wild wood,,,,,,,,,,,,,,,,,,,,,jmalfarolucas@gmail.com
EVT0532,SITE0481,wild wood,Wood,Natural,1,,,,37.695,141.983333333333,,478,483,,,,,,,hard,wild wood,,,,,,,,,,,,,,,,,,,,,jmalfarolucas@gmail.com
EVT0533,SITE0468,wild wood,Wood,Natural,1,,,,36.8866666666666,141.486666666666,,420,428,,,,,,,hard,wild wood,,,,,,,,,,,,,,,,,,,,,jmalfarolucas@gmail.com
EVT0534,SITE0469,wild wood,Wood,Natural,1,,,,36.6733333333333,141.26,,377,381,,,,,,,hard,wild wood,,,,,,,,,,,,,,,,,,,,,jmalfarolucas@gmail.com
EVT0535,SITE0482,wild wood,Wood,Natural,1,,,,36.535,141.1,,480,481,,,,,,,hard,wild wood,,,,,,,,,,,,,,,,,,,,,jmalfarolucas@gmail.com
EVT0536,SITE0483,wild wood,Wood,Natural,1,,,,40.8233333333333,141.916666666666,,306,309,,,,,,,hard,wild wood,,,,,,,,,,,,,,,,,,,,,jmalfarolucas@gmail.com
EVT0537,SITE0484,wild wood,Wood,Natural,1,,,,40.965,141.708333333333,,412,415,,,,,,,hard,wild wood,,,,,,,,,,,,,,,,,,,,,jmalfarolucas@gmail.com
EVT0538,SITE0485,wild wood,Wood,Natural,1,,,,40.9783333333333,141.76,,468,471,,,,,,,hard,wild wood,,,,,,,,,,,,,,,,,,,,,jmalfarolucas@gmail.com
EVT0539,SITE0486,wild wood,Wood,Natural,1,,,,40.2233333333333,142.206666666666,,307,309,,,,,,,hard,wild wood,,,,,,,,,,,,,,,,,,,,,jmalfarolucas@gmail.com
EVT0540,SITE0487,wild wood,Wood,Natural,1,,,,40.1066666666666,142.251666666666,,350,352,,,,,,,hard,wild wood,,,,,,,,,,,,,,,,,,,,,jmalfarolucas@gmail.com
EVT0541,SITE0488,wild wood,Wood,Natural,1,,,,40.2566666666666,142.235,,412,420,,,,,,,hard,wild wood,,,,,,,,,,,,,,,,,,,,,jmalfarolucas@gmail.com
EVT0542,SITE0489,wild wood,Wood,Natural,1,,,,40.22,142.261666666666,,454,459,,,,,,,hard,wild wood,,,,,,,,,,,,,,,,,,,,,jmalfarolucas@gmail.com
EVT0543,SITE0490,wild wood,Wood,Natural,1,,,,40.2666666666666,142.266666666666,,509,510,,,,,,,hard,wild wood,,,,,,,,,,,,,,,,,,,,,jmalfarolucas@gmail.com
EVT0544,SITE0491,wild wood,Wood,Natural,1,,,,40.2816666666666,142.276666666666,,544,555,,,,,,,hard,wild wood,,,,,,,,,,,,,,,,,,,,,jmalfarolucas@gmail.com
EVT0545,SITE0492,wild wood,Wood,Natural,1,,,,39.6883333333333,142.21,,208,211,,,,,,,hard,wild wood,,,,,,,,,,,,,,,,,,,,,jmalfarolucas@gmail.com
EVT0546,SITE0493,wild wood,Wood,Natural,1,,,,39.875,142.33,,511,521,,,,,,,hard,wild wood,,,,,,,,,,,,,,,,,,,,,jmalfarolucas@gmail.com
EVT0547,SITE0494,wild wood,Wood,Natural,1,,,,39.07,142.158333333333,,406,406,,,,,,,hard,wild wood,,,,,,,,,,,,,,,,,,,,,jmalfarolucas@gmail.com
EVT0548,SITE0495,wild wood,Wood,Natural,1,,,,40.9883333333333,142.713333333333,,460,460,,,,,,,hard,wild wood,,,,,,,,,,,,,,,,,,,,,jmalfarolucas@gmail.com
EVT0549,SITE0496,wild wood,Wood,Natural,1,,,,38.3383333333333,142.028333333333,,355,356,,,,,,,hard,wild wood,,,,,,,,,,,,,,,,,,,,,jmalfarolucas@gmail.com
EVT0550,SITE0497,wild wood,Wood,Natural,1,,,,38.67,141.981666666666,,306,309,,,,,,,hard,wild wood,,,,,,,,,,,,,,,,,,,,,jmalfarolucas@gmail.com
EVT0551,SITE0498,wild wood,Wood,Natural,1,,,,36.9233333333333,141.415,,277,279,,,,,,,hard,wild wood,,,,,,,,,,,,,,,,,,,,,jmalfarolucas@gmail.com
EVT0552,SITE0499,wild wood,Wood,Natural,1,,,,37.3033333333333,141.825,,477,480,,,,,,,hard,wild wood,,,,,,,,,,,,,,,,,,,,,jmalfarolucas@gmail.com
EVT0553,SITE0499,wild wood,Wood,Natural,1,,,,37.3033333333333,141.825,,470,480,,,,,,,hard,wild wood,,,,,,,,,,,,,,,,,,,,,jmalfarolucas@gmail.com
EVT0554,SITE0500,wild wood,Wood,Natural,1,,,,45.5333333333333,141.563333333333,,413,417,,,,,,,hard,wild wood,,,,,,,,,,,,,,,,,,,,,jmalfarolucas@gmail.com
EVT0555,SITE0501,wild wood,Wood,Natural,1,,,,38.66,142.065,,421,424,,,,,,,hard,wild wood,,,,,,,,,,,,,,,,,,,,,jmalfarolucas@gmail.com
EVT0556,SITE0502,wild wood,Wood,Natural,1,,,,36.9533333333333,141.563333333333,,413,417,,,,,,,hard,wild wood,,,,,,,,,,,,,,,,,,,,,jmalfarolucas@gmail.com
EVT0557,SITE0503,experimental wood,Wood,Experimental,1,,,,24.9333333333333,-77.4833333333333,,520,520,,,,,,,hard,experimental wood,,,,,,,,,,,,,,,,,,,,,jmalfarolucas@gmail.com
EVT0558,SITE0504,wild wood,Wood,Natural,1,,,,23.9,-82.35,,1134,1183,,,,,,,hard,wild wood,,,,,,,,,,,,,,,,,,,,,jmalfarolucas@gmail.com
EVT0559,SITE0505,wild wood,Wood,Natural,1,,,,29.225,-87.975,,365,412,,,,,,,hard,wild wood,,,,,,,,,,,,,,,,,,,,,jmalfarolucas@gmail.com
EVT0560,SITE0506,wild wood,Wood,Natural,1,,,,41.1188333333333,2.37495,,1039,1103,,,,,,,hard,wild wood,,,,,,,,,,,,,,,,,,,,,jmalfarolucas@gmail.com
EVT0561,SITE0507,wild wood,Wood,Natural,1,,,,14.3333333333333,-67,,5057,5057,,,,,,,hard,wild wood,,,,,,,,,,,,,,,,,,,,,jmalfarolucas@gmail.com
EVT0562,SITE0508,wild wood,Wood,Natural,1,,,,13.5,-64.75,,3476,3518,,,,,,,hard,wild wood,,,,,,,,,,,,,,,,,,,,,jmalfarolucas@gmail.com
EVT0563,SITE0509,wild wood,Wood,Natural,1,,,,-44.3,166.766666666666,,3610,3610,,,,,,,hard,wild wood,,,,,,,,,,,,,,,,,,,,,jmalfarolucas@gmail.com
EVT0564,SITE0510,wild wood,Wood,Natural,1,,,,44.895,-126.556666666666,,2774,2774,,,,,,,hard,wild wood,,,,,,,,,,,,,,,,,,,,,jmalfarolucas@gmail.com
EVT0565,SITE0511,wild wood,Wood,Natural,1,,,,36.6,-122.433333333333,,2893,2893,,,,,,,hard,wild wood,,,,,,,,,,,,,,,,,,,,,jmalfarolucas@gmail.com
EVT0566,SITE0512,wild wood,Wood,Natural,1,,,,29.3333333333333,127.616666666666,,1018,1042,,,,,,,hard,wild wood,,,,,,,,,,,,,,,,,,,,,jmalfarolucas@gmail.com
EVT0567,SITE0513,wild wood,Wood,Natural,1,,,,34.8666666666666,138.483333333333,,179,350,,,,,,,hard,wild wood,,,,,,,,,,,,,,,,,,,,,jmalfarolucas@gmail.com
EVT0568,SITE0514,wild wood,Wood,Natural,1,,,,9.48333333333333,123.683333333333,,300,300,,,,,,,hard,wild wood,,,,,,,,,,,,,,,,,,,,,jmalfarolucas@gmail.com
EVT0569,SITE0515,wild wood,Wood,Natural,1,,,,32.5,129.133333333333,,235,235,,,,,,,hard,wild wood,,,,,,,,,,,,,,,,,,,,,jmalfarolucas@gmail.com
EVT0570,SITE0516,wild wood,Wood,Natural,1,,,,25.8,125.45,,2220,2223,,,,,,,hard,wild wood,,,,,,,,,,,,,,,,,,,,,jmalfarolucas@gmail.com
EVT0571,SITE0517,experimental Sabal palmetto,Wood,Experimental,1,,,,24.9011111111111,-77.5538888888888,,518,518,,,,,,,hard,experimental Sabal palmetto,,,,,,,,,,,,,,,,,,,,,jmalfarolucas@gmail.com
EVT0572,SITE0518,wild wood,Wood,Natural,1,,,,26.6252777777777,-78.9822222222222,,412,412,,,,,,,hard,wild wood,,,,,,,,,,,,,,,,,,,,,jmalfarolucas@gmail.com
EVT0573,SITE0519,wild wood,Wood,Natural,1,,,,13.175,-61.2583333333333,,421,421,,,,,,,hard,wild wood,,,,,,,,,,,,,,,,,,,,,jmalfarolucas@gmail.com
EVT0574,SITE0520,wild vegetative remains,Wood,Natural,1,,,,19.6347222222222,-76.6188888888888,,6800,6800,,,,,,,hard,wild vegetative remains,,,,,,,,,,,,,,,,,,,,,jmalfarolucas@gmail.com
EVT0575,SITE0521,wild vegetative remains,Wood,Natural,1,,,,19.0016666666666,-80.4847222222222,,6740,6780,,,,,,,hard,wild vegetative remains,,,,,,,,,,,,,,,,,,,,,jmalfarolucas@gmail.com
EVT0576,SITE0522,wild wood,Wood,Natural,1,,,,19.6347222222222,-76.6355555555555,,6740,6800,,,,,,,hard,wild wood,,,,,,,,,,,,,,,,,,,,,jmalfarolucas@gmail.com
EVT0577,SITE0521,wild wood,Wood,Natural,1,,,,19.0016666666666,-80.4847222222222,,6800,6800,,,,,,,hard,wild wood,,,,,,,,,,,,,,,,,,,,,jmalfarolucas@gmail.com
EVT0578,SITE0523,wild wood,Wood,Natural,1,,,,60.71,-148.066666666666,,424,430,,,,,,,hard,wild wood,,,,,,,,,,,,,,,,,,,,,jmalfarolucas@gmail.com
EVT0579,SITE0524,wild wood,Wood,Natural,1,,,,52.5083333333333,-131.916666666666,,1370,1370,,,,,,,hard,wild wood,,,,,,,,,,,,,,,,,,,,,jmalfarolucas@gmail.com
EVT0580,SITE0230,wild wood,Wood,Natural,1,,,,39.7,-71.5333333333333,,613,613,,,,,,,hard,wild wood,,,,,,,,,,,,,,,,,,,,,jmalfarolucas@gmail.com
EVT0581,SITE0525,wild pine wood,Wood,Natural,1,,,,59.6666666666666,-7.35,,944,944,,,,,,,hard,wild pine wood,,,,,,,,,,,,,,,,,,,,,jmalfarolucas@gmail.com
EVT0582,SITE0526,wild wood,Wood,Natural,1,,,,41.0933333333333,2.18,,,,,,,,,,hard,wild wood,,,,,,,,,,,,,,,,,,,,,jmalfarolucas@gmail.com
EVT0583,SITE0527,wild wood,Wood,Natural,1,,,,40.765,1.655,,,,,,,,,,hard,wild wood,,,,,,,,,,,,,,,,,,,,,jmalfarolucas@gmail.com
EVT0584,SITE0528,wild wood,Wood,Natural,1,,,,39.9083333333333,2.36,,,,,,,,,,hard,wild wood,,,,,,,,,,,,,,,,,,,,,jmalfarolucas@gmail.com
EVT0585,SITE0529,wild wood,Wood,Natural,1,,,,,,,450,500,,,,,,,hard,wild wood,,,,,,,,,,,,,,,,,,,,,jmalfarolucas@gmail.com
EVT0586,SITE0530,wild wood,Wood,Natural,1,,,,,,,630,630,,,,,,,hard,wild wood,,,,,,,,,,,,,,,,,,,,,jmalfarolucas@gmail.com
EVT0587,SITE0531,wild wood,Wood,Natural,1,,,,19.6766666666666,-67.3233333333333,,8595,8595,,,,,,,hard,wild wood,,,,,,,,,,,,,,,,,,,,,jmalfarolucas@gmail.com
EVT0588,SITE0532,wild wood,Wood,Natural,1,,,,19.6416666666666,-76.63,,6800,6800,,,,,,,hard,wild wood,,,,,,,,,,,,,,,,,,,,,jmalfarolucas@gmail.com
EVT0589,SITE0533,wild wood,Wood,Natural,1,,,,19.01,-80.4916666666666,,6800,6800,,,,,,,hard,wild wood,,,,,,,,,,,,,,,,,,,,,jmalfarolucas@gmail.com
EVT0590,SITE0534,wild wood,Wood,Natural,1,,,,10.15,-76,,296,296,,,,,,,hard,wild wood,,,,,,,,,,,,,,,,,,,,,jmalfarolucas@gmail.com
EVT0591,SITE0535,wild wood,Wood,Natural,1,,,,11.1833333333333,-74.2833333333333,,282,282,,,,,,,hard,wild wood,,,,,,,,,,,,,,,,,,,,,jmalfarolucas@gmail.com
EVT0592,SITE0536,wild wood,Wood,Natural,1,,,,9.03333333333333,-76.6,,290,290,,,,,,,hard,wild wood,,,,,,,,,,,,,,,,,,,,,jmalfarolucas@gmail.com
EVT0593,SITE0537,wild wood,Wood,Natural,1,,,,11.4,-74.15,,296,296,,,,,,,hard,wild wood,,,,,,,,,,,,,,,,,,,,,jmalfarolucas@gmail.com
EVT0594,SITE0538,wild wood,Wood,Natural,1,,,,11.3666666666666,-74.1833333333333,,300,300,,,,,,,hard,wild wood,,,,,,,,,,,,,,,,,,,,,jmalfarolucas@gmail.com
EVT0595,SITE0539,wild wood,Wood,Natural,1,,,,11.4,-74.1833333333333,,292,292,,,,,,,hard,wild wood,,,,,,,,,,,,,,,,,,,,,jmalfarolucas@gmail.com
EVT0596,SITE0540,wild wood,Wood,Natural,1,,,,11.45,-73.6666666666666,,504,504,,,,,,,hard,wild wood,,,,,,,,,,,,,,,,,,,,,jmalfarolucas@gmail.com
EVT0597,SITE0541,wild wood,Wood,Natural,1,,,,9.45,-76.4166666666666,,272,310,,,,,,,hard,wild wood,,,,,,,,,,,,,,,,,,,,,jmalfarolucas@gmail.com
EVT0598,SITE0542,wild wood,Wood,Natural,1,,,,9.76666666666666,-76.2833333333333,,500,516,,,,,,,hard,wild wood,,,,,,,,,,,,,,,,,,,,,jmalfarolucas@gmail.com
EVT0599,SITE0543,wild wood,Wood,Natural,1,,,,9.75,-76.25,,270,270,,,,,,,hard,wild wood,,,,,,,,,,,,,,,,,,,,,jmalfarolucas@gmail.com
EVT0600,SITE0536,wild wood,Wood,Natural,1,,,,9.03333333333333,-76.6,,290,309,,,,,,,hard,wild wood,,,,,,,,,,,,,,,,,,,,,jmalfarolucas@gmail.com
EVT0601,SITE0544,wild Phyllospadix scouleri,Seagrass,Natural,0,Seagrass fall; excluded from whale/wood analysis,,,32.3033333333333,-117.496666666666,,1224,1224,,,,,,,hard,wild Phyllospadix scouleri,,,,,,,,,,,,,,,,,,,,,jmalfarolucas@gmail.com
EVT0602,SITE0545,wild Phyllospadix torreyi,Seagrass,Natural,0,Seagrass fall; excluded from whale/wood analysis,,,32.3916666666666,-117.529166666666,,1207,1234,,,,,,,hard,wild Phyllospadix torreyi,,,,,,,,,,,,,,,,,,,,,cherisse.persad@gmail.com
EVT0603,SITE0547,experiment douglas fir log,Wood,Experimental,0,Same physical event as EVT0604; excluded from analysis.,,,32.53465,30.3563888888888,,1694,1694,,,,,,,hard,experiment douglas fir log,,,,,,,,,,,,,,,,,,,,,cherisse.persad@gmail.com
EVT0604,SITE0547,Wood#5 experimental Douglas-fir log,Wood,Experimental,1,,,,32.53465,30.3564,,1690,1690,,,2006-11-20,,2007-11-13,,Douglas fir log,experiment douglas fir log,,,,,,,,,,Pseudotsuga menziesii,Douglas fir,,,,,,,,,,cherisse.persad@gmail.com
EVT0605,SITE0548,Wood#2 experimental Douglas-fir log,Wood,Experimental,1,,,,32.53271,30.35292,,1690,1690,,,2006-11-19,,2007-11-11,,Douglas fir log,experiment douglas fir log,,,,,,,,,,Pseudotsuga menziesii,Douglas fir,,,,,,,,,,cherisse.persad@gmail.com
EVT0606,SITE0549,Wood#1 experimental Douglas-fir log,Wood,Experimental,1,,,,32.53416,30.35208,,1690,1690,,,2006-11-19,,2007-11-11,,Douglas fir log,experiment douglas fir log,,,,,,,,,,Pseudotsuga menziesii,Douglas fir,,,,,,,,,,cherisse.persad@gmail.com
EVT0607,SITE0550,experimental wood,Wood,Experimental,1,,,,32.5436111111111,30.355,,1693,1693,,,,,,,hard,experimental wood,,,,,,,,,,,,,,,,,,,,,jmalfarolucas@gmail.com
EVT0608,SITE0550,experimental alfalfa,Wood,Experimental,1,,,,32.5436111111111,30.355,,1693,1693,,,,,,,hard,experimental alfalfa,,,,,,,,,,,,,,,,,,,,,jmalfarolucas@gmail.com
EVT0609,SITE0551,experimental wood,Wood,Experimental,1,,,,36.2377777777777,-33.9052777777777,,2300,2300,,,,,,,hard,experimental wood,,,,,,,,,,,,,,,,,,,,,jmalfarolucas@gmail.com
EVT0610,SITE0551,experimental alfalfa,Wood,Experimental,1,,,,36.2377777777777,-33.9052777777777,,2300,2300,,,,,,,hard,experimental alfalfa,,,,,,,,,,,,,,,,,,,,,jmalfarolucas@gmail.com
EVT0611,SITE0351,unknown,Wood,Unknown,1,,,,-29.0366666666666,32.3266666666666,,800,800,,,,,,,hard,unknown,,"Original substrate-origin wording is 'unknown'. Occurrence records identify a wood-fall habitat, but natural versus experimental origin is unresolved.",,,,,,,,,,,,,,,,,,,cherisse.persad@gmail.com
EVT0612,SITE0553,experimental spruce wood,Wood,Experimental,1,,,,25.8813333333333,-77.5373333333333,,500,500,,,,,,,hard,experimental spruce wood,,,,,,,,,,,,,,,,,,,,,jmalfarolucas@gmail.com
EVT0613,SITE0553,experimental oak wood,Wood,Experimental,1,,,,25.8813333333333,-77.5373333333333,,500,500,,,,,,,hard,experimental oak wood,,,,,,,,,,,,,,,,,,,,,jmalfarolucas@gmail.com
EVT0614,SITE0554,experimental oak wood,Wood,Experimental,1,,,,40.35,-70.3833333333333,,200,200,,,,,,,hard,experimental oak wood,,,,,,,,,,,,,,,,,,,,,jmalfarolucas@gmail.com
EVT0615,SITE0554,experimental pine wood,Wood,Experimental,1,,,,40.35,-70.3833333333333,,200,200,,,,,,,hard,experimental pine wood,,,,,,,,,,,,,,,,,,,,,jmalfarolucas@gmail.com
EVT0616,SITE0555,experimental pine wood,Wood,Experimental,1,,,,18.3761666666666,-81.6723333333333,,4773,4773,,,,,,,hard,experimental pine wood,,,,,,,,,,,,,,,,,,,,,jmalfarolucas@gmail.com
EVT0617,SITE0074,experimental mango wood,Wood,Experimental,1,,,,-32.7118333333333,57.2718333333333,,750,750,,,2009-11-18,18 November 2009,2011-12-14,14 December 2011,mango wood logs,Mango wood cut on Réunion Island two weeks before deployment,"Three Mangifera indica logs (4.40, 4.80, 10.90 kg) sewn into a separate coarse-net bag and attached to a mooring with a whale-bone package; deployed ~2 years.",Experimental wood deployment at Atlantis Bank; wood and bone packages landed within 1 m of each other.,,,,,,,logs,Mangifera indica,mango,,,,20.1,,,,,,cherisse.persad@gmail.com
EVT0618,SITE0073,experimental mango wood,Wood,Experimental,1,,,,-41.373,42.9106666666666,,732,732,,,2009-12-04,4 December 2009,2011-11-20,20 November 2011,mango wood logs,Mango wood cut on Réunion Island two weeks before deployment,"Four Mangifera indica logs (4.50, 2.15, 6.15, 5.30 kg) sewn into a separate coarse-net bag and attached to a mooring with a whale-bone package; deployed ~2 years.",Experimental wood deployment at Coral Seamount; wood and bone packages landed within 1 m of each other.,,,,,,,logs,Mangifera indica,mango,,,,18.1,,,,,,cherisse.persad@gmail.com
EVT0619,SITE0558,experimental Sabal palmetto,Wood,Experimental,1,,2,collectors per type per deployment month,24.2583333333333,-77.55,"24°15′30″ N, 77°33′0″ W",520,520,,,,February/May/July/November; 1991–1994 study period,,3- or 6-month exposure; see Table 1 for recovered samples,fresh costapalmate palm fronds (leaves),Fresh Sabal palmetto fronds collected in Florida from a single tree before each cruise,"Weighted palm fronds trimmed to 42 cm radius; two collectors of each type deployed each February, May, July and November; one recovered after ~3 months and one after ~6 months. Young et al. report seven recovered recruitment samples in Table 1.","Experimental vascular-plant deployment off Southwest Reef, Tongue of the Ocean. Table 1 reports palm-frond recoveries in Jul 1992 (80 d), Nov 1992 (185 d and 80 d), Feb 1993 (194 d and 89 d), and Nov 1993 (177 d); a Nov 1991–May 1992 sample was a Chinese-dragon-grass sipuncollector rather than S. palmetto.",,,,,,,palm fronds/leaves,Sabal palmetto,Florida cabbage palm,,,,,,,,,,cherisse.persad@gmail.com
EVT0620,SITE0558,"wild palm fonds, Sargassum sp., Thalassia testudinum",Wood,Natural,0,"natural-plant event is not supported as a sampled faunal occurrence by Young et al. (2013); natural seagrass/Sargassum fragments were collected over >20 years with no cocculiniform limpets, while Stylocidaris lineata was observed consuming experimentally planted palmetto fronds.",,,24.2583333333333,-77.55,"24°15′30″ N, 77°33′0″ W",520,520,,,,,,,natural seagrass blades and Sargassum fragments; original record also lists palm fronds/Thalassia,Naturally occurring plant remains on Southwest Reef seafloor,Not an experimental collector event; Young et al. discuss natural background substrata qualitatively.,The paper states seagrass blades and Sargassum were commonly seen/collected over >20 years and never yielded cocculiniform limpets. The paper does not document Stylocidaris lineata from a natural plant-fall sample; it reports the urchin consuming experimentally planted palmetto leaves.,,,,,,,,,,,,,,,,,,,cherisse.persad@gmail.com
EVT0621,SITE0672,wild wood,Wood,Natural,1,,,,9.42666666666666,124.035,,1750,1763,,,,,,,hard,wild wood,,,,,,,,,,,,,,,,,,,,,jmalfarolucas@gmail.com
EVT0622,SITE0560,experimental wood,Wood,Experimental,1,,,,-15.704,167.0435,,441,441,,,,,,,hard,experimental wood,,Lorion et al. (2009) report this as a wood fall at the stated locality.,,,,,,,,,,,,,,,,,,,cherisse.persad@gmail.com
EVT0623,SITE0560,experimental coconut,Other plant,Experimental,0,Non-wood plant organic fall; excluded from whale/wood analysis,,,-15.704,167.0435,,441,441,,,,,,,experimental coconut,experimental coconut,,Lorion et al. (2009) report plant material other than wood.,,,,,,,,,,,,,,,,,,,cherisse.persad@gmail.com
EVT0624,SITE0561,wild coco leaf,Other plant,Natural,0,Non-wood plant organic fall; excluded from whale/wood analysis,,,9.405,124.1783,,1764,1775,,,,,,,wild coco leaf,wild coco leaf,,Lorion et al. (2009) report plant material other than wood.,,,,,,,,,,,,,,,,,,,cherisse.persad@gmail.com
EVT0625,SITE0560,experimental sugar cane,Other plant,Experimental,0,Non-wood plant organic fall; excluded from whale/wood analysis,,,-15.704,167.0435,,441,441,,,,,,,experimental sugar cane,experimental sugar cane,,Lorion et al. (2009) report plant material other than wood.,,,,,,,,,,,,,,,,,,,cherisse.persad@gmail.com
EVT0626,SITE0562,wild wood,Wood,Natural,1,,,,14.9972,121.7317,,431,431,,,,,,,hard,wild wood,,Lorion et al. (2009) report this as a wood fall at the stated locality.,,,,,,,,,,,,,,,,,,,cherisse.persad@gmail.com
EVT0627,SITE0563,experimental wood,Wood,Experimental,1,,,,-15.6869,167.0284,,431,431,,,,,,,hard,experimental wood,,Lorion et al. (2009) report this as a wood fall at the stated locality.,,,,,,,,,,,,,,,,,,,cherisse.persad@gmail.com
EVT0628,SITE0564,experimental wood,Wood,Experimental,1,,,,-15.663,167.0273,,290,290,,,,,,,hard,experimental wood,,Lorion et al. (2009) report this as a wood fall at the stated locality.,,,,,,,,,,,,,,,,,,,cherisse.persad@gmail.com
EVT0629,SITE0565,experimental wood,Wood,Experimental,1,,,,-16.0445,167.5059,,802,802,,,,,,,hard,experimental wood,,Lorion et al. (2009) report this as a wood fall at the stated locality.,,,,,,,,,,,,,,,,,,,cherisse.persad@gmail.com
EVT0630,SITE0566,wild wood,Wood,Natural,1,,,,-7.6033,157.7075,,400,400,,,,,,,hard,wild wood,,,,,,,,,,,,,,,,,,,,,jmalfarolucas@gmail.com
EVT0631,SITE0567,wild wood,Wood,Natural,1,,,,9.3483,124.145,,1764,1764,,,,,,,hard,wild wood,,,,,,,,,,,,,,,,,,,,,jmalfarolucas@gmail.com
EVT0632,SITE0568,wild wood,Wood,Natural,1,,,,8.85,123.1667,,982,982,,,,,,,hard,wild wood,,,,,,,,,,,,,,,,,,,,,jmalfarolucas@gmail.com
EVT0633,SITE0569,wild wood,Wood,Natural,1,,,,9.4483,123.575,,762,762,,,,,,,hard,wild wood,,,,,,,,,,,,,,,,,,,,,jmalfarolucas@gmail.com
EVT0634,SITE0570,wild wood,Wood,Natural,1,,,,14.822,123.2265,,713,741,,,,,,,hard,wild wood,,,,,,,,,,,,,,,,,,,,,jmalfarolucas@gmail.com
EVT0635,SITE0571,wild wood,Wood,Natural,1,,,,14.975,123.079,,1155,1302,,,,,,,hard,wild wood,,,,,,,,,,,,,,,,,,,,,jmalfarolucas@gmail.com
EVT0636,SITE0572,wild wood,Wood,Natural,1,,,,14.7665,123.6553333333333,,357,367,,,,,,,hard,wild wood,,,,,,,,,,,,,,,,,,,,,jmalfarolucas@gmail.com
EVT0637,SITE0573,wild wood,Wood,Natural,1,,,,14.56233333333333,123.2333333333333,,944,1004,,,,,,,hard,wild wood,,,,,,,,,,,,,,,,,,,,,jmalfarolucas@gmail.com
EVT0638,SITE0574,wild wood,Wood,Natural,1,,,,15.07233333333333,123.1446666666667,,1347,1392,,,,,,,hard,wild wood,,,,,,,,,,,,,,,,,,,,,jmalfarolucas@gmail.com
EVT0639,SITE0575,wild wood,Wood,Natural,1,,,,14.82316666666667,123.2195,,709,718,,,,,,,hard,wild wood,,,,,,,,,,,,,,,,,,,,,jmalfarolucas@gmail.com
EVT0640,SITE0576,wild wood,Wood,Natural,1,,,,16.01,121.8873333333333,,342,358,,,,,,,hard,wild wood,,,,,,,,,,,,,,,,,,,,,jmalfarolucas@gmail.com
EVT0641,SITE0577,wild wood,Wood,Natural,1,,,,15.86766666666667,121.8266666666667,,506,542,,,,,,,hard,wild wood,,,,,,,,,,,,,,,,,,,,,jmalfarolucas@gmail.com
EVT0642,SITE0578,wild wood,Wood,Natural,1,,,,15.77833333333333,121.7283333333333,,253,253,,,,,,,hard,wild wood,,,,,,,,,,,,,,,,,,,,,jmalfarolucas@gmail.com
EVT0643,SITE0579,wild wood,Wood,Natural,1,,,,14.94233333333333,121.7291666666667,,276.0,346.0,,,,,,,hard,wild wood,,Reported depth bounds were 346 and 276 m; stored range is 276–346 m.,,,,,,,,,,,,,,,,,,,cherisse.persad@gmail.com
EVT0644,SITE0580,wild wood,Wood,Natural,1,,,,15.1845,121.5786666666667,,244,296,,,,,,,hard,wild wood,,,,,,,,,,,,,,,,,,,,,jmalfarolucas@gmail.com
EVT0645,SITE0581,wild wood,Wood,Natural,1,,,,14.4895,121.708,,311,361,,,,,,,hard,wild wood,,,,,,,,,,,,,,,,,,,,,jmalfarolucas@gmail.com
EVT0646,SITE0582,wild wood,Wood,Natural,1,,,,14.4515,121.7853333333333,,216,220,,,,,,,hard,wild wood,,,,,,,,,,,,,,,,,,,,,jmalfarolucas@gmail.com
EVT0647,SITE0583,wild wood,Wood,Natural,1,,,,14.4005,121.7805,,360,367,,,,,,,hard,wild wood,,,,,,,,,,,,,,,,,,,,,jmalfarolucas@gmail.com
EVT0648,SITE0584,wild wood,Wood,Natural,1,,,,16.0225,121.851,,302,309,,,,,,,hard,wild wood,,,,,,,,,,,,,,,,,,,,,jmalfarolucas@gmail.com
EVT0649,SITE0585,wild wood,Wood,Natural,1,,,,15.4505,121.5938333333333,,556,556,,,,,,,hard,wild wood,,,,,,,,,,,,,,,,,,,,,jmalfarolucas@gmail.com
EVT0650,SITE0586,wild wood,Wood,Natural,1,,,,16.0445,121.922,,194,203,,,,,,,hard,wild wood,,,,,,,,,,,,,,,,,,,,,jmalfarolucas@gmail.com
EVT0651,SITE0587,wild wood,Wood,Natural,1,,,,15.60666666666667,121.9335,,1378,1436,,,,,,,hard,wild wood,,,,,,,,,,,,,,,,,,,,,jmalfarolucas@gmail.com
EVT0652,SITE0588,wild wood,Wood,Natural,1,,,,15.65416666666667,121.9821666666667,,1262,1360,,,,,,,hard,wild wood,,,,,,,,,,,,,,,,,,,,,jmalfarolucas@gmail.com
EVT0653,SITE0589,wild wood,Wood,Natural,1,,,,9.526666666666667,123.9283333333333,,219,240,,,,,,,hard,wild wood,,,,,,,,,,,,,,,,,,,,,jmalfarolucas@gmail.com
EVT0654,SITE0590,wild wood,Wood,Natural,1,,,,9.448333333333334,123.575,,762,786,,,,,,,hard,wild wood,,,,,,,,,,,,,,,,,,,,,jmalfarolucas@gmail.com
EVT0655,SITE0591,wild wood,Wood,Natural,1,,,,9.465,123.64,,784,786,,,,,,,hard,wild wood,,,,,,,,,,,,,,,,,,,,,jmalfarolucas@gmail.com
EVT0656,SITE0592,wild wood,Wood,Natural,1,,,,9.501666666666667,123.6933333333333,,356,396,,,,,,,hard,wild wood,,,,,,,,,,,,,,,,,,,,,jmalfarolucas@gmail.com
EVT0657,SITE0593,wild wood,Wood,Natural,1,,,,9.476666666666667,123.6666666666667,,470,566,,,,,,,hard,wild wood,,,,,,,,,,,,,,,,,,,,,jmalfarolucas@gmail.com
EVT0658,SITE0594,wild wood,Wood,Natural,1,,,,9.581666666666667,123.695,,642,669,,,,,,,hard,wild wood,,,,,,,,,,,,,,,,,,,,,jmalfarolucas@gmail.com
EVT0659,SITE0595,wild wood,Wood,Natural,1,,,,9.65,123.7683333333333,,387,453,,,,,,,hard,wild wood,,,,,,,,,,,,,,,,,,,,,jmalfarolucas@gmail.com
EVT0660,SITE0596,wild wood,Wood,Natural,1,,,,8.868333333333334,123.6183333333333,,569,583,,,,,,,hard,wild wood,,,,,,,,,,,,,,,,,,,,,jmalfarolucas@gmail.com
EVT0661,SITE0597,wild wood,Wood,Natural,1,,,,8.815,123.6266666666667,,357,372,,,,,,,hard,wild wood,,,,,,,,,,,,,,,,,,,,,jmalfarolucas@gmail.com
EVT0662,SITE0598,wild wood,Wood,Natural,1,,,,8.885,123.5583333333333,,516,543,,,,,,,hard,wild wood,,,,,,,,,,,,,,,,,,,,,jmalfarolucas@gmail.com
EVT0663,SITE0599,wild wood,Wood,Natural,1,,,,8.645,123.2666666666667,,255,301,,,,,,,hard,wild wood,,,,,,,,,,,,,,,,,,,,,jmalfarolucas@gmail.com
EVT0664,SITE0600,wild wood,Wood,Natural,1,,,,8.688333333333333,123.2966666666667,,150,163,,,,,,,hard,wild wood,,,,,,,,,,,,,,,,,,,,,jmalfarolucas@gmail.com
EVT0665,SITE0601,wild wood,Wood,Natural,1,,,,8.721666666666666,123.3166666666667,,259,280,,,,,,,hard,wild wood,,,,,,,,,,,,,,,,,,,,,jmalfarolucas@gmail.com
EVT0666,SITE0602,wild wood,Wood,Natural,1,,,,8.745,123.3083333333333,,338,351,,,,,,,hard,wild wood,,,,,,,,,,,,,,,,,,,,,jmalfarolucas@gmail.com
EVT0667,SITE0603,wild wood,Wood,Natural,1,,,,-8.295,160.0148333333333,,660,854,,,,,,,hard,wild wood,,,,,,,,,,,,,,,,,,,,,jmalfarolucas@gmail.com
EVT0668,SITE0604,wild wood,Wood,Natural,1,,,,-8.28,159.9671666666667,,482,604,,,,,,,hard,wild wood,,,,,,,,,,,,,,,,,,,,,jmalfarolucas@gmail.com
EVT0669,SITE0605,wild wood,Wood,Natural,1,,,,-7.70833333333333,158.4828333333333,,546,990,,,,,,,hard,wild wood,,,,,,,,,,,,,,,,,,,,,jmalfarolucas@gmail.com
EVT0670,SITE0606,wild wood,Wood,Natural,1,,,,-7.55833333333333,157.705,,240,305,,,,,,,hard,wild wood,,,,,,,,,,,,,,,,,,,,,jmalfarolucas@gmail.com
EVT0671,SITE0607,wild wood,Wood,Natural,1,,,,-7.83533333333333,156.881,,590,600,,,,,,,hard,wild wood,,,,,,,,,,,,,,,,,,,,,jmalfarolucas@gmail.com
EVT0672,SITE0608,wild wood,Wood,Natural,1,,,,-7.79833333333333,156.8983333333333,,768,890,,,,,,,hard,wild wood,,,,,,,,,,,,,,,,,,,,,jmalfarolucas@gmail.com
EVT0673,SITE0609,wild wood,Wood,Natural,1,,,,-8.664,157.3918333333333,,253,255,,,,,,,hard,wild wood,,,,,,,,,,,,,,,,,,,,,jmalfarolucas@gmail.com
EVT0674,SITE0610,wild wood,Wood,Natural,1,,,,-20.8771666666667,160.9948333333333,,600,625,,,,,,,hard,wild wood,,,,,,,,,,,,,,,,,,,,,jmalfarolucas@gmail.com
EVT0675,SITE0611,wild wood,Wood,Natural,1,,,,-14.9418333333333,166.9358333333333,,667,750,,,,,,,hard,wild wood,,,,,,,,,,,,,,,,,,,,,jmalfarolucas@gmail.com
EVT0676,SITE0612,wild wood,Wood,Natural,1,,,,-15.0235,166.896,,630,670,,,,,,,hard,wild wood,,,,,,,,,,,,,,,,,,,,,jmalfarolucas@gmail.com
EVT0677,SITE0613,wild wood,Wood,Natural,1,,,,-15.011,166.9245,,593,630,,,,,,,hard,wild wood,,,,,,,,,,,,,,,,,,,,,jmalfarolucas@gmail.com
EVT0678,SITE0614,wild wood,Wood,Natural,1,,,,-15.0236666666667,166.896,,630,705,,,,,,,hard,wild wood,,,,,,,,,,,,,,,,,,,,,jmalfarolucas@gmail.com
EVT0679,SITE0615,wild wood,Wood,Natural,1,,,,-14.9173333333333,166.9593333333333,,400,560,,,,,,,hard,wild wood,,,,,,,,,,,,,,,,,,,,,jmalfarolucas@gmail.com
EVT0680,SITE0616,wild wood,Wood,Natural,1,,,,-15.1338333333333,166.8475,,297,387,,,,,,,hard,wild wood,,,,,,,,,,,,,,,,,,,,,jmalfarolucas@gmail.com
EVT0681,SITE0617,wild wood,Wood,Natural,1,,,,-15.1483333333333,166.8931666666667,,231,285,,,,,,,hard,wild wood,,,,,,,,,,,,,,,,,,,,,jmalfarolucas@gmail.com
EVT0682,SITE0618,wild wood,Wood,Natural,1,,,,-15.115,166.88,,328,354,,,,,,,hard,wild wood,,,,,,,,,,,,,,,,,,,,,jmalfarolucas@gmail.com
EVT0683,SITE0619,wild wood,Wood,Natural,1,,,,-15.1366666666667,166.89,,256,284,,,,,,,hard,wild wood,,,,,,,,,,,,,,,,,,,,,jmalfarolucas@gmail.com
EVT0684,SITE0620,wild wood,Wood,Natural,1,,,,-15.6333333333333,167.0333333333333,,114,132,,,,,,,hard,wild wood,,,,,,,,,,,,,,,,,,,,,jmalfarolucas@gmail.com
EVT0685,SITE0621,wild wood,Wood,Natural,1,,,,-15.6266666666667,167.085,,103,120,,,,,,,hard,wild wood,,,,,,,,,,,,,,,,,,,,,jmalfarolucas@gmail.com
EVT0686,SITE0622,wild wood,Wood,Natural,1,,,,-15.6733333333333,167.0166666666667,,431,445,,,,,,,hard,wild wood,,,,,,,,,,,,,,,,,,,,,jmalfarolucas@gmail.com
EVT0687,SITE0623,wild wood,Wood,Natural,1,,,,-15.645,167.02,,275,290,,,,,,,hard,wild wood,,,,,,,,,,,,,,,,,,,,,jmalfarolucas@gmail.com
EVT0688,SITE0624,wild wood,Wood,Natural,1,,,,-15.688,167.0483333333333,,309,402,,,,,,,hard,wild wood,,,,,,,,,,,,,,,,,,,,,jmalfarolucas@gmail.com
EVT0689,SITE0625,wild wood,Wood,Natural,1,,,,-16.0066666666667,167.6383333333333,,1262,1285,,,,,,,hard,wild wood,,,,,,,,,,,,,,,,,,,,,jmalfarolucas@gmail.com
EVT0690,SITE0626,wild wood,Wood,Natural,1,,,,-16.7213333333333,167.8073333333333,,632,677,,,,,,,hard,wild wood,,,,,,,,,,,,,,,,,,,,,jmalfarolucas@gmail.com
EVT0691,SITE0627,wild wood,Wood,Natural,1,,,,-16.7208333333333,167.8476666666667,,350,358,,,,,,,hard,wild wood,,,,,,,,,,,,,,,,,,,,,jmalfarolucas@gmail.com
EVT0692,SITE0628,wild wood,Wood,Natural,1,,,,-16.658,179.616,,360,380,,,,,,,hard,wild wood,,,,,,,,,,,,,,,,,,,,,jmalfarolucas@gmail.com
EVT0693,SITE0629,wild wood,Wood,Natural,1,,,,-15.7333333333333,167.035,,373,800,,,,,,,hard,wild wood,,,,,,,,,,,,,,,,,,,,,jmalfarolucas@gmail.com
EVT0694,SITE0630,wild wood,Wood,Natural,1,,,,-15.6933333333333,167.035,,268,445,,,,,,,hard,wild wood,,,,,,,,,,,,,,,,,,,,,jmalfarolucas@gmail.com
EVT0695,SITE0631,wild wood,Wood,Natural,1,,,,-15.0766666666666,166.891666666666,,350,400,,,,,,,hard,wild wood,,The reported latitude −150.7666667° is outside the valid range; −15.0766667° is consistent with SITE0631 and the Vanuatu locality.,,,,,,,,,,,,,,,,,,,cherisse.persad@gmail.com
EVT0696,SITE0632,wild wood,Wood,Natural,1,,,,-15.0516666666666,166.88,,417,532,,,,,,,hard,wild wood,,,,,,,,,,,,,,,,,,,,,jmalfarolucas@gmail.com
EVT0697,SITE0633,wild wood,Wood,Natural,1,,,,-15.0533333333333,166.878333333333,,432,532,,,,,,,hard,wild wood,,,,,,,,,,,,,,,,,,,,,jmalfarolucas@gmail.com
EVT0698,SITE0634,wild wood,Wood,Natural,1,,,,-15.0283333333333,166.905,,441,568,,,,,,,hard,wild wood,,,,,,,,,,,,,,,,,,,,,jmalfarolucas@gmail.com
EVT0699,SITE0635,wild wood,Wood,Natural,1,,,,-14.995,166.918333333333,,630,670,,,,,,,hard,wild wood,,,,,,,,,,,,,,,,,,,,,jmalfarolucas@gmail.com
EVT0700,SITE0636,wild wood,Wood,Natural,1,,,,-14.9516666666666,166.918333333333,,677,771,,,,,,,hard,wild wood,,,,,,,,,,,,,,,,,,,,,jmalfarolucas@gmail.com
EVT0701,SITE0637,wild wood,Wood,Natural,1,,,,-14.9183333333333,166.923333333333,,667,750,,,,,,,hard,wild wood,,,,,,,,,,,,,,,,,,,,,jmalfarolucas@gmail.com
EVT0702,SITE0638,wild wood,Wood,Natural,1,,,,-14.8916666666666,166.855,,777,777,,,,,,,hard,wild wood,,,,,,,,,,,,,,,,,,,,,jmalfarolucas@gmail.com
EVT0703,SITE0639,wild wood,Wood,Natural,1,,,,-14.9033333333333,166.856666666666,,950,1007,,,,,,,hard,wild wood,,,,,,,,,,,,,,,,,,,,,jmalfarolucas@gmail.com
EVT0704,SITE0640,wild wood,Wood,Natural,1,,,,-15.06,166.87,,323,397,,,,,,,hard,wild wood,,,,,,,,,,,,,,,,,,,,,jmalfarolucas@gmail.com
EVT0705,SITE0641,wild wood,Wood,Natural,1,,,,-15.0066666666667,166.86,,551,750,,,,,,,hard,wild wood,,,,,,,,,,,,,,,,,,,,,jmalfarolucas@gmail.com
EVT0706,SITE0642,wild wood,Wood,Natural,1,,,,-15.0483333333333,166.9,,377,492,,,,,,,hard,wild wood,,,,,,,,,,,,,,,,,,,,,jmalfarolucas@gmail.com
EVT0707,SITE0643,wild wood,Wood,Natural,1,,,,-15.035,166.9166666666667,,443,520,,,,,,,hard,wild wood,,,,,,,,,,,,,,,,,,,,,jmalfarolucas@gmail.com
EVT0708,SITE0644,wild wood,Wood,Natural,1,,,,-14.995,166.9166666666667,,630,705,,,,,,,hard,wild wood,,,,,,,,,,,,,,,,,,,,,jmalfarolucas@gmail.com
EVT0709,SITE0645,wild wood,Wood,Natural,1,,,,-14.975,166.905,,593,630,,,,,,,hard,wild wood,,,,,,,,,,,,,,,,,,,,,jmalfarolucas@gmail.com
EVT0710,SITE0646,wild wood,Wood,Natural,1,,,,-14.8983333333333,166.8583333333333,,980,1040,,,,,,,hard,wild wood,,,,,,,,,,,,,,,,,,,,,jmalfarolucas@gmail.com
EVT0711,SITE0647,wild wood,Wood,Natural,1,,,,-14.8516666666667,166.8966666666667,,773,900,,,,,,,hard,wild wood,,,,,,,,,,,,,,,,,,,,,jmalfarolucas@gmail.com
EVT0712,SITE0648,wild wood,Wood,Natural,1,,,,-14.9033333333333,166.95,,400,560,,,,,,,hard,wild wood,,,,,,,,,,,,,,,,,,,,,jmalfarolucas@gmail.com
EVT0713,SITE0649,wild wood,Wood,Natural,1,,,,-15.11,166.8466666666667,,297,387,,,,,,,hard,wild wood,,,,,,,,,,,,,,,,,,,,,jmalfarolucas@gmail.com
EVT0714,SITE0650,wild wood,Wood,Natural,1,,,,-16.5916666666667,167.965,,582,614,,,,,,,hard,wild wood,,,,,,,,,,,,,,,,,,,,,jmalfarolucas@gmail.com
EVT0715,SITE0651,wild wood,Wood,Natural,1,,,,-16.625,167.9566666666667,,618,641,,,,,,,hard,wild wood,,,,,,,,,,,,,,,,,,,,,jmalfarolucas@gmail.com
EVT0716,SITE0652,wild wood,Wood,Natural,1,,,,-16.6566666666667,167.96,,641,677,,,,,,,hard,wild wood,,,,,,,,,,,,,,,,,,,,,jmalfarolucas@gmail.com
EVT0717,SITE0653,wild wood,Wood,Natural,1,,,,-16.705,167.9783333333333,,759,791,,,,,,,hard,wild wood,,,,,,,,,,,,,,,,,,,,,jmalfarolucas@gmail.com
EVT0718,SITE0654,wild wood,Wood,Natural,1,,,,-16.715,167.98,,770,799,,,,,,,hard,wild wood,,,,,,,,,,,,,,,,,,,,,jmalfarolucas@gmail.com
EVT0719,SITE0655,wild wood,Wood,Natural,1,,,,-16.735,167.9866666666667,,786,800,,,,,,,hard,wild wood,,,,,,,,,,,,,,,,,,,,,jmalfarolucas@gmail.com
EVT0720,SITE0656,wild wood,Wood,Natural,1,,,,-16.755,167.985,,750,850,,,,,,,hard,wild wood,,,,,,,,,,,,,,,,,,,,,jmalfarolucas@gmail.com
EVT0721,SITE0657,wild wood,Wood,Natural,1,,,,-16.5116666666667,167.925,,550,565,,,,,,,hard,wild wood,,,,,,,,,,,,,,,,,,,,,jmalfarolucas@gmail.com
EVT0722,SITE0658,wild wood,Wood,Natural,1,,,,-16.42,167.8733333333333,,568,591,,,,,,,hard,wild wood,,,,,,,,,,,,,,,,,,,,,jmalfarolucas@gmail.com
EVT0723,SITE0659,wild wood,Wood,Natural,1,,,,-16.34,167.8066666666667,,638,658,,,,,,,hard,wild wood,,,,,,,,,,,,,,,,,,,,,jmalfarolucas@gmail.com
EVT0724,SITE0660,wild wood,Wood,Natural,1,,,,-16.3066666666667,167.78,,657,685,,,,,,,hard,wild wood,,,,,,,,,,,,,,,,,,,,,jmalfarolucas@gmail.com
EVT0725,SITE0661,wild wood,Wood,Natural,1,,,,-16.75,167.8633333333333,,350,358,,,,,,,hard,wild wood,,,,,,,,,,,,,,,,,,,,,jmalfarolucas@gmail.com
EVT0726,SITE0662,wild wood,Wood,Natural,1,,,,8.7,123.2216666666667,,165,237,,,,,,,hard,wild wood,,,,,,,,,,,,,,,,,,,,,jmalfarolucas@gmail.com
EVT0727,SITE0663,wild wood,Wood,Natural,1,,,,9.653333333333334,123.7916666666667,,255,268,,,,,,,hard,wild wood,,,,,,,,,,,,,,,,,,,,,jmalfarolucas@gmail.com
EVT0728,SITE0664,wild wood,Wood,Natural,1,,,,9.636666666666667,123.725,,584,596,,,,,,,hard,wild wood,,,,,,,,,,,,,,,,,,,,,jmalfarolucas@gmail.com
EVT0729,SITE0665,wild wood,Wood,Natural,1,,,,9.571666666666667,123.63,,729,733,,,,,,,hard,wild wood,,,,,,,,,,,,,,,,,,,,,jmalfarolucas@gmail.com
EVT0730,SITE0666,wild wood,Wood,Natural,1,,,,9.538333333333334,123.655,,757,760,,,,,,,hard,wild wood,,,,,,,,,,,,,,,,,,,,,jmalfarolucas@gmail.com
EVT0731,SITE0667,wild wood,Wood,Natural,1,,,,9.49,123.74,,271,318,,,,,,,hard,wild wood,,,,,,,,,,,,,,,,,,,,,jmalfarolucas@gmail.com
EVT0732,SITE0668,wild wood,Wood,Natural,1,,,,9.456666666666667,123.8233333333333,,273,356,,,,,,,hard,wild wood,,,,,,,,,,,,,,,,,,,,,jmalfarolucas@gmail.com
EVT0733,SITE0669,wild wood,Wood,Natural,1,,,,9.473333333333333,123.835,,128,142,,,,,,,hard,wild wood,,,,,,,,,,,,,,,,,,,,,jmalfarolucas@gmail.com
EVT0734,SITE0589,wild wood,Wood,Natural,1,,,,9.526666666666667,123.9283333333333,,219,240,,,,,,,hard,wild wood,,,,,,,,,,,,,,,,,,,,,jmalfarolucas@gmail.com
EVT0735,SITE0671,wild wood,Wood,Natural,1,,,,9.455,124.0516666666667,,923,1260,,,,,,,hard,wild wood,,,,,,,,,,,,,,,,,,,,,jmalfarolucas@gmail.com
EVT0736,SITE0672,wild wood,Wood,Natural,1,,,,9.426666666666666,124.035,,1750,1767,,,,,,,hard,wild wood,,,,,,,,,,,,,,,,,,,,,jmalfarolucas@gmail.com
EVT0737,SITE0673,wild wood,Wood,Natural,1,,,,9.433333333333334,124.1083333333333,,1769,1773,,,,,,,hard,wild wood,,,,,,,,,,,,,,,,,,,,,jmalfarolucas@gmail.com
EVT0738,SITE0674,wild wood,Wood,Natural,1,,,,9.405,124.1783333333333,,1764,1775,,,,,,,hard,wild wood,,,,,,,,,,,,,,,,,,,,,jmalfarolucas@gmail.com
EVT0739,SITE0675,wild wood,Wood,Natural,1,,,,9.348333333333333,124.145,,1764,1764,,,,,,,hard,wild wood,,,,,,,,,,,,,,,,,,,,,jmalfarolucas@gmail.com
EVT0740,SITE0676,wild wood,Wood,Natural,1,,,,9.335,124.055,,1760,1762,,,,,,,hard,wild wood,,,,,,,,,,,,,,,,,,,,,jmalfarolucas@gmail.com
EVT0741,SITE0677,wild wood,Wood,Natural,1,,,,8.868333333333334,123.6183333333333,,569,583,,,,,,,hard,wild wood,,,,,,,,,,,,,,,,,,,,,jmalfarolucas@gmail.com
EVT0742,SITE0678,wild wood,Wood,Natural,1,,,,8.831666666666667,123.5816666666667,,437,476,,,,,,,hard,wild wood,,,,,,,,,,,,,,,,,,,,,jmalfarolucas@gmail.com
EVT0743,SITE0679,wild wood,Wood,Natural,1,,,,8.815,123.6266666666667,,357,372,,,,,,,hard,wild wood,,,,,,,,,,,,,,,,,,,,,jmalfarolucas@gmail.com
EVT0744,SITE0680,wild wood,Wood,Natural,1,,,,8.885,123.5583333333333,,516,543,,,,,,,hard,wild wood,,,,,,,,,,,,,,,,,,,,,jmalfarolucas@gmail.com
EVT0745,SITE0681,wild wood,Wood,Natural,1,,,,8.941666666666666,123.545,,679,740,,,,,,,hard,wild wood,,,,,,,,,,,,,,,,,,,,,jmalfarolucas@gmail.com
EVT0746,SITE0682,wild wood,Wood,Natural,1,,,,9.1,123.4166666666667,,437,439,,,,,,,hard,wild wood,,,,,,,,,,,,,,,,,,,,,jmalfarolucas@gmail.com
EVT0747,SITE0683,wild wood,Wood,Natural,1,,,,8.645,123.2666666666667,,255,301,,,,,,,hard,wild wood,,,,,,,,,,,,,,,,,,,,,jmalfarolucas@gmail.com
EVT0748,SITE0684,wild wood,Wood,Natural,1,,,,8.688333333333333,123.2966666666667,,150,163,,,,,,,hard,wild wood,,,,,,,,,,,,,,,,,,,,,jmalfarolucas@gmail.com
EVT0749,SITE0685,wild wood,Wood,Natural,1,,,,8.721666666666666,123.3166666666667,,259,280,,,,,,,hard,wild wood,,,,,,,,,,,,,,,,,,,,,jmalfarolucas@gmail.com
EVT0750,SITE0686,wild wood,Wood,Natural,1,,,,8.745,123.3083333333333,,338,351,,,,,,,hard,wild wood,,,,,,,,,,,,,,,,,,,,,jmalfarolucas@gmail.com
EVT0751,SITE0687,wild wood,Wood,Natural,1,,,,8.77,123.2683333333333,,624,647,,,,,,,hard,wild wood,,,,,,,,,,,,,,,,,,,,,jmalfarolucas@gmail.com
EVT0752,SITE0688,wild wood,Wood,Natural,1,,,,8.85,123.1666666666667,,982,989,,,,,,,hard,wild wood,,,,,,,,,,,,,,,,,,,,,jmalfarolucas@gmail.com
EVT0753,SITE0689,wild wood,Wood,Natural,1,,,,8.855,122.9816666666667,,2307,2323,,,,,,,hard,wild wood,,,,,,,,,,,,,,,,,,,,,jmalfarolucas@gmail.com
EVT0754,SITE0690,wild wood,Wood,Natural,1,,,,9.448333333333334,123.575,,762,786,,,,,,,hard,wild wood,,,,,,,,,,,,,,,,,,,,,jmalfarolucas@gmail.com
EVT0755,SITE0691,wild wood,Wood,Natural,1,,,,9.483333333333333,123.685,,242,400,,,,,,,hard,wild wood,,,,,,,,,,,,,,,,,,,,,jmalfarolucas@gmail.com
EVT0756,SITE0692,wild wood,Wood,Natural,1,,,,9.501666666666667,123.6933333333333,,356,396,,,,,,,hard,wild wood,,,,,,,,,,,,,,,,,,,,,jmalfarolucas@gmail.com
EVT0757,SITE0693,wild wood,Wood,Natural,1,,,,9.476666666666667,123.6666666666667,,470,566,,,,,,,hard,wild wood,,,,,,,,,,,,,,,,,,,,,jmalfarolucas@gmail.com
EVT0758,SITE0694,wild wood,Wood,Natural,1,,,,9.603333333333333,123.73,,382,434,,,,,,,hard,wild wood,,,,,,,,,,,,,,,,,,,,,jmalfarolucas@gmail.com
EVT0759,SITE0695,wild wood,Wood,Natural,1,,,,9.605,123.7,,609,673,,,,,,,hard,wild wood,,,,,,,,,,,,,,,,,,,,,jmalfarolucas@gmail.com
EVT0760,SITE0696,wild wood,Wood,Natural,1,,,,9.581666666666667,123.695,,642,669,,,,,,,hard,wild wood,,,,,,,,,,,,,,,,,,,,,jmalfarolucas@gmail.com
EVT0761,SITE0697,wild wood,Wood,Natural,1,,,,9.543333333333333,123.675,,713,731,,,,,,,hard,wild wood,,,,,,,,,,,,,,,,,,,,,jmalfarolucas@gmail.com
EVT0762,SITE0698,wild wood,Wood,Natural,1,,,,9.656666666666666,123.7216666666667,,481,505,,,,,,,hard,wild wood,,,,,,,,,,,,,,,,,,,,,jmalfarolucas@gmail.com
EVT0763,SITE0699,wild wood,Wood,Natural,1,,,,9.676666666666666,123.78,,334,387,,,,,,,hard,wild wood,,,,,,,,,,,,,,,,,,,,,jmalfarolucas@gmail.com
EVT0764,SITE0700,wild wood,Wood,Natural,1,,,,9.688333333333333,123.8083333333333,,256,268,,,,,,,hard,wild wood,,,,,,,,,,,,,,,,,,,,,jmalfarolucas@gmail.com
EVT0765,SITE0701,wild wood,Wood,Natural,1,,,,9.725,123.785,,121,137,,,,,,,hard,wild wood,,,,,,,,,,,,,,,,,,,,,jmalfarolucas@gmail.com
EVT0766,SITE0702,wild wood,Wood,Natural,1,,,,9.516666666666667,123.6733333333333,,397,410,,,,,,,hard,wild wood,,,,,,,,,,,,,,,,,,,,,jmalfarolucas@gmail.com
EVT0767,SITE0703,wild wood,Wood,Natural,1,,,,-9.33166666666667,160.44,,451,479,,,,,,,hard,wild wood,,,,,,,,,,,,,,,,,,,,,jmalfarolucas@gmail.com
EVT0768,SITE0704,wild wood,Wood,Natural,1,,,,-9.34,159.97,,509,522,,,,,,,hard,wild wood,,,,,,,,,,,,,,,,,,,,,jmalfarolucas@gmail.com
EVT0769,SITE0705,wild wood,Wood,Natural,1,,,,-9.34833333333333,159.9366666666667,,582,594,,,,,,,hard,wild wood,,,,,,,,,,,,,,,,,,,,,jmalfarolucas@gmail.com
EVT0770,SITE0706,wild wood,Wood,Natural,1,,,,-9.17333333333333,159.8833333333333,,749,799,,,,,,,hard,wild wood,,,,,,,,,,,,,,,,,,,,,jmalfarolucas@gmail.com
EVT0771,SITE0707,wild wood,Wood,Natural,1,,,,-9.115,159.8866666666667,,896,912,,,,,,,hard,wild wood,,,,,,,,,,,,,,,,,,,,,jmalfarolucas@gmail.com
EVT0772,SITE0708,wild wood,Wood,Natural,1,,,,-9.045,159.8233333333333,,1001,1012,,,,,,,hard,wild wood,,,,,,,,,,,,,,,,,,,,,jmalfarolucas@gmail.com
EVT0773,SITE0709,wild wood,Wood,Natural,1,,,,-9.00166666666667,159.8166666666667,,1169,1203,,,,,,,hard,wild wood,,,,,,,,,,,,,,,,,,,,,jmalfarolucas@gmail.com
EVT0774,SITE0710,wild wood,Wood,Natural,1,,,,-8.97,159.6933333333333,,1288,1313,,,,,,,hard,wild wood,,,,,,,,,,,,,,,,,,,,,jmalfarolucas@gmail.com
EVT0775,SITE0711,wild wood,Wood,Natural,1,,,,-8.52,160.6283333333333,,1036,1138,,,,,,,hard,wild wood,,,,,,,,,,,,,,,,,,,,,jmalfarolucas@gmail.com
EVT0776,SITE0712,wild wood,Wood,Natural,1,,,,-8.54666666666667,160.695,,399,700,,,,,,,hard,wild wood,,,,,,,,,,,,,,,,,,,,,jmalfarolucas@gmail.com
EVT0777,SITE0713,wild wood,Wood,Natural,1,,,,-9.355,160.41,,387,387,,,,,,,hard,wild wood,,,,,,,,,,,,,,,,,,,,,jmalfarolucas@gmail.com
EVT0778,SITE0714,wild wood,Wood,Natural,1,,,,-9.25666666666667,160.1483333333333,,477,505,,,,,,,hard,wild wood,,,,,,,,,,,,,,,,,,,,,jmalfarolucas@gmail.com
EVT0779,SITE0715,wild wood,Wood,Natural,1,,,,-9.26833333333333,160.1283333333333,,494,504,,,,,,,hard,wild wood,,,,,,,,,,,,,,,,,,,,,jmalfarolucas@gmail.com
EVT0780,SITE0716,wild wood,Wood,Natural,1,,,,-9.31333333333333,160.3816666666667,,442,451,,,,,,,hard,wild wood,,,,,,,,,,,,,,,,,,,,,jmalfarolucas@gmail.com
EVT0781,SITE0717,wild wood,Wood,Natural,1,,,,-9.32,160.4233333333333,,469,481,,,,,,,hard,wild wood,,,,,,,,,,,,,,,,,,,,,jmalfarolucas@gmail.com
EVT0782,SITE0718,wild wood,Wood,Natural,1,,,,-9.35,160.4866666666667,,513,564,,,,,,,hard,wild wood,,,,,,,,,,,,,,,,,,,,,jmalfarolucas@gmail.com
EVT0783,SITE0719,wild wood,Wood,Natural,1,,,,-9.35666666666667,160.3983333333333,,357,359,,,,,,,hard,wild wood,,,,,,,,,,,,,,,,,,,,,jmalfarolucas@gmail.com
EVT0784,SITE0720,wild wood,Wood,Natural,1,,,,-9.535,160.6216666666667,,308,347,,,,,,,hard,wild wood,,,,,,,,,,,,,,,,,,,,,jmalfarolucas@gmail.com
EVT0785,SITE0721,wild wood,Wood,Natural,1,,,,-9.53333333333333,160.6233333333333,,309,328,,,,,,,hard,wild wood,,,,,,,,,,,,,,,,,,,,,jmalfarolucas@gmail.com
EVT0786,SITE0722,wild wood,Wood,Natural,1,,,,-9.58333333333333,160.7116666666667,,367,500,,,,,,,hard,wild wood,,,,,,,,,,,,,,,,,,,,,jmalfarolucas@gmail.com
EVT0787,SITE0723,wild wood,Wood,Natural,1,,,,-9.63166666666667,160.8283333333333,,621,708,,,,,,,hard,wild wood,,,,,,,,,,,,,,,,,,,,,jmalfarolucas@gmail.com
EVT0788,SITE0724,wild wood,Wood,Natural,1,,,,-9.70333333333333,160.88,,1077,1135,,,,,,,hard,wild wood,,,,,,,,,,,,,,,,,,,,,jmalfarolucas@gmail.com
EVT0789,SITE0725,wild wood,Wood,Natural,1,,,,-9.54333333333333,160.6216666666667,,283,305,,,,,,,hard,wild wood,,,,,,,,,,,,,,,,,,,,,jmalfarolucas@gmail.com
EVT0790,SITE0726,wild wood,Wood,Natural,1,,,,-8.81,159.7216666666667,,765,773,,,,,,,hard,wild wood,,,,,,,,,,,,,,,,,,,,,jmalfarolucas@gmail.com
EVT0791,SITE0727,wild wood,Wood,Natural,1,,,,-8.78166666666667,159.6633333333333,,645,840,,,,,,,hard,wild wood,,,,,,,,,,,,,,,,,,,,,jmalfarolucas@gmail.com
EVT0792,SITE0728,wild wood,Wood,Natural,1,,,,-8.78333333333333,159.6316666666667,,762,1060,,,,,,,hard,wild wood,,,,,,,,,,,,,,,,,,,,,jmalfarolucas@gmail.com
EVT0793,SITE0729,wild wood,Wood,Natural,1,,,,-8.28166666666667,159.995,,464,523,,,,,,,hard,wild wood,,,,,,,,,,,,,,,,,,,,,jmalfarolucas@gmail.com
EVT0794,SITE0730,wild wood,Wood,Natural,1,,,,-8.28333333333333,160,,487,541,,,,,,,hard,wild wood,,,,,,,,,,,,,,,,,,,,,jmalfarolucas@gmail.com
EVT0795,SITE0731,wild wood,Wood,Natural,1,,,,-8.29166666666667,159.9966666666667,,482,604,,,,,,,hard,wild wood,,,,,,,,,,,,,,,,,,,,,jmalfarolucas@gmail.com
EVT0796,SITE0732,wild wood,Wood,Natural,1,,,,-8.32666666666667,160.0316666666667,,660,854,,,,,,,hard,wild wood,,,,,,,,,,,,,,,,,,,,,jmalfarolucas@gmail.com
EVT0797,SITE0733,wild wood,Wood,Natural,1,,,,-8.39833333333333,159.4433333333333,,362,432,,,,,,,hard,wild wood,,,,,,,,,,,,,,,,,,,,,jmalfarolucas@gmail.com
EVT0798,SITE0734,wild wood,Wood,Natural,1,,,,-8.41333333333333,159.445,,440,521,,,,,,,hard,wild wood,,,,,,,,,,,,,,,,,,,,,jmalfarolucas@gmail.com
EVT0799,SITE0735,wild wood,Wood,Natural,1,,,,-8.425,159.44,,543,593,,,,,,,hard,wild wood,,,,,,,,,,,,,,,,,,,,,jmalfarolucas@gmail.com
EVT0800,SITE0736,wild wood,Wood,Natural,1,,,,-8.42666666666667,159.4316666666667,,724,765,,,,,,,hard,wild wood,,,,,,,,,,,,,,,,,,,,,jmalfarolucas@gmail.com
EVT0801,SITE0737,wild wood,Wood,Natural,1,,,,-7.72666666666667,158.5,,304,395,,,,,,,hard,wild wood,,,,,,,,,,,,,,,,,,,,,jmalfarolucas@gmail.com
EVT0802,SITE0738,wild wood,Wood,Natural,1,,,,-7.72333333333333,158.4833333333333,,391,623,,,,,,,hard,wild wood,,,,,,,,,,,,,,,,,,,,,jmalfarolucas@gmail.com
EVT0803,SITE0739,wild wood,Wood,Natural,1,,,,-7.59833333333333,157.7066666666667,,313,387,,,,,,,hard,wild wood,,,,,,,,,,,,,,,,,,,,,jmalfarolucas@gmail.com
EVT0804,SITE0740,wild wood,Wood,Natural,1,,,,-7.63,157.695,,400,475,,,,,,,hard,wild wood,,,,,,,,,,,,,,,,,,,,,jmalfarolucas@gmail.com
EVT0805,SITE0741,wild wood,Wood,Natural,1,,,,-7.645,157.715,,495,650,,,,,,,hard,wild wood,,,,,,,,,,,,,,,,,,,,,jmalfarolucas@gmail.com
EVT0806,SITE0742,wild wood,Wood,Natural,1,,,,-7.73833333333333,157.705,,718,880,,,,,,,hard,wild wood,,,,,,,,,,,,,,,,,,,,,jmalfarolucas@gmail.com
EVT0807,SITE0743,wild wood,Wood,Natural,1,,,,-7.755,157.6566666666667,,930,977,,,,,,,hard,wild wood,,,,,,,,,,,,,,,,,,,,,jmalfarolucas@gmail.com
EVT0808,SITE0744,wild wood,Wood,Natural,1,,,,-7.82166666666667,157.6866666666667,,1045,1118,,,,,,,hard,wild wood,,,,,,,,,,,,,,,,,,,,,jmalfarolucas@gmail.com
EVT0809,SITE0745,wild wood,Wood,Natural,1,,,,-7.93833333333333,157.5766666666667,,582,864,,,,,,,hard,wild wood,,,,,,,,,,,,,,,,,,,,,jmalfarolucas@gmail.com
EVT0810,SITE0746,wild wood,Wood,Natural,1,,,,-7.97166666666667,157.5733333333333,,650,836,,,,,,,hard,wild wood,,,,,,,,,,,,,,,,,,,,,jmalfarolucas@gmail.com
EVT0811,SITE0747,wild wood,Wood,Natural,1,,,,-7.96833333333333,157.565,,632,632,,,,,,,hard,wild wood,,,,,,,,,,,,,,,,,,,,,jmalfarolucas@gmail.com
EVT0812,SITE0748,wild wood,Wood,Natural,1,,,,-6.65,156.2383333333333,,490,520,,,,,,,hard,wild wood,,,,,,,,,,,,,,,,,,,,,jmalfarolucas@gmail.com
EVT0813,SITE0749,wild wood,Wood,Natural,1,,,,-6.62,156.2116666666667,,508,522,,,,,,,hard,wild wood,,,,,,,,,,,,,,,,,,,,,jmalfarolucas@gmail.com
EVT0814,SITE0750,wild wood,Wood,Natural,1,,,,-6.57833333333333,156.175,,609,625,,,,,,,hard,wild wood,,,,,,,,,,,,,,,,,,,,,jmalfarolucas@gmail.com
EVT0815,SITE0751,wild wood,Wood,Natural,1,,,,-6.92166666666667,156.3533333333333,,815,1000,,,,,,,hard,wild wood,,,,,,,,,,,,,,,,,,,,,jmalfarolucas@gmail.com
EVT0816,SITE0752,wild wood,Wood,Natural,1,,,,-7.715,156.455,,518,527,,,,,,,hard,wild wood,,,,,,,,,,,,,,,,,,,,,jmalfarolucas@gmail.com
EVT0817,SITE0753,wild wood,Wood,Natural,1,,,,-7.75,156.445,,554,586,,,,,,,hard,wild wood,,,,,,,,,,,,,,,,,,,,,jmalfarolucas@gmail.com
EVT0818,SITE0754,wild wood,Wood,Natural,1,,,,-7.71833333333333,156.4333333333333,,582,609,,,,,,,hard,wild wood,,,,,,,,,,,,,,,,,,,,,jmalfarolucas@gmail.com
EVT0819,SITE0755,wild wood,Wood,Natural,1,,,,-7.71,156.41,,664,682,,,,,,,hard,wild wood,,,,,,,,,,,,,,,,,,,,,jmalfarolucas@gmail.com
EVT0820,SITE0756,wild wood,Wood,Natural,1,,,,-7.74833333333333,156.4116666666667,,686,690,,,,,,,hard,wild wood,,,,,,,,,,,,,,,,,,,,,jmalfarolucas@gmail.com
EVT0821,SITE0757,wild wood,Wood,Natural,1,,,,-7.70833333333333,156.4133333333333,,650,673,,,,,,,hard,wild wood,,,,,,,,,,,,,,,,,,,,,jmalfarolucas@gmail.com
EVT0822,SITE0758,wild wood,Wood,Natural,1,,,,-7.47333333333333,156.2916666666667,,1059,1109,,,,,,,hard,wild wood,,,,,,,,,,,,,,,,,,,,,jmalfarolucas@gmail.com
EVT0823,SITE0759,wild wood,Wood,Natural,1,,,,-7.44166666666667,156.25,,1200,1218,,,,,,,hard,wild wood,,,,,,,,,,,,,,,,,,,,,jmalfarolucas@gmail.com
EVT0824,SITE0760,wild wood,Wood,Natural,1,,,,-7.94,156.8533333333333,,460,487,,,,,,,hard,wild wood,,,,,,,,,,,,,,,,,,,,,jmalfarolucas@gmail.com
EVT0825,SITE0761,wild wood,Wood,Natural,1,,,,-7.91333333333333,156.855,,485,520,,,,,,,hard,wild wood,,,,,,,,,,,,,,,,,,,,,jmalfarolucas@gmail.com
EVT0826,SITE0762,wild wood,Wood,Natural,1,,,,-7.87333333333333,156.85,,515,520,,,,,,,hard,wild wood,,,,,,,,,,,,,,,,,,,,,jmalfarolucas@gmail.com
EVT0827,SITE0763,wild wood,Wood,Natural,1,,,,-7.8,156.8666666666667,,590,600,,,,,,,hard,wild wood,,,,,,,,,,,,,,,,,,,,,jmalfarolucas@gmail.com
EVT0828,SITE0764,wild wood,Wood,Natural,1,,,,-7.81166666666667,156.8883333333333,,632,640,,,,,,,hard,wild wood,,,,,,,,,,,,,,,,,,,,,jmalfarolucas@gmail.com
EVT0829,SITE0765,wild wood,Wood,Natural,1,,,,-7.63166666666667,156.98,,970,1060,,,,,,,hard,wild wood,,,,,,,,,,,,,,,,,,,,,jmalfarolucas@gmail.com
EVT0830,SITE0766,wild wood,Wood,Natural,1,,,,-8.93666666666667,157.735,,380,537,,,,,,,hard,wild wood,,,,,,,,,,,,,,,,,,,,,jmalfarolucas@gmail.com
EVT0831,SITE0767,wild wood,Wood,Natural,1,,,,-8.53,157.7133333333333,,732,839,,,,,,,hard,wild wood,,,,,,,,,,,,,,,,,,,,,jmalfarolucas@gmail.com
EVT0832,SITE0768,wild wood,Wood,Natural,1,,,,-8.69166666666667,157.6366666666667,,814,980,,,,,,,hard,wild wood,,,,,,,,,,,,,,,,,,,,,jmalfarolucas@gmail.com
EVT0833,SITE0769,wild wood,Wood,Natural,1,,,,-8.64,157.3583333333333,,195,197,,,,,,,hard,wild wood,,,,,,,,,,,,,,,,,,,,,jmalfarolucas@gmail.com
EVT0834,SITE0770,wild wood,Wood,Natural,1,,,,-8.65833333333333,157.3833333333333,,214,243,,,,,,,hard,wild wood,,,,,,,,,,,,,,,,,,,,,jmalfarolucas@gmail.com
EVT0835,SITE0771,wild wood,Wood,Natural,1,,,,-8.605,157.4416666666667,,509,520,,,,,,,hard,wild wood,,,,,,,,,,,,,,,,,,,,,jmalfarolucas@gmail.com
EVT0836,SITE0772,wild wood,Wood,Natural,1,,,,-8.65333333333333,157.4433333333333,,408,470,,,,,,,hard,wild wood,,,,,,,,,,,,,,,,,,,,,jmalfarolucas@gmail.com
EVT0837,SITE0773,wild wood,Wood,Natural,1,,,,-8.955,159.0833333333333,,477,491,,,,,,,hard,wild wood,,,,,,,,,,,,,,,,,,,,,jmalfarolucas@gmail.com
EVT0838,SITE0774,wild wood,Wood,Natural,1,,,,-8.69333333333333,159.6733333333333,,421,454,,,,,,,hard,wild wood,,,,,,,,,,,,,,,,,,,,,jmalfarolucas@gmail.com
EVT0839,SITE0775,wild wood,Wood,Natural,1,,,,-8.125,156.9966666666667,,229,236,,,,,,,hard,wild wood,,,,,,,,,,,,,,,,,,,,,jmalfarolucas@gmail.com
EVT0840,SITE0776,wild wood,Wood,Natural,1,,,,-7.91333333333333,156.8766666666667,,537,590,,,,,,,hard,wild wood,,,,,,,,,,,,,,,,,,,,,jmalfarolucas@gmail.com
EVT0841,SITE0777,wild wood,Wood,Natural,1,,,,-8.63666666666667,157.3583333333333,,195,200,,,,,,,hard,wild wood,,,,,,,,,,,,,,,,,,,,,jmalfarolucas@gmail.com
EVT0842,SITE0778,wild wood,Wood,Natural,1,,,,-7.65,157.716666666666,,495,650,,,,,,,hard,wild wood,,,,,,,,,,,,,,,,,,,,,jmalfarolucas@gmail.com
EVT0843,SITE0779,wild wood,Wood,Natural,1,,,,15.45,121.6,,556,556,,,,,,,hard,wild wood,,,,,,,,,,,,,,,,,,,,,jmalfarolucas@gmail.com
EVT0844,SITE0780,wild wood,Wood,Natural,1,,,,15.0166666666666,121.75,,431,493,,,,,,,hard,wild wood,,,,,,,,,,,,,,,,,,,,,jmalfarolucas@gmail.com
EVT0845,SITE0781,wild wood,Wood,Natural,1,,,,16.0166666666666,121.85,,342,358,,,,,,,hard,wild wood,,,,,,,,,,,,,,,,,,,,,jmalfarolucas@gmail.com
EVT0846,SITE0782,wild wood,Wood,Natural,1,,,,15.35,121.566666666666,,358,378,,,,,,,hard,wild wood,,,,,,,,,,,,,,,,,,,,,jmalfarolucas@gmail.com
EVT0847,SITE0783,wild wood,Wood,Natural,1,,,,8.81666666666666,123.033333333333,,2120,2149,,,,,,,hard,wild wood,,,,,,,,,,,,,,,,,,,,,jmalfarolucas@gmail.com
EVT0848,SITE0784,wild wood,Wood,Natural,1,,,,9.35,124.15,,1764,1764,,,,,,,hard,wild wood,,,,,,,,,,,,,,,,,,,,,jmalfarolucas@gmail.com
EVT0849,SITE0785,wild wood,Wood,Natural,1,,,,-8.28333333333333,160.15,,464,523,,,,,,,hard,wild wood,,,,,,,,,,,,,,,,,,,,,jmalfarolucas@gmail.com
EVT0850,SITE0786,wild wood,Wood,Natural,1,,,,-15.5333333333333,167.366666666666,,759,985,,,,,,,hard,wild wood,,,,,,,,,,,,,,,,,,,,,jmalfarolucas@gmail.com
EVT0851,SITE0787,wild wood,Wood,Natural,1,,,,-15.0166666666666,166.866666666666,,721,773,,,,,,,hard,wild wood,,,,,,,,,,,,,,,,,,,,,jmalfarolucas@gmail.com
EVT0852,SITE0788,wild wood,Wood,Natural,1,,,,-8.4,159.366666666666,,897,1057,,,,,,,hard,wild wood,,,,,,,,,,,,,,,,,,,,,jmalfarolucas@gmail.com
EVT0853,SITE0789,wild wood,Wood,Natural,1,,,,14.8333333333333,123.583333333333,,541,583,,,,,,,hard,wild wood,,,,,,,,,,,,,,,,,,,,,jmalfarolucas@gmail.com
EVT0854,SITE0790,wild wood,Wood,Natural,1,,,,15.0333333333333,123.183333333333,,1191,1262,,,,,,,hard,wild wood,,,,,,,,,,,,,,,,,,,,,jmalfarolucas@gmail.com
EVT0855,SITE0791,wild wood,Wood,Natural,1,,,,-7.96666666666666,157.566666666666,,650,836,,,,,,,hard,wild wood,,,,,,,,,,,,,,,,,,,,,jmalfarolucas@gmail.com
EVT0856,SITE0792,wild wood,Wood,Natural,1,,,,-7.73333333333333,157.7,,718,880,,,,,,,hard,wild wood,,,,,,,,,,,,,,,,,,,,,jmalfarolucas@gmail.com
EVT0857,SITE0793,wild wood,Wood,Natural,1,,,,-8.81666666666666,159.716666666666,,765,773,,,,,,,hard,wild wood,,,,,,,,,,,,,,,,,,,,,jmalfarolucas@gmail.com
EVT0858,SITE0794,wild wood,Wood,Natural,1,,,,9.46666666666666,123.633333333333,,784,786,,,,,,,hard,wild wood,,,,,,,,,,,,,,,,,,,,,jmalfarolucas@gmail.com
EVT0859,SITE0795,wild wood,Wood,Natural,1,,,,9.6,123.7,,609,673,,,,,,,hard,wild wood,,,,,,,,,,,,,,,,,,,,,jmalfarolucas@gmail.com
EVT0860,SITE0796,wild wood,Wood,Natural,1,,,,15.3333333333333,121.616666666666,,593,600,,,,,,,hard,wild wood,,,,,,,,,,,,,,,,,,,,,jmalfarolucas@gmail.com
EVT0861,SITE0797,wild wood,Wood,Natural,1,,,,-6.61666666666666,156.216666666666,,508,522,,,,,,,hard,wild wood,,,,,,,,,,,,,,,,,,,,,jmalfarolucas@gmail.com
EVT0862,SITE0798,wild wood,Wood,Natural,1,,,,-8.6,157.433333333333,,509,520,,,,,,,hard,wild wood,,,,,,,,,,,,,,,,,,,,,jmalfarolucas@gmail.com
EVT0863,SITE0799,wild wood,Wood,Natural,1,,,,-8.43333333333333,159.433333333333,,543,593,,,,,,,hard,wild wood,,,,,,,,,,,,,,,,,,,,,jmalfarolucas@gmail.com
EVT0864,SITE0800,wild wood,Wood,Natural,1,,,,9.53333333333333,123.7,,111,115,,,,,,,hard,wild wood,,,,,,,,,,,,,,,,,,,,,jmalfarolucas@gmail.com
EVT0865,SITE0801,wild wood,Wood,Natural,1,,,,9.5,123.866666666666,,216.0,1996.0,,,,,,,hard,wild wood,,Reported depth bounds were 1996 and 216 m; stored range is 216–1996 m.,,,,,,,,,,,,,,,,,,,cherisse.persad@gmail.com
EVT0866,SITE0802,wild wood,Wood,Natural,1,,,,-16.6233333333333,167.996666666666,,564,582,,,,,,,hard,wild wood,,,,,,,,,,,,,,,,,,,,,jmalfarolucas@gmail.com
EVT0867,SITE0803,wild wood,Wood,Natural,1,,,,-2.4,150.566666666666,,388,572,,,,,,,hard,wild wood,,,,,,,,,,,,,,,,,,,,,jmalfarolucas@gmail.com
EVT0868,SITE0804,wild wood,Wood,Natural,1,,,,-7.56666666666666,157.7,,240,305,,,,,,,hard,wild wood,,,,,,,,,,,,,,,,,,,,,jmalfarolucas@gmail.com
EVT0869,SITE0805,wild wood,Wood,Natural,1,,,,-7.71666666666666,156.45,,518,527,,,,,,,hard,wild wood,,,,,,,,,,,,,,,,,,,,,jmalfarolucas@gmail.com
EVT0870,SITE0806,experimental wood,Wood,Experimental,1,,,,-15.7166666666666,167.05,,441,441,,,,,,,hard,experimental wood,,,,,,,,,,,,,,,,,,,,,jmalfarolucas@gmail.com
EVT0871,SITE0672,wild wood,Wood,Natural,1,,,,9.42666666666666,124.035,,1750,1767,,,,,,,hard,wild wood,,,,,,,,,,,,,,,,,,,,,jmalfarolucas@gmail.com
EVT0872,SITE0675,wild wood,Wood,Natural,1,,,,9.34833333333333,124.145,,1764,1764,,,,,,,hard,wild wood,,,,,,,,,,,,,,,,,,,,,jmalfarolucas@gmail.com
EVT0873,SITE0809,wild wood,Wood,Natural,1,,,,8.85,122.981666666666,,982,989,,,,,,,hard,wild wood,,,,,,,,,,,,,,,,,,,,,jmalfarolucas@gmail.com
EVT0874,SITE0689,wild wood,Wood,Natural,1,,,,8.855,122.981666666666,,2303,2307,,,,,,,hard,wild wood,,,,,,,,,,,,,,,,,,,,,jmalfarolucas@gmail.com
EVT0875,SITE0811,wild wood,Wood,Natural,1,,,,-6.93083333333333,147.137,,700,740,,,,,,,hard,wild wood,,,,,,,,,,,,,,,,,,,,,jmalfarolucas@gmail.com
EVT0876,SITE0812,wild wood,Wood,Natural,1,,,,-6.78299999999999,147.208833333333,,592,660,,,,,,,hard,wild wood,,,,,,,,,,,,,,,,,,,,,jmalfarolucas@gmail.com
EVT0877,SITE0813,wild wood,Wood,Natural,1,,,,-2.23333333333333,150.251666666666,,490,505,,,,,,,hard,wild wood,,,,,,,,,,,,,,,,,,,,,jmalfarolucas@gmail.com
EVT0878,SITE0814,wild wood,Wood,Natural,1,,,,-5.07066666666666,152.0035,,752,998,,,,,,,hard,wild wood,,,,,,,,,,,,,,,,,,,,,jmalfarolucas@gmail.com
EVT0879,SITE0815,wild wood,Wood,Natural,1,,,,-5.06816666666666,152.046333333333,,782,1085,,,,,,,hard,wild wood,,,,,,,,,,,,,,,,,,,,,jmalfarolucas@gmail.com
EVT0880,SITE0816,wild wood,Wood,Natural,1,,,,-6.62666666666666,156.219166666666,,490,520,,,,,,,hard,wild wood,,,,,,,,,,,,,,,,,,,,,jmalfarolucas@gmail.com
EVT0881,SITE0817,wild wood,Wood,Natural,1,,,,-6.63783333333333,156.22,,508,522,,,,,,,hard,wild wood,,,,,,,,,,,,,,,,,,,,,jmalfarolucas@gmail.com
EVT0882,SITE0818,wild wood,Wood,Natural,1,,,,-7.74166666666666,156.465,,518,527,,,,,,,hard,wild wood,,,,,,,,,,,,,,,,,,,,,jmalfarolucas@gmail.com
EVT0883,SITE0819,wild wood,Wood,Natural,1,,,,-7.71383333333333,156.4075,,686,690,,,,,,,hard,wild wood,,,,,,,,,,,,,,,,,,,,,jmalfarolucas@gmail.com
EVT0884,SITE0820,wild wood,Wood,Natural,1,,,,-7.7535,156.426833333333,,650,673,,,,,,,hard,wild wood,,,,,,,,,,,,,,,,,,,,,jmalfarolucas@gmail.com
EVT0885,SITE0821,wild wood,Wood,Natural,1,,,,-7.95833333333333,156.855833333333,,460,487,,,,,,,hard,wild wood,,,,,,,,,,,,,,,,,,,,,jmalfarolucas@gmail.com
EVT0886,SITE0822,wild wood,Wood,Natural,1,,,,-7.90583333333333,156.847666666666,,515,520,,,,,,,hard,wild wood,,,,,,,,,,,,,,,,,,,,,jmalfarolucas@gmail.com
EVT0887,SITE0823,wild wood,Wood,Natural,1,,,,-15.0513333333333,166.935,,548,560,,,,,,,hard,wild wood,,,,,,,,,,,,,,,,,,,,,jmalfarolucas@gmail.com
EVT0888,SITE0612,wild wood,Wood,Natural,1,,,,-15.0235,166.896,,630,670,,,,,,,hard,wild wood,,,,,,,,,,,,,,,,,,,,,jmalfarolucas@gmail.com
EVT0889,SITE0614,wild wood,Wood,Natural,1,,,,-15.0236666666666,166.896,,630,705,,,,,,,hard,wild wood,,,,,,,,,,,,,,,,,,,,,jmalfarolucas@gmail.com
EVT0890,SITE0826,wild wood,Wood,Natural,1,,,,-16.458,167.913,,562,580,,,,,,,hard,wild wood,,,,,,,,,,,,,,,,,,,,,jmalfarolucas@gmail.com
EVT0891,SITE0827,wild wood,Wood,Natural,1,,,,-16.0445,167.505833333333,,802,900,,,,,,,hard,wild wood,,,,,,,,,,,,,,,,,,,,,jmalfarolucas@gmail.com
EVT0892,SITE0828,wild wood,Wood,Natural,1,,,,-16.6246666666666,167.958833333333,,641,677,,,,,,,hard,wild wood,,,,,,,,,,,,,,,,,,,,,jmalfarolucas@gmail.com
EVT0893,SITE0829,wild wood,Wood,Natural,1,,,,-16.4603333333333,167.894333333333,,568,591,,,,,,,hard,wild wood,,,,,,,,,,,,,,,,,,,,,jmalfarolucas@gmail.com
EVT0894,SITE0830,wild wood,Wood,Natural,1,,,,-16.62333,167.996666666666,,560,580,,,,,,,hard,wild wood,,Event latitude follows SITE0830; the reported latitude is outside the valid geographic range for this locality.,,,,,,,,,,,,,,,,,,,cherisse.persad@gmail.com
EVT0895,SITE0831,wild wood,Wood,Natural,1,,,,-15.6963333333333,167.063833333333,,300,890,,,,,,,hard,wild wood,,,,,,,,,,,,,,,,,,,,,jmalfarolucas@gmail.com
EVT0896,SITE0832,experimental pine and oak wood,Wood,Experimental,1,,,,41.5702,2.83865,,894,894,,,,,,,hard,experimental pine and oak wood,,,,,,,,,,,,,,,,,,,,,jmalfarolucas@gmail.com
EVT0897,SITE0833,experimental pine and oak wood,Wood,Experimental,1,,,,41.5208333333333,2.84722222222222,,1190,1190,,,,,,,hard,experimental pine and oak wood,,,,,,,,,,,,,,,,,,,,,jmalfarolucas@gmail.com
EVT0898,SITE0834,experimental pine and oak wood,Wood,Experimental,1,,,,41.5208499999999,2.84701666666666,,1195,1195,,,,,,,hard,experimental pine and oak wood,,,,,,,,,,,,,,,,,,,,,jmalfarolucas@gmail.com
EVT0899,SITE0835,experimental pine and oak wood,Wood,Experimental,1,,,,41.458,2.88277777777777,,1468,1468,,,,,,,hard,experimental pine and oak wood,,,,,,,,,,,,,,,,,,,,,jmalfarolucas@gmail.com
EVT0900,SITE0836,experimental pine and oak wood,Wood,Experimental,1,,,,41.2192222222222,2.81527777777777,,1180,1180,,,,,,,hard,experimental pine and oak wood,,,,,,,,,,,,,,,,,,,,,jmalfarolucas@gmail.com
EVT0901,SITE0837,experimental pine and oak wood,Wood,Experimental,1,,,,41.2191638888888,2.81512777777777,,1184,1184,,,,,,,hard,experimental pine and oak wood,,,,,,,,,,,,,,,,,,,,,jmalfarolucas@gmail.com
EVT0902,SITE0838,experimental pine and oak wood,Wood,Experimental,1,,,,41.1501638888888,2.89666666666666,,1497,1497,,,,,,,hard,experimental pine and oak wood,,,,,,,,,,,,,,,,,,,,,jmalfarolucas@gmail.com
EVT0903,SITE0839,experimental pine and oak wood,Wood,Experimental,1,,,,41.0811638888888,2.96916666666666,,1806,1806,,,,,,,hard,experimental pine and oak wood,,,,,,,,,,,,,,,,,,,,,jmalfarolucas@gmail.com
EVT0904,SITE0840,experimental pine and oak wood,Wood,Experimental,1,,,,41.8909027777777,3.24588888888888,,135,135,,,,,,,hard,experimental pine and oak wood,,,,,,,,,,,,,,,,,,,,,jmalfarolucas@gmail.com
EVT0905,SITE0350,experimental pine and oak wood,Wood,Experimental,1,,,,41.8641666666666,3.33616666666666,,1150,1150,,,,,,,hard,experimental pine and oak wood,,,,,,,,,,,,,,,,,,,,,jmalfarolucas@gmail.com
EVT0906,SITE0348,experimental pine and oak wood,Wood,Experimental,1,,,,43.9103611111111,-6.35002777777777,,2100,2100,,,,,,,hard,experimental pine and oak wood,,,,,,,,,,,,,,,,,,,,,jmalfarolucas@gmail.com
EVT0907,SITE0842,experimental pine and oak wood,Wood,Experimental,1,,,,43.9685833333333,-6.51413888888888,,1257,1257,,,,,,,hard,experimental pine and oak wood,,,,,,,,,,,,,,,,,,,,,jmalfarolucas@gmail.com
EVT0908,SITE0843,experimental douglas fir wood,Wood,Experimental,1,,,,36.229,-33.9008333333333,,2279,2279,,,,,,,hard,experimental douglas fir wood,,,,,,,,,,,,,,,,,,,,,jmalfarolucas@gmail.com
EVT0909,SITE0844,experimental douglas fir wood,Wood,Experimental,1,,,,42.5453333333333,3.42116666666666,,513,513,,,,,,,hard,experimental douglas fir wood,,,,,,,,,,,,,,,,,,,,,jmalfarolucas@gmail.com
EVT0910,SITE0845,experimental pine wood,Wood,Experimental,1,,,,42.5453833333333,3.42108333333333,,524,524,,,,,,,hard,experimental pine wood,,,,,,,,,,,,,,,,,,,,,jmalfarolucas@gmail.com
EVT0911,SITE0846,experimental pine wood,Wood,Experimental,1,,,,42.5452833333333,3.42176666666666,,518,518,,,,,,,hard,experimental pine wood,,,,,,,,,,,,,,,,,,,,,jmalfarolucas@gmail.com
EVT0912,SITE0847,experimental Zelkova serrata wood,Wood,Experimental,1,,,,24.9531666666666,125.954833333333,,276,276,,,,,,,hard,experimental Zelkova serrata wood,,,,,,,,,,,,,,,,,,,,,jmalfarolucas@gmail.com
EVT0913,SITE0848,experimental Zelkova serrata wood,Wood,Experimental,1,,,,24.75,125.749833333333,,500,500,,,,,,,hard,experimental Zelkova serrata wood,,,,,,,,,,,,,,,,,,,,,jmalfarolucas@gmail.com
EVT0914,SITE0849,experimental Zelkova serrata wood,Wood,Experimental,1,,,,24.5835,125.7585,,1000,1000,,,,,,,hard,experimental Zelkova serrata wood,,,,,,,,,,,,,,,,,,,,,jmalfarolucas@gmail.com
EVT0915,SITE0850,experimental douglas fir wood,Wood,Experimental,1,,,,43.9036666666666,-125.170633333333,,1605,1605,,,,,,,hard,experimental douglas fir wood,,,,,,,,,,,,,,,,,,,,,jmalfarolucas@gmail.com
EVT0916,SITE0337,experimental douglas fir wood,Wood,Experimental,1,,,,47.9577,-126.0353,,1596,1596,,,,,,,hard,experimental douglas fir wood,,,,,,,,,,,,,,,,,,,,,jmalfarolucas@gmail.com
EVT0917,SITE0852,experimental douglas fir wood,Wood,Experimental,1,,,,35.2986,-6.64515,,354,354,,,,,,,hard,experimental douglas fir wood,,,,,,,,,,,,,,,,,,,,,jmalfarolucas@gmail.com
EVT0918,SITE0870,experimental douglas fir wood,Wood,Experimental,1,,,,34.98485,-7.07373333333333,,698,698,,,,,,,hard,experimental douglas fir wood,,,,,,,,,,,,,,,,,,,,,jmalfarolucas@gmail.com
EVT0919,SITE0854,experimental douglas fir wood,Wood,Experimental,1,,,,35.39205,-7.19188333333333,,1100,1100,,,,,,,hard,experimental douglas fir wood,,,,,,,,,,,,,,,,,,,,,jmalfarolucas@gmail.com
EVT0920,SITE0855,wild wood,Wood,Natural,1,,,,39.28825,-10.0174166666666,,327,327,,,,,,,hard,wild wood,,,,,,,,,,,,,,,,,,,,,jmalfarolucas@gmail.com
EVT0921,SITE0852,experimental alfalfa,Wood,Experimental,1,,,,35.2986,-6.64515,,354,354,,,,,,,hard,experimental alfalfa,,,,,,,,,,,,,,,,,,,,,jmalfarolucas@gmail.com
EVT0922,SITE0854,experimental alfalfa,Wood,Experimental,1,,,,35.39205,-7.19188333333333,,1100,1100,,,,,,,hard,experimental alfalfa,,,,,,,,,,,,,,,,,,,,,jmalfarolucas@gmail.com
EVT0923,SITE0870,experimental alfalfa,Wood,Experimental,1,,,,34.98485,-7.07373333333333,,698,698,,,,,,,hard,experimental alfalfa,,,,,,,,,,,,,,,,,,,,,jmalfarolucas@gmail.com
EVT0924,SITE0856,experimental Pseudotsuga menziesii wood,Wood,Experimental,1,,,,33.5,-119.366666666666,,1672,1672,,,,,,,hard,experimental Pseudotsuga menziesii wood,,,,,,,,,,,,,,,,,,,,,jmalfarolucas@gmail.com
EVT0925,SITE0890,experimental Pseudotsuga menziesii wood,Wood,Experimental,1,,,,33.2,-118.5,,1244,1244,,,,,,,hard,experimental Pseudotsuga menziesii wood,,,,,,,,,,,,,,,,,,,,,jmalfarolucas@gmail.com
EVT0926,SITE0341,experimental Pinus elliottii wood,Wood,Experimental,1,,,,-25.894,-45.0348333333333,,1508,1508,,,,,,,hard,experimental Pinus elliottii wood,,,,,,,,,,,,,,,,,,,,,jmalfarolucas@gmail.com
EVT0927,SITE0346,experimental Pinus elliottii wood,Wood,Experimental,1,,,,-21.4501333333333,-39.8965,,1491,1491,,,,,,,hard,experimental Pinus elliottii wood,,,,,,,,,,,,,,,,,,,,,jmalfarolucas@gmail.com
EVT0928,SITE0333,experimental Pinus elliottii wood,Wood,Experimental,1,,,,-28.0284333333333,-43.5296666666666,,3358,3358,,,,,,,hard,experimental Pinus elliottii wood,,,,,,,,,,,,,,,,,,,,,jmalfarolucas@gmail.com
EVT0929,SITE0861,wild wood,Wood,Natural,1,,,,36.6426166666666,-11.6031166666666,,1308,1308,,,,,,,hard,wild wood,,,,,,,,,,,,,,,,,,,,,jmalfarolucas@gmail.com
EVT0930,SITE0862,wild wood,Wood,Natural,1,,,,11.85,-103.833333333333,,2700,2700,,,,,,,hard,wild wood,,,,,,,,,,,,,,,,,,,,,jmalfarolucas@gmail.com
EVT0931,SITE0863,wild wood,Wood,Natural,1,,,,41.0066666666666,-127.488333333333,,3362,3362,,,,,,,hard,wild wood,,,,,,,,,,,,,,,,,,,,,jmalfarolucas@gmail.com
EVT0932,SITE0864,wild wood,Wood,Natural,1,,,,21.535,120.801666666666,,1314,1317,,,,,,,hard,wild wood,,,,,,,,,,,,,,,,,,,,,jmalfarolucas@gmail.com
EVT0933,SITE0865,wild wood,Wood,Natural,1,,,,24.585,122.096666666666,,221,221,,,,,,,hard,wild wood,,,,,,,,,,,,,,,,,,,,,jmalfarolucas@gmail.com
EVT0934,SITE0866,wild wood,Wood,Natural,1,,,,24.93,122.095,,269,360,,,,,,,hard,wild wood,,,,,,,,,,,,,,,,,,,,,jmalfarolucas@gmail.com
EVT0935,SITE0867,wild wood,Wood,Natural,1,,,,24.2616666666666,122.193333333333,,2620,2620,,,,,,,hard,wild wood,,,,,,,,,,,,,,,,,,,,,jmalfarolucas@gmail.com
EVT0936,SITE0272,wild wood,Wood,Natural,0,Same physical event as EVT0310; excluded from analysis.,,,5.81666666666666,-78.8666666666666,,3270,3670,,,,,,,hard,wild wood,,,,,,,,,,,,,,,,,,,,,cherisse.persad@gmail.com
EVT0937,SITE0550,experimental alfalfa,Wood,Experimental,1,,,,32.5436111111111,30.355,,1694,1694,,,,,,,hard,experimental alfalfa,,,,,,,,,,,,,,,,,,,,,jmalfarolucas@gmail.com
EVT0938,SITE0550,experimental douglas fir wood,Wood,Experimental,1,,,,32.5436111111111,30.355,,1694,1694,,,,,,,hard,experimental douglas fir wood,,,,,,,,,,,,,,,,,,,,,jmalfarolucas@gmail.com
EVT0939,SITE0869,experimental douglas fir wood,Wood,Experimental,1,,,,32.5347222222222,30.3563888888888,,1694,1694,,,,,,,hard,experimental douglas fir wood,,,,,,,,,,,,,,,,,,,,,jmalfarolucas@gmail.com
EVT0940,SITE0852,experimental douglas fir wood,Wood,Experimental,1,,,,35.2986,-6.64515,,350,350,,,,,,,hard,experimental douglas fir wood,,,,,,,,,,,,,,,,,,,,,jmalfarolucas@gmail.com
EVT0941,SITE0852,experimental alfalfa,Wood,Experimental,1,,,,35.2986,-6.64515,,350,350,,,,,,,hard,experimental alfalfa,,,,,,,,,,,,,,,,,,,,,jmalfarolucas@gmail.com
EVT0942,SITE0870,experimental douglas fir wood,Wood,Experimental,1,,,,34.98485,-7.07373333333333,,698,1100,,,,,,,hard,experimental douglas fir wood,,,,,,,,,,,,,,,,,,,,,jmalfarolucas@gmail.com
EVT0943,SITE0870,experimental alfalfa,Wood,Experimental,1,,,,34.98485,-7.07373333333333,,698,1100,,,,,,,hard,experimental alfalfa,,,,,,,,,,,,,,,,,,,,,jmalfarolucas@gmail.com
EVT0944,SITE0871,experimental Pinus elliottii wood,Wood,Experimental,1,,,,-25.3383333333333,-39.6411666666666,,3227,3227,,,,,,,hard,experimental Pinus elliottii wood,,,,,,,,,,,,,,,,,,,,,jmalfarolucas@gmail.com
EVT0945,SITE0872,experimental pine wood,Wood,Experimental,1,,,,60.5818588647682,5.43063372611999,,530,530,,,,,,,hard,experimental pine wood,,,,,,,,,,,,,,,,,,,,,jmalfarolucas@gmail.com
EVT0946,SITE0872,experimental Laminaria hyperborea,Seaweed,Experimental,0,Seaweed fall; excluded from whale/wood analysis,,,60.5818588647682,5.43063372611999,,530,530,,,,,,,hard,experimental Laminaria hyperborea,,,,,,,,,,,,,,,,,,,,,cherisse.persad@gmail.com
EVT0947,SITE0873,wild wood,Wood,Natural,1,,,,14.03427,-130.09405,,5038,5038,,,,,,,hard,wild wood,,,,,,,,,,,,,,,,,,,,,cherisse.persad@gmail.com
EVT0948,SITE0874,Station Deadwood experimental Acacia wood — 32-log experiment,Wood,Experimental,1,,32,individual Acacia sp. logs,36.154098,-122.40852,"36.154098°N, 122.40852°W",3203,3203,,,2006-11,November 2006,2013-10,October 2013,Acacia sp. logs enclosed in 5 mm synthetic-fibre mesh bags,experimental Acacia sp. logs,"Randomized/block-style deployment; 32 physical logs represented across two recovery sets (16 in Oct 2011, 16 in Oct 2013).",,,,,,,,Acacia sp.,Acacia,,,,,,,,,,,cherisse.persad@gmail.com
EVT0949,SITE0875,experimental Pinus elliottii wood,Wood,Experimental,1,,,,-21.4501666666666,-39.8965,,1491,1491,,,,,,,hard,experimental Pinus elliottii wood,,,,,,,,,,,,,,,,,,,,,jmalfarolucas@gmail.com
EVT0950,SITE0876,experimental Pinus elliottii wood,Wood,Experimental,1,,,,-25.894,-45.0483333333333,,1508,1508,,,,,,,hard,experimental Pinus elliottii wood,,,,,,,,,,,,,,,,,,,,,jmalfarolucas@gmail.com
EVT0951,SITE0877,experimental Pinus elliottii wood,Wood,Experimental,1,,,,-22.8408333333333,-38.4163333333333,,3322,3322,,,,,,,hard,experimental Pinus elliottii wood,,,,,,,,,,,,,,,,,,,,,jmalfarolucas@gmail.com
EVT0952,SITE0871,experimental Pinus elliottii wood,Wood,Experimental,1,,,,-25.3383333333333,-39.6411666666666,,3285,3285,,,,,,,hard,experimental Pinus elliottii wood,,,,,,,,,,,,,,,,,,,,,jmalfarolucas@gmail.com
EVT0953,SITE0003,experimental Pinus elliottii wood,Wood,Experimental,1,,,,-28.0285,-43.5296666666666,,3358,3358,,,,,,,hard,experimental Pinus elliottii wood,,,,,,,,,,,,,,,,,,,,,jmalfarolucas@gmail.com
EVT0954,SITE0879,Deadwood 2 experimental spicebush wood,Wood,Experimental,1,,,,36.26128,-122.67798333333333,"36°15.6768'N, 122°40.6790'W",3100,3100,,,2011-10-18,18 October 2011,2013-10,26–28 October 2013,hard,experimental deployed wood,,"Magalhães & Hilliard (2022) report the Deadwood 2 deployment coordinates, depth and 2011–2013 recovery interval.",,,,,,,,Calycanthus occidentalis,spicebush,,,,,deployed wood fragments,,,,,cherisse.persad@gmail.com
EVT0955,SITE0879,experimental redwood wood,Wood,Experimental,1,,,,36.26128,-122.677983333333,,3100,3100,,,,,,,hard,experimental redwood wood,,,,,,,,,,,,,,,,,,,,,jmalfarolucas@gmail.com
EVT0956,SITE0879,experimental pine wood,Wood,Experimental,1,,,,36.26128,-122.677983333333,,3100,3100,,,,,,,hard,experimental pine wood,,,,,,,,,,,,,,,,,,,,,jmalfarolucas@gmail.com
EVT0957,SITE0879,experimental oak wood,Wood,Experimental,1,,,,36.26128,-122.677983333333,,3100,3100,,,,,,,hard,experimental oak wood,,,,,,,,,,,,,,,,,,,,,jmalfarolucas@gmail.com
EVT0958,SITE0879,Deadwood 2 experimental ginkgo wood,Wood,Experimental,1,,,,36.26128,-122.67798333333333,"36°15.6768'N, 122°40.6790'W",3100,3100,,,2011-10-18,18 October 2011,2013-10,26–28 October 2013,hard,experimental deployed wood,,"Magalhães & Hilliard (2022) report the Deadwood 2 deployment coordinates, depth and 2011–2013 recovery interval.",,,,,,,,Ginkgo biloba,ginkgo,,,,,deployed wood fragments,,,,,cherisse.persad@gmail.com
EVT0959,SITE0879,experimental tree poopy wood,Wood,Experimental,1,,,,36.26128,-122.677983333333,,3100,3100,,,,,,,hard,experimental tree poopy wood,,,,,,,,,,,,,,,,,,,,,jmalfarolucas@gmail.com
EVT0960,SITE0879,experimental ironwood,Wood,Experimental,1,,,,36.26128,-122.677983333333,,3100,3100,,,,,,,hard,experimental ironwood,,,,,,,,,,,,,,,,,,,,,jmalfarolucas@gmail.com
EVT0961,SITE0879,Deadwood 2 experimental yew / Torreya wood,Wood,Experimental,1,,,,36.26128,-122.67798333333333,"36°15.6768'N, 122°40.6790'W",3100,3100,,,2011-10-18,18 October 2011,2013-10,26–28 October 2013,hard,experimental deployed wood,,"Magalhães & Hilliard (2022) report the Deadwood 2 deployment coordinates, depth and 2011–2013 recovery interval.",,,,,,,,Torreya californica,yew / Torreya,,,,,deployed wood fragments,,,,,cherisse.persad@gmail.com
EVT0962,SITE0879,experimental palm tree wood,Wood,Experimental,1,,,,36.26128,-122.677983333333,,3100,3100,,,,,,,hard,experimental palm tree wood,,,,,,,,,,,,,,,,,,,,,jmalfarolucas@gmail.com
EVT0963,SITE0879,Deadwood 2 experimental tree fern wood,Wood,Experimental,1,,,,36.26128,-122.67798333333333,"36°15.6768'N, 122°40.6790'W",3100,3100,,,2011-10-18,18 October 2011,2013-10,26–28 October 2013,hard,experimental deployed wood,,"Magalhães & Hilliard (2022) report the Deadwood 2 deployment coordinates, depth and 2011–2013 recovery interval.",,,,,,,,Cyathea sp.,tree fern,,,,,deployed wood fragments,,,,,cherisse.persad@gmail.com
EVT0964,SITE0880,experimental oak wood,Wood,Experimental,1,,,,37.2911666666666,-32.28,,1741,1741,,,,,,,hard,experimental oak wood,,,,,,,,,,,,,,,,,,,,,jmalfarolucas@gmail.com
EVT0965,SITE0881,experimental oak wood,Wood,Experimental,1,,,,37.2886666666666,-32.2755,,1701,1701,,,,,,,hard,experimental oak wood,,,,,,,,,,,,,,,,,,,,,jmalfarolucas@gmail.com
EVT0966,SITE0882,experimental oak wood,Wood,Experimental,1,,,,37.288635,-32.2755516666666,,1705,1705,,,,,,,hard,experimental oak wood,,,,,,,,,,,,,,,,,,,,,jmalfarolucas@gmail.com
EVT0967,SITE0883,experimental oak wood,Wood,Experimental,1,,,,37.2887,-32.2755,,1701,1701,,,,,,,hard,experimental oak wood,,,,,,,,,,,,,,,,,,,,,jmalfarolucas@gmail.com
EVT0968,SITE0884,experimental Pseudotsuga menziesii wood,Wood,Experimental,1,,,,72.0065,14.72733,,1250,1250,,,,,,,hard,experimental Pseudotsuga menziesii wood,,,,,,,,,,,,,,,,,,,,,jmalfarolucas@gmail.com
EVT0969,SITE0885,experimental Pseudotsuga menziesii wood,Wood,Experimental,1,,,,72.0063,14.7182616666666,,1250,1250,,,,,,,hard,experimental Pseudotsuga menziesii wood,,,,,,,,,,,,,,,,,,,,,jmalfarolucas@gmail.com
EVT0970,SITE0886,Sagami Bay natural branch-like plant-debris fall,Wood,Natural,1,,,,35.01595,139.222183333333,,858,858,2021-02-03,3 February 2021,,,,,branch-like plant debris,wild wood,,,,,,,,,,,,,,,,,,,,,cherisse.persad@gmail.com
EVT0971,SITE0887,Shoho Seamount natural sunken-wood block — 2042 m,Wood,Natural,1,,,,32.3475666666666,138.657866666666,"32°20.854′ N, 138°39.472′ E",2042,2042,,,,,2020-11-26,26 November 2020,natural sunken wood block,natural sunken wood,,"Natural sunken-wood block at 2042 m (32°20.854′N, 138°39.472′E), sampled during KM20-10C / KM-ROV dive #122 on 26 November 2020. The Komai 2025 wood piece (EVT1166) is a distinct fall from the same dive/date, reported at different coordinates and depth.",,,,,,,,,,,,,,,,,,,cherisse.persad@gmail.com
EVT0972,SITE0039,wild wood,Wood,Natural,1,,,,36.6101,-122.435366666666,,2898,2898,,,,,,,hard,wild wood,,,,,,,,,,,,,,,,,,,,,jmalfarolucas@gmail.com
EVT0973,SITE0888,wild wood,Wood,Natural,1,,,,-16.9913333333333,173.914833333333,,1990,1990,,,,,,,hard,wild wood,,,,,,,,,,,,,,,,,,,,,jmalfarolucas@gmail.com
EVT0974,SITE0091,experimental Pseudotsuga menziesii wood,Wood,Experimental,1,,3,mesh-bin substrate replicate,47.9576666666666,-126.035333333333,,1596,1596,,,2013-04-05,2013-04-05,2014-06-22,2014-06-22,hard,experimental Pseudotsuga menziesii wood,Three-sided free-vehicle lander; each side a 50 cm cube open-sided bin lined with 500 µm Nitex mesh.,,,,,,,,Douglas fir block,Pseudotsuga menziesii,,,,,,,,,,,cherisse.persad@gmail.com
EVT0975,SITE0092,experimental Pseudotsuga menziesii wood,Wood,Experimental,1,,3,mesh-bin substrate replicate,43.9086666666666,-125.173666666666,,1605,1605,,,2013-04-09,2013-04-09,2014-06-27,2014-06-27,hard,experimental Pseudotsuga menziesii wood,Three-sided free-vehicle lander; each side a 50 cm cube open-sided bin lined with 500 µm Nitex mesh.,,,,,,,,Douglas fir block,Pseudotsuga menziesii,,,,,,,,,,,cherisse.persad@gmail.com
EVT0976,SITE0093,experimental Pseudotsuga menziesii wood,Wood,Experimental,1,,3,mesh-bin substrate replicate,47.27,-127.592833333333,,2666,2666,,,2013-04-06,2013-04-06,2014-06-23,2014-06-23,hard,experimental Pseudotsuga menziesii wood,Three-sided free-vehicle lander; each side a 50 cm cube open-sided bin lined with 500 µm Nitex mesh.,,,,,,,,Douglas fir block,Pseudotsuga menziesii,,,,,,,,,,,cherisse.persad@gmail.com
EVT0977,SITE0094,experimental Pseudotsuga menziesii wood,Wood,Experimental,1,,3,mesh-bin substrate replicate,43.8783333333333,-127.5655,,2917,2917,,,2013-04-08,2013-04-08,2014-06-26,2014-06-26,hard,experimental Pseudotsuga menziesii wood,Three-sided free-vehicle lander; each side a 50 cm cube open-sided bin lined with 500 µm Nitex mesh.,,,,,,,,Douglas fir block,Pseudotsuga menziesii,,,,,,,,,,,cherisse.persad@gmail.com
EVT0978,SITE0889,experimental Pseudotsuga menziesii wood,Wood,Experimental,0,Same experimental material as the CRS397 and CRS800 wood events reported by Bernardino (2010); excluded to avoid duplicate representation.,,,33.493,-119.367666666666,,1670,1670,,,,,,,hard,experimental Pseudotsuga menziesii wood,,,,,,,,,,,,,,,,,,,,,cherisse.persad@gmail.com
EVT0979,SITE0889,experimental Macrocystis pyrifera,Seaweed,Experimental,0,Seaweed fall; excluded from whale/wood analysis,,,33.493,-119.367666666666,,1670,1670,,,,,,,hard,experimental Macrocystis pyrifera,,,,,,,,,,,,,,,,,,,,,cherisse.persad@gmail.com
EVT0980,SITE0890,Santa Catalina Basin (NE Pacific Ocean),Whale,Natural,1,,,,33.2,-118.5,,1240,1240,1987-11,November 1987,,,,,skeleton,Santa Catalina Basin (NE Pacific Ocean),,,NA,NA,skeleton,20,60,adult,,,,,,,,,,,,,cherisse.persad@gmail.com
EVT0981,SITE0891,San Nicolás Slope (NE Pacific Ocean),Whale,Natural,1,,,,33.3333333333333,-119.983333333333,,960,960,,1980-1990,,1980-1990,,,skeleton,San Nicolás Slope (NE Pacific Ocean),,,NA,NA,skeleton,,40,adult,,,,,,,,,,,,,cherisse.persad@gmail.com
EVT0982,SITE0090,San Clemente Basin (NE Pacific Ocean),Whale,Experimental,1,,,,32.4333333333333,-118.15,,1960,1960,,1992,,1992,,,skeleton,San Clemente Basin (NE Pacific Ocean),,,Gray whale,Eschrichtius robustus,skeleton,,10,juvenile,,,,,,,,,,,,,cherisse.persad@gmail.com
EVT0983,SITE0088,San Diego Trough (NE Pacific Ocean),Whale,Experimental,0,Duplicate representation of the same physical event; excluded from analysis.,,,32.5833333333333,-117.5,,1220,1220,,1996,,1996,,,skeleton,San Diego Trough (NE Pacific Ocean),,,Gray whale,Eschrichtius robustus,skeleton,,5,juvenile,,,,,,,,,,,,,cherisse.persad@gmail.com
EVT0984,SITE0856,Santa Cruz Basin (NE Pacific Ocean),Whale,Experimental,0,Duplicate representation of the same physical event; excluded from analysis.,,,33.45,-119.366666666666,,1675,1675,,1998,1998-04-28,28 April 1998,,,skeleton,Santa Cruz Basin (NE Pacific Ocean),,Santa Cruz Basin experimental 30-t gray-whale fall at 1675 m; Smith et al. (2014).,Gray whale,Eschrichtius robustus,skeleton,13,30,adult,,,,,,,,,,,,,cherisse.persad@gmail.com
EVT0985,SITE0060,Torishima Seamount (NW Pacific Ocean),Whale,Natural,0,Duplicate representation of the same physical event; excluded from analysis.,,,30.9241666666666,141.828666666666,,4037,4037,,1993,,1993,,,skeleton,Torishima Seamount (NW Pacific Ocean),,,Bryde whale,Balaenoptera edeni,skeleton,10.5,12,adult,,,,,,,,,,,,,cherisse.persad@gmail.com
EVT0986,SITE0039,Monterrey Canyon (NE Pacific Ocean),Whale,Natural,0,Same physical event as EVT0042; excluded from analysis.,,,36.6101,-122.435366666666,,2891,2891,,2002,,2002,,,skeleton,Monterrey Canyon (NE Pacific Ocean),,,Gray whale,Eschrichtius robustus,skeleton,10,20,juvenile,,,,,,,,,,,,,cherisse.persad@gmail.com
EVT0987,SITE0061,British Columbia (NE Pacific Ocean),Whale,Natural,0,Duplicate representation of the same physical event; excluded from analysis.,,,48.6754388888888,-126.0899,,1288,1288,,2009,,2009,,,skeleton,British Columbia (NE Pacific Ocean),,,NA,NA,skeleton,16.5,,adult,,,,,,,,,,,,,cherisse.persad@gmail.com
EVT0988,SITE0035,Kemp Caldera natural Antarctic minke whale fall,Whale,Natural,1,,,,-59.6945166666666,-28.3514833333333,,1444,1447,2010-02-07,7 February 2010,,2010,,,skeleton,South Sandwich Arc (Southern Ocean),,"Amon et al. (2013) report natural Antarctic minke-whale fall at Kemp Caldera/South Sandwich Arc, 1444 m.",Antarctic minke whale,Balaenoptera bonaerensis,skeleton,10.7,9,adult,,,,,,,,,,,,,cherisse.persad@gmail.com
EVT0989,SITE0899,Whale 385 implanted gray whale carcass,Whale,Experimental,1,,,,36.7901,-121.8871,,382,382,,2005,2005-04-10,10 April 2005,,,implanted whale carcass,"Seascape Village Beach, Aptos, California",Implanted 8-m gray whale; iron train wheels used to overcome buoyancy.,,Gray whale,Eschrichtius robustus,carcass,8,,juvenile,,,,,,,,,,,,,cherisse.persad@gmail.com
EVT0990,SITE0900,Monterrey Canyon (NE Pacific Ocean),Animal,Experimental,0,Other animal fall; excluded from whale/wood analysis,,,36.802,-121.994,,633,633,,2009,,2009,,,skeleton,Monterrey Canyon (NE Pacific Ocean),,The original record placed this non-whale taxon in cetacean fields; it is classified here as an animal fall outside the whale/wood analysis.,elphant seal,Mirounga angustirostris,NA,,,NA,,,,,,,,,Mirounga angustirostris,elphant seal,,NA,cherisse.persad@gmail.com
EVT0991,SITE0901,Monterrey Canyon (NE Pacific Ocean),Animal,Experimental,0,Other animal fall; excluded from whale/wood analysis,,,36.772,-122.083,,1018,1018,,2010,,2010,,,skeleton,Monterrey Canyon (NE Pacific Ocean),,The original record placed this non-whale taxon in cetacean fields; it is classified here as an animal fall outside the whale/wood analysis.,cow,Bos taurus,vertebra,,,NA,,,,,,,,,Bos taurus,cow,,vertebra,cherisse.persad@gmail.com
EVT0992,SITE0902,Monterrey Canyon (NE Pacific Ocean),Animal,Experimental,0,Other animal fall; excluded from whale/wood analysis,,,36.708,-122.105,,1820,1820,,2007,,2007,,,skeleton,Monterrey Canyon (NE Pacific Ocean),,The original record placed this non-whale taxon in cetacean fields; it is classified here as an animal fall outside the whale/wood analysis.,cow,Bos taurus,femur,0.23,,NA,,,,,,,,,Bos taurus,cow,,femur,cherisse.persad@gmail.com
EVT0993,SITE0001,São Paulo Ridge (SW Atlantic Ocean),Whale,Natural,0,Duplicate representation of the same physical event; excluded from analysis.,,,-28.5186516666666,-41.6568283333333,,4204,4204,,2013,,2013,,,skeleton,São Paulo Ridge (SW Atlantic Ocean),,,Antartic minke whale,Balaenoptera bonaerensis,skeleton,1.6,,juvenile,,,,,,,,,,,,,cherisse.persad@gmail.com
EVT0994,SITE0890,Catalina Basin (NE Pacific),Whale,Natural,1,,,,33.2,-118.5,,1240,1240,,1987,,1987,,,skull,Catalina Basin (NE Pacific),,,NA,NA,skull,,,NA,,,,,,,,,,,,,jmalfarolucas@gmail.com
EVT0995,SITE0012,Monterrey Bay off Santa Cruz (NE Pacific Ocean),Whale,Natural,0,Duplicate representation of the same physical event; excluded from analysis.,,,36.94,-122.631666666666,,1100,1100,,1987,,1987,,,skull,Monterrey Bay off Santa Cruz (NE Pacific Ocean),,,NA,NA,skull,,,NA,,,,,,,,,,,,,cherisse.persad@gmail.com
EVT0996,SITE0010,Monterrey Bay off Point Sur (NE Pacific Ocean),Whale,Natural,0,Duplicate representation of the same physical event; excluded from analysis.,,,36.2933333333333,-122.203333333333,,940,940,,1987,,1987,,,skull,Monterrey Bay off Point Sur (NE Pacific Ocean),,,NA,NA,skull,,,NA,,,,,,,,,,,,,cherisse.persad@gmail.com
EVT0997,SITE0011,Monterrey Point Lobos (NE Pacific Ocean),Whale,Natural,0,Duplicate representation of the same physical event; excluded from analysis.,,,36.4366666666666,-122.263333333333,,1400,1400,,1985,,1985,,,skull,Monterrey Point Lobos (NE Pacific Ocean),,,NA,NA,skull,,,NA,,,,,,,,,,,,,cherisse.persad@gmail.com
EVT0998,SITE0025,Chatham Islands (New Zeland),Whale,Natural,1,,,,-42.9366666666666,-175.543333333333,,880,880,,1985,,1985,,,skull,Chatham Islands (New Zeland),,,NA,NA,skull,,,NA,,,,,,,,,,,,,jmalfarolucas@gmail.com
EVT0999,SITE0026,"off Mernoo Bank, Chatham Rise (New Zeland)",Whale,Natural,0,Duplicate representation of the same physical event; excluded from analysis.,,,-43.569,176.3115,,900,900,,1988,,1988,,,large skull,"off Mernoo Bank, Chatham Rise (New Zeland)",,,NA,NA,large skull,,,NA,,,,,,,,,,,,,cherisse.persad@gmail.com
EVT1000,SITE0027,Chatham Rise (New Zeland),Whale,Natural,1,,,,-44.13,178.526666666666,,937,937,,1986,,1986,,,skull,Chatham Rise (New Zeland),,,NA,NA,skull,,,NA,,,,,,,,,,,,,jmalfarolucas@gmail.com
EVT1001,SITE0028,off Banks Peninsula (New Zeland),Whale,Natural,0,Duplicate representation of the same physical event; excluded from analysis.,,,-44.675,174.016666666666,,844,844,,NA,,NA,,,skull,off Banks Peninsula (New Zeland),,,NA,NA,skull,,,NA,,,,,,,,,,,,,cherisse.persad@gmail.com
EVT1002,SITE0029,East Slope Challenger Plateau (New Zeland),Whale,Natural,1,,,,-39.8666666666666,167.116666666666,,1116,1116,,1988,,1988,,,vertebra,East Slope Challenger Plateau (New Zeland),,,NA,NA,vertebra,,,NA,,,,,,,,,,,,,jmalfarolucas@gmail.com
EVT1003,SITE0030,Challenger Plateau (New Zeland),Whale,Natural,1,,,,-39.8866666666666,168.02,,908,908,,1989,,1989,,,bone,Challenger Plateau (New Zeland),,,NA,NA,bone,,,NA,,,,,,,,,,,,,jmalfarolucas@gmail.com
EVT1004,SITE0031,Chatham Rise (New Zeland),Whale,Natural,1,,,,-43.8583333333333,177.863333333333,,572,572,,1987,,1987,,,vertebra,Chatham Rise (New Zeland),,,NA,NA,vertebra,,,NA,,,,,,,,,,,,,jmalfarolucas@gmail.com
EVT1005,SITE0026,"off Mernoo Bank, Chatham Rise (New Zeland)",Whale,Natural,1,,,,-43.569,176.3115,,372,372,,1992,,1992,,,vertebra,"off Mernoo Bank, Chatham Rise (New Zeland)",,,NA,NA,vertebra,,,NA,,,,,,,,,,,,,jmalfarolucas@gmail.com
EVT1006,SITE0032,NE Chatham Islands (New Zeland),Whale,Natural,0,Duplicate representation of the same physical event; excluded from analysis.,,,-43.2833333333333,174.091666666666,,1242,1242,,1989,,1989,,,skull,NE Chatham Islands (New Zeland),,,NA,NA,skull,,,NA,,,,,,,,,,,,,cherisse.persad@gmail.com
EVT1007,SITE0015,"off Southwestern Iceland, between Vestmannaeyjar and Reykjanesridge",Whale,Natural,1,,,,,,,,,,NA,,NA,,,bone,"off Southwestern Iceland, between Vestmannaeyjar and Reykjanesridge",,,NA,NA,bone,,,NA,,,,,,,,,,,,,jmalfarolucas@gmail.com
EVT1008,SITE0016,"off Vestmannaeyar, Southern Iceland",Whale,Natural,1,,,,,,,150.0,400.0,,NA,,NA,,,bone,"off Vestmannaeyar, Southern Iceland",,Reported depth range: 150-400 m; numeric range: 150–400 m.,NA,NA,bone,,,NA,,,,,,,,,,,,,cherisse.persad@gmail.com
EVT1009,SITE0016,"off Vestmannaeyar, Southern Iceland",Whale,Natural,1,,,,,,,,,,NA,,NA,,,skeleton,"off Vestmannaeyar, Southern Iceland",,,NA,NA,skeleton,,,NA,,,,,,,,,,,,,jmalfarolucas@gmail.com
EVT1010,SITE0908,off Bay of Biscay (NE Atlantic),Whale,Natural,1,,,,,,,,,,NA,,NA,,,drifting whale blubber,off Bay of Biscay (NE Atlantic),,,NA,NA,drifting whale blubber,,,NA,,,,,,,,,,,,,jmalfarolucas@gmail.com
EVT1011,SITE0909,off Bastia (Corsica) Mediterranean,Whale,Natural,1,,,,,,,300,300,,NA,,NA,,,bone,off Bastia (Corsica) Mediterranean,,,NA,NA,bone,,,NA,,,,,,,,,,,,,jmalfarolucas@gmail.com
EVT1012,SITE0019,Bjarnarey (Southern Iceland),Whale,Natural,1,,,,,,,100.0,200.0,,NA,,NA,,,whale and dolphin skeleton,Bjarnarey (Southern Iceland),,Reported depth range: 100-200 m; numeric range: 100–200 m.,NA,NA,whale and dolphin skeleton,,,NA,,,,,,,,,,,,,cherisse.persad@gmail.com
EVT1013,SITE0020,"Skeidarardypi, off southwestern Iceland",Whale,Natural,1,,,,,,,,,,NA,,NA,,,bone,"Skeidarardypi, off southwestern Iceland",,Depth reported as 'few hundred metres'; no numeric depth assigned.,NA,NA,bone,,,NA,,,,,,,,,,,,,jmalfarolucas@gmail.com
EVT1014,SITE0910,Porcupine Seabight (NE Atlantic),Animal,Experimental,0,Other animal fall (porpoise); excluded from whale/wood analysis,,,49.9983333333333,-14.3183333333333,,4000,4000,,1997,1997-08-08,1997,1997-08-10,,skeleton,Porcupine Seabight (NE Atlantic),,"Jones et al. (1998) experiment 1, 36 h, 4000 m.",porpoise,Phocoena phocoena,skeleton,1.69,0.053,NA,,,,,,,,,,,,,cherisse.persad@gmail.com
EVT1015,SITE0911,Porcupine Seabight (NE Atlantic),Animal,Experimental,0,Other animal fall (dolphin); excluded from whale/wood analysis,,,50.0016666666666,-14.3216666666666,,4000,4000,,1997,1997-08-11,1997,1997-08-17,,skeleton,Porcupine Seabight (NE Atlantic),,"Jones et al. (1998) experiment 2, 152 h, 4000 m; common-dolphin carcass shown/described in Fig. 1.",Short-beaked common dolphin,Delphinus delphis,skeleton,1.7,0.1,NA,,,,,,,,,,,,,cherisse.persad@gmail.com
EVT1016,SITE0912,Porcupine Abyssal Plain,Animal,Experimental,0,Other animal fall (dolphin); excluded from whale/wood analysis,,,48.6016666666666,-16.1666666666666,,4800,4800,,1996,1996-07-30,1996,1996-08-11,,skeleton,Porcupine Abyssal Plain,,"Jones et al. (1998) experiment 3, 276 h, 4800 m; half Atlantic white-sided dolphin carcass.",Atlantic white-sided dolphin,Lagenorhynchusacutus,sagittally sectioned half carcass / skeleton,2.04,0.058,NA,,,,,,,,,,,,,cherisse.persad@gmail.com
EVT1017,SITE0021,Adriatic Sea,Whale,Natural,0,Duplicate representation of the same physical event; excluded from analysis.,,,42.4863833333333,17.0026416666666,,430,430,,2003,,2003,,,jaw,Adriatic Sea,,,Fin whale,Balaenoptera physalus,jaw,2.69,,NA,,,,,,,,,,,,,cherisse.persad@gmail.com
EVT1018,SITE0042,Kosterfjord (Sweden),Whale,Experimental,0,Duplicate representation of the same physical event; excluded from analysis.,,,58.885,11.1066666666666,,125,125,,2003,,2003,,,skeleton,Kosterfjord (Sweden),,,Minke whale,Balaenoptera acutorostrata,skeleton,5.3,,NA,,,,,,,,,,,,,cherisse.persad@gmail.com
EVT1019,SITE0042,Kosterfjord (Sweden),Whale,Experimental,0,Duplicate representation of the same physical event; excluded from analysis.,,,58.885,11.1066666666666,,30,30,,2003,,2003,,,skeleton,Kosterfjord (Sweden),,,Pilot whale,Globicephala melas,skeleton,4.5,,NA,,,,,,,,,,,,,cherisse.persad@gmail.com
EVT1020,SITE0913,Porcupine Seabight (NE Atlantic),Animal,Experimental,0,Other animal fall (harbour porpoise); excluded from whale/wood analysis,,,50.0169444444444,-13.285,,2555,2555,,2001,2001-08-20,2001,2001-08-27,,skeleton,Porcupine Seabight (NE Atlantic),,Kemp et al. (2006) D1: 7-day DOBO deployment at 2555 m.,Harbour porpoise,Phocoena phocoena,skeleton,1.12,0.0259,NA,,,,,,,,,,,,,cherisse.persad@gmail.com
EVT1021,SITE0914,Porcupine Seabight (NE Atlantic),Animal,Experimental,0,Other animal fall (harbour porpoise); excluded from whale/wood analysis,,,49.9833333333333,-13.5497222222222,,2710,2710,,2001,2001-08-29,2001,2002-03-16,,skeleton,Porcupine Seabight (NE Atlantic),,Kemp et al. (2006) D2: six-month DOBO deployment at 2710 m.,Harbour porpoise,Phocoena phocoena,skeleton,1.15,0.028,NA,,,,,,,,,,,,,cherisse.persad@gmail.com
EVT1022,SITE0915,off Cape Nomamisaki (Japan),Whale,Experimental,1,,,,31.39775,129.979433333333,,219,219,,2002,,2002,,,carcass,off Cape Nomamisaki (Japan),,"Fujiwara et al. (2007) report Five investigated sperm-whale carcasses remain separate events; published faunal tables are pooled across carcasses, so occurrence-to-single-carcass provenance is not assumed.",sperm whale,Physeter macrocephalus,carcass,13.2,23,NA,,,,,,,,,,,,,cherisse.persad@gmail.com
EVT1023,SITE0916,off Cape Nomamisaki (Japan),Whale,Experimental,1,,,,31.3499666666666,129.985966666666,,228,228,,2002,,2002,,,carcass,off Cape Nomamisaki (Japan),,"Fujiwara et al. (2007) report Five investigated sperm-whale carcasses remain separate events; published faunal tables are pooled across carcasses, so occurrence-to-single-carcass provenance is not assumed.",sperm whale,Physeter macrocephalus,carcass,16,39,NA,,,,,,,,,,,,,cherisse.persad@gmail.com
EVT1024,SITE0082,off Cape Nomamisaki (Japan),Whale,Experimental,1,,,,31.3453333333333,129.988083333333,,229,229,,2002,,February 2002,,,carcass,off Cape Nomamisaki (Japan),Kon et al. (2007) states that 12 stranded sperm whales were submerged in February 2002 for whale-fall observations.,"Fujiwara et al. (2007) report Five investigated sperm-whale carcasses remain separate events; published faunal tables are pooled across carcasses, so occurrence-to-single-carcass provenance is not assumed. | Kon et al. (2007) independently supports experimental origin and July 2003 Asymmetron inferum sampling at 229 m.",sperm whale,Physeter macrocephalus,carcass,12.95,21.9,NA,,,,,,,,,,,,,cherisse.persad@gmail.com
EVT1025,SITE0918,off Cape Nomamisaki (Japan),Whale,Experimental,1,,,,31.3140666666666,129.992,,245,245,,2002,,2002,,,carcass,off Cape Nomamisaki (Japan),,"Fujiwara et al. (2007) report Five investigated sperm-whale carcasses remain separate events; published faunal tables are pooled across carcasses, so occurrence-to-single-carcass provenance is not assumed.",sperm whale,Physeter macrocephalus,carcass,13.05,22.3,NA,,,,,,,,,,,,,cherisse.persad@gmail.com
EVT1026,SITE0919,off Cape Nomamisaki (Japan),Whale,Experimental,1,,,,31.3085833333333,129.989566666666,,254,254,,2002,,2002,,,carcass,off Cape Nomamisaki (Japan),,"Fujiwara et al. (2007) report Five investigated sperm-whale carcasses remain separate events; published faunal tables are pooled across carcasses, so occurrence-to-single-carcass provenance is not assumed.",sperm whale,Physeter macrocephalus,carcass,13.5,24.5,NA,,,,,,,,,,,,,cherisse.persad@gmail.com
EVT1027,SITE0920,Big Pelis Island (Russia),Whale,Experimental,1,,,,42.67158333333333,131.44558333333333,"42°40'295''N, 131°26'735''W (as printed; notation/direction problematic)",30,30,,2007,2007-05,May 2007,,,skeleton,Big Pelis Island (Russia),,"Pavlyuk et al. (2009) prints the coordinate as 42°40'295''N, 131°26'735''W, which is internally inconsistent with the Peter the Great Bay locality. Interpreting the notation as 42°40.295'N, 131°26.735'E gives 42.671583°N, 131.445583°E, consistent with Bolshoy Pelis Island.",Minke whale,Balaenoptera acutorostrata,skeleton,8,,NA,,,,,,,,,,,,,cherisse.persad@gmail.com
EVT1028,SITE0921,"off Sète, Lion Gulf, Mediterranean",Whale,Natural,1,,,,,,,300,300,,1997,,1997,,,jaw,"off Sète, Lion Gulf, Mediterranean",,,Fin whale,Balaenoptera physalus,jaw,2.75,,NA,,,,,,,,,,,,,jmalfarolucas@gmail.com
EVT1029,SITE0023,west Póvoa de Varzim (Portugal),Whale,Natural,0,Duplicate representation of the same physical event; excluded from analysis.,,,41.4783333333333,-9.21166666666666,,300,300,,NA,,NA,,,skull,west Póvoa de Varzim (Portugal),,,unknown,unknown,skull,,,NA,,,,,,,,,,,,,cherisse.persad@gmail.com
EVT1030,SITE0033,Bransfield strait (Antarctica),Whale,Experimental,0,Duplicate representation of the same physical event; excluded from analysis.,,,-63.1645,-61.689,,650,650,,2007,,2007,,,skull and 2 vertebra,Bransfield strait (Antarctica),,,minke whale,balaenoptera acutorostrata,skull and 2 vertebra,,,NA,,,,,,,,,,,,,cherisse.persad@gmail.com
EVT1031,SITE0922,Bransfield strait (Antarctica),Whale,Experimental,1,,,,-61.636,-63.183,,568,568,,2007,,2007,,,"1 scapula, 3 vertebra, 1 rib, 4 bone pieces",Bransfield strait (Antarctica),,,minke whale,balaenoptera acutorostrata,"1 scapula, 3 vertebra, 1 rib, 4 bone pieces",,,NA,,,,,,,,,,,,,jmalfarolucas@gmail.com
EVT1032,SITE0923,off Anvers Island (Antartica),Whale,Natural,1,,,,-64.1181666666666,-66.5823333333333,,1430,1430,,2013,,2013,,,skeleton,off Anvers Island (Antartica),,,unknown,unknown,skeleton,2.25,,NA,,,,,,,,,,,,,jmalfarolucas@gmail.com
EVT1033,SITE0077,Setubal Canyon (Portugal),Animal,Experimental,0,Duplicate representation of the same physical event; excluded from analysis.,,,38.2809333333333,-9.11223333333333,,1000,1000,,2011,2011-03-05,2011,2012-08-22,,"five cow carcasses, 570 kg total",Setubal Canyon (Portugal),Five cow carcasses were deployed as one parcel on a concrete platform and revisited after 536 days.,"The original record placed this non-whale taxon in cetacean fields; it is classified here as an animal fall outside the whale/wood analysis. | Hilário et al. (2015), DOI 10.1111/maec.12246, confirms the experimental cow-carcass deployment and associated macrofauna.",cow,Bos taurus,skeleton,,0.57,NA,,,,,,,,,Bos taurus,cow,,skeleton,cherisse.persad@gmail.com
EVT1034,SITE0924,Angola basin (SE Atlantic Ocean),Animal,Natural,0,Other animal fall; excluded from whale/wood analysis,,,-7.790696,12.102554,,1210,1210,,2008,,2008,,,skeleton,Angola basin (SE Atlantic Ocean),,The original record placed this non-whale taxon in cetacean fields; it is classified here as an animal fall outside the whale/wood analysis.,whale shark,Rhincodon typus,skeleton,,3.6,NA,,,,,,,,,Rhincodon typus,whale shark,,skeleton,cherisse.persad@gmail.com
EVT1035,SITE0925,Angola basin (SE Atlantic Ocean),Animal,Natural,0,Other animal fall; excluded from whale/wood analysis,,,-7.803794,12.104504,,1233,1233,,2009,,2009,,,skeleton,Angola basin (SE Atlantic Ocean),,The original record placed this non-whale taxon in cetacean fields; it is classified here as an animal fall outside the whale/wood analysis.,ray,Mobula sp.,skeleton,,0.1,NA,,,,,,,,,Mobula sp.,ray,,skeleton,cherisse.persad@gmail.com
EVT1036,SITE0926,Angola basin (SE Atlantic Ocean),Animal,Natural,0,Other animal fall; excluded from whale/wood analysis,,,-7.802029,12.090473,,1235,1235,,2010,,2010,,,skeleton,Angola basin (SE Atlantic Ocean),,The original record placed this non-whale taxon in cetacean fields; it is classified here as an animal fall outside the whale/wood analysis.,ray,cf. Manta sp.,skeleton,,0.2,NA,,,,,,,,,cf. Manta sp.,ray,,skeleton,cherisse.persad@gmail.com
EVT1037,SITE0927,Angola basin (SE Atlantic Ocean),Animal,Natural,0,Other animal fall; excluded from whale/wood analysis,,,-7.803577,12.106118,,1233,1233,,2010,,2010,,,skeleton,Angola basin (SE Atlantic Ocean),,The original record placed this non-whale taxon in cetacean fields; it is classified here as an animal fall outside the whale/wood analysis.,ray,Mobula sp.,skeleton,,0.1,NA,,,,,,,,,Mobula sp.,ray,,skeleton,cherisse.persad@gmail.com
EVT1038,SITE0876,off São Paulo (SW Atlantic),Whale,Experimental,1,,,,-25.894,-45.0483333333333,,1439,1439,,2013,,2013,,,vertebrae,off São Paulo (SW Atlantic),,,humpback whale,Megaptera novaeangliae,vertebrae,,,adult,,,,,,,,,,,,,jmalfarolucas@gmail.com
EVT1039,SITE0003,off São Paulo (SW Atlantic),Whale,Experimental,1,,,,-28.0285,-43.5296666666666,,3328,3328,,2013,,2013,,,vertebrae,off São Paulo (SW Atlantic),,,humpback whale,Megaptera novaeangliae,vertebrae,,,adult,,,,,,,,,,,,,jmalfarolucas@gmail.com
EVT1040,SITE0871,off Rio de Janeiro (SW Atlantic),Whale,Experimental,1,,,,-25.3383333333333,-39.6411666666666,,3227,3227,,2013,,2013,,,vertebrae,off Rio de Janeiro (SW Atlantic),,,humpback whale,Megaptera novaeangliae,vertebrae,,,adult,,,,,,,,,,,,,jmalfarolucas@gmail.com
EVT1041,SITE0875,off Espirito Santo (SW Atlantic),Whale,Experimental,1,,,,-21.4501666666666,-39.8965,,1444,1444,,2013,,2013,,,vertebrae,off Espirito Santo (SW Atlantic),,,humpback whale,Megaptera novaeangliae,vertebrae,,,adult,,,,,,,,,,,,,jmalfarolucas@gmail.com
EVT1042,SITE0877,off Espirito Santo (SW Atlantic),Whale,Experimental,1,,,,-22.8408333333333,-38.4163333333333,,3211,3211,,2013,,2013,,,vertebrae,off Espirito Santo (SW Atlantic),,,humpback whale,Megaptera novaeangliae,vertebrae,,,adult,,,,,,,,,,,,,jmalfarolucas@gmail.com
EVT1043,SITE0007,off Santos (SW Atlantic),Whale,Experimental,0,Duplicate representation of the same physical event; excluded from analysis.,,,-26.6,-46.15,,550,550,,2016,,2016,,,vertebrae,off Santos (SW Atlantic),,,humpback whale,Megaptera novaeangliae,vertebrae,,,adult,,,,,,,,,,,,,cherisse.persad@gmail.com
EVT1044,SITE0881,Lucky Strike (NE Atlantic),Animal,Experimental,0,Duplicate representation of the same physical event; excluded from analysis.,,,37.2886666666666,-32.2755,,1701,1701,,2011,,2011,,,bone,Lucky Strike (NE Atlantic),,The original record placed this non-whale taxon in cetacean fields; it is classified here as an animal fall outside the whale/wood analysis.,cow,Bos taurus,bone,,,NA,,,,,,,,,Bos taurus,cow,,bone,cherisse.persad@gmail.com
EVT1045,SITE0873,Clarion-Clipperton Zone,Whale,Natural,1,,,,12.016523,-117.396942,,4142,4142,,2015,,2015,,,carcass,Clarion-Clipperton Zone,,,NA,NA,carcass,0.82,,NA,,,,,,,,,,,,,jmalfarolucas@gmail.com
EVT1046,SITE0935,Gulf of Mexico,Animal,Experimental,0,Other animal fall; excluded from whale/wood analysis,,,27.1356,-89.9269,,2181,2181,,2019,,2019,,,carcass,Gulf of Mexico,,The original record placed this non-whale taxon in cetacean fields; it is classified here as an animal fall outside the whale/wood analysis.,alligator,Alligator mississippiensis,carcass,198.2,29.7,NA,,,,,,,,,Alligator mississippiensis,alligator,,carcass,cherisse.persad@gmail.com
EVT1047,SITE0008,Gulf of Mexico,Animal,Experimental,0,Duplicate representation of the same physical event; excluded from analysis.,,,27.3126,-88.927,,2034,2034,,2019,,2019,,,carcass,Gulf of Mexico,,The original record placed this non-whale taxon in cetacean fields; it is classified here as an animal fall outside the whale/wood analysis.,alligator,Alligator mississippiensis,carcass,175.3,19.5,NA,,,,,,,,,Alligator mississippiensis,alligator,,carcass,cherisse.persad@gmail.com
EVT1048,SITE0937,Gulf of Mexico,Animal,Experimental,0,Other animal fall; excluded from whale/wood analysis,,,28.1032,-88.4516,,1996,1996,,2019,,2019,,,carcass,Gulf of Mexico,,The original record placed this non-whale taxon in cetacean fields; it is classified here as an animal fall outside the whale/wood analysis.,alligator,Alligator mississippiensis,carcass,172.7,18.5,NA,,,,,,,,,Alligator mississippiensis,alligator,,carcass,cherisse.persad@gmail.com
EVT1049,SITE0056,Gulf of San Jorge (SW Atlantic),Whale,Natural,0,Duplicate representation of the same physical event; excluded from analysis.,,,-46.1666666666666,-61.8333333333333,,104,104,,2010,,2010,,,skull,Gulf of San Jorge (SW Atlantic),,,Sei whale,Balaenoptera borealis,skull,,,NA,,,,,,,,,,,,,cherisse.persad@gmail.com
EVT1050,SITE0939,Hausgarten observatory,Animal,Experimental,0,Other animal fall; excluded from whale/wood analysis,,,79.075,4.10833333333333,,2500,2500,,2005,,2005,,,skeleton,Hausgarten observatory,,The original record placed this non-whale taxon in cetacean fields; it is classified here as an animal fall outside the whale/wood analysis.,porpoise,Phocoena phocoena,skeleton,1.3,0.018,NA,,,,,,,,,Phocoena phocoena,porpoise,,skeleton,cherisse.persad@gmail.com
EVT1051,SITE0940,Hausgarten observatory,Animal,Experimental,0,Other animal fall; excluded from whale/wood analysis,,,79.0933333333333,3.13166666666666,,5400,5400,,2005,,2005,,,skeleton,Hausgarten observatory,,The original record placed this non-whale taxon in cetacean fields; it is classified here as an animal fall outside the whale/wood analysis.,porpoise,Phocoena phocoena,skeleton,1.3,0.018,NA,,,,,,,,,Phocoena phocoena,porpoise,,skeleton,cherisse.persad@gmail.com
EVT1052,SITE0941,Capraia Island (Tuscan Archepelago),Whale,Natural,1,,,,,,,170,170,,NA,,NA,,,bones,Capraia Island (Tuscan Archepelago),,,NA,NA,bones,,,NA,,,,,,,,,,,,,jmalfarolucas@gmail.com
EVT1053,SITE0050,South-West Ireland,Whale,Natural,0,Duplicate representation of the same physical event; excluded from analysis.,,,52.5,-12,,275,275,,1992,,1992,,,skull,South-West Ireland,,,Cuviers beaked whale,Ziphius cavirostris,skull,,,NA,,,,,,,,,,,,,cherisse.persad@gmail.com
EVT1054,SITE0942,off Dingle Bay (Ireland),Whale,Natural,1,,,,,,,180,180,,1993,,1993,,,skull,off Dingle Bay (Ireland),,,NA,NA,skull,,,NA,,,,,,,,,,,,,jmalfarolucas@gmail.com
EVT1055,SITE0052,South-West Ireland,Whale,Natural,1,,,,,,,,,,1929,,1929,,,skull,South-West Ireland,,,NA,NA,skull,,,NA,,,,,,,,,,,,,jmalfarolucas@gmail.com
EVT1056,SITE0943,150 miles off NE Aberdeen (North Sea),Whale,Natural,1,,,,57,6.5,,90,90,,1900,,1900,,,skull,150 miles off NE Aberdeen (North Sea),,,NA,NA,skull,,,NA,,,,,,,,,,,,,jmalfarolucas@gmail.com
EVT1057,SITE0944,20 miles off NW Fair Isle,Whale,Natural,1,,,,,,,,,,1901,,1901,,,skulll,20 miles off NW Fair Isle,,,NA,NA,skulll,,,NA,,,,,,,,,,,,,jmalfarolucas@gmail.com
EVT1058,SITE0055,East Shetlands,Whale,Natural,1,,,,,,,146,146,,1901,,1901,,,broken jaw,East Shetlands,,,NA,NA,broken jaw,,,NA,,,,,,,,,,,,,jmalfarolucas@gmail.com
EVT1059,SITE0058,Bjørnafjord south of Bergen (Norway),Animal,Experimental,0,Duplicate representation of the same physical event; excluded from analysis.,,,60.1842931666666,5.50879628,,118,118,,2009,,2009,,,bones,Bjørnafjord south of Bergen (Norway),,The original record placed this non-whale taxon in cetacean fields; it is classified here as an animal fall outside the whale/wood analysis.,cow,Bos taurus,bones,0.3,,NA,,,,,,,,,Bos taurus,cow,,bones,cherisse.persad@gmail.com
EVT1060,SITE0066,"Whalers Bay, Deception Island (South Shetland Islands, Antarctica)",Whale,Experimental,0,Duplicate representation of the same physical event; excluded from analysis.,,,-62.9899166666666,-60.5613888888888,,15,15,,2012,,2012,,,caudal bones,"Whalers Bay, Deception Island (South Shetland Islands, Antarctica)",,,Minke whale,Balaenoptera acutorostrata,caudal bones,,,NA,,,,,,,,,,,,,cherisse.persad@gmail.com
EVT1061,SITE0065,South Georgia Island,Animal,Natural,0,Duplicate representation of the same physical event; excluded from analysis.,,,-54.2967499999999,-37.9045,,156,156,,2013,,2013,,,NA,South Georgia Island,,The original record placed this non-whale taxon in cetacean fields; it is classified here as an animal fall outside the whale/wood analysis.,seal,NA,NA,,,NA,,,,,,,,,NA,seal,,NA,cherisse.persad@gmail.com
EVT1062,SITE0064,head of Blanes canyon (Mediterranean Sea),Whale,Experimental,0,Duplicate representation of the same physical event; excluded from analysis.,,,41.6709722222222,2.8898,,56,56,,NA,,NA,,,NA,head of Blanes canyon (Mediterranean Sea),,,Minke whale,balaenoptera acutorostrata,NA,,,NA,,,,,,,,,,,,,cherisse.persad@gmail.com
EVT1063,SITE0037,"Whalers Bay, Deception Island (South Shetland Islands, Antarctica)",Whale,Experimental,0,Duplicate representation of the same physical event; excluded from analysis.,,,-62.9888333333333,-60.5575,,21,21,,2009,,2009,,,caudal vertebra,"Whalers Bay, Deception Island (South Shetland Islands, Antarctica)",,,Minke whale,balaenoptera acutorostrata,caudal vertebra,0.2,,juvenile,,,,,,,,,,,,,cherisse.persad@gmail.com
EVT1064,SITE0049,"Colatinas, Deception Island (South Shetland Islands, Antarctica)",Whale,Experimental,0,Duplicate representation of the same physical event; excluded from analysis.,,,-62.9913666666666,-60.61825,,15,15,,2010,,2010,,,vertebra,"Colatinas, Deception Island (South Shetland Islands, Antarctica)",,,NA,NA,vertebra,,,NA,,,,,,,,,,,,,cherisse.persad@gmail.com
EVT1065,SITE0057,Gascogne Gulf (NE Atlantic),Whale,Natural,0,Duplicate representation of the same physical event; excluded from analysis.,,,47.0333333333333,-4.68333333333333,,150,150,,1972,,1972,,,skull,Gascogne Gulf (NE Atlantic),,,long-finned pilot whale,globicephala melas,skull,,,NA,,,,,,,,,,,,,cherisse.persad@gmail.com
EVT1066,SITE0951,Saanich Inlet (Canada),Animal,Experimental,0,Other animal fall; excluded from whale/wood analysis,,,48.650665,-123.485958333333,,95,95,,2006,,2006,,,carcass,Saanich Inlet (Canada),,The original record placed this non-whale taxon in cetacean fields; it is classified here as an animal fall outside the whale/wood analysis.,pig,Sus scrofa domesticus,carcass,,0.026,NA,,,,,,,,,Sus scrofa domesticus,pig,,carcass,cherisse.persad@gmail.com
EVT1067,SITE0952,Saanich Inlet (Canada),Animal,Experimental,0,Other animal fall; excluded from whale/wood analysis,,,48.6507466666666,-123.486076666666,,95,95,,2007,,2007,,,carcass,Saanich Inlet (Canada),,The original record placed this non-whale taxon in cetacean fields; it is classified here as an animal fall outside the whale/wood analysis.,pig,Sus scrofa domesticus,carcass,,0.0247,NA,,,,,,,,,Sus scrofa domesticus,pig,,carcass,cherisse.persad@gmail.com
EVT1068,SITE0953,Saanich Inlet (Canada),Animal,Experimental,0,Other animal fall; excluded from whale/wood analysis,,,48.6513816666666,-123.486781666666,,98,98,,2008,,2008,,,carcass,Saanich Inlet (Canada),,The original record placed this non-whale taxon in cetacean fields; it is classified here as an animal fall outside the whale/wood analysis.,pig,Sus scrofa domesticus,carcass,,0.023,NA,,,,,,,,,Sus scrofa domesticus,pig,,carcass,cherisse.persad@gmail.com
EVT1069,SITE0954,Strait of Georgia (Canada),Animal,Experimental,0,Other animal fall; excluded from whale/wood analysis,,,49.0400383333333,-123.425486666666,,300,300,,2010,,2010,,,carcass,Strait of Georgia (Canada),,The original record placed this non-whale taxon in cetacean fields; it is classified here as an animal fall outside the whale/wood analysis.,pig,Sus scrofa domesticus,carcass,,0.023,NA,,,,,,,,,Sus scrofa domesticus,pig,,carcass,cherisse.persad@gmail.com
EVT1070,SITE0955,Strait of Georgia (Canada),Animal,Experimental,0,Other animal fall; excluded from whale/wood analysis,,,49.0397416666666,-123.426016666666,,300,300,,2013,,2013,,,carcass,Strait of Georgia (Canada),,The original record placed this non-whale taxon in cetacean fields; it is classified here as an animal fall outside the whale/wood analysis.,pig,Sus scrofa domesticus,carcass,,0.021,NA,,,,,,,,,Sus scrofa domesticus,pig,,carcass,cherisse.persad@gmail.com
EVT1071,SITE0067,Nansei-Shoto Trench (Philippine Sea),Whale,Experimental,0,Duplicate representation of the same physical event; excluded from analysis.,,,23.9093466666666,126.36227,,4974,4974,,NA,,NA,,,vertebrae,Nansei-Shoto Trench (Philippine Sea),,,NA,NA,vertebrae,,,NA,,,,,,,,,,,,,cherisse.persad@gmail.com
EVT1072,SITE0956,western Arabian Sea,Animal,Experimental,0,Other animal fall; excluded from whale/wood analysis,,,16.2,60.2666666666666,,4040,4040,,1997,,1997,,,carcass,western Arabian Sea,,The original record placed this non-whale taxon in cetacean fields; it is classified here as an animal fall outside the whale/wood analysis.,white-tip shark,Charcharhinus longimani,carcass,1.6,0.029,NA,,,,,,,,,Charcharhinus longimani,white-tip shark,,carcass,cherisse.persad@gmail.com
EVT1073,SITE0957,western Arabian Sea,Animal,Experimental,0,Other animal fall; excluded from whale/wood analysis,,,16.1666666666666,59.75,,1900,1900,,1997,,1997,,,carcass,western Arabian Sea,,The original record placed this non-whale taxon in cetacean fields; it is classified here as an animal fall outside the whale/wood analysis.,white-tip shark,Charcharhinus longimani,carcass,1,,NA,,,,,,,,,Charcharhinus longimani,white-tip shark,,carcass,cherisse.persad@gmail.com
EVT1074,SITE0958,Sagami Bay (Japan),Whale,Experimental,1,,,,35.0929333333333,139.171183333333,,492,492,,2012,,2012,,,carcass,Sagami Bay (Japan),,,sperm whale,Physeter macrocephalus,carcass,4.64,1.2,juvenile,,,,,,,,,,,,,jmalfarolucas@gmail.com
EVT1075,SITE0063,"Marettimo Island, Tyrrhenian Sea (Italy)",Whale,Natural,1,,,,,,,200,200,,1998,,1998,,,skull,"Marettimo Island, Tyrrhenian Sea (Italy)",,,fin whale,Balaenoptera physalus,skull,,,NA,,,,,,,,,,,,,jmalfarolucas@gmail.com
EVT1076,SITE0959,"Oﬀ Mocha Island, Chile",Whale,Natural,1,,,,-38.2,-74.2,,250,250,,2001,,2001,,,carcass,"Oﬀ Mocha Island, Chile",,,sperm whale,Physeter macrocephalus,carcass,,,NA,,,,,,,,,,,,,jmalfarolucas@gmail.com
EVT1077,SITE0960,"Oﬀ Bay of Mejillones, Chile",Whale,Natural,1,,,,-22.85,-70.4833333333333,,320,320,,2001,,2001,,,bones,"Oﬀ Bay of Mejillones, Chile",,,NA,NA,bones,,,NA,,,,,,,,,,,,,jmalfarolucas@gmail.com
EVT1078,SITE0961,"Oﬀ Pichilemu, Chile",Whale,Natural,1,,,,-34.4333333333333,-72.1666666666666,,160,160,,2001,,2001,,,vertebra,"Oﬀ Pichilemu, Chile",,,NA,NA,vertebra,,,NA,,,,,,,,,,,,,jmalfarolucas@gmail.com
EVT1079,SITE0079,"Off Concepción, Chile",Whale,Natural,1,,,,-36.4833333333333,-73.5666666666666,,240.0,300.0,,2001,,2001,,,bones,"Off Concepción, Chile",,Reported depth range: 240-300 m; numeric range: 240–300 m.,NA,NA,bones,,,NA,,,,,,,,,,,,,cherisse.persad@gmail.com
EVT1080,SITE0962,"Oﬀ Arica, Chile",Whale,Natural,1,,,,-18.4833333333333,-70.5333333333333,,187,187,,NA,,NA,,,bones,"Oﬀ Arica, Chile",,,sea lion,NA,bones,,,NA,,,,,,,,,,,,,jmalfarolucas@gmail.com
EVT1081,SITE0963,"Oﬀ Punta Pichalo, Chile",Whale,Natural,1,,,,-19.5833333333333,-70.35,,268,268,,NA,,NA,,,bones,"Oﬀ Punta Pichalo, Chile",,,sea lion,NA,bones,,,NA,,,,,,,,,,,,,jmalfarolucas@gmail.com
EVT1082,SITE0964,Santo Island (Vanuatu),Whale,Experimental,1,,,,15.704,167.0435,,441,441,,NA,,NA,,,bone,Santo Island (Vanuatu),,,NA,NA,bone,,,NA,,,,,,,,,,,,,jmalfarolucas@gmail.com
EVT1083,SITE0074,"Atlantis Bank, Southwest Indian Ridge",Whale,Experimental,0,Duplicate representation of the same physical event; excluded from analysis.,,,-32.7118333333333,57.2718333333333,,751,751,,2009,,2009,,,mix,"Atlantis Bank, Southwest Indian Ridge",,,"sperm, minke, humpback and bottlenose whale",,mix,,0.01785,NA,,,,,,,,,,,,,cherisse.persad@gmail.com
EVT1084,SITE0073,"Coral Seamount, Southwest Indian Ridge",Whale,Experimental,0,Duplicate representation of the same physical event; excluded from analysis.,,,-41.373,42.9106666666666,,732,732,,2009,,2009,,,mix,"Coral Seamount, Southwest Indian Ridge",,,"minke, humpback and bottlenose whale",,mix,,0.01365,NA,,,,,,,,,,,,,cherisse.persad@gmail.com
EVT1085,SITE0965,Longqi vent field on the Southwest Indian Ridge,Animal,Experimental,0,Other animal fall; excluded from whale/wood analysis,,,49.64475,-37.78355,,2908,2908,,2016,,2016,,,femur,Longqi vent field on the Southwest Indian Ridge,,The original record placed this non-whale taxon in cetacean fields; it is classified here as an animal fall outside the whale/wood analysis.,pig,Sus scrofa domesticus,femur,,0.002,NA,,,,,,,,,Sus scrofa domesticus,pig,,femur,cherisse.persad@gmail.com
EVT1086,SITE0899,Monterrey Canyon (NE Pacific Ocean),Animal,Experimental,0,Other animal fall; excluded from whale/wood analysis,,,36.79,-121.887,,385,385,,2006,,2006,,,femur,Monterrey Canyon (NE Pacific Ocean),,The original record placed this non-whale taxon in cetacean fields; it is classified here as an animal fall outside the whale/wood analysis.,cow,Bos taurus,femur,0.23,,NA,,,,,,,,,Bos taurus,cow,,femur,cherisse.persad@gmail.com
EVT1087,SITE0039,Monterrey Canyon (NE Pacific Ocean),Animal,Experimental,0,Other animal fall; excluded from whale/wood analysis,,,36.6101,-122.435366666666,,2893,2893,,2006,,2006,,,femur,Monterrey Canyon (NE Pacific Ocean),,The original record placed this non-whale taxon in cetacean fields; it is classified here as an animal fall outside the whale/wood analysis.,cow,Bos taurus,femur,0.23,,NA,,,,,,,,,Bos taurus,cow,,femur,cherisse.persad@gmail.com
EVT1088,SITE0068,"between the Papua New Guinea islands of New Ireland and New Britain, Manus Basin",Whale,Experimental,1,,,,-3.78943166666666,152.092013055555,,1551,1551,,2007,,2007,,,pelvis and femur,"between the Papua New Guinea islands of New Ireland and New Britain, Manus Basin",,,NA,NA,pelvis and femur,,,NA,,,,,,,,,,,,,jmalfarolucas@gmail.com
EVT1089,SITE0070,Monterrey Canyon (NE Pacific Ocean),Animal,Experimental,0,Duplicate representation of the same physical event; excluded from analysis.,,,36.608544,-122.156694,,740,740,,2009,,2009,,,scapula and ribs,Monterrey Canyon (NE Pacific Ocean),,The original record placed this non-whale taxon in cetacean fields; it is classified here as an animal fall outside the whale/wood analysis.,fur seal,Callorhinus ursinus,scapula and ribs,,,NA,,,,,,,,,Callorhinus ursinus,fur seal,,scapula and ribs,cherisse.persad@gmail.com
EVT1090,SITE0069,"Hydrate Ridge, Oregon",Whale,Experimental,0,Duplicate representation of the same physical event; excluded from analysis.,,,44.669,-125.098,,610,610,,2011,,2011,,,bones,"Hydrate Ridge, Oregon",,,NA,NA,bones,,,NA,,,,,,,,,,,,,cherisse.persad@gmail.com
EVT1091,SITE0967,"off Cape of Good Hope, South Africa",Whale,Natural,1,,,,,,,0,0,,1854,,1854,,,blubber,"off Cape of Good Hope, South Africa",,,NA,NA,blubber,,,NA,,,,,,,,,,,,,jmalfarolucas@gmail.com
EVT1092,SITE0968,off South Africa,Whale,Natural,1,,,,,,,439,439,,1964,,1964,,,skeleton,off South Africa,,,NA,NA,skeleton,,,NA,,,,,,,,,,,,,jmalfarolucas@gmail.com
EVT1093,SITE0969,Alaska,Whale,Natural,1,,,,,,,150,150,,NA,,NA,,,carcass,Alaska,,,Gray whale,Eschrichtius robustus,carcass,,,NA,,,,,,,,,,,,,jmalfarolucas@gmail.com
EVT1094,SITE0970,Clarion-Clipperton Zone (NE Pacific Ocean),Whale,Natural,1,,,,,,,4850,4850,,NA,,NA,,,skeleton,Clarion-Clipperton Zone (NE Pacific Ocean),,,NA,NA,skeleton,,,NA,,,,,,,,,,,,,jmalfarolucas@gmail.com
EVT1095,SITE0013,Arctic mid-Ocean Ridge,Animal,Experimental,0,Duplicate representation of the same physical event; excluded from analysis.,,,73.5671111111111,8.15880555555555,,2341,2341,,2017,,2017,,,bone,Arctic mid-Ocean Ridge,,The original record placed this non-whale taxon in cetacean fields; it is classified here as an animal fall outside the whale/wood analysis.,cow,Bos taurus,bone,,,NA,,,,,,,,,Bos taurus,cow,,bone,cherisse.persad@gmail.com
EVT1096,SITE0014,Arctic mid-Ocean Ridge,Animal,Experimental,0,Duplicate representation of the same physical event; excluded from analysis.,,,73.567,8.15830555555555,,2341,2341,,2017,,2017,,,bone,Arctic mid-Ocean Ridge,,The original record placed this non-whale taxon in cetacean fields; it is classified here as an animal fall outside the whale/wood analysis.,cow,Bos taurus,bone,,,NA,,,,,,,,,Bos taurus,cow,,bone,cherisse.persad@gmail.com
EVT1097,SITE0024,North Azores (Portugal) (Station 1416),Whale,Experimental,0,Duplicate representation of the same physical event; excluded from analysis.,,,42.8333333333333,-28.6291666666666,,0,0,,1902,,1902,,,blubber,North Azores (Portugal) (Station 1416),,,sperm whale,Physeter macrocephalus,blubber,,,NA,,,,,,,,,,,,,cherisse.persad@gmail.com
EVT1098,SITE0059,"Malene Bay, Nuuk (Greenland)",Whale,Experimental,0,Duplicate representation of the same physical event; excluded from analysis.,,,64.1569444444444,-51.6969444444444,,123,123,,2009,,2009,,,bones,"Malene Bay, Nuuk (Greenland)",,,Fin whale,Balaenoptera physalus,bones,,0.06,NA,,,,,,,,,,,,,cherisse.persad@gmail.com
EVT1099,SITE0075,Weijia Guyot (China),Animal,Experimental,0,Duplicate representation of the same physical event; excluded from analysis.,,,12.716915,156.453428333333,,3225,3225,,2016,,2016,,,bones,Weijia Guyot (China),,The original record placed this non-whale taxon in cetacean fields; it is classified here as an animal fall outside the whale/wood analysis.,cow,Bos taurus,bones,,,NA,,,,,,,,,Bos taurus,cow,,bones,cherisse.persad@gmail.com
EVT1100,SITE0076,Weijia Guyot (China),Animal,Experimental,0,Duplicate representation of the same physical event; excluded from analysis.,,,12.9493333333333,156.954166666666,,1427.5,1427.5,,2018,,2018,,,bones,Weijia Guyot (China),,The original record placed this non-whale taxon in cetacean fields; it is classified here as an animal fall outside the whale/wood analysis.,cow,Bos taurus,bones,,,NA,,,,,,,,,Bos taurus,cow,,bones,cherisse.persad@gmail.com
EVT1101,SITE0078,East China,Animal,Natural,0,Other animal fall; excluded from whale/wood analysis,,,28,127,,350,350,,2017,,2017,,,skull,East China,,The original record placed this non-whale taxon in cetacean fields; it is classified here as an animal fall outside the whale/wood analysis.,dolphin,Grampus griseus,skull,,,NA,,,,,,,,,Grampus griseus,dolphin,,skull,cherisse.persad@gmail.com
EVT1102,SITE0974,Blanes pig-bone experiment,Animal,Experimental,0,Other animal fall; excluded from whale/wood analysis,,,41.6756,2.81398333333333,,16.6,18.8,,2011,2011-03,March 2011,,,vertebrae,"Mediterranean Sea, Blanes (Catalonia)","Pig vertebral bones deployed experimentally on sand, rock and Posidonia oceanica habitats alongside whale and cow bones; scheduled recovery every three months.",The original record placed this non-whale taxon in cetacean fields; it is classified here as an animal fall outside the whale/wood analysis. | Taboada et al. (2015/2016) and Table S1 identify this as an animal fall outside the whale/wood analysis.,pig,Sus scrofa domesticus,vertebrae,,,NA,,,,,,,,,Sus scrofa domesticus,pig,,vertebrae,cherisse.persad@gmail.com
EVT1103,SITE0039,"Monterey Bay, CA, USA",Animal,Experimental,0,Other animal fall; excluded from whale/wood analysis,,,36.6101,-122.435366666666,,2898,2898,,NA,,NA,,,bones,"Monterey Bay, CA, USA",,The original record placed this non-whale taxon in cetacean fields; it is classified here as an animal fall outside the whale/wood analysis.,green turtle,Chelonia mydas,bones,,,NA,,,,,,,,,Chelonia mydas,green turtle,,bones,cherisse.persad@gmail.com
EVT1104,SITE0043,"Monterey Bay, CA, USA",Animal,Experimental,0,Other animal fall; excluded from whale/wood analysis,,,36.8029666666666,-121.994616666666,,633,633,,NA,,NA,,,bones,"Monterey Bay, CA, USA",,The original record placed this non-whale taxon in cetacean fields; it is classified here as an animal fall outside the whale/wood analysis.,cow,Bos taurus,bones,,,NA,,,,,,,,,Bos taurus,cow,,bones,cherisse.persad@gmail.com
EVT1105,SITE0044,"Monterey Bay, CA, USA",Animal,Unknown,0,Duplicate representation of the same physical event; excluded from analysis.,,,36.6051166666666,-122.154,,873,873,,NA,,NA,,,bones,"Monterey Bay, CA, USA",,The original record placed this non-whale taxon in cetacean fields; it is classified here as an animal fall outside the whale/wood analysis.,fur seal,Callorhinus ursinus,bones,,,NA,,,,,,,,,Callorhinus ursinus,fur seal,,bones,cherisse.persad@gmail.com
EVT1106,SITE0975,Sagami Bay (Japan),Whale,Unknown,1,,,,35.05,139.13,,925,925,,NA,,NA,,,bones,Sagami Bay (Japan),,,NA,NA,bones,,,NA,,,,,,,,,,,,,jmalfarolucas@gmail.com
EVT1107,SITE0976,Sagami Bay (Japan),Whale,Unknown,1,,,,31.2,129.6,,925,925,,NA,,NA,,,bones,Sagami Bay (Japan),,,NA,NA,bones,,,NA,,,,,,,,,,,,,jmalfarolucas@gmail.com
EVT1108,SITE0085,"Monterey Bay, CA, USA",Whale,Natural,0,Duplicate representation of the same physical event; excluded from analysis.,,,36.7721,-122.0831,,595,595,,2009,,2009,,,whale skeleton,"Monterey Bay, CA, USA",,,NA,NA,whale skeleton,,,NA,,,,,,,,,,,,,cherisse.persad@gmail.com
EVT1109,SITE0974,Blanes minke-whale bone experiment,Whale,Experimental,1,,25,recovered whale-bone samples,41.6756,2.81398333333333,"41°40.536' N, 2°48.839' E",16.6,18.8,,,2011-03,March 2011,,,defleshed caudal-fin minke-whale vertebral bone pieces,common minke whale stranded in Asturias in 2008,"Whale, cow and pig bones deployed on sand, rock and Posidonia oceanica habitats; three replicates per bone type were scheduled for removal every three months. Appendix S1 contains 25 recovered whale-bone sample columns.","Taboada et al. (2015/2016; DOI 10.1111/maec.12257), Appendix S1 and Table S1 report Main paper describes ~20 m deployment; Table S1 gives whale-treatment substrate depths of 16.6 m (sand), 18.0 m (rock), and 18.8 m (Posidonia oceanica). Distinct from the separate 56 m Blanes Canyon Osedax experiment (EVT0081).",Minke whale,Balaenoptera acutorostrata,caudal-fin vertebral bone pieces,,,,,,,,,,,,,,,,cherisse.persad@gmail.com
EVT1110,SITE0974,Blanes cow-bone experiment,Animal,Experimental,0,Other animal fall; excluded from whale/wood analysis,,,41.6756,2.81398333333333,"41°40.536' N, 2°48.839' E",16.6,18.8,,,2011-03,March 2011,,,defleshed cow vertebral bones,local market,"Cow vertebral bones deployed experimentally on sand, rock and Posidonia oceanica habitats alongside whale and pig bones; scheduled recovery every three months.",Taboada et al. (2015/2016) and Table S1 identify this as an animal fall outside the whale/wood analysis.,,,,,,,,,,,,,,,Bos primigenius taurus,cow,bovine,vertebrae,cherisse.persad@gmail.com
EVT1111,SITE0977,NW Pacific abyssal natural hardwood fall,Wood,Natural,1,,,,32.57843333333334,143.7689,"32°34.706'N, 143°46.134'E",5505,5505,2023,2023,,,,,"highly degraded long tree branch, disintegrated into small logs; heavily xylophagaid-burrowed",natural terrestrial wood,Natural in situ observation; one degraded log sampled by suction sampler during SHINKAI 6500 dive.,"Late-senescence natural wood fall; diffuse-porous hardwood. Bottom-water temperature 1.5 °C. No living xylophagaids observed, though old burrows were abundant.",,,,,,,hardwood,,,,,,,natural / untreated,,,,,cherisse.persad@gmail.com
EVT1112,SITE0978,East China Sea natural sunken-wood piece,Wood,Natural,1,,,,30.7,127.8,"30.7°N, 127.8°E",460,550,2023-04,April 2023,,,,,single piece of sunken wood approximately 35 cm long,natural sunken wood,Natural wood collected by trawler; wood cut open in laboratory to recover mussels.,All 30 Idas specimens were collected from a single wood piece.,,,,,,,,,,35,,,,natural / untreated,,,,,cherisse.persad@gmail.com
EVT1113,SITE0979,"Mound 11, Costa Rica wood fall (2018-11-03)",Wood,Natural,1,,,,8.9221,-84.3045,,1010,1010,2018-11-03,2018-11-03,,,,,wood fall,natural wood,,on wood; Alvin 4988,,,,,,,,,,,,,,natural / untreated,,,,,cherisse.persad@gmail.com
EVT1114,SITE0980,"Mound 12, Costa Rica wood fall (2009-02-24)",Wood,Natural,1,,,,8.9297,-84.3115,,990,990,2009-02-24,2009-02-24,,,,,wood fall,natural wood,,on wood; Alvin 4503,,,,,,,,,,,,,,natural / untreated,,,,,cherisse.persad@gmail.com
EVT1115,SITE0981,"Mound 12, Costa Rica wood fall (2010-01-08)",Wood,Natural,1,,,,8.9306,-84.3124,,996,996,2010-01-08,2010-01-08,,,,,wood fall,natural wood,,on wood; Alvin 4587,,,,,,,,,,,,,,natural / untreated,,,,,cherisse.persad@gmail.com
EVT1116,SITE0982,"Mound 12, Costa Rica wood fall (2017-06-05)",Wood,Natural,1,,,,8.9325,-84.3074,,1002,1002,2017-06-05,2017-06-05,,,,,wood fall,natural wood,,on wood; Alvin 4922,,,,,,,,,,,,,,natural / untreated,,,,,cherisse.persad@gmail.com
EVT1117,SITE0983,"Mound 12, Costa Rica wood fall (2018-10-20)",Wood,Experimental,1,,,,8.93,-84.3117,,992,992,2018-10-20,2018-10-20,,,,,wood deployment / trap,experimental deployed wood,from bone and wood deployment; Alvin 4974,from bone and wood deployment; Alvin 4974,,,,,,,,,,,,,,experimental deployment,,,,,cherisse.persad@gmail.com
EVT1118,SITE0984,"Jaco Scar, Costa Rica wood fall (2009-03-03)",Wood,Natural,1,,,,9.1262,-84.8384,,974,1856,2009-03-03,2009-03-03,,,,,wood fall,natural wood,,The Jaco Scar 2009 specimen lacks a recorded substrate and exact depth; the paper assigns the species to Jaco Scar wood falls and illustrates wood collected on the same dive. The event uses the reported Jaco Scar depth range of 974–1856 m.,,,,,,,,,,,,,,natural / untreated,,,,,cherisse.persad@gmail.com
EVT1119,SITE0985,"Seamount 2, Costa Rica wood fall (2017-06-09)",Wood,Natural,1,,,,8.8003,-85.1899,,1837,1837,2017-06-09,2017-06-09,,,,,wood fall,natural wood,,on wood; Alvin 4926,,,,,,,,,,,,,,natural / untreated,,,,,cherisse.persad@gmail.com
EVT1120,SITE0986,"Jaco Scar, Costa Rica wood fall (2018-10-18)",Wood,Experimental,1,,,,9.1146,-84.8356,,1845,1845,2018-10-18,2018-10-18,,,,,wood deployment / trap,experimental deployed wood,on deployed wood; Alvin 4972,on deployed wood; Alvin 4972,,,,,,,,,,,,,,experimental deployment,,,,,cherisse.persad@gmail.com
EVT1121,SITE0987,"Jaco Scar, Costa Rica wood fall (2018-10-22)",Wood,Experimental,1,,,,9.1151,-84.8398,,1887,1887,2018-10-22,2018-10-22,,,,,wood deployment / trap,experimental deployed wood,on wood trap; Alvin 4976,on wood trap; Alvin 4976,,,,,,,,,,,,,,experimental deployment,,,,,cherisse.persad@gmail.com
EVT1122,SITE0988,"Tamayo Fracture Zone, Gulf of California wood fall (2003-04-11)",Wood,Natural,1,,,,22.9628,-108.1576,,3054,3054,2003-04-11,2003-04-11,,,,,wood fall,natural wood,,on wood; ROV Tiburon 553,,,,,,,,,,,,,,natural / untreated,,,,,cherisse.persad@gmail.com
EVT1123,SITE0989,CCFZ Station 161 sunken wood fall,Wood,Unknown,1,,,,14.0345,-130.09333333333333,"14°2.07'N, 130°5.60'W",5030.7,5030.7,2015-04-15,15.04.2015,,,,,single piece of sunken wood; two Caymanostella holotypes collected from the same piece,sunken wood fall; natural vs experimental not stated in this source,ROV KIEL 6000 direct picking during SO239 EcoResponse; source does not describe deliberate deployment of this wood.,Both new Caymanostella species were collected from the same wood piece; Arbaciidae sp. and Munidopsis sp. were also reported. Origin is unresolved.,,,,,,,,,,,,,,unknown,,,,,cherisse.persad@gmail.com
EVT1124,SITE0990,Gulf of Mexico 43-log wood-type experiment,Wood,Experimental,1,,43,wood log,28.81364194,-87.82033444,"28.81364194° N, 87.82033444° W",1970,1970,,,2017-05,May 2017,,,43 cylindrical logs from 11 tree species; four size classes 1–8 kg (largest bald-cypress class unavailable),fresh-cut terrestrial trees native to the northern Gulf coast,"One coordinated multifactorial experiment. Individual logs randomly dispersed ~5 m apart; small+large logs recovered after 21 months, medium+extra-large after 31 months.","Experiment comprised 43 logs. The paper reports 45,225 individuals and 114 morphospecies/species across the experiment; a complete log-by-taxon abundance table was not available in the source material.",,,,,,,11 tree species,Salix nigra; Taxodium distichum; Ulmus americana; Pinus echinata; Pinus elliottii; Celtis laevigata; Magnolia grandiflora; Quercus rubra; Quercus alba; Carya illinoinensis; Quercus virginiana,,,,,1–8 kg dried log classes,fresh cut; dried to ~15% moisture; bark removed; quartered/reassembled with zip ties; 5-mm mesh deployment bags,,,,,cherisse.persad@gmail.com
EVT1125,SITE0991,Byron Bay pilot-whale fall,Whale,Natural,1,,,,-28.075000000000003,154.08,beam trawl: 28.05°S 154.08°E – 28.10°S 154.08°E,999,1013,2017-06-09,9 June 2017,,,,,complete skull and several vertebrae,natural pilot-whale skeleton,,"Natural whale fall recovered opportunistically by beam trawl during RV Investigator voyage IN2017_V03, operation 100. The source identifies the whale as possibly Globicephala macrorhynchus.",pilot whale,Globicephala macrorhynchus (possibly),complete skull and several vertebrae,,,,,,,,,,,,,,,,cherisse.persad@gmail.com
EVT1126,SITE0992,Palmer Deep Antarctic minke-whale fall,Whale,Natural,1,,,,-64.84166666666667,-64.15333333333334,"64°50.5'S, 64°09.2'W",963,963,2017-01,January 2017,,,,,"nearly complete skeleton; skull, articulated thoracic/lumbar vertebrae, caudal vertebrae, mandible and baleen",natural whale carcass,,Observed for ~2 h by manned submersible in January 2017. Bottom temperature 1.4 °C. Source interprets late enrichment–opportunistic stage with localised onset of sulfonic activity. No specimens collected; all faunal IDs are visual.,Antarctic minke whale,Balaenoptera bonaerensis,nearly complete skeleton with small amounts of connective tissue,,,mature (inferred from ~2 m skull; source-qualified),,,,,,,,,,,,,cherisse.persad@gmail.com
EVT1127,SITE0980,Mound 12 Douglas-fir wood colonization experiment,Wood,Experimental,1,,8,Douglas-fir wood block,8.93,-84.31166666666667,"Mound 12 reference: 8°55.8'N, 84°18.7'W",1000,1000,,,2010-01,January 2010,2017-05,May 2017,"8 untreated Douglas-fir blocks, 10 cm × 10 cm × 25 cm; two wood blocks at each of two active and two transition seep sites",terrestrial Douglas fir,One coordinated colonization experiment at Mound 12. Two active and two transition seep positions; each received one cow bone and two wood blocks placed 25–50 cm apart. Wood recovered after 7.4 years.,The experiment comprised eight wood blocks treated as one experimental event. Published Table 1 reports only the ten most abundant family/order groups by active versus transition regime; the full raw dataset is available through BCO-DMO project 648472.,,,,,,,Douglas fir,Pseudotsuga menziesii,,25,10,10,,untreated wood blocks,,,,,cherisse.persad@gmail.com
EVT1128,SITE0993,Sea of Kumano off-Owase natural wood fall (Rhombonemertes),Wood,Natural,1,,,,34.11361111111111,136.50972222222222,"approx. 34°06′49.0″N, 136°30′35.0″E",150,200,2022-01-10,10 January 2022,,,,,sunken wood log; specimen found in crevice/burrow inside wood,natural sunken wood,,Collected by offshore fishing trawler Jinsho-maru XVIII; this locality is distinct from the 7 February Kumano sample.,,,,,,,sunken wood log,,,,,,,,,,,,cherisse.persad@gmail.com
EVT1129,SITE0994,Sea of Kumano off-Kumano natural wood fall (Rhombonemertes),Wood,Natural,1,,,,33.87177777777778,136.19855555555557,"33°52′18.4″N, 136°11′54.8″E",150,150,2022-02-07,7 February 2022,,,,,sunken wood log; specimen found in crevice/burrow inside wood,natural sunken wood,,Collected by offshore fishing trawler Jinsho-maru XVIII; separate sampling point from the 10 Jan off-Owase sample.,,,,,,,sunken wood log,,,,,,,,,,,,cherisse.persad@gmail.com
EVT1130,SITE0995,NORI-D CCZ natural abyssal wood fall,Wood,Natural,1,,,,10.325556666666667,-117.17089666666666,"10°19.5334′N, 117°10.2538′W",4292,4292,2021-11-19,19 November 2021,,,,,approximately 70 cm long × 15–20 cm wide unknown hardwood,naturally occurring wood fall,,ROV Odysseus collection during NORI-D baseline research; high invertebrate abundance; 78 Erinaceusyllis simonlledoi collected. Wood width reported as 15–20 cm.,,,,,,,unknown hardwood,,,70,,,,,,,,,cherisse.persad@gmail.com
EVT1131,SITE0996,Zhongnan Seamount natural wood fall,Wood,Natural,1,,,,14.019430555555557,115.5016,"115°30′5.76″E, 14°01′9.95″N",2321.6,2321.6,2021-12-23,"23 December 2021, Dive SY420",,,,,"natural wood log, 125 cm × 38 cm × 14 cm",natural deep-sea wood fall,,"Microbiome-focused study. Wood showed shipworm burrows and blackened sulfate-reduction areas and was interpreted as likely sulfophilic. Visible macro/megafauna were removed but not identified, so no macrofaunal occurrence rows are generated from this paper.",,,,,,,natural wood log,,,125,38,14,,,,,,,cherisse.persad@gmail.com
EVT1132,SITE0997,Off Owase 330-m natural sunken wood (Pericelis nivea),Wood,Natural,1,,,,34.016666666666666,136.36666666666667,"34°01′N, 136°22′E",330,330,2019-02-03,3 February 2019,,,,,sunken wood collected by bottom trawling,natural sunken wood,,"Two Pericelis individuals observed; one captured and described as holotype, one photographed but not collected.",,,,,,,sunken wood,,,,,,,,,,,,cherisse.persad@gmail.com
EVT1133,SITE0998,Northern Gulf of Mexico 24-log species–energy wood experiment,Wood,Experimental,1,,24,wood log,27.135,-89.924,"27.135 N, 89.924 W",2171,2171,,,2017-05,May 2017,2019-02,February 2019; after 21 months,"24 wood falls: Pinus elliottii/slash pine (n=12) and Celtis laevigata/sugarberry (n=12), 0.91–24 kg",fresh-cut terrestrial trees dried to ~15% moisture,"Logs quartered then zip-tied, enclosed in 5-mm synthetic mesh; two species-specific lines ~500 m apart, ~5 m between logs; all exterior/interior organisms collected after recovery.",,,,,,,,slash pine and sugarberry logs,Pinus elliottii; Celtis laevigata,slash pine; sugarberry,,,,0.91–24 kg,,,,,,cherisse.persad@gmail.com
EVT1134,SITE0999,BioSuOr RJ1500 experimental humpback-whale vertebra lander — unrecovered,Whale,Experimental,0,Unrecovered experimental lander; no community observation or sampling data,,,-24,-41.5,"24˚00' S, 041˚30' W",1345,1345,,,2013-05-30,2013-05-30,,not recovered,thoracic vertebra of Megaptera novaeangliae on free-fall experimental lander,thoracic vertebrae collected 23 October 2012 from one stranded humpback whale on the SE Brazilian coast,One of six 2013 whale-bone/wood/control free-fall landers; acoustic-release battery failure prevented recovery.,No material was recovered; the deployment is excluded from community analyses.,humpback whale,Megaptera novaeangliae,thoracic vertebra,,,,,,,,,,,,,,,,cherisse.persad@gmail.com
EVT1135,SITE1000,Diamantina Zone WF1 — Dordrecht Deep,Whale,Natural,1,,,,-33.4662,101.5553,"-33.4662, 101.5553",6788.8,6788.8,2023/01/24,2023/01/24,,,,,three elongated vertebrae,natural whale carcass,,One of five modern active Diamantina Zone whale falls; sulphophilic stage. Dive: FDZ163. Exact coordinates/depth/date resolved from Supplementary Table 1. Fossil cetacean records excluded.,beaked whale,,three elongated vertebrae,,,,,,,,,,,,,,,,cherisse.persad@gmail.com
EVT1136,SITE1001,Diamantina Zone WF2,Whale,Natural,1,,,,-32.502,96.5286,"-32.502, 96.5286",4625.2,4625.2,2023/02/03,2023/02/03,,,,,,natural whale carcass,,One of five modern active Diamantina Zone whale falls; sulphophilic stage. Dive: FDZ173. Exact coordinates/depth/date resolved from Supplementary Table 1. Fossil cetacean records excluded.,,,,,,,,,,,,,,,,,,,cherisse.persad@gmail.com
EVT1137,SITE1002,Diamantina Zone WF3,Whale,Natural,1,,,,-32.8059,96.2777,"-32.8059, 96.2777",5610,5610,2023/02/04,2023/02/04,,,,,~5 m skeleton,natural whale carcass,,One of five modern active Diamantina Zone whale falls; sulphophilic stage. Dive: FDZ174 / FDZ177. Exact coordinates/depth/date resolved from Supplementary Table 1. Fossil cetacean records excluded.,Antarctic minke whale,Balaenoptera bonaerensis,~5 m skeleton,5,,,,,,,,,,,,,,,cherisse.persad@gmail.com
EVT1138,SITE1003,Diamantina Zone WF4,Whale,Natural,1,,,,-32.6983,98.5612,"-32.6983, 98.5612",5609.1,5609.1,2023/02/09,2023/02/09,,,,,,natural whale carcass,,One of five modern active Diamantina Zone whale falls; sulphophilic stage. Dive: FDZ178. Exact coordinates/depth/date resolved from Supplementary Table 1. Fossil cetacean records excluded.,,,,,,,,,,,,,,,,,,,cherisse.persad@gmail.com
EVT1139,SITE1004,Diamantina Zone WF5,Whale,Natural,1,,,,-32.7121,98.5722,"-32.7121, 98.5722",5634,5634,2023/02/09,2023/02/09,,,,,,natural whale carcass,,One of five modern active Diamantina Zone whale falls; sulphophilic stage. Dive: FDZ178. Exact coordinates/depth/date resolved from Supplementary Table 1. Fossil cetacean records excluded.,,,,,,,,,,,,,,,,,,,cherisse.persad@gmail.com
EVT1140,SITE1005,Taviani 2024 Hood Canyon bone 1: Whale skull,Whale,Natural,1,,1,bone observation,-34.74,119.66,"-34.74, 119.66",1531,1531,,"January 2, 2020",,,,,Whale skull,natural whale remains,,"Sulfophilic; Collected. Very porous, cracked and friable; surfaces not in sediment densely colonised by hundreds of mussels; at foot of chalk escarpment. DATE_CONFLICT_WITH_CRUISE; TAXON_QUALIFIER_VARIATION; DEPTH_1M_SOURCE_VARIATION",beaked whale,Mesoplodon layardii,Whale skull,,,,,,,,,,,,Mesoplodon layardii,,Cetacea,Whale skull,cherisse.persad@gmail.com
EVT1141,SITE1006,Taviani 2024 Hood Canyon bone 2: Caudal vertebra,Whale,Natural,1,,1,bone observation,-34.75,119.62,"-34.75, 119.62",952,952,2020-02-13,2/13/2020,,,,,Caudal vertebra,natural whale remains,,Sulfophilic; Collected; broken during sampling. Fragmented after collection; bathymodiolinae colonisation visible. TAXON_NOT_REPORTED,beaked whale,,Caudal vertebra,,,,,,,,,,,,Ziphiidae?,,Cetacea,Caudal vertebra,cherisse.persad@gmail.com
EVT1142,SITE1006,Taviani 2024 Hood Canyon bone 3: Central part of rostrum,Whale,Natural,1,,1,bone observation,-34.76,119.63,"-34.76, 119.63",1041,1041,2020-02-13,2/13/2020,,,,,Central part of rostrum,natural whale remains,,Reef stage; Collected/observed; exact recovery status not explicit. Rostral bone described as reef stage and encrusted by non-chemosymbiotic serpulids. DEPTH_1M_SOURCE_VARIATION; COLLECTION_STATUS_PARTLY_UNCLEAR,beaked whale,,Central part of rostrum,,,,,,,,,,,,Ziphiidae,,Cetacea,Central part of rostrum,cherisse.persad@gmail.com
EVT1143,SITE1006,Taviani 2024 Hood Canyon bone 4: Central part of rostrum,Whale,Natural,1,,1,bone observation,-34.76,119.63,"-34.76, 119.63",1040,1040,2020-02-13,2/13/2020,,,,,Central part of rostrum,natural whale remains,,Not separately reported; Not reported. No figure reference in Table 1; relation to Fig. 3C-D rostral bones is unresolved. RELATION_TO_B03_UNRESOLVED; TAXON_INFERRED_ONLY_AT_AGGREGATE_LEVEL,beaked whale,,Central part of rostrum,,,,,,,,,,,,Ziphiidae?,,Cetacea,Central part of rostrum,cherisse.persad@gmail.com
EVT1144,SITE1006,Taviani 2024 Hood Canyon bone 5: Skull,Whale,Natural,1,,1,bone observation,-34.76,119.63,"-34.76, 119.63",1045,1045,2020-02-13,2/13/2020,,,,,Skull,natural whale remains,,Sulfophilic; Collected. In situ and ex situ skull; bathymodiolinae bivalves present. DEPTH_1M_SOURCE_VARIATION,beaked whale,Mesoplodon grayi,Skull,,,,,,,,,,,,Mesoplodon grayi,,Cetacea,Skull,cherisse.persad@gmail.com
EVT1145,SITE1006,Taviani 2024 Hood Canyon bone 6: Several vertebrae,Whale,Natural,1,,1,bone observation,-34.76,119.63,"-34.76, 119.63",1110,1110,2020-02-13,2/13/2020,,,,,Several vertebrae,natural whale remains,,Sulfophilic; At least one vertebra collected. Most complete sequence of four adjacent vertebrae; recovery caused black swirls interpreted as sulphidic compound seepage; collected vertebra bore bathymodiolinae. DEPTH_1M_SOURCE_VARIATION,beaked whale,Mesoplodon sp.?,Several vertebrae,,,,,,,,,,,,Mesoplodon sp.?,,Cetacea,Several vertebrae,cherisse.persad@gmail.com
EVT1146,SITE1006,Taviani 2024 Hood Canyon bone 7: Bone (caption: caudal vertebrae),Whale,Natural,1,,1,bone observation,-34.76,119.63,"-34.76, 119.63",1115,1115,2020-02-13,2/13/2020,,,,,Bone (caption: caudal vertebrae),natural whale remains,,Sulfophilic; one caudal vertebra collected. The caption describes dispersed caudal vertebrae and a collected vertebra with a bathymodiolinae cluster. The figure caption and table report different depths; the tabulated depth is 1115 m.,beaked whale,,Bone (caption: caudal vertebrae),,,,,,,,,,,,Ziphiidae?,,Cetacea,Bone (caption: caudal vertebrae),cherisse.persad@gmail.com
EVT1147,SITE1006,Taviani 2024 Hood Canyon bone 8: Skull and jaw bones,Whale,Natural,1,,1,bone observation,-34.76,119.64,"-34.76, 119.64",1120,1120,2020-02-13,2/13/2020,,,,,Skull and jaw bones,natural whale remains,,Sulfophilic; Skull not collected; one lower jaw explicitly recovered onboard. Skull with disarticulated lower jaws; echinoid on skull; dense clusters of small bathymodiolinae; one lower jaw with row of small bathymodiolinae. COLLECTION_STATUS_DIFFERS_AMONG_COMPONENTS,beaked whale,Mesoplodon hectori,Skull and jaw bones,,,,,,,,,,,,Mesoplodon hectori,,Cetacea,Skull and jaw bones,cherisse.persad@gmail.com
EVT1148,SITE1007,BioSuOr 550 m experimental Bos taurus bone lander,Other animal,Experimental,0,Other animal fall; excluded from whale/wood analysis,1,experimental lander,-26.6037333333,-46.1525805556,"26°36'13.44""S, 46°09'9.29""W",550,550,,,2016-07,July 2016,2017-05-18,18 May 2017,bovine/cow bones; cow femur shown in Fig. 1,Bos taurus bones,Single autonomous free-fall lander with acoustic release; number of bones not reported.,~10 month deployment; exact deployment day unavailable.,,,,,,,,,,,,,,,Bos taurus,cow,Mammalia,bovine bones,cherisse.persad@gmail.com
EVT1149,SITE0937,Berman 2024 experimental cow-bone deployment — Gulf of Mexico,Animal,Experimental,0,Other animal fall; excluded from whale/wood analysis,,bone deployment,28.103,-88.451,,1996,1996,,,,,,,experimentally deployed Bos taurus bones,,,,,,,,,,,,,,,,,,Bos taurus,cow,Mammalia,bones,cherisse.persad@gmail.com
EVT1150,SITE1008,Berman 2024 Pukaki Rise natural whale skull,Whale,Natural,1,,,,-49.121,172.136,,390,393,,,,,2016-12-01,1 Dec 2016,whale skull,,,Host identification reported as most likely southern minke whale; retain uncertainty.,southern minke whale (most likely),Balaenoptera bonaerensis,skull,,,,,,,,,,,,,,,,cherisse.persad@gmail.com
EVT1151,SITE1009,Bernardino 2010 WOOD397,Wood,Experimental,1,,4,2-kg wood package,33.4934,-119.3661167,,1670,1670,,,1999-10-15,1999-10-15,,,200 kg untreated Douglas fir; four 2-kg wood packages in 2.5-cm stretch-mesh nylon net bags attached to upper surface.,,,,,,,,,,Douglas fir wood packages,Pseudotsuga menziesii,,,,,,,,,,,cherisse.persad@gmail.com
EVT1152,SITE1010,Bernardino 2010 WOOD800,Wood,Experimental,1,,4,2-kg wood package,33.49405,-119.36845,,1670,1670,,,2002-05-01,2002-05-01,,,200 kg untreated Douglas fir; four 2-kg wood packages in 2.5-cm stretch-mesh nylon net bags attached to upper surface.,,,,,,,,,,Douglas fir wood packages,Pseudotsuga menziesii,,,,,,,,,,,cherisse.persad@gmail.com
EVT1153,SITE0876,BioSuOr SP1500 experimental wood-parcel treatment,Wood,Experimental,1,,,,-25.894,-45.0483333333333,"25˚55' S, 045˚00' W",1508,1508,,,2013-06-05,2013-06-05,2014-10-09,2014-10-09,wood parcels deployed on the BioSuOr experimental lander,experimental wood treatment paired with whale-bone treatment on same lander,BioSuOr paired experimental substrate treatment. Author-supplied dataset identifies the treatment as Wood Parcels at the same station/depth as the paired whale-bone lander. Fine replicate identity is not provided in the supplied workbook.,,,,,,,,wood parcel,,,,,,,experimental parcel,,,,,cherisse.persad@gmail.com
EVT1154,SITE0003,BioSuOr SP3300 experimental wood-parcel treatment,Wood,Experimental,1,,,,-28.0285,-43.5296666666666,"27˚45' S, 043˚40' W",3358,3358,,,2013-06-04,2013-06-04,2015-05-25,2015-05-25,wood parcels deployed on the BioSuOr experimental lander,experimental wood treatment paired with whale-bone treatment on same lander,BioSuOr paired experimental substrate treatment. Author-supplied dataset identifies the treatment as Wood Parcels at the same station/depth as the paired whale-bone lander. Fine replicate identity is not provided in the supplied workbook.,,,,,,,,wood parcel,,,,,,,experimental parcel,,,,,cherisse.persad@gmail.com
EVT1155,SITE0871,BioSuOr RJ3300 experimental wood-parcel treatment,Wood,Experimental,1,,,,-25.3383333333333,-39.6411666666666,"25˚40' S, 040˚07' W",3285,3285,,,2013-06-02,2013-06-02,2015-05-23,2015-05-23,wood parcels deployed on the BioSuOr experimental lander,experimental wood treatment paired with whale-bone treatment on same lander,BioSuOr paired experimental substrate treatment. Author-supplied dataset identifies the treatment as Wood Parcels at the same station/depth as the paired whale-bone lander. Fine replicate identity is not provided in the supplied workbook.,,,,,,,,wood parcel,,,,,,,experimental parcel,,,,,cherisse.persad@gmail.com
EVT1156,SITE0875,BioSuOr ES1500 experimental wood-parcel treatment,Wood,Experimental,1,,,,-21.4501666666666,-39.8965,"21˚20' S, 039˚45' W",1491,1491,,,2013-05-31,2013-05-31,2015-05-21,2015-05-21,wood parcels deployed on the BioSuOr experimental lander,experimental wood treatment paired with whale-bone treatment on same lander,BioSuOr paired experimental substrate treatment. Author-supplied dataset identifies the treatment as Wood Parcels at the same station/depth as the paired whale-bone lander. Fine replicate identity is not provided in the supplied workbook.,,,,,,,,wood parcel,,,,,,,experimental parcel,,,,,cherisse.persad@gmail.com
EVT1157,SITE0877,BioSuOr ES3300 experimental wood-parcel treatment,Wood,Experimental,1,,,,-22.8408333333333,-38.4163333333333,"22˚50' S, 038˚25' W",3322,3322,,,2013-06-01,2013-06-01,2015-05-22,2015-05-22,wood parcels deployed on the BioSuOr experimental lander,experimental wood treatment paired with whale-bone treatment on same lander,BioSuOr paired experimental substrate treatment. Author-supplied dataset identifies the treatment as Wood Parcels at the same station/depth as the paired whale-bone lander. Fine replicate identity is not provided in the supplied workbook.,,,,,,,,wood parcel,,,,,,,experimental parcel,,,,,cherisse.persad@gmail.com
EVT1158,SITE1011,Rosebud fin-whale fall,Whale,Experimental,1,,,,32.7769,-117.4881,,843,850,,,,,,,,,,Whale struck by ship in 2011 then deliberately sunk by Scripps for study; Pruitt samples span multiple visits.,Fin whale,Balaenoptera physalus,carcass/skeleton,,,,,,,,,,,,,,,,cherisse.persad@gmail.com
EVT1159,SITE1012,Pedro whale fall,Whale,Unknown,1,,,,33.7704,-119.5241,,1893,1893,,,,,,,,,,Pruitt 2021 material examined; exact deployment/natural origin not established in accessible evidence.,whale,,whale fall,,,,,,,,,,,,,,,,cherisse.persad@gmail.com
EVT1160,SITE1013,Pebbles whale fall,Whale,Unknown,1,,,,36.803,-121.9946,,633,633,,,,,,,,,,Pruitt 2021 material examined; exact deployment/natural origin not established in accessible evidence.,whale,,whale fall,,,,,,,,,,,,,,,,cherisse.persad@gmail.com
EVT1161,SITE1014,Wood#6 one-day experimental Douglas-fir control,Wood,Experimental,1,,,,32.53354,30.3532,,1690,1690,,,2007-11-10,,2007-11-11,,fresh Douglas fir log control,,,Fresh 1-day control; only positive occurrence records are represented.,,,,,,,,Pseudotsuga menziesii,Douglas fir,,,,,,,,,,cherisse.persad@gmail.com
EVT1162,SITE0977,IOGAS natural wood fall — May 2024 revisit,Wood,Natural,1,,,,32.57843333333334,143.7689,,5506,5506,2024-05,May 2024,,,,,same natural abyssal wood fall reported previously; second expedition/revisit,,,,,,,,,,,,,,,,,,,,,,cherisse.persad@gmail.com
EVT1163,SITE1015,CP4062 natural sunken-wood fall,Wood,Natural,1,,,,-2.6166667,141.3,,500,580,2012-12-21,21 December 2012,,,,,sunken wood fragments,,,French beam-trawl collection from RV ALIS.,,,,,,,,,,,,,,,,,,,cherisse.persad@gmail.com
EVT1164,SITE1016,SO250-9 natural sunken-wood fragments,Wood,Natural,1,,,,43.8006833,151.7405333,,5101,5134,,19/20 August 2016 (source conflict),,,,,sunken wood fragments,,,Sources report conflicting dates of 19 and 20 August 2016; the event date remains unresolved.,,,,,,,,,,,,,,,,,,,cherisse.persad@gmail.com
EVT1165,SITE1017,Johnston Atoll natural deep-sea wood fall,Wood,Natural,1,,,,16.990982,-169.7693,,2379,2379,2023-08-23,23 August 2023,,,,,natural/incidentally encountered sunken wood,,,"E/V Nautilus cruise NA153, dive H1999.",,,,,,,,,,,,,,,,,,,cherisse.persad@gmail.com
EVT1166,SITE1018,Shoho Seamount natural sunken-wood piece — 1901 m,Wood,Natural,1,,,,32.3495,138.6563333333,"32°20.97′ N, 138°39.38′ E",1901,1901,,,,,2020-11-26,26 November 2020,single piece of natural sunken wood,natural sunken wood,,"Komai et al. 2025: sunken wood piece sampled during KM20-10C, KM-ROV dive #122. Munidopsis lignicola (41 specimens) and M. juxtapallida (holotype) directly inhabited/associated with this wood. M. spinifrons from the same paper was collected on rock bottom at Ritto Seamount and is excluded from organic-fall analysis. Kept separate from Hookabe 2022 EVT0971 (2042 m) because source-reported coordinates/depth differ and no source states they are the same wood piece.",,,,,,,,,,,,,,,,,,,cherisse.persad@gmail.com
EVT1167,SITE1019,Oahu slope implanted whale vertebrae,Whale,Experimental,1,,,,21.35,-158.216667,"21°21′N, 158°13′W",1057,1057,,,,approximately two years before 31 August 1999,,,one balaenopterid vertebra and two humpback whale vertebrae,implanted whale bones,Bone deployment; exact deployment date not reported.,Dahlgren et al. (2004) reports an approximately two-year-old experimental whale-bone deployment at sampling.,,,bones,,,,,,,,,,,,,,,,cherisse.persad@gmail.com
