Source_ID,Source_Record_ID,Canonical_Event_ID,Canonical_Visit_ID,Replicate_ID,Reported_Taxon,Measure_Value,Measure_Unit,Evidence_Type,Analysis_Scope,Station,Habitat,Reported_Family,Reported_Genus,Reported_Species,Reported_Morphotype,Individual_Count,Density_ind_m3,Density_ind_cm3,Raw_Latitude,Raw_Longitude,Raw_Depth_m,Temperature_C,Salinity_PSU,Contributor
SRC0248,1,EVT1149,VIS00207,,Osedax bozoi n. sp.,6,documented specimens (not total abundance),direct sampled occurrence,EXCLUDE,,,,,,,,,,,,,,,cherisse.persad@gmail.com
SRC0248,2,EVT0008,VIS00208,,Osedax craigmcclaini n. sp.,2,documented specimens (not total abundance),direct sampled occurrence,EXCLUDE,,,,,,,,,,,,,,,cherisse.persad@gmail.com
SRC0248,3,EVT1150,VIS00209,,Osedax estcourti n. sp.,3,documented specimens (not total abundance),direct sampled occurrence,INCLUDE,,,,,,,,,,,,,,,cherisse.persad@gmail.com
SRC0248,4,EVT1150,VIS00209,,Osedax traceyae n. sp.,11,documented specimens (not total abundance),direct sampled occurrence,INCLUDE,,,,,,,,,,,,,,,cherisse.persad@gmail.com
SRC0212,1,EVT1152,VIS00210,REP_VIS_W800_0.5Y_1M,Ampharetid indet.,0.3,mean density per core,Sediment macrofauna mean density,INCLUDE,,,,,,,,,,,,,,,cherisse.persad@gmail.com
SRC0212,2,EVT1152,VIS00211,REP_VIS_W800_1.8Y_0M,Ampharetid indet.,6.3,mean density per core,Sediment macrofauna mean density,INCLUDE,,,,,,,,,,,,,,,cherisse.persad@gmail.com
SRC0212,3,EVT1152,VIS00211,REP_VIS_W800_1.8Y_0p5M,Ampharetid indet.,5.5,mean density per core,Sediment macrofauna mean density,INCLUDE,,,,,,,,,,,,,,,cherisse.persad@gmail.com
SRC0212,4,EVT1152,VIS00211,REP_VIS_W800_1.8Y_1M,Ampharetid indet.,1,mean density per core,Sediment macrofauna mean density,INCLUDE,,,,,,,,,,,,,,,cherisse.persad@gmail.com
SRC0212,5,,,REP_SCRB_BG,Ampharetid indet.,0.4,mean density per core,Sediment macrofauna mean density,BACKGROUND,,,,,,,,,,,,,,,cherisse.persad@gmail.com
SRC0212,6,EVT1152,VIS00211,REP_VIS_W800_1.8Y_0M,CRS Ampharetid sp. 16,1.3,mean density per core,Sediment macrofauna mean density,INCLUDE,,,,,,,,,,,,,,,cherisse.persad@gmail.com
SRC0212,7,,,REP_SCRB_BG,CRS Ampharetid sp. 16,0.2,mean density per core,Sediment macrofauna mean density,BACKGROUND,,,,,,,,,,,,,,,cherisse.persad@gmail.com
SRC0212,8,EVT1152,VIS00210,REP_VIS_W800_0.5Y_0M,Samytha cf. californiensis,0.3,mean density per core,Sediment macrofauna mean density,INCLUDE,,,,,,,,,,,,,,,cherisse.persad@gmail.com
SRC0212,9,EVT1152,VIS00211,REP_VIS_W800_1.8Y_0M,Samytha cf. californiensis,2,mean density per core,Sediment macrofauna mean density,INCLUDE,,,,,,,,,,,,,,,cherisse.persad@gmail.com
SRC0212,10,EVT1152,VIS00211,REP_VIS_W800_1.8Y_0p5M,Samytha cf. californiensis,0.5,mean density per core,Sediment macrofauna mean density,INCLUDE,,,,,,,,,,,,,,,cherisse.persad@gmail.com
SRC0212,11,EVT1152,VIS00211,REP_VIS_W800_1.8Y_0M,Amelinna sp. A,2.7,mean density per core,Sediment macrofauna mean density,INCLUDE,,,,,,,,,,,,,,,cherisse.persad@gmail.com
SRC0212,12,EVT1152,VIS00210,REP_VIS_W800_0.5Y_0p5M,Mugga sp. A,0.3,mean density per core,Sediment macrofauna mean density,INCLUDE,,,,,,,,,,,,,,,cherisse.persad@gmail.com
SRC0212,13,,,REP_SCRB_BG,Mugga sp. A,0.1,mean density per core,Sediment macrofauna mean density,BACKGROUND,,,,,,,,,,,,,,,cherisse.persad@gmail.com
SRC0212,14,EVT1152,VIS00210,REP_VIS_W800_0.5Y_0M,Phyllochaetopterus limicolus,0.3,mean density per core,Sediment macrofauna mean density,INCLUDE,,,,,,,,,,,,,,,cherisse.persad@gmail.com
SRC0212,15,EVT1152,VIS00210,REP_VIS_W800_0.5Y_0M,Cirratulid indet.,0.3,mean density per core,Sediment macrofauna mean density,INCLUDE,,,,,,,,,,,,,,,cherisse.persad@gmail.com
SRC0212,16,EVT1152,VIS00210,REP_VIS_W800_0.5Y_1M,Cirratulid indet.,1,mean density per core,Sediment macrofauna mean density,INCLUDE,,,,,,,,,,,,,,,cherisse.persad@gmail.com
SRC0212,17,EVT1152,VIS00211,REP_VIS_W800_1.8Y_0M,Cirratulid indet.,0.7,mean density per core,Sediment macrofauna mean density,INCLUDE,,,,,,,,,,,,,,,cherisse.persad@gmail.com
SRC0212,18,EVT1152,VIS00211,REP_VIS_W800_1.8Y_1M,Cirratulid indet.,1,mean density per core,Sediment macrofauna mean density,INCLUDE,,,,,,,,,,,,,,,cherisse.persad@gmail.com
SRC0212,19,,,REP_SCRB_BG,Cirratulid indet.,0.4,mean density per core,Sediment macrofauna mean density,BACKGROUND,,,,,,,,,,,,,,,cherisse.persad@gmail.com
SRC0212,20,EVT1152,VIS00210,REP_VIS_W800_0.5Y_0M,CRS Cirratulid sp. 13,0.7,mean density per core,Sediment macrofauna mean density,INCLUDE,,,,,,,,,,,,,,,cherisse.persad@gmail.com
SRC0212,21,EVT1152,VIS00210,REP_VIS_W800_0.5Y_0p5M,CRS Cirratulid sp. 13,0.3,mean density per core,Sediment macrofauna mean density,INCLUDE,,,,,,,,,,,,,,,cherisse.persad@gmail.com
SRC0212,22,EVT1152,VIS00211,REP_VIS_W800_1.8Y_0M,CRS Cirratulid sp. 13,1.3,mean density per core,Sediment macrofauna mean density,INCLUDE,,,,,,,,,,,,,,,cherisse.persad@gmail.com
SRC0212,23,EVT1152,VIS00211,REP_VIS_W800_1.8Y_0p5M,CRS Cirratulid sp. 13,0.5,mean density per core,Sediment macrofauna mean density,INCLUDE,,,,,,,,,,,,,,,cherisse.persad@gmail.com
SRC0212,24,EVT1152,VIS00211,REP_VIS_W800_1.8Y_1M,CRS Cirratulid sp. 13,1,mean density per core,Sediment macrofauna mean density,INCLUDE,,,,,,,,,,,,,,,cherisse.persad@gmail.com
SRC0212,25,EVT1152,VIS00210,REP_VIS_W800_0.5Y_0M,Chaetozone sp. D,0.7,mean density per core,Sediment macrofauna mean density,INCLUDE,,,,,,,,,,,,,,,cherisse.persad@gmail.com
SRC0212,26,EVT1152,VIS00210,REP_VIS_W800_0.5Y_0p5M,Chaetozone sp. D,0.3,mean density per core,Sediment macrofauna mean density,INCLUDE,,,,,,,,,,,,,,,cherisse.persad@gmail.com
SRC0212,27,EVT1152,VIS00210,REP_VIS_W800_0.5Y_1M,Chaetozone sp. D,0.3,mean density per core,Sediment macrofauna mean density,INCLUDE,,,,,,,,,,,,,,,cherisse.persad@gmail.com
SRC0212,28,EVT1152,VIS00210,REP_VIS_W800_0.5Y_2M,Chaetozone sp. D,0.7,mean density per core,Sediment macrofauna mean density,INCLUDE,,,,,,,,,,,,,,,cherisse.persad@gmail.com
SRC0212,29,EVT1152,VIS00211,REP_VIS_W800_1.8Y_0M,Chaetozone sp. D,0.3,mean density per core,Sediment macrofauna mean density,INCLUDE,,,,,,,,,,,,,,,cherisse.persad@gmail.com
SRC0212,30,EVT1152,VIS00211,REP_VIS_W800_1.8Y_0p5M,Chaetozone sp. D,1,mean density per core,Sediment macrofauna mean density,INCLUDE,,,,,,,,,,,,,,,cherisse.persad@gmail.com
SRC0212,31,EVT1152,VIS00211,REP_VIS_W800_1.8Y_1M,Chaetozone sp. D,1,mean density per core,Sediment macrofauna mean density,INCLUDE,,,,,,,,,,,,,,,cherisse.persad@gmail.com
SRC0212,32,,,REP_SCRB_BG,Chaetozone sp. D,0.7,mean density per core,Sediment macrofauna mean density,BACKGROUND,,,,,,,,,,,,,,,cherisse.persad@gmail.com
SRC0212,33,EVT1152,VIS00210,REP_VIS_W800_0.5Y_0M,Monticellina sp. A,1.7,mean density per core,Sediment macrofauna mean density,INCLUDE,,,,,,,,,,,,,,,cherisse.persad@gmail.com
SRC0212,34,EVT1152,VIS00210,REP_VIS_W800_0.5Y_0p5M,Monticellina sp. A,1.3,mean density per core,Sediment macrofauna mean density,INCLUDE,,,,,,,,,,,,,,,cherisse.persad@gmail.com
SRC0212,35,EVT1152,VIS00211,REP_VIS_W800_1.8Y_0M,Monticellina sp. A,0.3,mean density per core,Sediment macrofauna mean density,INCLUDE,,,,,,,,,,,,,,,cherisse.persad@gmail.com
SRC0212,36,EVT1152,VIS00211,REP_VIS_W800_1.8Y_0p5M,Monticellina sp. A,0.5,mean density per core,Sediment macrofauna mean density,INCLUDE,,,,,,,,,,,,,,,cherisse.persad@gmail.com
SRC0212,37,EVT1152,VIS00211,REP_VIS_W800_1.8Y_1M,Monticellina sp. A,0.5,mean density per core,Sediment macrofauna mean density,INCLUDE,,,,,,,,,,,,,,,cherisse.persad@gmail.com
SRC0212,38,,,REP_SCRB_BG,Monticellina sp. A,0.6,mean density per core,Sediment macrofauna mean density,BACKGROUND,,,,,,,,,,,,,,,cherisse.persad@gmail.com
SRC0212,39,,,REP_SCRB_BG,Monticellina sp. B,0.3,mean density per core,Sediment macrofauna mean density,BACKGROUND,,,,,,,,,,,,,,,cherisse.persad@gmail.com
SRC0212,40,EVT1152,VIS00210,REP_VIS_W800_0.5Y_0M,Tharyx sp. A,0.3,mean density per core,Sediment macrofauna mean density,INCLUDE,,,,,,,,,,,,,,,cherisse.persad@gmail.com
SRC0212,41,,,REP_SCRB_BG,Tharyx sp. A,0.3,mean density per core,Sediment macrofauna mean density,BACKGROUND,,,,,,,,,,,,,,,cherisse.persad@gmail.com
SRC0212,42,EVT1152,VIS00210,REP_VIS_W800_0.5Y_0p5M,Cossurid indet.,0.7,mean density per core,Sediment macrofauna mean density,INCLUDE,,,,,,,,,,,,,,,cherisse.persad@gmail.com
SRC0212,43,EVT1152,VIS00210,REP_VIS_W800_0.5Y_1M,Cossurid indet.,0.7,mean density per core,Sediment macrofauna mean density,INCLUDE,,,,,,,,,,,,,,,cherisse.persad@gmail.com
SRC0212,44,EVT1152,VIS00210,REP_VIS_W800_0.5Y_2M,Cossurid indet.,0.3,mean density per core,Sediment macrofauna mean density,INCLUDE,,,,,,,,,,,,,,,cherisse.persad@gmail.com
SRC0212,45,,,REP_SCRB_BG,Cossurid indet.,0.2,mean density per core,Sediment macrofauna mean density,BACKGROUND,,,,,,,,,,,,,,,cherisse.persad@gmail.com
SRC0212,46,EVT1152,VIS00210,REP_VIS_W800_0.5Y_0M,Cossura cf. rostrata,0.7,mean density per core,Sediment macrofauna mean density,INCLUDE,,,,,,,,,,,,,,,cherisse.persad@gmail.com
SRC0212,47,EVT1152,VIS00210,REP_VIS_W800_0.5Y_0p5M,Cossura cf. rostrata,0.3,mean density per core,Sediment macrofauna mean density,INCLUDE,,,,,,,,,,,,,,,cherisse.persad@gmail.com
SRC0212,48,EVT1152,VIS00210,REP_VIS_W800_0.5Y_1M,Cossura cf. rostrata,1,mean density per core,Sediment macrofauna mean density,INCLUDE,,,,,,,,,,,,,,,cherisse.persad@gmail.com
SRC0212,49,EVT1152,VIS00211,REP_VIS_W800_1.8Y_0M,Cossura cf. rostrata,1.7,mean density per core,Sediment macrofauna mean density,INCLUDE,,,,,,,,,,,,,,,cherisse.persad@gmail.com
SRC0212,50,,,REP_SCRB_BG,Cossura cf. rostrata,0.8,mean density per core,Sediment macrofauna mean density,BACKGROUND,,,,,,,,,,,,,,,cherisse.persad@gmail.com
SRC0212,51,EVT1152,VIS00211,REP_VIS_W800_1.8Y_0M,Dorvilleid indet.,1.3,mean density per core,Sediment macrofauna mean density,INCLUDE,,,,,,,,,,,,,,,cherisse.persad@gmail.com
SRC0212,52,EVT1152,VIS00211,REP_VIS_W800_1.8Y_0M,Parougia sp. A,0.3,mean density per core,Sediment macrofauna mean density,INCLUDE,,,,,,,,,,,,,,,cherisse.persad@gmail.com
SRC0212,53,EVT1152,VIS00211,REP_VIS_W800_1.8Y_0M,Ophryotrocha sp. A,4.7,mean density per core,Sediment macrofauna mean density,INCLUDE,,,,,,,,,,,,,,,cherisse.persad@gmail.com
SRC0212,54,EVT1152,VIS00210,REP_VIS_W800_0.5Y_2M,Aricidea cf. lopezi,0.3,mean density per core,Sediment macrofauna mean density,INCLUDE,,,,,,,,,,,,,,,cherisse.persad@gmail.com
SRC0212,55,,,REP_SCRB_BG,Aricidea cf. lopezi,0.1,mean density per core,Sediment macrofauna mean density,BACKGROUND,,,,,,,,,,,,,,,cherisse.persad@gmail.com
SRC0212,56,EVT1152,VIS00211,REP_VIS_W800_1.8Y_0p5M,Sige cf. brunea,0.5,mean density per core,Sediment macrofauna mean density,INCLUDE,,,,,,,,,,,,,,,cherisse.persad@gmail.com
SRC0212,57,EVT1152,VIS00211,REP_VIS_W800_1.8Y_0p5M,Harmothoe fragilis,0.5,mean density per core,Sediment macrofauna mean density,INCLUDE,,,,,,,,,,,,,,,cherisse.persad@gmail.com
SRC0212,58,,,REP_SCRB_BG,Harmothoe fragilis,0.1,mean density per core,Sediment macrofauna mean density,BACKGROUND,,,,,,,,,,,,,,,cherisse.persad@gmail.com
SRC0212,59,EVT1152,VIS00210,REP_VIS_W800_0.5Y_1M,Spiophanes sp. A,0.3,mean density per core,Sediment macrofauna mean density,INCLUDE,,,,,,,,,,,,,,,cherisse.persad@gmail.com
SRC0212,60,,,REP_SCRB_BG,Spiophanes cf. berkeleyorum,0.1,mean density per core,Sediment macrofauna mean density,BACKGROUND,,,,,,,,,,,,,,,cherisse.persad@gmail.com
SRC0212,61,,,REP_SCRB_BG,Amphipoda indet.,0.1,mean density per core,Sediment macrofauna mean density,BACKGROUND,,,,,,,,,,,,,,,cherisse.persad@gmail.com
SRC0212,62,EVT1152,VIS00210,REP_VIS_W800_0.5Y_0M,Amphipod sp. E,0.3,mean density per core,Sediment macrofauna mean density,INCLUDE,,,,,,,,,,,,,,,cherisse.persad@gmail.com
SRC0212,63,,,REP_SCRB_BG,Amphipod sp. E,0.1,mean density per core,Sediment macrofauna mean density,BACKGROUND,,,,,,,,,,,,,,,cherisse.persad@gmail.com
SRC0212,64,EVT1152,VIS00210,REP_VIS_W800_0.5Y_0M,Phoxocephalidae sp. A,0.3,mean density per core,Sediment macrofauna mean density,INCLUDE,,,,,,,,,,,,,,,cherisse.persad@gmail.com
SRC0212,65,EVT1152,VIS00210,REP_VIS_W800_0.5Y_0p5M,Phoxocephalidae sp. A,0.3,mean density per core,Sediment macrofauna mean density,INCLUDE,,,,,,,,,,,,,,,cherisse.persad@gmail.com
SRC0212,66,EVT1152,VIS00210,REP_VIS_W800_0.5Y_2M,Phoxocephalidae sp. A,0.3,mean density per core,Sediment macrofauna mean density,INCLUDE,,,,,,,,,,,,,,,cherisse.persad@gmail.com
SRC0212,67,EVT1152,VIS00211,REP_VIS_W800_1.8Y_0M,Phoxocephalidae sp. A,0.7,mean density per core,Sediment macrofauna mean density,INCLUDE,,,,,,,,,,,,,,,cherisse.persad@gmail.com
SRC0212,68,EVT1152,VIS00211,REP_VIS_W800_1.8Y_0p5M,Phoxocephalidae sp. A,0.5,mean density per core,Sediment macrofauna mean density,INCLUDE,,,,,,,,,,,,,,,cherisse.persad@gmail.com
SRC0212,69,,,REP_SCRB_BG,Phoxocephalidae sp. A,0.1,mean density per core,Sediment macrofauna mean density,BACKGROUND,,,,,,,,,,,,,,,cherisse.persad@gmail.com
SRC0212,70,,,REP_SCRB_BG,Phoxocephalidae sp. B,0.1,mean density per core,Sediment macrofauna mean density,BACKGROUND,,,,,,,,,,,,,,,cherisse.persad@gmail.com
SRC0212,71,EVT1152,VIS00210,REP_VIS_W800_0.5Y_0p5M,Munidopsis quadrata,0.3,mean density per core,Sediment macrofauna mean density,INCLUDE,,,,,,,,,,,,,,,cherisse.persad@gmail.com
SRC0212,72,,,REP_SCRB_BG,Cumacea indet.,0.1,mean density per core,Sediment macrofauna mean density,BACKGROUND,,,,,,,,,,,,,,,cherisse.persad@gmail.com
SRC0212,73,EVT1152,VIS00211,REP_VIS_W800_1.8Y_0M,Cumella sp. A,0.3,mean density per core,Sediment macrofauna mean density,INCLUDE,,,,,,,,,,,,,,,cherisse.persad@gmail.com
SRC0212,74,EVT1152,VIS00210,REP_VIS_W800_0.5Y_0M,Cumacea sp. K,3.3,mean density per core,Sediment macrofauna mean density,INCLUDE,,,,,,,,,,,,,,,cherisse.persad@gmail.com
SRC0212,75,EVT1152,VIS00211,REP_VIS_W800_1.8Y_0p5M,Cumacea sp. K,2.5,mean density per core,Sediment macrofauna mean density,INCLUDE,,,,,,,,,,,,,,,cherisse.persad@gmail.com
SRC0212,76,EVT1152,VIS00210,REP_VIS_W800_0.5Y_2M,Asellote Isopod sp. A,0.3,mean density per core,Sediment macrofauna mean density,INCLUDE,,,,,,,,,,,,,,,cherisse.persad@gmail.com
SRC0212,77,EVT1152,VIS00210,REP_VIS_W800_0.5Y_1M,Asellote Isopod sp. G,0.3,mean density per core,Sediment macrofauna mean density,INCLUDE,,,,,,,,,,,,,,,cherisse.persad@gmail.com
SRC0212,78,EVT1152,VIS00211,REP_VIS_W800_1.8Y_0M,Ilyarachna profunda,0.3,mean density per core,Sediment macrofauna mean density,INCLUDE,,,,,,,,,,,,,,,cherisse.persad@gmail.com
SRC0212,79,EVT1152,VIS00211,REP_VIS_W800_1.8Y_0p5M,Carpoapseudes sp.,0.5,mean density per core,Sediment macrofauna mean density,INCLUDE,,,,,,,,,,,,,,,cherisse.persad@gmail.com
SRC0212,80,EVT1152,VIS00211,REP_VIS_W800_1.8Y_1M,Carpoapseudes sp.,0.5,mean density per core,Sediment macrofauna mean density,INCLUDE,,,,,,,,,,,,,,,cherisse.persad@gmail.com
SRC0212,81,,,REP_SCRB_BG,Carpoapseudes sp.,0.2,mean density per core,Sediment macrofauna mean density,BACKGROUND,,,,,,,,,,,,,,,cherisse.persad@gmail.com
SRC0212,82,,,REP_SCRB_BG,Bivalve indet.,0.1,mean density per core,Sediment macrofauna mean density,BACKGROUND,,,,,,,,,,,,,,,cherisse.persad@gmail.com
SRC0212,83,,,REP_SCRB_BG,Bivalve juv. indet.,0.1,mean density per core,Sediment macrofauna mean density,BACKGROUND,,,,,,,,,,,,,,,cherisse.persad@gmail.com
SRC0212,84,EVT1152,VIS00210,REP_VIS_W800_0.5Y_0M,Bivalve sp. Q,1,mean density per core,Sediment macrofauna mean density,INCLUDE,,,,,,,,,,,,,,,cherisse.persad@gmail.com
SRC0212,85,EVT1152,VIS00211,REP_VIS_W800_1.8Y_0p5M,Bivalve sp. Q,0.5,mean density per core,Sediment macrofauna mean density,INCLUDE,,,,,,,,,,,,,,,cherisse.persad@gmail.com
SRC0212,86,EVT1152,VIS00210,REP_VIS_W800_0.5Y_0M,Thyasiridae sp. 2,0.3,mean density per core,Sediment macrofauna mean density,INCLUDE,,,,,,,,,,,,,,,cherisse.persad@gmail.com
SRC0212,87,EVT1152,VIS00210,REP_VIS_W800_0.5Y_1M,Thyasiridae sp. 2,0.3,mean density per core,Sediment macrofauna mean density,INCLUDE,,,,,,,,,,,,,,,cherisse.persad@gmail.com
SRC0212,88,EVT1152,VIS00210,REP_VIS_W800_0.5Y_1M,Asteroidea,0.3,mean density per core,Sediment macrofauna mean density,INCLUDE,,,,,,,,,,,,,,,cherisse.persad@gmail.com
SRC0212,89,,,REP_SCRB_BG,Ophiuroidea,0.1,mean density per core,Sediment macrofauna mean density,BACKGROUND,,,,,,,,,,,,,,,cherisse.persad@gmail.com
SRC0212,90,EVT1151,VIS00212,REP_VIS_W397_3Y_0M,Ampharetid indet.,5,mean density per core,Sediment macrofauna mean density,INCLUDE,,,,,,,,,,,,,,,cherisse.persad@gmail.com
SRC0212,91,EVT1151,VIS00212,REP_VIS_W397_3Y_0p5M,Ampharetid indet.,1.7,mean density per core,Sediment macrofauna mean density,INCLUDE,,,,,,,,,,,,,,,cherisse.persad@gmail.com
SRC0212,92,EVT1151,VIS00213,REP_VIS_W397_5.5Y_0M,Ampharetid indet.,1.3,mean density per core,Sediment macrofauna mean density,INCLUDE,,,,,,,,,,,,,,,cherisse.persad@gmail.com
SRC0212,93,EVT1151,VIS00213,REP_VIS_W397_5.5Y_0p5M,Ampharetid indet.,0.3,mean density per core,Sediment macrofauna mean density,INCLUDE,,,,,,,,,,,,,,,cherisse.persad@gmail.com
SRC0212,94,EVT1151,VIS00213,REP_VIS_W397_5.5Y_1M,Ampharetid indet.,1,mean density per core,Sediment macrofauna mean density,INCLUDE,,,,,,,,,,,,,,,cherisse.persad@gmail.com
SRC0212,95,EVT1151,VIS00213,REP_VIS_W397_5.5Y_2M,Ampharetid indet.,0.3,mean density per core,Sediment macrofauna mean density,INCLUDE,,,,,,,,,,,,,,,cherisse.persad@gmail.com
SRC0212,96,EVT1151,VIS00213,REP_VIS_W397_5.5Y_0M,CRS Ampharetid sp. 10,0.3,mean density per core,Sediment macrofauna mean density,INCLUDE,,,,,,,,,,,,,,,cherisse.persad@gmail.com
SRC0212,97,EVT1151,VIS00213,REP_VIS_W397_5.5Y_0p5M,CRS Ampharetid sp. 16,0.3,mean density per core,Sediment macrofauna mean density,INCLUDE,,,,,,,,,,,,,,,cherisse.persad@gmail.com
SRC0212,98,EVT1151,VIS00213,REP_VIS_W397_5.5Y_0M,CRS Ampharetid sp. 18,15,mean density per core,Sediment macrofauna mean density,INCLUDE,,,,,,,,,,,,,,,cherisse.persad@gmail.com
SRC0212,99,EVT1151,VIS00213,REP_VIS_W397_5.5Y_0p5M,CRS Ampharetid sp. 18,0.3,mean density per core,Sediment macrofauna mean density,INCLUDE,,,,,,,,,,,,,,,cherisse.persad@gmail.com
SRC0212,100,EVT1151,VIS00213,REP_VIS_W397_5.5Y_1M,CRS Ampharetid sp. 18,0.3,mean density per core,Sediment macrofauna mean density,INCLUDE,,,,,,,,,,,,,,,cherisse.persad@gmail.com
SRC0212,101,EVT1151,VIS00213,REP_VIS_W397_5.5Y_0M,CRS Ampharetid sp. 19,0.3,mean density per core,Sediment macrofauna mean density,INCLUDE,,,,,,,,,,,,,,,cherisse.persad@gmail.com
SRC0212,102,EVT1151,VIS00212,REP_VIS_W397_3Y_0M,Samytha cf. californiensis,4.8,mean density per core,Sediment macrofauna mean density,INCLUDE,,,,,,,,,,,,,,,cherisse.persad@gmail.com
SRC0212,103,EVT1151,VIS00212,REP_VIS_W397_3Y_0p5M,Samytha cf. californiensis,0.3,mean density per core,Sediment macrofauna mean density,INCLUDE,,,,,,,,,,,,,,,cherisse.persad@gmail.com
SRC0212,104,EVT1151,VIS00212,REP_VIS_W397_3Y_1M,Samytha cf. californiensis,0.3,mean density per core,Sediment macrofauna mean density,INCLUDE,,,,,,,,,,,,,,,cherisse.persad@gmail.com
SRC0212,105,EVT1151,VIS00213,REP_VIS_W397_5.5Y_0M,Samytha cf. californiensis,2,mean density per core,Sediment macrofauna mean density,INCLUDE,,,,,,,,,,,,,,,cherisse.persad@gmail.com
SRC0212,106,EVT1151,VIS00213,REP_VIS_W397_5.5Y_0p5M,Samytha cf. californiensis,0.3,mean density per core,Sediment macrofauna mean density,INCLUDE,,,,,,,,,,,,,,,cherisse.persad@gmail.com
SRC0212,107,EVT1151,VIS00212,REP_VIS_W397_3Y_0M,Amelinna sp. A,0.5,mean density per core,Sediment macrofauna mean density,INCLUDE,,,,,,,,,,,,,,,cherisse.persad@gmail.com
SRC0212,108,EVT1151,VIS00213,REP_VIS_W397_5.5Y_1M,Amphicteis sp. A,0.3,mean density per core,Sediment macrofauna mean density,INCLUDE,,,,,,,,,,,,,,,cherisse.persad@gmail.com
SRC0212,109,EVT1151,VIS00212,REP_VIS_W397_3Y_0M,Capitella cf. capitata,0.3,mean density per core,Sediment macrofauna mean density,INCLUDE,,,,,,,,,,,,,,,cherisse.persad@gmail.com
SRC0212,110,EVT1151,VIS00212,REP_VIS_W397_3Y_0p5M,Cirratulid indet.,1.3,mean density per core,Sediment macrofauna mean density,INCLUDE,,,,,,,,,,,,,,,cherisse.persad@gmail.com
SRC0212,111,EVT1151,VIS00212,REP_VIS_W397_3Y_1M,Cirratulid indet.,2.3,mean density per core,Sediment macrofauna mean density,INCLUDE,,,,,,,,,,,,,,,cherisse.persad@gmail.com
SRC0212,112,EVT1151,VIS00212,REP_VIS_W397_3Y_2M,Cirratulid indet.,1,mean density per core,Sediment macrofauna mean density,INCLUDE,,,,,,,,,,,,,,,cherisse.persad@gmail.com
SRC0212,113,EVT1151,VIS00213,REP_VIS_W397_5.5Y_1M,Cirratulid indet.,0.3,mean density per core,Sediment macrofauna mean density,INCLUDE,,,,,,,,,,,,,,,cherisse.persad@gmail.com
SRC0212,114,EVT1151,VIS00213,REP_VIS_W397_5.5Y_2M,Cirratulid indet.,1.3,mean density per core,Sediment macrofauna mean density,INCLUDE,,,,,,,,,,,,,,,cherisse.persad@gmail.com
SRC0212,115,EVT1151,VIS00212,REP_VIS_W397_3Y_0p5M,CRS Cirratulid sp. 2,1.3,mean density per core,Sediment macrofauna mean density,INCLUDE,,,,,,,,,,,,,,,cherisse.persad@gmail.com
SRC0212,116,EVT1151,VIS00213,REP_VIS_W397_5.5Y_0p5M,CRS Cirratulid sp. 13,1.7,mean density per core,Sediment macrofauna mean density,INCLUDE,,,,,,,,,,,,,,,cherisse.persad@gmail.com
SRC0212,117,EVT1151,VIS00213,REP_VIS_W397_5.5Y_2M,CRS Cirratulid sp. 13,1.3,mean density per core,Sediment macrofauna mean density,INCLUDE,,,,,,,,,,,,,,,cherisse.persad@gmail.com
SRC0212,118,EVT1151,VIS00212,REP_VIS_W397_3Y_2M,Chaetozone sp. C,0.3,mean density per core,Sediment macrofauna mean density,INCLUDE,,,,,,,,,,,,,,,cherisse.persad@gmail.com
SRC0212,119,EVT1151,VIS00212,REP_VIS_W397_3Y_2M,Chaetozone sp. D,0.7,mean density per core,Sediment macrofauna mean density,INCLUDE,,,,,,,,,,,,,,,cherisse.persad@gmail.com
SRC0212,120,EVT1151,VIS00213,REP_VIS_W397_5.5Y_0p5M,Chaetozone sp. D,0.7,mean density per core,Sediment macrofauna mean density,INCLUDE,,,,,,,,,,,,,,,cherisse.persad@gmail.com
SRC0212,121,EVT1151,VIS00213,REP_VIS_W397_5.5Y_1M,Chaetozone sp. D,1,mean density per core,Sediment macrofauna mean density,INCLUDE,,,,,,,,,,,,,,,cherisse.persad@gmail.com
SRC0212,122,EVT1151,VIS00213,REP_VIS_W397_5.5Y_2M,Chaetozone sp. D,0.7,mean density per core,Sediment macrofauna mean density,INCLUDE,,,,,,,,,,,,,,,cherisse.persad@gmail.com
SRC0212,123,EVT1151,VIS00213,REP_VIS_W397_5.5Y_0M,Chaetozone sp. E,0.3,mean density per core,Sediment macrofauna mean density,INCLUDE,,,,,,,,,,,,,,,cherisse.persad@gmail.com
SRC0212,124,EVT1151,VIS00213,REP_VIS_W397_5.5Y_0M,Chaetozone sp. F,0.7,mean density per core,Sediment macrofauna mean density,INCLUDE,,,,,,,,,,,,,,,cherisse.persad@gmail.com
SRC0212,125,EVT1151,VIS00212,REP_VIS_W397_3Y_0M,Monticellina sp. A,0.5,mean density per core,Sediment macrofauna mean density,INCLUDE,,,,,,,,,,,,,,,cherisse.persad@gmail.com
SRC0212,126,EVT1151,VIS00212,REP_VIS_W397_3Y_1M,Monticellina sp. A,0.3,mean density per core,Sediment macrofauna mean density,INCLUDE,,,,,,,,,,,,,,,cherisse.persad@gmail.com
SRC0212,127,EVT1151,VIS00212,REP_VIS_W397_3Y_2M,Monticellina sp. A,1.7,mean density per core,Sediment macrofauna mean density,INCLUDE,,,,,,,,,,,,,,,cherisse.persad@gmail.com
SRC0212,128,EVT1151,VIS00212,REP_VIS_W397_3Y_1M,Tharyx sp. A,0.3,mean density per core,Sediment macrofauna mean density,INCLUDE,,,,,,,,,,,,,,,cherisse.persad@gmail.com
SRC0212,129,EVT1151,VIS00212,REP_VIS_W397_3Y_1M,Cossurid indet.,0.7,mean density per core,Sediment macrofauna mean density,INCLUDE,,,,,,,,,,,,,,,cherisse.persad@gmail.com
SRC0212,130,EVT1151,VIS00212,REP_VIS_W397_3Y_0p5M,Cossura cf. rostrata,1.7,mean density per core,Sediment macrofauna mean density,INCLUDE,,,,,,,,,,,,,,,cherisse.persad@gmail.com
SRC0212,131,EVT1151,VIS00212,REP_VIS_W397_3Y_1M,Cossura cf. rostrata,0.7,mean density per core,Sediment macrofauna mean density,INCLUDE,,,,,,,,,,,,,,,cherisse.persad@gmail.com
SRC0212,132,EVT1151,VIS00212,REP_VIS_W397_3Y_2M,Cossura cf. rostrata,1.3,mean density per core,Sediment macrofauna mean density,INCLUDE,,,,,,,,,,,,,,,cherisse.persad@gmail.com
SRC0212,133,EVT1151,VIS00213,REP_VIS_W397_5.5Y_0p5M,Cossura cf. rostrata,0.7,mean density per core,Sediment macrofauna mean density,INCLUDE,,,,,,,,,,,,,,,cherisse.persad@gmail.com
SRC0212,134,EVT1151,VIS00213,REP_VIS_W397_5.5Y_1M,Cossura cf. rostrata,0.7,mean density per core,Sediment macrofauna mean density,INCLUDE,,,,,,,,,,,,,,,cherisse.persad@gmail.com
SRC0212,135,EVT1151,VIS00213,REP_VIS_W397_5.5Y_2M,Cossura cf. rostrata,0.7,mean density per core,Sediment macrofauna mean density,INCLUDE,,,,,,,,,,,,,,,cherisse.persad@gmail.com
SRC0212,136,EVT1151,VIS00212,REP_VIS_W397_3Y_0M,Parougia sp. A,0.8,mean density per core,Sediment macrofauna mean density,INCLUDE,,,,,,,,,,,,,,,cherisse.persad@gmail.com
SRC0212,137,EVT1151,VIS00212,REP_VIS_W397_3Y_1M,Parougia sp. A,0.3,mean density per core,Sediment macrofauna mean density,INCLUDE,,,,,,,,,,,,,,,cherisse.persad@gmail.com
SRC0212,138,EVT1151,VIS00213,REP_VIS_W397_5.5Y_0M,Parougia sp. A,7.3,mean density per core,Sediment macrofauna mean density,INCLUDE,,,,,,,,,,,,,,,cherisse.persad@gmail.com
SRC0212,139,EVT1151,VIS00213,REP_VIS_W397_5.5Y_0p5M,Parougia sp. A,0.3,mean density per core,Sediment macrofauna mean density,INCLUDE,,,,,,,,,,,,,,,cherisse.persad@gmail.com
SRC0212,140,EVT1151,VIS00212,REP_VIS_W397_3Y_0M,Pseudophryotrocha sp. A,1,mean density per core,Sediment macrofauna mean density,INCLUDE,,,,,,,,,,,,,,,cherisse.persad@gmail.com
SRC0212,141,EVT1151,VIS00212,REP_VIS_W397_3Y_0M,Ophryotrocha sp. A,8.3,mean density per core,Sediment macrofauna mean density,INCLUDE,,,,,,,,,,,,,,,cherisse.persad@gmail.com
SRC0212,142,EVT1151,VIS00213,REP_VIS_W397_5.5Y_0M,Ophryotrocha sp. A,17,mean density per core,Sediment macrofauna mean density,INCLUDE,,,,,,,,,,,,,,,cherisse.persad@gmail.com
SRC0212,143,EVT1151,VIS00213,REP_VIS_W397_5.5Y_0M,Ophryotrocha sp. B,0.7,mean density per core,Sediment macrofauna mean density,INCLUDE,,,,,,,,,,,,,,,cherisse.persad@gmail.com
SRC0212,144,EVT1151,VIS00212,REP_VIS_W397_3Y_0M,Ophryotrocha sp. G,6.5,mean density per core,Sediment macrofauna mean density,INCLUDE,,,,,,,,,,,,,,,cherisse.persad@gmail.com
SRC0212,145,EVT1151,VIS00212,REP_VIS_W397_3Y_0M,Schistomeringos longicornis,0.5,mean density per core,Sediment macrofauna mean density,INCLUDE,,,,,,,,,,,,,,,cherisse.persad@gmail.com
SRC0212,146,EVT1151,VIS00212,REP_VIS_W397_3Y_1M,Schistomeringos longicornis,0.7,mean density per core,Sediment macrofauna mean density,INCLUDE,,,,,,,,,,,,,,,cherisse.persad@gmail.com
SRC0212,147,EVT1151,VIS00212,REP_VIS_W397_3Y_0M,CRS Dorvilleid 22,0.5,mean density per core,Sediment macrofauna mean density,INCLUDE,,,,,,,,,,,,,,,cherisse.persad@gmail.com
SRC0212,148,EVT1151,VIS00213,REP_VIS_W397_5.5Y_0M,Glycera cf. branchiopoda,0.3,mean density per core,Sediment macrofauna mean density,INCLUDE,,,,,,,,,,,,,,,cherisse.persad@gmail.com
SRC0212,149,EVT1151,VIS00212,REP_VIS_W397_3Y_2M,Aricidea cf. lopezi,0.3,mean density per core,Sediment macrofauna mean density,INCLUDE,,,,,,,,,,,,,,,cherisse.persad@gmail.com
SRC0212,150,EVT1151,VIS00213,REP_VIS_W397_5.5Y_1M,Aricidea cf. lopezi,0.3,mean density per core,Sediment macrofauna mean density,INCLUDE,,,,,,,,,,,,,,,cherisse.persad@gmail.com
SRC0212,151,EVT1151,VIS00212,REP_VIS_W397_3Y_0p5M,Sige cf. brunea,0.3,mean density per core,Sediment macrofauna mean density,INCLUDE,,,,,,,,,,,,,,,cherisse.persad@gmail.com
SRC0212,152,EVT1151,VIS00212,REP_VIS_W397_3Y_1M,Sige cf. brunea,0.3,mean density per core,Sediment macrofauna mean density,INCLUDE,,,,,,,,,,,,,,,cherisse.persad@gmail.com
SRC0212,153,EVT1151,VIS00213,REP_VIS_W397_5.5Y_0M,Sige cf. brunea,0.3,mean density per core,Sediment macrofauna mean density,INCLUDE,,,,,,,,,,,,,,,cherisse.persad@gmail.com
SRC0212,154,EVT1151,VIS00213,REP_VIS_W397_5.5Y_1M,Sige cf. brunea,0.7,mean density per core,Sediment macrofauna mean density,INCLUDE,,,,,,,,,,,,,,,cherisse.persad@gmail.com
SRC0212,155,EVT1151,VIS00212,REP_VIS_W397_3Y_0p5M,Subadyte mexicana,0.7,mean density per core,Sediment macrofauna mean density,INCLUDE,,,,,,,,,,,,,,,cherisse.persad@gmail.com
SRC0212,156,EVT1151,VIS00212,REP_VIS_W397_3Y_0M,Bathykurila guaymasensis,0.3,mean density per core,Sediment macrofauna mean density,INCLUDE,,,,,,,,,,,,,,,cherisse.persad@gmail.com
SRC0212,157,EVT1151,VIS00212,REP_VIS_W397_3Y_0M,Harmothoe fragilis,0.5,mean density per core,Sediment macrofauna mean density,INCLUDE,,,,,,,,,,,,,,,cherisse.persad@gmail.com
SRC0212,158,EVT1151,VIS00212,REP_VIS_W397_3Y_0p5M,Spiophanes sp. A,0.3,mean density per core,Sediment macrofauna mean density,INCLUDE,,,,,,,,,,,,,,,cherisse.persad@gmail.com
SRC0212,159,EVT1151,VIS00212,REP_VIS_W397_3Y_2M,Spiophanes sp. A,0.3,mean density per core,Sediment macrofauna mean density,INCLUDE,,,,,,,,,,,,,,,cherisse.persad@gmail.com
SRC0212,160,EVT1151,VIS00213,REP_VIS_W397_5.5Y_0M,Spiophanes kroeyeri,0.3,mean density per core,Sediment macrofauna mean density,INCLUDE,,,,,,,,,,,,,,,cherisse.persad@gmail.com
SRC0212,161,EVT1151,VIS00212,REP_VIS_W397_3Y_0p5M,Phoxocephalidae sp. A,0.7,mean density per core,Sediment macrofauna mean density,INCLUDE,,,,,,,,,,,,,,,cherisse.persad@gmail.com
SRC0212,162,EVT1151,VIS00212,REP_VIS_W397_3Y_2M,Phoxocephalidae sp. A,1.3,mean density per core,Sediment macrofauna mean density,INCLUDE,,,,,,,,,,,,,,,cherisse.persad@gmail.com
SRC0212,163,EVT1151,VIS00213,REP_VIS_W397_5.5Y_0p5M,Phoxocephalidae sp. A,1,mean density per core,Sediment macrofauna mean density,INCLUDE,,,,,,,,,,,,,,,cherisse.persad@gmail.com
SRC0212,164,EVT1151,VIS00213,REP_VIS_W397_5.5Y_1M,Phoxocephalidae sp. A,1.3,mean density per core,Sediment macrofauna mean density,INCLUDE,,,,,,,,,,,,,,,cherisse.persad@gmail.com
SRC0212,165,EVT1151,VIS00213,REP_VIS_W397_5.5Y_2M,Phoxocephalidae sp. A,0.3,mean density per core,Sediment macrofauna mean density,INCLUDE,,,,,,,,,,,,,,,cherisse.persad@gmail.com
SRC0212,166,EVT1151,VIS00213,REP_VIS_W397_5.5Y_0p5M,Phoxocephalidae sp. B,0.3,mean density per core,Sediment macrofauna mean density,INCLUDE,,,,,,,,,,,,,,,cherisse.persad@gmail.com
SRC0212,167,EVT1151,VIS00213,REP_VIS_W397_5.5Y_2M,Lysianassid sp. F,0.3,mean density per core,Sediment macrofauna mean density,INCLUDE,,,,,,,,,,,,,,,cherisse.persad@gmail.com
SRC0212,168,EVT1151,VIS00213,REP_VIS_W397_5.5Y_0M,Eyakia cf. robusta,0.3,mean density per core,Sediment macrofauna mean density,INCLUDE,,,,,,,,,,,,,,,cherisse.persad@gmail.com
SRC0212,169,EVT1151,VIS00213,REP_VIS_W397_5.5Y_2M,Eyakia cf. robusta,0.7,mean density per core,Sediment macrofauna mean density,INCLUDE,,,,,,,,,,,,,,,cherisse.persad@gmail.com
SRC0212,170,EVT1151,VIS00212,REP_VIS_W397_3Y_0p5M,Munidopsis quadrata,0.3,mean density per core,Sediment macrofauna mean density,INCLUDE,,,,,,,,,,,,,,,cherisse.persad@gmail.com
SRC0212,171,EVT1151,VIS00212,REP_VIS_W397_3Y_0M,Cumacea sp. K,0.3,mean density per core,Sediment macrofauna mean density,INCLUDE,,,,,,,,,,,,,,,cherisse.persad@gmail.com
SRC0212,172,EVT1151,VIS00213,REP_VIS_W397_5.5Y_0M,Cumacea sp. K,1,mean density per core,Sediment macrofauna mean density,INCLUDE,,,,,,,,,,,,,,,cherisse.persad@gmail.com
SRC0212,173,EVT1151,VIS00212,REP_VIS_W397_3Y_0M,Ilyarachna profunda,2.5,mean density per core,Sediment macrofauna mean density,INCLUDE,,,,,,,,,,,,,,,cherisse.persad@gmail.com
SRC0212,174,EVT1151,VIS00213,REP_VIS_W397_5.5Y_0M,Ilyarachna profunda,0.7,mean density per core,Sediment macrofauna mean density,INCLUDE,,,,,,,,,,,,,,,cherisse.persad@gmail.com
SRC0212,175,EVT1151,VIS00212,REP_VIS_W397_3Y_0M,Cirolanidae sp. 1,0.3,mean density per core,Sediment macrofauna mean density,INCLUDE,,,,,,,,,,,,,,,cherisse.persad@gmail.com
SRC0212,176,EVT1151,VIS00213,REP_VIS_W397_5.5Y_0p5M,Carpoapseudes sp.,0.3,mean density per core,Sediment macrofauna mean density,INCLUDE,,,,,,,,,,,,,,,cherisse.persad@gmail.com
SRC0212,177,EVT1151,VIS00213,REP_VIS_W397_5.5Y_1M,Carpoapseudes sp.,0.7,mean density per core,Sediment macrofauna mean density,INCLUDE,,,,,,,,,,,,,,,cherisse.persad@gmail.com
SRC0212,178,EVT1151,VIS00213,REP_VIS_W397_5.5Y_2M,Carpoapseudes sp.,0.3,mean density per core,Sediment macrofauna mean density,INCLUDE,,,,,,,,,,,,,,,cherisse.persad@gmail.com
SRC0212,179,EVT1151,VIS00212,REP_VIS_W397_3Y_0M,Bivalve indet.,0.3,mean density per core,Sediment macrofauna mean density,INCLUDE,,,,,,,,,,,,,,,cherisse.persad@gmail.com
SRC0212,180,EVT1151,VIS00212,REP_VIS_W397_3Y_0p5M,Bivalve indet.,1,mean density per core,Sediment macrofauna mean density,INCLUDE,,,,,,,,,,,,,,,cherisse.persad@gmail.com
SRC0212,181,EVT1151,VIS00212,REP_VIS_W397_3Y_1M,Bivalve indet.,0.3,mean density per core,Sediment macrofauna mean density,INCLUDE,,,,,,,,,,,,,,,cherisse.persad@gmail.com
SRC0212,182,EVT1151,VIS00212,REP_VIS_W397_3Y_0M,Idas washingtonia,1,mean density per core,Sediment macrofauna mean density,INCLUDE,,,,,,,,,,,,,,,cherisse.persad@gmail.com
SRC0212,183,EVT1151,VIS00213,REP_VIS_W397_5.5Y_0M,Thyasiridae sp. 1,0.3,mean density per core,Sediment macrofauna mean density,INCLUDE,,,,,,,,,,,,,,,cherisse.persad@gmail.com
SRC0212,184,EVT1151,VIS00213,REP_VIS_W397_5.5Y_1M,Thyasiridae sp. 1,0.3,mean density per core,Sediment macrofauna mean density,INCLUDE,,,,,,,,,,,,,,,cherisse.persad@gmail.com
SRC0212,185,EVT1151,VIS00213,REP_VIS_W397_5.5Y_2M,Thyasiridae sp. 1,0.3,mean density per core,Sediment macrofauna mean density,INCLUDE,,,,,,,,,,,,,,,cherisse.persad@gmail.com
SRC0212,186,EVT1151,VIS00213,REP_VIS_W397_5.5Y_0M,Vesicomyid sp.,0.7,mean density per core,Sediment macrofauna mean density,INCLUDE,,,,,,,,,,,,,,,cherisse.persad@gmail.com
SRC0212,187,EVT1151,VIS00212,REP_VIS_W397_3Y_0M,Xylophaga cf. washingtona,2.3,mean density per core,Sediment macrofauna mean density,INCLUDE,,,,,,,,,,,,,,,cherisse.persad@gmail.com
SRC0212,188,EVT1151,VIS00213,REP_VIS_W397_5.5Y_0M,Xylophaga cf. washingtona,1.3,mean density per core,Sediment macrofauna mean density,INCLUDE,,,,,,,,,,,,,,,cherisse.persad@gmail.com
SRC0212,189,EVT1151,VIS00212,REP_VIS_W397_3Y_1M,Ophiuroidea,0.3,mean density per core,Sediment macrofauna mean density,INCLUDE,,,,,,,,,,,,,,,cherisse.persad@gmail.com
SRC0212,190,EVT1151,VIS00213,REP_VIS_W397_5.5Y_1M,Ophiuroidea,0.3,mean density per core,Sediment macrofauna mean density,INCLUDE,,,,,,,,,,,,,,,cherisse.persad@gmail.com
SRC0212,191,EVT1151,VIS00212,REP_VIS_W397_3Y_0M,Anthozoa,0.3,mean density per core,Sediment macrofauna mean density,INCLUDE,,,,,,,,,,,,,,,cherisse.persad@gmail.com
SRC0212,192,EVT1152,VIS00210,REP_VIS_W800_0.5Y_0M,Xylophaga juveniles,79,mean density per core,Sediment macrofauna mean density,INCLUDE,,,,,,,,,,,,,,,cherisse.persad@gmail.com
SRC0212,193,EVT1152,VIS00210,REP_VIS_W800_0.5Y_0p5M,Xylophaga juveniles,13.3,mean density per core,Sediment macrofauna mean density,INCLUDE,,,,,,,,,,,,,,,cherisse.persad@gmail.com
SRC0212,194,EVT1152,VIS00210,REP_VIS_W800_0.5Y_1M,Xylophaga juveniles,15.3,mean density per core,Sediment macrofauna mean density,INCLUDE,,,,,,,,,,,,,,,cherisse.persad@gmail.com
SRC0212,195,EVT1152,VIS00210,REP_VIS_W800_0.5Y_2M,Xylophaga juveniles,9.3,mean density per core,Sediment macrofauna mean density,INCLUDE,,,,,,,,,,,,,,,cherisse.persad@gmail.com
SRC0212,196,EVT1152,VIS00211,REP_VIS_W800_1.8Y_0M,Xylophaga juveniles,11.7,mean density per core,Sediment macrofauna mean density,INCLUDE,,,,,,,,,,,,,,,cherisse.persad@gmail.com
SRC0212,197,EVT1152,VIS00211,REP_VIS_W800_1.8Y_0p5M,Xylophaga juveniles,7,mean density per core,Sediment macrofauna mean density,INCLUDE,,,,,,,,,,,,,,,cherisse.persad@gmail.com
SRC0066,1,EVT0099,VIS00214,,Hexanchus griseus,6,individuals,Imagery observation,INCLUDE,,,,,,,,,,,,,,,cherisse.persad@gmail.com
SRC0066,2,EVT0099,VIS00214,,Synaphobranchus sp.,,,Imagery observation,INCLUDE,,,,,,,,,,,,,,,cherisse.persad@gmail.com
SRC0066,3,EVT0099,VIS00215,,Hexanchus griseus,2,individuals,Imagery observation,INCLUDE,,,,,,,,,,,,,,,cherisse.persad@gmail.com
SRC0066,4,EVT0099,VIS00215,,Cancer bellianus,3,individuals,Imagery observation,INCLUDE,,,,,,,,,,,,,,,cherisse.persad@gmail.com
SRC0066,5,EVT0099,VIS00215,,Synaphobranchus sp.,,,Imagery observation,INCLUDE,,,,,,,,,,,,,,,cherisse.persad@gmail.com
SRC0066,6,EVT0099,VIS00216,,Cancer bellianus,12,individuals,Imagery observation,INCLUDE,,,,,,,,,,,,,,,cherisse.persad@gmail.com
SRC0066,7,EVT0099,VIS00216,,Paromola cuvieri,3,individuals,Imagery observation,INCLUDE,,,,,,,,,,,,,,,cherisse.persad@gmail.com
SRC0066,8,EVT0099,VIS00216,,Helicolenus dactylopterus,3,individuals,Imagery observation,INCLUDE,,,,,,,,,,,,,,,cherisse.persad@gmail.com
SRC0066,9,EVT0099,VIS00216,,Synaphobranchus sp.,4,individuals,Imagery observation,INCLUDE,,,,,,,,,,,,,,,cherisse.persad@gmail.com
SRC0066,10,EVT0099,VIS00217,,Cancer bellianus,8,individuals,Imagery observation,INCLUDE,,,,,,,,,,,,,,,cherisse.persad@gmail.com
SRC0066,11,EVT0099,VIS00217,,Chaceon affinis,1,individuals,Imagery observation,INCLUDE,,,,,,,,,,,,,,,cherisse.persad@gmail.com
SRC0066,12,EVT0099,VIS00217,,Paromola cuvieri,,,Imagery observation,INCLUDE,,,,,,,,,,,,,,,cherisse.persad@gmail.com
SRC0066,13,EVT0099,VIS00217,,Lepidopus caudatus,10,individuals,Imagery observation,INCLUDE,,,,,,,,,,,,,,,cherisse.persad@gmail.com
SRC0066,14,EVT0099,VIS00217,,Euphausiacea,,,Imagery observation,INCLUDE,,,,,,,,,,,,,,,cherisse.persad@gmail.com
SRC0066,15,EVT0099,VIS00217,,Amphipoda,,,Imagery observation,INCLUDE,,,,,,,,,,,,,,,cherisse.persad@gmail.com
SRC0066,16,EVT0099,VIS00217,,Polychaeta msp. 1,,,Imagery observation,INCLUDE,,,,,,,,,,,,,,,cherisse.persad@gmail.com
SRC0066,17,EVT0099,VIS00217,,Polychaeta msp. 2,,,Imagery observation,INCLUDE,,,,,,,,,,,,,,,cherisse.persad@gmail.com
SRC0066,18,EVT0099,VIS00217,,Polychaeta msp. 3,,,Imagery observation,INCLUDE,,,,,,,,,,,,,,,cherisse.persad@gmail.com
SRC0066,19,EVT0099,VIS00217,,Osedax sp. 1,,,Imagery observation,INCLUDE,,,,,,,,,,,,,,,cherisse.persad@gmail.com
SRC0066,20,EVT0099,VIS00218,,Cancer bellianus,19,individuals,Imagery observation,INCLUDE,,,,,,,,,,,,,,,cherisse.persad@gmail.com
SRC0066,21,EVT0099,VIS00218,,Chaceon affinis,2,individuals,Imagery observation,INCLUDE,,,,,,,,,,,,,,,cherisse.persad@gmail.com
SRC0066,22,EVT0099,VIS00218,,Paromola cuvieri,3,individuals,Imagery observation,INCLUDE,,,,,,,,,,,,,,,cherisse.persad@gmail.com
SRC0066,23,EVT0099,VIS00218,,Osedax sp. 1,,,Imagery observation,INCLUDE,,,,,,,,,,,,,,,cherisse.persad@gmail.com
SRC0066,24,EVT0099,VIS00218,,Osedax sp. 2,,,Imagery observation,INCLUDE,,,,,,,,,,,,,,,cherisse.persad@gmail.com
SRC0066,25,EVT0099,VIS00219,,Cancer bellianus,51,individuals,Imagery observation,INCLUDE,,,,,,,,,,,,,,,cherisse.persad@gmail.com
SRC0066,26,EVT0099,VIS00219,,Paromola cuvieri,12,individuals,Imagery observation,INCLUDE,,,,,,,,,,,,,,,cherisse.persad@gmail.com
SRC0066,27,EVT0099,VIS00219,,Phycis sp.,2,individuals,Imagery observation,INCLUDE,,,,,,,,,,,,,,,cherisse.persad@gmail.com
SRC0066,28,EVT0099,VIS00219,,Helicolenus dactylopterus,3,individuals,Imagery observation,INCLUDE,,,,,,,,,,,,,,,cherisse.persad@gmail.com
SRC0066,29,EVT0099,VIS00219,,Osedax sp. 1,,,Imagery observation,INCLUDE,,,,,,,,,,,,,,,cherisse.persad@gmail.com
SRC0066,30,EVT0099,VIS00219,,Osedax sp. 2,,,Imagery observation,INCLUDE,,,,,,,,,,,,,,,cherisse.persad@gmail.com
SRC0066,31,EVT0099,VIS00220,,Cancer bellianus,7,individuals,Imagery observation,INCLUDE,,,,,,,,,,,,,,,cherisse.persad@gmail.com
SRC0066,32,EVT0099,VIS00220,,Chaceon affinis,2,individuals,Imagery observation,INCLUDE,,,,,,,,,,,,,,,cherisse.persad@gmail.com
SRC0066,33,EVT0099,VIS00220,,Polychaeta msp. 2,,,Imagery observation,INCLUDE,,,,,,,,,,,,,,,cherisse.persad@gmail.com
SRC0066,34,EVT0099,VIS00220,,Polychaeta msp. 3,,,Imagery observation,INCLUDE,,,,,,,,,,,,,,,cherisse.persad@gmail.com
SRC0066,35,EVT0099,VIS00220,,Copepoda,,,Imagery observation,INCLUDE,,,,,,,,,,,,,,,cherisse.persad@gmail.com
SRC0066,36,EVT0099,VIS00220,,Euphausiacea,,,Imagery observation,INCLUDE,,,,,,,,,,,,,,,cherisse.persad@gmail.com
SRC0066,37,EVT0099,VIS00220,,Amphipoda,,,Imagery observation,INCLUDE,,,,,,,,,,,,,,,cherisse.persad@gmail.com
SRC0066,38,EVT0099,VIS00220,,Goniasteridae msp.,,,Imagery observation,INCLUDE,,,,,,,,,,,,,,,cherisse.persad@gmail.com
SRC0066,39,EVT0099,VIS00220,,Lophius sp.,,,Imagery observation,INCLUDE,,,,,,,,,,,,,,,cherisse.persad@gmail.com
SRC0066,40,EVT0099,VIS00220,,Helicolenus dactylopterus,,,Imagery observation,INCLUDE,,,,,,,,,,,,,,,cherisse.persad@gmail.com
SRC0066,41,EVT0099,VIS00220,,Capitella sp. 1,,,Laboratory bone assemblage,INCLUDE,,,,,,,,,,,,,,,cherisse.persad@gmail.com
SRC0066,42,EVT0099,VIS00220,,Capitella sp. 2,,,Laboratory bone assemblage,INCLUDE,,,,,,,,,,,,,,,cherisse.persad@gmail.com
SRC0066,43,EVT0099,VIS00220,,Capitella sp. 3,,,Laboratory bone assemblage,INCLUDE,,,,,,,,,,,,,,,cherisse.persad@gmail.com
SRC0066,44,EVT0099,VIS00220,,Capitella sp. 4,,,Laboratory bone assemblage,INCLUDE,,,,,,,,,,,,,,,cherisse.persad@gmail.com
SRC0066,45,EVT0099,VIS00220,,Capitellid sp. 1,,,Laboratory bone assemblage,INCLUDE,,,,,,,,,,,,,,,cherisse.persad@gmail.com
SRC0066,46,EVT0099,VIS00220,,Ophryotrocha cf. lusa,,,Laboratory bone assemblage,INCLUDE,,,,,,,,,,,,,,,cherisse.persad@gmail.com
SRC0066,47,EVT0099,VIS00220,,Ophryotrocha cf. sadina,,,Laboratory bone assemblage,INCLUDE,,,,,,,,,,,,,,,cherisse.persad@gmail.com
SRC0066,48,EVT0099,VIS00220,,Ophryotrocha sp. 3,,,Laboratory bone assemblage,INCLUDE,,,,,,,,,,,,,,,cherisse.persad@gmail.com
SRC0066,49,EVT0099,VIS00220,,Ophryotrocha sp. 4,,,Laboratory bone assemblage,INCLUDE,,,,,,,,,,,,,,,cherisse.persad@gmail.com
SRC0066,50,EVT0099,VIS00220,,Chrysopetalidae sp.,,,Laboratory bone assemblage,INCLUDE,,,,,,,,,,,,,,,cherisse.persad@gmail.com
SRC0066,51,EVT0099,VIS00220,,Pleijelius sp.,,,Laboratory bone assemblage,INCLUDE,,,,,,,,,,,,,,,cherisse.persad@gmail.com
SRC0066,52,EVT0099,VIS00220,,Sirsoe (syn. Vrijenhoekia) sp.,,,Laboratory bone assemblage,INCLUDE,,,,,,,,,,,,,,,cherisse.persad@gmail.com
SRC0066,53,EVT0099,VIS00220,,Protodrilus sp.,,,Laboratory bone assemblage,INCLUDE,,,,,,,,,,,,,,,cherisse.persad@gmail.com
SRC0066,54,EVT0099,VIS00220,,Mytilidae sp.,,,Laboratory bone assemblage,INCLUDE,,,,,,,,,,,,,,,cherisse.persad@gmail.com
SRC0066,55,EVT0099,VIS00220,,Bivalvia sp.,,,Laboratory bone assemblage,INCLUDE,,,,,,,,,,,,,,,cherisse.persad@gmail.com
SRC0066,56,EVT0099,VIS00220,,Gastropoda sp. 1,,,Laboratory bone assemblage,INCLUDE,,,,,,,,,,,,,,,cherisse.persad@gmail.com
SRC0066,57,EVT0099,VIS00220,,Gastropoda sp. 2,,,Laboratory bone assemblage,INCLUDE,,,,,,,,,,,,,,,cherisse.persad@gmail.com
SRC0066,58,EVT0099,VIS00220,,Gastropoda sp. 3,,,Laboratory bone assemblage,INCLUDE,,,,,,,,,,,,,,,cherisse.persad@gmail.com
SRC0066,59,EVT0099,VIS00220,,Gastropoda sp. 4,,,Laboratory bone assemblage,INCLUDE,,,,,,,,,,,,,,,cherisse.persad@gmail.com
SRC0066,60,EVT0099,VIS00220,,Gastropoda sp. 5,,,Laboratory bone assemblage,INCLUDE,,,,,,,,,,,,,,,cherisse.persad@gmail.com
SRC0066,61,EVT0099,VIS00220,,Harpaticoida sp.,,,Laboratory bone assemblage,INCLUDE,,,,,,,,,,,,,,,cherisse.persad@gmail.com
SRC0066,62,EVT0099,VIS00220,,Leptostraca sp.,,,Laboratory bone assemblage,INCLUDE,,,,,,,,,,,,,,,cherisse.persad@gmail.com
SRC0066,63,EVT0099,VIS00220,,Polycladida sp.,,,Laboratory bone assemblage,INCLUDE,,,,,,,,,,,,,,,cherisse.persad@gmail.com
SRC0066,64,EVT0099,VIS00220,,Nematoda spp.,,,Laboratory bone assemblage,INCLUDE,,,,,,,,,,,,,,,cherisse.persad@gmail.com
SRC0086,1,EVT0974,VIS00221,,Flabelligella cf. macrochaeta,2.67,mean individuals per mesh bin,published mean abundance,INCLUDE,,,,,,,,,,,,,,,jmalfarolucas@gmail.com
SRC0086,2,EVT0975,VIS00223,,Flabelligella cf. macrochaeta,0.33,mean individuals per mesh bin,published mean abundance,INCLUDE,,,,,,,,,,,,,,,jmalfarolucas@gmail.com
SRC0086,3,EVT0111,VIS00222,,Anobothrus apaleatus,0.33,mean individuals per mesh bin,published mean abundance,INCLUDE,,,,,,,,,,,,,,,jmalfarolucas@gmail.com
SRC0086,4,EVT0976,VIS00225,,Anobothrus apaleatus,2,mean individuals per mesh bin,published mean abundance,INCLUDE,,,,,,,,,,,,,,,jmalfarolucas@gmail.com
SRC0086,5,EVT0976,VIS00225,,Ampharetid sp. 21,0.33,mean individuals per mesh bin,published mean abundance,INCLUDE,,,,,,,,,,,,,,,jmalfarolucas@gmail.com
SRC0086,6,EVT0974,VIS00221,,Ampharetid sp. 22,288,mean individuals per mesh bin,published mean abundance,INCLUDE,,,,,,,,,,,,,,,jmalfarolucas@gmail.com
SRC0086,7,EVT0975,VIS00223,,Ampharetid sp. 22,16.67,mean individuals per mesh bin,published mean abundance,INCLUDE,,,,,,,,,,,,,,,jmalfarolucas@gmail.com
SRC0086,8,EVT0112,VIS00224,,Ampharetid sp. 22,0.33,mean individuals per mesh bin,published mean abundance,INCLUDE,,,,,,,,,,,,,,,jmalfarolucas@gmail.com
SRC0086,9,EVT0976,VIS00225,,Ampharetid sp. 22,1.33,mean individuals per mesh bin,published mean abundance,INCLUDE,,,,,,,,,,,,,,,jmalfarolucas@gmail.com
SRC0086,10,EVT0113,VIS00226,,Ampharetid sp. 22,0.33,mean individuals per mesh bin,published mean abundance,INCLUDE,,,,,,,,,,,,,,,jmalfarolucas@gmail.com
SRC0086,11,EVT0974,VIS00221,,Decemunciger sp.,918.33,mean individuals per mesh bin,published mean abundance,INCLUDE,,,,,,,,,,,,,,,jmalfarolucas@gmail.com
SRC0086,12,EVT0111,VIS00222,,Decemunciger sp.,0.67,mean individuals per mesh bin,published mean abundance,INCLUDE,,,,,,,,,,,,,,,jmalfarolucas@gmail.com
SRC0086,13,EVT0975,VIS00223,,Decemunciger sp.,40,mean individuals per mesh bin,published mean abundance,INCLUDE,,,,,,,,,,,,,,,jmalfarolucas@gmail.com
SRC0086,14,EVT0976,VIS00225,,Decemunciger sp.,11.33,mean individuals per mesh bin,published mean abundance,INCLUDE,,,,,,,,,,,,,,,jmalfarolucas@gmail.com
SRC0086,15,EVT0977,VIS00227,,Decemunciger sp.,0.33,mean individuals per mesh bin,published mean abundance,INCLUDE,,,,,,,,,,,,,,,jmalfarolucas@gmail.com
SRC0086,16,EVT0976,VIS00225,,Sosane sp. A,0.33,mean individuals per mesh bin,published mean abundance,INCLUDE,,,,,,,,,,,,,,,jmalfarolucas@gmail.com
SRC0086,17,EVT0974,VIS00221,,Capitella cf. capitata,9.33,mean individuals per mesh bin,published mean abundance,INCLUDE,,,,,,,,,,,,,,,jmalfarolucas@gmail.com
SRC0086,18,EVT0111,VIS00222,,Capitella cf. capitata,1,mean individuals per mesh bin,published mean abundance,INCLUDE,,,,,,,,,,,,,,,jmalfarolucas@gmail.com
SRC0086,19,EVT0975,VIS00223,,Capitella cf. capitata,3,mean individuals per mesh bin,published mean abundance,INCLUDE,,,,,,,,,,,,,,,jmalfarolucas@gmail.com
SRC0086,20,EVT0112,VIS00224,,Capitella cf. capitata,6,mean individuals per mesh bin,published mean abundance,INCLUDE,,,,,,,,,,,,,,,jmalfarolucas@gmail.com
SRC0086,21,EVT0976,VIS00225,,Capitella cf. capitata,12.67,mean individuals per mesh bin,published mean abundance,INCLUDE,,,,,,,,,,,,,,,jmalfarolucas@gmail.com
SRC0086,22,EVT0977,VIS00227,,Capitella cf. capitata,1,mean individuals per mesh bin,published mean abundance,INCLUDE,,,,,,,,,,,,,,,jmalfarolucas@gmail.com
SRC0086,23,EVT0114,VIS00228,,Capitella cf. capitata,8,mean individuals per mesh bin,published mean abundance,INCLUDE,,,,,,,,,,,,,,,jmalfarolucas@gmail.com
SRC0086,24,EVT0974,VIS00221,,Capitella cf. ovincola,0.33,mean individuals per mesh bin,published mean abundance,INCLUDE,,,,,,,,,,,,,,,jmalfarolucas@gmail.com
SRC0086,25,EVT0111,VIS00222,,Capitella cf. ovincola,2,mean individuals per mesh bin,published mean abundance,INCLUDE,,,,,,,,,,,,,,,jmalfarolucas@gmail.com
SRC0086,26,EVT0975,VIS00223,,Capitella cf. ovincola,1,mean individuals per mesh bin,published mean abundance,INCLUDE,,,,,,,,,,,,,,,jmalfarolucas@gmail.com
SRC0086,27,EVT0112,VIS00224,,Capitella cf. ovincola,9,mean individuals per mesh bin,published mean abundance,INCLUDE,,,,,,,,,,,,,,,jmalfarolucas@gmail.com
SRC0086,28,EVT0976,VIS00225,,Capitella cf. ovincola,4,mean individuals per mesh bin,published mean abundance,INCLUDE,,,,,,,,,,,,,,,jmalfarolucas@gmail.com
SRC0086,29,EVT0114,VIS00228,,Capitella cf. ovincola,5,mean individuals per mesh bin,published mean abundance,INCLUDE,,,,,,,,,,,,,,,jmalfarolucas@gmail.com
SRC0086,30,EVT0976,VIS00225,,Capitellid sp. 10,1.33,mean individuals per mesh bin,published mean abundance,INCLUDE,,,,,,,,,,,,,,,jmalfarolucas@gmail.com
SRC0086,31,EVT0113,VIS00226,,Capitellid sp. 10,1,mean individuals per mesh bin,published mean abundance,INCLUDE,,,,,,,,,,,,,,,jmalfarolucas@gmail.com
SRC0086,32,EVT0977,VIS00227,,Capitellid sp. 10,1.67,mean individuals per mesh bin,published mean abundance,INCLUDE,,,,,,,,,,,,,,,jmalfarolucas@gmail.com
SRC0086,33,EVT0114,VIS00228,,Capitellid sp. 10,2.33,mean individuals per mesh bin,published mean abundance,INCLUDE,,,,,,,,,,,,,,,jmalfarolucas@gmail.com
SRC0086,34,EVT0976,VIS00225,,Chaetozone sp. B,2.67,mean individuals per mesh bin,published mean abundance,INCLUDE,,,,,,,,,,,,,,,jmalfarolucas@gmail.com
SRC0086,35,EVT0974,VIS00221,,Cirratulid sp. 14,0.33,mean individuals per mesh bin,published mean abundance,INCLUDE,,,,,,,,,,,,,,,jmalfarolucas@gmail.com
SRC0086,36,EVT0974,VIS00221,,Dorvilleid sp. 15,2.67,mean individuals per mesh bin,published mean abundance,INCLUDE,,,,,,,,,,,,,,,jmalfarolucas@gmail.com
SRC0086,37,EVT0111,VIS00222,,Dorvilleid sp. 15,11.33,mean individuals per mesh bin,published mean abundance,INCLUDE,,,,,,,,,,,,,,,jmalfarolucas@gmail.com
SRC0086,38,EVT0975,VIS00223,,Dorvilleid sp. 15,1.67,mean individuals per mesh bin,published mean abundance,INCLUDE,,,,,,,,,,,,,,,jmalfarolucas@gmail.com
SRC0086,39,EVT0112,VIS00224,,Dorvilleid sp. 15,1.33,mean individuals per mesh bin,published mean abundance,INCLUDE,,,,,,,,,,,,,,,jmalfarolucas@gmail.com
SRC0086,40,EVT0976,VIS00225,,Dorvilleid sp. 15,25.67,mean individuals per mesh bin,published mean abundance,INCLUDE,,,,,,,,,,,,,,,jmalfarolucas@gmail.com
SRC0086,41,EVT0113,VIS00226,,Dorvilleid sp. 15,19.33,mean individuals per mesh bin,published mean abundance,INCLUDE,,,,,,,,,,,,,,,jmalfarolucas@gmail.com
SRC0086,42,EVT0114,VIS00228,,Dorvilleid sp. 15,1.33,mean individuals per mesh bin,published mean abundance,INCLUDE,,,,,,,,,,,,,,,jmalfarolucas@gmail.com
SRC0086,43,EVT0974,VIS00221,,Dorvilleid sp. 32,1.33,mean individuals per mesh bin,published mean abundance,INCLUDE,,,,,,,,,,,,,,,jmalfarolucas@gmail.com
SRC0086,44,EVT0113,VIS00226,,Dorvilleid sp. 39,1,mean individuals per mesh bin,published mean abundance,INCLUDE,,,,,,,,,,,,,,,jmalfarolucas@gmail.com
SRC0086,45,EVT0974,VIS00221,,Dorvilleid sp. 54,3,mean individuals per mesh bin,published mean abundance,INCLUDE,,,,,,,,,,,,,,,jmalfarolucas@gmail.com
SRC0086,46,EVT0111,VIS00222,,Dorvilleid sp. 54,4,mean individuals per mesh bin,published mean abundance,INCLUDE,,,,,,,,,,,,,,,jmalfarolucas@gmail.com
SRC0086,47,EVT0975,VIS00223,,Dorvilleid sp. 54,3,mean individuals per mesh bin,published mean abundance,INCLUDE,,,,,,,,,,,,,,,jmalfarolucas@gmail.com
SRC0086,48,EVT0112,VIS00224,,Dorvilleid sp. 54,0.67,mean individuals per mesh bin,published mean abundance,INCLUDE,,,,,,,,,,,,,,,jmalfarolucas@gmail.com
SRC0086,49,EVT0976,VIS00225,,Dorvilleid sp. 54,0.67,mean individuals per mesh bin,published mean abundance,INCLUDE,,,,,,,,,,,,,,,jmalfarolucas@gmail.com
SRC0086,50,EVT0113,VIS00226,,Dorvilleid sp. 54,0.67,mean individuals per mesh bin,published mean abundance,INCLUDE,,,,,,,,,,,,,,,jmalfarolucas@gmail.com
SRC0086,51,EVT0977,VIS00227,,Dorvilleid sp. 54,0.67,mean individuals per mesh bin,published mean abundance,INCLUDE,,,,,,,,,,,,,,,jmalfarolucas@gmail.com
SRC0086,52,EVT0114,VIS00228,,Dorvilleid sp. 54,0.33,mean individuals per mesh bin,published mean abundance,INCLUDE,,,,,,,,,,,,,,,jmalfarolucas@gmail.com
SRC0086,53,EVT0976,VIS00225,,Dorvilleid sp. 55,105,mean individuals per mesh bin,published mean abundance,INCLUDE,,,,,,,,,,,,,,,jmalfarolucas@gmail.com
SRC0086,54,EVT0974,VIS00221,,Dorvilleid sp. 56,0.33,mean individuals per mesh bin,published mean abundance,INCLUDE,,,,,,,,,,,,,,,jmalfarolucas@gmail.com
SRC0086,55,EVT0111,VIS00222,,Dorvilleid sp. 56,0.67,mean individuals per mesh bin,published mean abundance,INCLUDE,,,,,,,,,,,,,,,jmalfarolucas@gmail.com
SRC0086,56,EVT0111,VIS00222,,Dorvilleid sp. 58,0.33,mean individuals per mesh bin,published mean abundance,INCLUDE,,,,,,,,,,,,,,,jmalfarolucas@gmail.com
SRC0086,57,EVT0974,VIS00221,,Ophryotrocha batillus,81,mean individuals per mesh bin,published mean abundance,INCLUDE,,,,,,,,,,,,,,,jmalfarolucas@gmail.com
SRC0086,58,EVT0111,VIS00222,,Ophryotrocha batillus,277.67,mean individuals per mesh bin,published mean abundance,INCLUDE,,,,,,,,,,,,,,,jmalfarolucas@gmail.com
SRC0086,59,EVT0975,VIS00223,,Ophryotrocha batillus,14.33,mean individuals per mesh bin,published mean abundance,INCLUDE,,,,,,,,,,,,,,,jmalfarolucas@gmail.com
SRC0086,60,EVT0112,VIS00224,,Ophryotrocha batillus,9.67,mean individuals per mesh bin,published mean abundance,INCLUDE,,,,,,,,,,,,,,,jmalfarolucas@gmail.com
SRC0086,61,EVT0976,VIS00225,,Ophryotrocha batillus,430,mean individuals per mesh bin,published mean abundance,INCLUDE,,,,,,,,,,,,,,,jmalfarolucas@gmail.com
SRC0086,62,EVT0113,VIS00226,,Ophryotrocha batillus,13,mean individuals per mesh bin,published mean abundance,INCLUDE,,,,,,,,,,,,,,,jmalfarolucas@gmail.com
SRC0086,63,EVT0977,VIS00227,,Ophryotrocha batillus,2.33,mean individuals per mesh bin,published mean abundance,INCLUDE,,,,,,,,,,,,,,,jmalfarolucas@gmail.com
SRC0086,64,EVT0114,VIS00228,,Ophryotrocha batillus,18,mean individuals per mesh bin,published mean abundance,INCLUDE,,,,,,,,,,,,,,,jmalfarolucas@gmail.com
SRC0086,65,EVT0111,VIS00222,,Ophryotrocha craigsmithi,0.33,mean individuals per mesh bin,published mean abundance,INCLUDE,,,,,,,,,,,,,,,jmalfarolucas@gmail.com
SRC0086,66,EVT0974,VIS00221,,Ophryotrocha langstrumpae,13897,mean individuals per mesh bin,published mean abundance,INCLUDE,,,,,,,,,,,,,,,jmalfarolucas@gmail.com
SRC0086,67,EVT0111,VIS00222,,Ophryotrocha langstrumpae,6,mean individuals per mesh bin,published mean abundance,INCLUDE,,,,,,,,,,,,,,,jmalfarolucas@gmail.com
SRC0086,68,EVT0975,VIS00223,,Ophryotrocha langstrumpae,84.67,mean individuals per mesh bin,published mean abundance,INCLUDE,,,,,,,,,,,,,,,jmalfarolucas@gmail.com
SRC0086,69,EVT0976,VIS00225,,Ophryotrocha langstrumpae,83.67,mean individuals per mesh bin,published mean abundance,INCLUDE,,,,,,,,,,,,,,,jmalfarolucas@gmail.com
SRC0086,70,EVT0113,VIS00226,,Ophryotrocha langstrumpae,0.33,mean individuals per mesh bin,published mean abundance,INCLUDE,,,,,,,,,,,,,,,jmalfarolucas@gmail.com
SRC0086,71,EVT0114,VIS00228,,Ophryotrocha langstrumpae,0.33,mean individuals per mesh bin,published mean abundance,INCLUDE,,,,,,,,,,,,,,,jmalfarolucas@gmail.com
SRC0086,72,EVT0976,VIS00225,,Ophryotrocha longicollaris,0.33,mean individuals per mesh bin,published mean abundance,INCLUDE,,,,,,,,,,,,,,,jmalfarolucas@gmail.com
SRC0086,73,EVT0113,VIS00226,,Ophryotrocha longicollaris,0.33,mean individuals per mesh bin,published mean abundance,INCLUDE,,,,,,,,,,,,,,,jmalfarolucas@gmail.com
SRC0086,74,EVT0977,VIS00227,,Ophryotrocha longicollaris,1,mean individuals per mesh bin,published mean abundance,INCLUDE,,,,,,,,,,,,,,,jmalfarolucas@gmail.com
SRC0086,75,EVT0974,VIS00221,,Ophryotrocha magnadentata,2,mean individuals per mesh bin,published mean abundance,INCLUDE,,,,,,,,,,,,,,,jmalfarolucas@gmail.com
SRC0086,76,EVT0111,VIS00222,,Ophryotrocha magnadentata,7.33,mean individuals per mesh bin,published mean abundance,INCLUDE,,,,,,,,,,,,,,,jmalfarolucas@gmail.com
SRC0086,77,EVT0975,VIS00223,,Ophryotrocha magnadentata,2.67,mean individuals per mesh bin,published mean abundance,INCLUDE,,,,,,,,,,,,,,,jmalfarolucas@gmail.com
SRC0086,78,EVT0112,VIS00224,,Ophryotrocha magnadentata,0.33,mean individuals per mesh bin,published mean abundance,INCLUDE,,,,,,,,,,,,,,,jmalfarolucas@gmail.com
SRC0086,79,EVT0111,VIS00222,,Parophryotrocha sp. A,28.33,mean individuals per mesh bin,published mean abundance,INCLUDE,,,,,,,,,,,,,,,jmalfarolucas@gmail.com
SRC0086,80,EVT0975,VIS00223,,Parophryotrocha sp. A,0.33,mean individuals per mesh bin,published mean abundance,INCLUDE,,,,,,,,,,,,,,,jmalfarolucas@gmail.com
SRC0086,81,EVT0112,VIS00224,,Parophryotrocha sp. A,0.33,mean individuals per mesh bin,published mean abundance,INCLUDE,,,,,,,,,,,,,,,jmalfarolucas@gmail.com
SRC0086,82,EVT0976,VIS00225,,Parophryotrocha sp. A,0.33,mean individuals per mesh bin,published mean abundance,INCLUDE,,,,,,,,,,,,,,,jmalfarolucas@gmail.com
SRC0086,83,EVT0113,VIS00226,,Parophryotrocha sp. A,601.67,mean individuals per mesh bin,published mean abundance,INCLUDE,,,,,,,,,,,,,,,jmalfarolucas@gmail.com
SRC0086,84,EVT0114,VIS00228,,Parophryotrocha sp. A,193.67,mean individuals per mesh bin,published mean abundance,INCLUDE,,,,,,,,,,,,,,,jmalfarolucas@gmail.com
SRC0086,85,EVT0975,VIS00223,,Flabelligerid sp. 7,0.33,mean individuals per mesh bin,published mean abundance,INCLUDE,,,,,,,,,,,,,,,jmalfarolucas@gmail.com
SRC0086,86,EVT0974,VIS00221,,Gyptis sp. A,0.33,mean individuals per mesh bin,published mean abundance,INCLUDE,,,,,,,,,,,,,,,jmalfarolucas@gmail.com
SRC0086,87,EVT0111,VIS00222,,Gyptis sp. A,2.67,mean individuals per mesh bin,published mean abundance,INCLUDE,,,,,,,,,,,,,,,jmalfarolucas@gmail.com
SRC0086,88,EVT0113,VIS00226,,Gyptis sp. A,1,mean individuals per mesh bin,published mean abundance,INCLUDE,,,,,,,,,,,,,,,jmalfarolucas@gmail.com
SRC0086,89,EVT0974,VIS00221,,Hesiocaeca sp. A,1.33,mean individuals per mesh bin,published mean abundance,INCLUDE,,,,,,,,,,,,,,,jmalfarolucas@gmail.com
SRC0086,90,EVT0111,VIS00222,,Hesiocaeca sp. A,0.33,mean individuals per mesh bin,published mean abundance,INCLUDE,,,,,,,,,,,,,,,jmalfarolucas@gmail.com
SRC0086,91,EVT0976,VIS00225,,Hesiocaeca sp. A,0.67,mean individuals per mesh bin,published mean abundance,INCLUDE,,,,,,,,,,,,,,,jmalfarolucas@gmail.com
SRC0086,92,EVT0977,VIS00227,,Hesiocaeca sp. A,0.67,mean individuals per mesh bin,published mean abundance,INCLUDE,,,,,,,,,,,,,,,jmalfarolucas@gmail.com
SRC0086,93,EVT0114,VIS00228,,Hesiocaeca sp. A,0.33,mean individuals per mesh bin,published mean abundance,INCLUDE,,,,,,,,,,,,,,,jmalfarolucas@gmail.com
SRC0086,94,EVT0111,VIS00222,,Hesiopina cf. aurantiaca,0.33,mean individuals per mesh bin,published mean abundance,INCLUDE,,,,,,,,,,,,,,,jmalfarolucas@gmail.com
SRC0086,95,EVT0976,VIS00225,,Hesiopina cf. aurantiaca,0.33,mean individuals per mesh bin,published mean abundance,INCLUDE,,,,,,,,,,,,,,,jmalfarolucas@gmail.com
SRC0086,96,EVT0974,VIS00221,,Sirsoe cf. hessleri,0.33,mean individuals per mesh bin,published mean abundance,INCLUDE,,,,,,,,,,,,,,,jmalfarolucas@gmail.com
SRC0086,97,EVT0975,VIS00223,,Sirsoe cf. hessleri,4,mean individuals per mesh bin,published mean abundance,INCLUDE,,,,,,,,,,,,,,,jmalfarolucas@gmail.com
SRC0086,98,EVT0112,VIS00224,,Sirsoe cf. hessleri,0.33,mean individuals per mesh bin,published mean abundance,INCLUDE,,,,,,,,,,,,,,,jmalfarolucas@gmail.com
SRC0086,99,EVT0976,VIS00225,,Sirsoe cf. hessleri,1,mean individuals per mesh bin,published mean abundance,INCLUDE,,,,,,,,,,,,,,,jmalfarolucas@gmail.com
SRC0086,100,EVT0113,VIS00226,,Sirsoe cf. hessleri,1.33,mean individuals per mesh bin,published mean abundance,INCLUDE,,,,,,,,,,,,,,,jmalfarolucas@gmail.com
SRC0086,101,EVT0977,VIS00227,,Sirsoe cf. hessleri,0.67,mean individuals per mesh bin,published mean abundance,INCLUDE,,,,,,,,,,,,,,,jmalfarolucas@gmail.com
SRC0086,102,EVT0974,VIS00221,,Vrijenhoekia balaenophila,1.33,mean individuals per mesh bin,published mean abundance,INCLUDE,,,,,,,,,,,,,,,jmalfarolucas@gmail.com
SRC0086,103,EVT0111,VIS00222,,Vrijenhoekia balaenophila,0.33,mean individuals per mesh bin,published mean abundance,INCLUDE,,,,,,,,,,,,,,,jmalfarolucas@gmail.com
SRC0086,104,EVT0112,VIS00224,,Vrijenhoekia balaenophila,0.33,mean individuals per mesh bin,published mean abundance,INCLUDE,,,,,,,,,,,,,,,jmalfarolucas@gmail.com
SRC0086,105,EVT0976,VIS00225,,Vrijenhoekia balaenophila,4.33,mean individuals per mesh bin,published mean abundance,INCLUDE,,,,,,,,,,,,,,,jmalfarolucas@gmail.com
SRC0086,106,EVT0113,VIS00226,,Vrijenhoekia balaenophila,12.67,mean individuals per mesh bin,published mean abundance,INCLUDE,,,,,,,,,,,,,,,jmalfarolucas@gmail.com
SRC0086,107,EVT0114,VIS00228,,Vrijenhoekia balaenophila,4.33,mean individuals per mesh bin,published mean abundance,INCLUDE,,,,,,,,,,,,,,,jmalfarolucas@gmail.com
SRC0086,108,EVT0111,VIS00222,,Maldane sp. A,0.33,mean individuals per mesh bin,published mean abundance,INCLUDE,,,,,,,,,,,,,,,jmalfarolucas@gmail.com
SRC0086,109,EVT0974,VIS00221,,Nereidid sp. 6,1.33,mean individuals per mesh bin,published mean abundance,INCLUDE,,,,,,,,,,,,,,,jmalfarolucas@gmail.com
SRC0086,110,EVT0111,VIS00222,,Nereidid sp. 6,0.33,mean individuals per mesh bin,published mean abundance,INCLUDE,,,,,,,,,,,,,,,jmalfarolucas@gmail.com
SRC0086,111,EVT0975,VIS00223,,Nereidid sp. 6,0.33,mean individuals per mesh bin,published mean abundance,INCLUDE,,,,,,,,,,,,,,,jmalfarolucas@gmail.com
SRC0086,112,EVT0114,VIS00228,,Nereidid sp. 6,1.67,mean individuals per mesh bin,published mean abundance,INCLUDE,,,,,,,,,,,,,,,jmalfarolucas@gmail.com
SRC0086,113,EVT0976,VIS00225,,Opheliid sp. 4,0.33,mean individuals per mesh bin,published mean abundance,INCLUDE,,,,,,,,,,,,,,,jmalfarolucas@gmail.com
SRC0086,114,EVT0976,VIS00225,,Opheliid sp. 5,0.33,mean individuals per mesh bin,published mean abundance,INCLUDE,,,,,,,,,,,,,,,jmalfarolucas@gmail.com
SRC0086,115,EVT0112,VIS00224,,Aricidea cf. rubra,0.33,mean individuals per mesh bin,published mean abundance,INCLUDE,,,,,,,,,,,,,,,jmalfarolucas@gmail.com
SRC0086,116,EVT0974,VIS00221,,Sige brunnea,0.33,mean individuals per mesh bin,published mean abundance,INCLUDE,,,,,,,,,,,,,,,jmalfarolucas@gmail.com
SRC0086,117,EVT0974,VIS00221,,Harmothoe cf. fragilis,2.67,mean individuals per mesh bin,published mean abundance,INCLUDE,,,,,,,,,,,,,,,jmalfarolucas@gmail.com
SRC0086,118,EVT0111,VIS00222,,Harmothoe cf. fragilis,1.67,mean individuals per mesh bin,published mean abundance,INCLUDE,,,,,,,,,,,,,,,jmalfarolucas@gmail.com
SRC0086,119,EVT0975,VIS00223,,Harmothoe cf. fragilis,0.67,mean individuals per mesh bin,published mean abundance,INCLUDE,,,,,,,,,,,,,,,jmalfarolucas@gmail.com
SRC0086,120,EVT0112,VIS00224,,Harmothoe cf. fragilis,0.67,mean individuals per mesh bin,published mean abundance,INCLUDE,,,,,,,,,,,,,,,jmalfarolucas@gmail.com
SRC0086,121,EVT0974,VIS00221,,Peinaleopolynoe santacatalina,0.33,mean individuals per mesh bin,published mean abundance,INCLUDE,,,,,,,,,,,,,,,jmalfarolucas@gmail.com
SRC0086,122,EVT0975,VIS00223,,Peinaleopolynoe santacatalina,0.33,mean individuals per mesh bin,published mean abundance,INCLUDE,,,,,,,,,,,,,,,jmalfarolucas@gmail.com
SRC0086,123,EVT0976,VIS00225,,Peinaleopolynoe santacatalina,0.33,mean individuals per mesh bin,published mean abundance,INCLUDE,,,,,,,,,,,,,,,jmalfarolucas@gmail.com
SRC0086,124,EVT0977,VIS00227,,Peinaleopolynoe santacatalina,0.67,mean individuals per mesh bin,published mean abundance,INCLUDE,,,,,,,,,,,,,,,jmalfarolucas@gmail.com
SRC0086,125,EVT0114,VIS00228,,Peinaleopolynoe santacatalina,0.67,mean individuals per mesh bin,published mean abundance,INCLUDE,,,,,,,,,,,,,,,jmalfarolucas@gmail.com
SRC0086,126,EVT0975,VIS00223,,Serpulid sp. 1,0.67,mean individuals per mesh bin,published mean abundance,INCLUDE,,,,,,,,,,,,,,,jmalfarolucas@gmail.com
SRC0086,127,EVT0111,VIS00222,,Osedax rubiplumus,2.67,mean individuals per mesh bin,published mean abundance,INCLUDE,,,,,,,,,,,,,,,jmalfarolucas@gmail.com
SRC0086,128,EVT0111,VIS00222,,Osedax sp. B,9.33,mean individuals per mesh bin,published mean abundance,INCLUDE,,,,,,,,,,,,,,,jmalfarolucas@gmail.com
SRC0086,129,EVT0112,VIS00224,,Osedax sp. B,7.33,mean individuals per mesh bin,published mean abundance,INCLUDE,,,,,,,,,,,,,,,jmalfarolucas@gmail.com
SRC0086,130,EVT0113,VIS00226,,Osedax sp. B,1194.67,mean individuals per mesh bin,published mean abundance,INCLUDE,,,,,,,,,,,,,,,jmalfarolucas@gmail.com
SRC0086,131,EVT0114,VIS00228,,Osedax sp. B,12,mean individuals per mesh bin,published mean abundance,INCLUDE,,,,,,,,,,,,,,,jmalfarolucas@gmail.com
SRC0086,132,EVT0974,VIS00221,,Sphaerodorid sp. 1,1.33,mean individuals per mesh bin,published mean abundance,INCLUDE,,,,,,,,,,,,,,,jmalfarolucas@gmail.com
SRC0086,133,EVT0113,VIS00226,,Aurospio cf. dibranchiata,0.33,mean individuals per mesh bin,published mean abundance,INCLUDE,,,,,,,,,,,,,,,jmalfarolucas@gmail.com
SRC0086,134,EVT0114,VIS00228,,Spionid sp. 13,0.33,mean individuals per mesh bin,published mean abundance,INCLUDE,,,,,,,,,,,,,,,jmalfarolucas@gmail.com
SRC0086,135,EVT0974,VIS00221,,Laonice sp. A,2.33,mean individuals per mesh bin,published mean abundance,INCLUDE,,,,,,,,,,,,,,,jmalfarolucas@gmail.com
SRC0086,136,EVT0111,VIS00222,,Laonice sp. A,6.33,mean individuals per mesh bin,published mean abundance,INCLUDE,,,,,,,,,,,,,,,jmalfarolucas@gmail.com
SRC0086,137,EVT0975,VIS00223,,Laonice sp. A,1.67,mean individuals per mesh bin,published mean abundance,INCLUDE,,,,,,,,,,,,,,,jmalfarolucas@gmail.com
SRC0086,138,EVT0112,VIS00224,,Laonice sp. A,2.67,mean individuals per mesh bin,published mean abundance,INCLUDE,,,,,,,,,,,,,,,jmalfarolucas@gmail.com
SRC0086,139,EVT0976,VIS00225,,Laonice sp. A,2,mean individuals per mesh bin,published mean abundance,INCLUDE,,,,,,,,,,,,,,,jmalfarolucas@gmail.com
SRC0086,140,EVT0977,VIS00227,,Laonice sp. A,0.33,mean individuals per mesh bin,published mean abundance,INCLUDE,,,,,,,,,,,,,,,jmalfarolucas@gmail.com
SRC0086,141,EVT0114,VIS00228,,Laonice sp. A,0.67,mean individuals per mesh bin,published mean abundance,INCLUDE,,,,,,,,,,,,,,,jmalfarolucas@gmail.com
SRC0086,142,EVT0977,VIS00227,,Prionospio sp. A,0.33,mean individuals per mesh bin,published mean abundance,INCLUDE,,,,,,,,,,,,,,,jmalfarolucas@gmail.com
SRC0086,143,EVT0114,VIS00228,,Prionospio sp. A,0.67,mean individuals per mesh bin,published mean abundance,INCLUDE,,,,,,,,,,,,,,,jmalfarolucas@gmail.com
SRC0086,144,EVT0976,VIS00225,,Proceraea sp. A,0.33,mean individuals per mesh bin,published mean abundance,INCLUDE,,,,,,,,,,,,,,,jmalfarolucas@gmail.com
SRC0086,145,EVT0974,VIS00221,,Sphaerosyllis sp. A,2,mean individuals per mesh bin,published mean abundance,INCLUDE,,,,,,,,,,,,,,,jmalfarolucas@gmail.com
SRC0086,146,EVT0111,VIS00222,,Sphaerosyllis sp. A,1,mean individuals per mesh bin,published mean abundance,INCLUDE,,,,,,,,,,,,,,,jmalfarolucas@gmail.com
SRC0086,147,EVT0975,VIS00223,,Sphaerosyllis sp. A,0.67,mean individuals per mesh bin,published mean abundance,INCLUDE,,,,,,,,,,,,,,,jmalfarolucas@gmail.com
SRC0086,148,EVT0112,VIS00224,,Sphaerosyllis sp. A,0.33,mean individuals per mesh bin,published mean abundance,INCLUDE,,,,,,,,,,,,,,,jmalfarolucas@gmail.com
SRC0086,149,EVT0976,VIS00225,,Sphaerosyllis sp. A,22.33,mean individuals per mesh bin,published mean abundance,INCLUDE,,,,,,,,,,,,,,,jmalfarolucas@gmail.com
SRC0086,150,EVT0113,VIS00226,,Sphaerosyllis sp. A,0.33,mean individuals per mesh bin,published mean abundance,INCLUDE,,,,,,,,,,,,,,,jmalfarolucas@gmail.com
SRC0086,151,EVT0977,VIS00227,,Sphaerosyllis sp. A,4.67,mean individuals per mesh bin,published mean abundance,INCLUDE,,,,,,,,,,,,,,,jmalfarolucas@gmail.com
SRC0086,152,EVT0114,VIS00228,,Sphaerosyllis sp. A,2,mean individuals per mesh bin,published mean abundance,INCLUDE,,,,,,,,,,,,,,,jmalfarolucas@gmail.com
SRC0086,153,EVT0974,VIS00221,,Terrebellid sp. 8,0.33,mean individuals per mesh bin,published mean abundance,INCLUDE,,,,,,,,,,,,,,,jmalfarolucas@gmail.com
SRC0086,154,EVT0976,VIS00225,,Terrebellid sp. 8,0.33,mean individuals per mesh bin,published mean abundance,INCLUDE,,,,,,,,,,,,,,,jmalfarolucas@gmail.com
SRC0086,155,EVT0974,VIS00221,,Neoamphitrite sp. A,0.67,mean individuals per mesh bin,published mean abundance,INCLUDE,,,,,,,,,,,,,,,jmalfarolucas@gmail.com
SRC0086,156,EVT0111,VIS00222,,Neoamphitrite sp. A,0.33,mean individuals per mesh bin,published mean abundance,INCLUDE,,,,,,,,,,,,,,,jmalfarolucas@gmail.com
SRC0086,157,EVT0111,VIS00222,,Hirudinid sp. A,0.67,mean individuals per mesh bin,published mean abundance,INCLUDE,,,,,,,,,,,,,,,jmalfarolucas@gmail.com
SRC0086,158,EVT0975,VIS00223,,Hirudinid sp. A,1.33,mean individuals per mesh bin,published mean abundance,INCLUDE,,,,,,,,,,,,,,,jmalfarolucas@gmail.com
SRC0086,159,EVT0112,VIS00224,,Hirudinid sp. A,2.67,mean individuals per mesh bin,published mean abundance,INCLUDE,,,,,,,,,,,,,,,jmalfarolucas@gmail.com
SRC0086,160,EVT0113,VIS00226,,Hirudinid sp. A,0.33,mean individuals per mesh bin,published mean abundance,INCLUDE,,,,,,,,,,,,,,,jmalfarolucas@gmail.com
SRC0086,161,EVT0976,VIS00225,,Accedomoera sp. A,703.33,mean individuals per mesh bin,published mean abundance,INCLUDE,,,,,,,,,,,,,,,jmalfarolucas@gmail.com
SRC0086,162,EVT0113,VIS00226,,Accedomoera sp. A,1447,mean individuals per mesh bin,published mean abundance,INCLUDE,,,,,,,,,,,,,,,jmalfarolucas@gmail.com
SRC0086,163,EVT0977,VIS00227,,Accedomoera sp. A,30,mean individuals per mesh bin,published mean abundance,INCLUDE,,,,,,,,,,,,,,,jmalfarolucas@gmail.com
SRC0086,164,EVT0114,VIS00228,,Accedomoera sp. A,72,mean individuals per mesh bin,published mean abundance,INCLUDE,,,,,,,,,,,,,,,jmalfarolucas@gmail.com
SRC0086,165,EVT0111,VIS00222,,Amphipod sp. G,0.67,mean individuals per mesh bin,published mean abundance,INCLUDE,,,,,,,,,,,,,,,jmalfarolucas@gmail.com
SRC0086,166,EVT0113,VIS00226,,Amphipod sp. G,1,mean individuals per mesh bin,published mean abundance,INCLUDE,,,,,,,,,,,,,,,jmalfarolucas@gmail.com
SRC0086,167,EVT0114,VIS00228,,Amphipod sp. G,0.33,mean individuals per mesh bin,published mean abundance,INCLUDE,,,,,,,,,,,,,,,jmalfarolucas@gmail.com
SRC0086,168,EVT0111,VIS00222,,Amphipod sp. H,1.67,mean individuals per mesh bin,published mean abundance,INCLUDE,,,,,,,,,,,,,,,jmalfarolucas@gmail.com
SRC0086,169,EVT0976,VIS00225,,Amphipod sp. H,0.67,mean individuals per mesh bin,published mean abundance,INCLUDE,,,,,,,,,,,,,,,jmalfarolucas@gmail.com
SRC0086,170,EVT0113,VIS00226,,Amphipod sp. H,0.33,mean individuals per mesh bin,published mean abundance,INCLUDE,,,,,,,,,,,,,,,jmalfarolucas@gmail.com
SRC0086,171,EVT0977,VIS00227,,Amphipod sp. H,0.33,mean individuals per mesh bin,published mean abundance,INCLUDE,,,,,,,,,,,,,,,jmalfarolucas@gmail.com
SRC0086,172,EVT0974,VIS00221,,Amphipod sp. K,1.67,mean individuals per mesh bin,published mean abundance,INCLUDE,,,,,,,,,,,,,,,jmalfarolucas@gmail.com
SRC0086,173,EVT0111,VIS00222,,Amphipod sp. K,17.67,mean individuals per mesh bin,published mean abundance,INCLUDE,,,,,,,,,,,,,,,jmalfarolucas@gmail.com
SRC0086,174,EVT0112,VIS00224,,Amphipod sp. K,0.33,mean individuals per mesh bin,published mean abundance,INCLUDE,,,,,,,,,,,,,,,jmalfarolucas@gmail.com
SRC0086,175,EVT0976,VIS00225,,Amphipod sp. K,1.33,mean individuals per mesh bin,published mean abundance,INCLUDE,,,,,,,,,,,,,,,jmalfarolucas@gmail.com
SRC0086,176,EVT0976,VIS00225,,Bathyceradocus sp. A,6,mean individuals per mesh bin,published mean abundance,INCLUDE,,,,,,,,,,,,,,,jmalfarolucas@gmail.com
SRC0086,177,EVT0977,VIS00227,,Bathyceradocus sp. A,3.67,mean individuals per mesh bin,published mean abundance,INCLUDE,,,,,,,,,,,,,,,jmalfarolucas@gmail.com
SRC0086,178,EVT0113,VIS00226,,Euonyx sp. A,0.67,mean individuals per mesh bin,published mean abundance,INCLUDE,,,,,,,,,,,,,,,jmalfarolucas@gmail.com
SRC0086,179,EVT0114,VIS00228,,Euonyx sp. A,0.33,mean individuals per mesh bin,published mean abundance,INCLUDE,,,,,,,,,,,,,,,jmalfarolucas@gmail.com
SRC0086,180,EVT0976,VIS00225,,Isaeid sp. A,1,mean individuals per mesh bin,published mean abundance,INCLUDE,,,,,,,,,,,,,,,jmalfarolucas@gmail.com
SRC0086,181,EVT0114,VIS00228,,Isaeid sp. A,0.67,mean individuals per mesh bin,published mean abundance,INCLUDE,,,,,,,,,,,,,,,jmalfarolucas@gmail.com
SRC0086,182,EVT0974,VIS00221,,Lysianassid sp. A,9.67,mean individuals per mesh bin,published mean abundance,INCLUDE,,,,,,,,,,,,,,,jmalfarolucas@gmail.com
SRC0086,183,EVT0111,VIS00222,,Lysianassid sp. A,20.67,mean individuals per mesh bin,published mean abundance,INCLUDE,,,,,,,,,,,,,,,jmalfarolucas@gmail.com
SRC0086,184,EVT0976,VIS00225,,Lysianassid sp. A,8,mean individuals per mesh bin,published mean abundance,INCLUDE,,,,,,,,,,,,,,,jmalfarolucas@gmail.com
SRC0086,185,EVT0113,VIS00226,,Lysianassid sp. A,0.67,mean individuals per mesh bin,published mean abundance,INCLUDE,,,,,,,,,,,,,,,jmalfarolucas@gmail.com
SRC0086,186,EVT0977,VIS00227,,Lysianassid sp. A,2.67,mean individuals per mesh bin,published mean abundance,INCLUDE,,,,,,,,,,,,,,,jmalfarolucas@gmail.com
SRC0086,187,EVT0974,VIS00221,,Schisturella sp. A,2.67,mean individuals per mesh bin,published mean abundance,INCLUDE,,,,,,,,,,,,,,,jmalfarolucas@gmail.com
SRC0086,188,EVT0111,VIS00222,,Schisturella sp. A,26.67,mean individuals per mesh bin,published mean abundance,INCLUDE,,,,,,,,,,,,,,,jmalfarolucas@gmail.com
SRC0086,189,EVT0113,VIS00226,,Schisturella sp. A,1.33,mean individuals per mesh bin,published mean abundance,INCLUDE,,,,,,,,,,,,,,,jmalfarolucas@gmail.com
SRC0086,190,EVT0977,VIS00227,,Schisturella sp. A,0.67,mean individuals per mesh bin,published mean abundance,INCLUDE,,,,,,,,,,,,,,,jmalfarolucas@gmail.com
SRC0086,191,EVT0114,VIS00228,,Schisturella sp. A,1,mean individuals per mesh bin,published mean abundance,INCLUDE,,,,,,,,,,,,,,,jmalfarolucas@gmail.com
SRC0086,192,EVT0974,VIS00221,,Sebidae sp. A,8.33,mean individuals per mesh bin,published mean abundance,INCLUDE,,,,,,,,,,,,,,,jmalfarolucas@gmail.com
SRC0086,193,EVT0111,VIS00222,,Sebidae sp. A,2,mean individuals per mesh bin,published mean abundance,INCLUDE,,,,,,,,,,,,,,,jmalfarolucas@gmail.com
SRC0086,194,EVT0975,VIS00223,,Sebidae sp. A,1,mean individuals per mesh bin,published mean abundance,INCLUDE,,,,,,,,,,,,,,,jmalfarolucas@gmail.com
SRC0086,195,EVT0976,VIS00225,,Sebidae sp. A,3.67,mean individuals per mesh bin,published mean abundance,INCLUDE,,,,,,,,,,,,,,,jmalfarolucas@gmail.com
SRC0086,196,EVT0113,VIS00226,,Sebidae sp. A,1.33,mean individuals per mesh bin,published mean abundance,INCLUDE,,,,,,,,,,,,,,,jmalfarolucas@gmail.com
SRC0086,197,EVT0977,VIS00227,,Sebidae sp. A,0.67,mean individuals per mesh bin,published mean abundance,INCLUDE,,,,,,,,,,,,,,,jmalfarolucas@gmail.com
SRC0086,198,EVT0114,VIS00228,,Sebidae sp. A,0.33,mean individuals per mesh bin,published mean abundance,INCLUDE,,,,,,,,,,,,,,,jmalfarolucas@gmail.com
SRC0086,199,EVT0974,VIS00221,,Caridean sp. A,0.67,mean individuals per mesh bin,published mean abundance,INCLUDE,,,,,,,,,,,,,,,jmalfarolucas@gmail.com
SRC0086,200,EVT0114,VIS00228,,Cumacean sp. A,0.33,mean individuals per mesh bin,published mean abundance,INCLUDE,,,,,,,,,,,,,,,jmalfarolucas@gmail.com
SRC0086,201,EVT0111,VIS00222,,Paralomis sp. A,0.33,mean individuals per mesh bin,published mean abundance,INCLUDE,,,,,,,,,,,,,,,jmalfarolucas@gmail.com
SRC0086,202,EVT0111,VIS00222,,Galatheid sp. E,0.33,mean individuals per mesh bin,published mean abundance,INCLUDE,,,,,,,,,,,,,,,jmalfarolucas@gmail.com
SRC0086,203,EVT0977,VIS00227,,Munidopsis albatrossae,0.33,mean individuals per mesh bin,published mean abundance,INCLUDE,,,,,,,,,,,,,,,jmalfarolucas@gmail.com
SRC0086,204,EVT0114,VIS00228,,Munidopsis albatrossae,3,mean individuals per mesh bin,published mean abundance,INCLUDE,,,,,,,,,,,,,,,jmalfarolucas@gmail.com
SRC0086,205,EVT0976,VIS00225,,Munidopsis cascadia,2.67,mean individuals per mesh bin,published mean abundance,INCLUDE,,,,,,,,,,,,,,,jmalfarolucas@gmail.com
SRC0086,206,EVT0113,VIS00226,,Munidopsis cascadia,16.33,mean individuals per mesh bin,published mean abundance,INCLUDE,,,,,,,,,,,,,,,jmalfarolucas@gmail.com
SRC0086,207,EVT0977,VIS00227,,Munidopsis cascadia,1,mean individuals per mesh bin,published mean abundance,INCLUDE,,,,,,,,,,,,,,,jmalfarolucas@gmail.com
SRC0086,208,EVT0114,VIS00228,,Munidopsis cascadia,4.67,mean individuals per mesh bin,published mean abundance,INCLUDE,,,,,,,,,,,,,,,jmalfarolucas@gmail.com
SRC0086,209,EVT0976,VIS00225,,Munidopsis cf. antonii,16.33,mean individuals per mesh bin,published mean abundance,INCLUDE,,,,,,,,,,,,,,,jmalfarolucas@gmail.com
SRC0086,210,EVT0113,VIS00226,,Munidopsis cf. antonii,17.33,mean individuals per mesh bin,published mean abundance,INCLUDE,,,,,,,,,,,,,,,jmalfarolucas@gmail.com
SRC0086,211,EVT0977,VIS00227,,Munidopsis cf. antonii,1,mean individuals per mesh bin,published mean abundance,INCLUDE,,,,,,,,,,,,,,,jmalfarolucas@gmail.com
SRC0086,212,EVT0114,VIS00228,,Munidopsis cf. antonii,6,mean individuals per mesh bin,published mean abundance,INCLUDE,,,,,,,,,,,,,,,jmalfarolucas@gmail.com
SRC0086,213,EVT0976,VIS00225,,Munidopsis cf. lignaria,1.33,mean individuals per mesh bin,published mean abundance,INCLUDE,,,,,,,,,,,,,,,jmalfarolucas@gmail.com
SRC0086,214,EVT0113,VIS00226,,Munidopsis cf. lignaria,1.33,mean individuals per mesh bin,published mean abundance,INCLUDE,,,,,,,,,,,,,,,jmalfarolucas@gmail.com
SRC0086,215,EVT0977,VIS00227,,Munidopsis cf. lignaria,4.67,mean individuals per mesh bin,published mean abundance,INCLUDE,,,,,,,,,,,,,,,jmalfarolucas@gmail.com
SRC0086,216,EVT0114,VIS00228,,Munidopsis cf. lignaria,2,mean individuals per mesh bin,published mean abundance,INCLUDE,,,,,,,,,,,,,,,jmalfarolucas@gmail.com
SRC0086,217,EVT0112,VIS00224,,Eurycopinae sp. A,1.33,mean individuals per mesh bin,published mean abundance,INCLUDE,,,,,,,,,,,,,,,jmalfarolucas@gmail.com
SRC0086,218,EVT0976,VIS00225,,Eurycopinae sp. A,11.67,mean individuals per mesh bin,published mean abundance,INCLUDE,,,,,,,,,,,,,,,jmalfarolucas@gmail.com
SRC0086,219,EVT0113,VIS00226,,Eurycopinae sp. A,120.67,mean individuals per mesh bin,published mean abundance,INCLUDE,,,,,,,,,,,,,,,jmalfarolucas@gmail.com
SRC0086,220,EVT0977,VIS00227,,Eurycopinae sp. A,2.67,mean individuals per mesh bin,published mean abundance,INCLUDE,,,,,,,,,,,,,,,jmalfarolucas@gmail.com
SRC0086,221,EVT0114,VIS00228,,Eurycopinae sp. A,28.67,mean individuals per mesh bin,published mean abundance,INCLUDE,,,,,,,,,,,,,,,jmalfarolucas@gmail.com
SRC0086,222,EVT0113,VIS00226,,Eurycopinae sp. B,0.33,mean individuals per mesh bin,published mean abundance,INCLUDE,,,,,,,,,,,,,,,jmalfarolucas@gmail.com
SRC0086,223,EVT0974,VIS00221,,Ilyarachna profunda,0.33,mean individuals per mesh bin,published mean abundance,INCLUDE,,,,,,,,,,,,,,,jmalfarolucas@gmail.com
SRC0086,224,EVT0111,VIS00222,,Ilyarachna profunda,2,mean individuals per mesh bin,published mean abundance,INCLUDE,,,,,,,,,,,,,,,jmalfarolucas@gmail.com
SRC0086,225,EVT0112,VIS00224,,Ilyarachna profunda,0.33,mean individuals per mesh bin,published mean abundance,INCLUDE,,,,,,,,,,,,,,,jmalfarolucas@gmail.com
SRC0086,226,EVT0977,VIS00227,,Ilyarachna profunda,3.67,mean individuals per mesh bin,published mean abundance,INCLUDE,,,,,,,,,,,,,,,jmalfarolucas@gmail.com
SRC0086,227,EVT0114,VIS00228,,Ilyarachna profunda,8.33,mean individuals per mesh bin,published mean abundance,INCLUDE,,,,,,,,,,,,,,,jmalfarolucas@gmail.com
SRC0086,228,EVT0112,VIS00224,,Isopod sp. J,0.33,mean individuals per mesh bin,published mean abundance,INCLUDE,,,,,,,,,,,,,,,jmalfarolucas@gmail.com
SRC0086,229,EVT0977,VIS00227,,Janirid sp.,2,mean individuals per mesh bin,published mean abundance,INCLUDE,,,,,,,,,,,,,,,jmalfarolucas@gmail.com
SRC0086,230,EVT0114,VIS00228,,Janirid sp.,1,mean individuals per mesh bin,published mean abundance,INCLUDE,,,,,,,,,,,,,,,jmalfarolucas@gmail.com
SRC0086,231,EVT0974,VIS00221,,Nebalia sp. A,1,mean individuals per mesh bin,published mean abundance,INCLUDE,,,,,,,,,,,,,,,jmalfarolucas@gmail.com
SRC0086,232,EVT0111,VIS00222,,Nebalia sp. A,1.33,mean individuals per mesh bin,published mean abundance,INCLUDE,,,,,,,,,,,,,,,jmalfarolucas@gmail.com
SRC0086,233,EVT0976,VIS00225,,Nebalia sp. B,1.67,mean individuals per mesh bin,published mean abundance,INCLUDE,,,,,,,,,,,,,,,jmalfarolucas@gmail.com
SRC0086,234,EVT0976,VIS00225,,Tanaid sp. A,2,mean individuals per mesh bin,published mean abundance,INCLUDE,,,,,,,,,,,,,,,jmalfarolucas@gmail.com
SRC0086,235,EVT0977,VIS00227,,Tanaid sp. A,0.33,mean individuals per mesh bin,published mean abundance,INCLUDE,,,,,,,,,,,,,,,jmalfarolucas@gmail.com
SRC0086,236,EVT0111,VIS00222,,Tanaid sp. B,0.33,mean individuals per mesh bin,published mean abundance,INCLUDE,,,,,,,,,,,,,,,jmalfarolucas@gmail.com
SRC0086,237,EVT0112,VIS00224,,Tanaid sp. C,0.33,mean individuals per mesh bin,published mean abundance,INCLUDE,,,,,,,,,,,,,,,jmalfarolucas@gmail.com
SRC0086,238,EVT0976,VIS00225,,Tanaid sp. F,0.33,mean individuals per mesh bin,published mean abundance,INCLUDE,,,,,,,,,,,,,,,jmalfarolucas@gmail.com
SRC0086,239,EVT0977,VIS00227,,Tanaid sp. F,0.33,mean individuals per mesh bin,published mean abundance,INCLUDE,,,,,,,,,,,,,,,jmalfarolucas@gmail.com
SRC0086,240,EVT0114,VIS00228,,Tanaid sp. F,0.33,mean individuals per mesh bin,published mean abundance,INCLUDE,,,,,,,,,,,,,,,jmalfarolucas@gmail.com
SRC0086,241,EVT0977,VIS00227,,Pycnogonid sp. A,2.33,mean individuals per mesh bin,published mean abundance,INCLUDE,,,,,,,,,,,,,,,jmalfarolucas@gmail.com
SRC0086,242,EVT0974,VIS00221,,Actinarian sp.,0.67,mean individuals per mesh bin,published mean abundance,INCLUDE,,,,,,,,,,,,,,,jmalfarolucas@gmail.com
SRC0086,243,EVT0976,VIS00225,,Actinarian sp.,3.33,mean individuals per mesh bin,published mean abundance,INCLUDE,,,,,,,,,,,,,,,jmalfarolucas@gmail.com
SRC0086,244,EVT0113,VIS00226,,Actinarian sp.,1.33,mean individuals per mesh bin,published mean abundance,INCLUDE,,,,,,,,,,,,,,,jmalfarolucas@gmail.com
SRC0086,245,EVT0977,VIS00227,,Actinarian sp.,1.67,mean individuals per mesh bin,published mean abundance,INCLUDE,,,,,,,,,,,,,,,jmalfarolucas@gmail.com
SRC0086,246,EVT0114,VIS00228,,Actinarian sp.,1,mean individuals per mesh bin,published mean abundance,INCLUDE,,,,,,,,,,,,,,,jmalfarolucas@gmail.com
SRC0086,247,EVT0111,VIS00222,,Gorgonocephalan sp. A,0.33,mean individuals per mesh bin,published mean abundance,INCLUDE,,,,,,,,,,,,,,,jmalfarolucas@gmail.com
SRC0086,248,EVT0974,VIS00221,,Ophiophthalmus normani,1.33,mean individuals per mesh bin,published mean abundance,INCLUDE,,,,,,,,,,,,,,,jmalfarolucas@gmail.com
SRC0086,249,EVT0111,VIS00222,,Ophiophthalmus normani,3,mean individuals per mesh bin,published mean abundance,INCLUDE,,,,,,,,,,,,,,,jmalfarolucas@gmail.com
SRC0086,250,EVT0112,VIS00224,,Ophiuroid sp. B,0.33,mean individuals per mesh bin,published mean abundance,INCLUDE,,,,,,,,,,,,,,,jmalfarolucas@gmail.com
SRC0086,251,EVT0974,VIS00221,,Aplacophoran sp. A,3.33,mean individuals per mesh bin,published mean abundance,INCLUDE,,,,,,,,,,,,,,,jmalfarolucas@gmail.com
SRC0086,252,EVT0111,VIS00222,,Aplacophoran sp. A,2,mean individuals per mesh bin,published mean abundance,INCLUDE,,,,,,,,,,,,,,,jmalfarolucas@gmail.com
SRC0086,253,EVT0975,VIS00223,,Bathypecten sp. A,1,mean individuals per mesh bin,published mean abundance,INCLUDE,,,,,,,,,,,,,,,jmalfarolucas@gmail.com
SRC0086,254,EVT0112,VIS00224,,Bathypecten sp. A,0.33,mean individuals per mesh bin,published mean abundance,INCLUDE,,,,,,,,,,,,,,,jmalfarolucas@gmail.com
SRC0086,255,EVT0113,VIS00226,,Bathypecten sp. A,0.33,mean individuals per mesh bin,published mean abundance,INCLUDE,,,,,,,,,,,,,,,jmalfarolucas@gmail.com
SRC0086,256,EVT0977,VIS00227,,Bathypecten sp. A,0.33,mean individuals per mesh bin,published mean abundance,INCLUDE,,,,,,,,,,,,,,,jmalfarolucas@gmail.com
SRC0086,257,EVT0974,VIS00221,,Bivalve sp. B,19,mean individuals per mesh bin,published mean abundance,INCLUDE,,,,,,,,,,,,,,,jmalfarolucas@gmail.com
SRC0086,258,EVT0111,VIS00222,,Bivalve sp. B,17,mean individuals per mesh bin,published mean abundance,INCLUDE,,,,,,,,,,,,,,,jmalfarolucas@gmail.com
SRC0086,259,EVT0975,VIS00223,,Bivalve sp. B,0.33,mean individuals per mesh bin,published mean abundance,INCLUDE,,,,,,,,,,,,,,,jmalfarolucas@gmail.com
SRC0086,260,EVT0974,VIS00221,,Bivalve sp. E,0.33,mean individuals per mesh bin,published mean abundance,INCLUDE,,,,,,,,,,,,,,,jmalfarolucas@gmail.com
SRC0086,261,EVT0111,VIS00222,,Bivalve sp. E,2.67,mean individuals per mesh bin,published mean abundance,INCLUDE,,,,,,,,,,,,,,,jmalfarolucas@gmail.com
SRC0086,262,EVT0112,VIS00224,,Bivalve sp. E,0.67,mean individuals per mesh bin,published mean abundance,INCLUDE,,,,,,,,,,,,,,,jmalfarolucas@gmail.com
SRC0086,263,EVT0976,VIS00225,,Bivalve sp. E,0.33,mean individuals per mesh bin,published mean abundance,INCLUDE,,,,,,,,,,,,,,,jmalfarolucas@gmail.com
SRC0086,264,EVT0974,VIS00221,,Bivalve sp. F,1.33,mean individuals per mesh bin,published mean abundance,INCLUDE,,,,,,,,,,,,,,,jmalfarolucas@gmail.com
SRC0086,265,EVT0111,VIS00222,,Bivalve sp. F,0.67,mean individuals per mesh bin,published mean abundance,INCLUDE,,,,,,,,,,,,,,,jmalfarolucas@gmail.com
SRC0086,266,EVT0975,VIS00223,,Bivalve sp. F,1,mean individuals per mesh bin,published mean abundance,INCLUDE,,,,,,,,,,,,,,,jmalfarolucas@gmail.com
SRC0086,267,EVT0112,VIS00224,,Bivalve sp. F,0.67,mean individuals per mesh bin,published mean abundance,INCLUDE,,,,,,,,,,,,,,,jmalfarolucas@gmail.com
SRC0086,268,EVT0111,VIS00222,,Bivalve sp. G,1.67,mean individuals per mesh bin,published mean abundance,INCLUDE,,,,,,,,,,,,,,,jmalfarolucas@gmail.com
SRC0086,269,EVT0112,VIS00224,,Bivalve sp. G,0.67,mean individuals per mesh bin,published mean abundance,INCLUDE,,,,,,,,,,,,,,,jmalfarolucas@gmail.com
SRC0086,270,EVT0113,VIS00226,,Bivalve sp. G,0.33,mean individuals per mesh bin,published mean abundance,INCLUDE,,,,,,,,,,,,,,,jmalfarolucas@gmail.com
SRC0086,271,EVT0976,VIS00225,,Bivalve sp. H,0.33,mean individuals per mesh bin,published mean abundance,INCLUDE,,,,,,,,,,,,,,,jmalfarolucas@gmail.com
SRC0086,272,EVT0974,VIS00221,,Idas washingtonius,13,mean individuals per mesh bin,published mean abundance,INCLUDE,,,,,,,,,,,,,,,jmalfarolucas@gmail.com
SRC0086,273,EVT0111,VIS00222,,Idas washingtonius,9.67,mean individuals per mesh bin,published mean abundance,INCLUDE,,,,,,,,,,,,,,,jmalfarolucas@gmail.com
SRC0086,274,EVT0975,VIS00223,,Idas washingtonius,7.33,mean individuals per mesh bin,published mean abundance,INCLUDE,,,,,,,,,,,,,,,jmalfarolucas@gmail.com
SRC0086,275,EVT0112,VIS00224,,Idas washingtonius,9.67,mean individuals per mesh bin,published mean abundance,INCLUDE,,,,,,,,,,,,,,,jmalfarolucas@gmail.com
SRC0086,276,EVT0976,VIS00225,,Idas washingtonius,2.67,mean individuals per mesh bin,published mean abundance,INCLUDE,,,,,,,,,,,,,,,jmalfarolucas@gmail.com
SRC0086,277,EVT0113,VIS00226,,Idas washingtonius,2.33,mean individuals per mesh bin,published mean abundance,INCLUDE,,,,,,,,,,,,,,,jmalfarolucas@gmail.com
SRC0086,278,EVT0114,VIS00228,,Idas washingtonius,0.67,mean individuals per mesh bin,published mean abundance,INCLUDE,,,,,,,,,,,,,,,jmalfarolucas@gmail.com
SRC0086,279,EVT0976,VIS00225,,Xylonora corona,119,mean individuals per mesh bin,published mean abundance,INCLUDE,,,,,,,,,,,,,,,jmalfarolucas@gmail.com
SRC0086,280,EVT0974,VIS00221,,Xylophaga microchira,1,mean individuals per mesh bin,published mean abundance,INCLUDE,,,,,,,,,,,,,,,jmalfarolucas@gmail.com
SRC0086,281,EVT0975,VIS00223,,Xylophaga microchira,0.33,mean individuals per mesh bin,published mean abundance,INCLUDE,,,,,,,,,,,,,,,jmalfarolucas@gmail.com
SRC0086,282,EVT0976,VIS00225,,Xylonora muraokai,736.67,mean individuals per mesh bin,published mean abundance,INCLUDE,,,,,,,,,,,,,,,jmalfarolucas@gmail.com
SRC0086,283,EVT0974,VIS00221,,Xylophaga oregona,2751.33,mean individuals per mesh bin,published mean abundance,INCLUDE,,,,,,,,,,,,,,,jmalfarolucas@gmail.com
SRC0086,284,EVT0975,VIS00223,,Xylophaga oregona,25.33,mean individuals per mesh bin,published mean abundance,INCLUDE,,,,,,,,,,,,,,,jmalfarolucas@gmail.com
SRC0086,285,EVT0976,VIS00225,,Xylonora zierenbergi,1280.67,mean individuals per mesh bin,published mean abundance,INCLUDE,,,,,,,,,,,,,,,jmalfarolucas@gmail.com
SRC0086,286,EVT0976,VIS00225,,Xylopholas crooki,11.33,mean individuals per mesh bin,published mean abundance,INCLUDE,,,,,,,,,,,,,,,jmalfarolucas@gmail.com
SRC0086,287,EVT0976,VIS00225,,cf Laeviphitus sp.,6.67,mean individuals per mesh bin,published mean abundance,INCLUDE,,,,,,,,,,,,,,,jmalfarolucas@gmail.com
SRC0086,288,EVT0113,VIS00226,,cf Laeviphitus sp.,47,mean individuals per mesh bin,published mean abundance,INCLUDE,,,,,,,,,,,,,,,jmalfarolucas@gmail.com
SRC0086,289,EVT0977,VIS00227,,cf Laeviphitus sp.,0.33,mean individuals per mesh bin,published mean abundance,INCLUDE,,,,,,,,,,,,,,,jmalfarolucas@gmail.com
SRC0086,290,EVT0114,VIS00228,,cf Laeviphitus sp.,1.67,mean individuals per mesh bin,published mean abundance,INCLUDE,,,,,,,,,,,,,,,jmalfarolucas@gmail.com
SRC0086,291,EVT0974,VIS00221,,Dillwynella sp. A,0.33,mean individuals per mesh bin,published mean abundance,INCLUDE,,,,,,,,,,,,,,,jmalfarolucas@gmail.com
SRC0086,292,EVT0112,VIS00224,,Dillwynella sp. A,0.33,mean individuals per mesh bin,published mean abundance,INCLUDE,,,,,,,,,,,,,,,jmalfarolucas@gmail.com
SRC0086,293,EVT0976,VIS00225,,Dillwynella sp. A,2,mean individuals per mesh bin,published mean abundance,INCLUDE,,,,,,,,,,,,,,,jmalfarolucas@gmail.com
SRC0086,294,EVT0113,VIS00226,,Dillwynella sp. A,0.33,mean individuals per mesh bin,published mean abundance,INCLUDE,,,,,,,,,,,,,,,jmalfarolucas@gmail.com
SRC0086,295,EVT0977,VIS00227,,Dillwynella sp. A,17,mean individuals per mesh bin,published mean abundance,INCLUDE,,,,,,,,,,,,,,,jmalfarolucas@gmail.com
SRC0086,296,EVT0114,VIS00228,,Dillwynella sp. A,0.67,mean individuals per mesh bin,published mean abundance,INCLUDE,,,,,,,,,,,,,,,jmalfarolucas@gmail.com
SRC0086,297,EVT0974,VIS00221,,Eulimid sp. A,0.33,mean individuals per mesh bin,published mean abundance,INCLUDE,,,,,,,,,,,,,,,jmalfarolucas@gmail.com
SRC0086,298,EVT0111,VIS00222,,Eulimid sp. A,0.67,mean individuals per mesh bin,published mean abundance,INCLUDE,,,,,,,,,,,,,,,jmalfarolucas@gmail.com
SRC0086,299,EVT0975,VIS00223,,Gastropod sp. H,0.33,mean individuals per mesh bin,published mean abundance,INCLUDE,,,,,,,,,,,,,,,jmalfarolucas@gmail.com
SRC0086,300,EVT0976,VIS00225,,Gastropod sp. H,0.33,mean individuals per mesh bin,published mean abundance,INCLUDE,,,,,,,,,,,,,,,jmalfarolucas@gmail.com
SRC0086,301,EVT0975,VIS00223,,Gastropod sp. J,1,mean individuals per mesh bin,published mean abundance,INCLUDE,,,,,,,,,,,,,,,jmalfarolucas@gmail.com
SRC0086,302,EVT0976,VIS00225,,Gastropod sp. K,0.33,mean individuals per mesh bin,published mean abundance,INCLUDE,,,,,,,,,,,,,,,jmalfarolucas@gmail.com
SRC0086,303,EVT0975,VIS00223,,Gastropod sp. L,1.33,mean individuals per mesh bin,published mean abundance,INCLUDE,,,,,,,,,,,,,,,jmalfarolucas@gmail.com
SRC0086,304,EVT0974,VIS00221,,Hyalogyrina sp. A,4,mean individuals per mesh bin,published mean abundance,INCLUDE,,,,,,,,,,,,,,,jmalfarolucas@gmail.com
SRC0086,305,EVT0111,VIS00222,,Hyalogyrina sp. A,45.33,mean individuals per mesh bin,published mean abundance,INCLUDE,,,,,,,,,,,,,,,jmalfarolucas@gmail.com
SRC0086,306,EVT0975,VIS00223,,Hyalogyrina sp. A,0.33,mean individuals per mesh bin,published mean abundance,INCLUDE,,,,,,,,,,,,,,,jmalfarolucas@gmail.com
SRC0086,307,EVT0112,VIS00224,,Hyalogyrina sp. A,12.33,mean individuals per mesh bin,published mean abundance,INCLUDE,,,,,,,,,,,,,,,jmalfarolucas@gmail.com
SRC0086,308,EVT0114,VIS00228,,Hyalogyrina sp. A,1.33,mean individuals per mesh bin,published mean abundance,INCLUDE,,,,,,,,,,,,,,,jmalfarolucas@gmail.com
SRC0086,309,EVT0976,VIS00225,,Provanna cf. macleani,4,mean individuals per mesh bin,published mean abundance,INCLUDE,,,,,,,,,,,,,,,jmalfarolucas@gmail.com
SRC0086,310,EVT0113,VIS00226,,Provanna cf. macleani,1.67,mean individuals per mesh bin,published mean abundance,INCLUDE,,,,,,,,,,,,,,,jmalfarolucas@gmail.com
SRC0086,311,EVT0974,VIS00221,,Limpet sp. A,0.67,mean individuals per mesh bin,published mean abundance,INCLUDE,,,,,,,,,,,,,,,jmalfarolucas@gmail.com
SRC0086,312,EVT0975,VIS00223,,Limpet sp. A,24.33,mean individuals per mesh bin,published mean abundance,INCLUDE,,,,,,,,,,,,,,,jmalfarolucas@gmail.com
SRC0086,313,EVT0112,VIS00224,,Limpet sp. A,0.67,mean individuals per mesh bin,published mean abundance,INCLUDE,,,,,,,,,,,,,,,jmalfarolucas@gmail.com
SRC0086,314,EVT0976,VIS00225,,Limpet sp. A,0.67,mean individuals per mesh bin,published mean abundance,INCLUDE,,,,,,,,,,,,,,,jmalfarolucas@gmail.com
SRC0086,315,EVT0975,VIS00223,,Limpet sp. B,0.33,mean individuals per mesh bin,published mean abundance,INCLUDE,,,,,,,,,,,,,,,jmalfarolucas@gmail.com
SRC0086,316,EVT0113,VIS00226,,Limpet sp. B,0.33,mean individuals per mesh bin,published mean abundance,INCLUDE,,,,,,,,,,,,,,,jmalfarolucas@gmail.com
SRC0086,317,EVT0975,VIS00223,,Ziminella abyssa,1,mean individuals per mesh bin,published mean abundance,INCLUDE,,,,,,,,,,,,,,,jmalfarolucas@gmail.com
SRC0086,318,EVT0975,VIS00223,,Nemertean sp.,0.67,mean individuals per mesh bin,published mean abundance,INCLUDE,,,,,,,,,,,,,,,jmalfarolucas@gmail.com
SRC0086,319,EVT0976,VIS00225,,Nemertean sp.,1.67,mean individuals per mesh bin,published mean abundance,INCLUDE,,,,,,,,,,,,,,,jmalfarolucas@gmail.com
SRC0086,320,EVT0113,VIS00226,,Nemertean sp.,0.67,mean individuals per mesh bin,published mean abundance,INCLUDE,,,,,,,,,,,,,,,jmalfarolucas@gmail.com
SRC0086,321,EVT0977,VIS00227,,Nemertean sp.,1.67,mean individuals per mesh bin,published mean abundance,INCLUDE,,,,,,,,,,,,,,,jmalfarolucas@gmail.com
SRC0086,322,EVT0114,VIS00228,,Nemertean sp.,0.67,mean individuals per mesh bin,published mean abundance,INCLUDE,,,,,,,,,,,,,,,jmalfarolucas@gmail.com
SRC0086,323,EVT0974,VIS00221,,Triclad sp. A,819,mean individuals per mesh bin,published mean abundance,INCLUDE,,,,,,,,,,,,,,,jmalfarolucas@gmail.com
SRC0086,324,EVT0111,VIS00222,,Triclad sp. A,2.67,mean individuals per mesh bin,published mean abundance,INCLUDE,,,,,,,,,,,,,,,jmalfarolucas@gmail.com
SRC0086,325,EVT0975,VIS00223,,Triclad sp. A,58,mean individuals per mesh bin,published mean abundance,INCLUDE,,,,,,,,,,,,,,,jmalfarolucas@gmail.com
SRC0086,326,EVT0976,VIS00225,,Polyclad sp. A,17.33,mean individuals per mesh bin,published mean abundance,INCLUDE,,,,,,,,,,,,,,,jmalfarolucas@gmail.com
SRC0260,1,EVT0948,VIS00205,DEADWOOD_L27,Provanna pacifica,3,individual count,direct sampled occurrence,INCLUDE,,,,,,,,,,,,,,,cherisse.persad@gmail.com
SRC0260,2,EVT0948,VIS00205,DEADWOOD_L27,Dillwynella (Ganesa) panamesis,5,individual count,direct sampled occurrence,INCLUDE,,,,,,,,,,,,,,,cherisse.persad@gmail.com
SRC0260,3,EVT0948,VIS00205,DEADWOOD_L27,Crinoid,1,individual count,direct sampled occurrence,INCLUDE,,,,,,,,,,,,,,,cherisse.persad@gmail.com
SRC0260,4,EVT0948,VIS00205,DEADWOOD_L27,Protonais sp. nov,13,individual count,direct sampled occurrence,INCLUDE,,,,,,,,,,,,,,,cherisse.persad@gmail.com
SRC0260,5,EVT0948,VIS00205,DEADWOOD_L27,Paraonesimoides sp. A,5,individual count,direct sampled occurrence,INCLUDE,,,,,,,,,,,,,,,cherisse.persad@gmail.com
SRC0260,6,EVT0948,VIS00206,DEADWOOD_L2,Xylophaga zierenbergi,2,individual count,direct sampled occurrence,INCLUDE,,,,,,,,,,,,,,,cherisse.persad@gmail.com
SRC0260,7,EVT0948,VIS00206,DEADWOOD_L2,Provanna sp. 1,2,individual count,direct sampled occurrence,INCLUDE,,,,,,,,,,,,,,,cherisse.persad@gmail.com
SRC0260,8,EVT0948,VIS00206,DEADWOOD_L2,Provanna pacifica,3,individual count,direct sampled occurrence,INCLUDE,,,,,,,,,,,,,,,cherisse.persad@gmail.com
SRC0260,9,EVT0948,VIS00206,DEADWOOD_L2,Dillwynella (Ganesa) panamesis,12,individual count,direct sampled occurrence,INCLUDE,,,,,,,,,,,,,,,cherisse.persad@gmail.com
SRC0260,10,EVT0948,VIS00206,DEADWOOD_L2,Bathyxylophila sp. 1,1,individual count,direct sampled occurrence,INCLUDE,,,,,,,,,,,,,,,cherisse.persad@gmail.com
SRC0260,11,EVT0948,VIS00206,DEADWOOD_L2,Crinoid,5,individual count,direct sampled occurrence,INCLUDE,,,,,,,,,,,,,,,cherisse.persad@gmail.com
SRC0260,12,EVT0948,VIS00206,DEADWOOD_L2,Nereididae sp. A,1,individual count,direct sampled occurrence,INCLUDE,,,,,,,,,,,,,,,cherisse.persad@gmail.com
SRC0260,13,EVT0948,VIS00206,DEADWOOD_L2,Polynoidae sp. A,1,individual count,direct sampled occurrence,INCLUDE,,,,,,,,,,,,,,,cherisse.persad@gmail.com
SRC0260,14,EVT0948,VIS00206,DEADWOOD_L2,Polynoidae sp. B,1,individual count,direct sampled occurrence,INCLUDE,,,,,,,,,,,,,,,cherisse.persad@gmail.com
SRC0260,15,EVT0948,VIS00206,DEADWOOD_L2,Euclymeninae sp. A.,2,individual count,direct sampled occurrence,INCLUDE,,,,,,,,,,,,,,,cherisse.persad@gmail.com
SRC0260,16,EVT0948,VIS00206,DEADWOOD_L2,Opheliidae sp. A,1,individual count,direct sampled occurrence,INCLUDE,,,,,,,,,,,,,,,cherisse.persad@gmail.com
SRC0260,17,EVT0948,VIS00206,DEADWOOD_L2,Protonais sp. nov,77,individual count,direct sampled occurrence,INCLUDE,,,,,,,,,,,,,,,cherisse.persad@gmail.com
SRC0260,18,EVT0948,VIS00206,DEADWOOD_L2,Munidopsis bracteosa,1,individual count,direct sampled occurrence,INCLUDE,,,,,,,,,,,,,,,cherisse.persad@gmail.com
SRC0260,19,EVT0948,VIS00206,DEADWOOD_L2,Bathyceradocus sp. A,179,individual count,direct sampled occurrence,INCLUDE,,,,,,,,,,,,,,,cherisse.persad@gmail.com
SRC0260,20,EVT0948,VIS00206,DEADWOOD_L2,Seba sp.,1,individual count,direct sampled occurrence,INCLUDE,,,,,,,,,,,,,,,cherisse.persad@gmail.com
SRC0260,21,EVT0948,VIS00206,DEADWOOD_L31,Provanna sp. 1,17,individual count,direct sampled occurrence,INCLUDE,,,,,,,,,,,,,,,cherisse.persad@gmail.com
SRC0260,22,EVT0948,VIS00206,DEADWOOD_L31,Provanna pacifica,14,individual count,direct sampled occurrence,INCLUDE,,,,,,,,,,,,,,,cherisse.persad@gmail.com
SRC0260,23,EVT0948,VIS00206,DEADWOOD_L31,Hyalogyra sp. 1,1,individual count,direct sampled occurrence,INCLUDE,,,,,,,,,,,,,,,cherisse.persad@gmail.com
SRC0260,24,EVT0948,VIS00206,DEADWOOD_L31,Dillwynella (Ganesa) panamesis,5,individual count,direct sampled occurrence,INCLUDE,,,,,,,,,,,,,,,cherisse.persad@gmail.com
SRC0260,25,EVT0948,VIS00206,DEADWOOD_L31,Cephalaspidea sp. 1,7,individual count,direct sampled occurrence,INCLUDE,,,,,,,,,,,,,,,cherisse.persad@gmail.com
SRC0260,26,EVT0948,VIS00206,DEADWOOD_L31,Cephalaspidea sp. 1,1,individual count,direct sampled occurrence,INCLUDE,,,,,,,,,,,,,,,cherisse.persad@gmail.com
SRC0260,27,EVT0948,VIS00206,DEADWOOD_L31,Crinoid,28,individual count,direct sampled occurrence,INCLUDE,,,,,,,,,,,,,,,cherisse.persad@gmail.com
SRC0260,28,EVT0948,VIS00206,DEADWOOD_L31,Adontorhina lynnae,1,individual count,direct sampled occurrence,INCLUDE,,,,,,,,,,,,,,,cherisse.persad@gmail.com
SRC0260,29,EVT0948,VIS00206,DEADWOOD_L31,Nereididae sp. A,6,individual count,direct sampled occurrence,INCLUDE,,,,,,,,,,,,,,,cherisse.persad@gmail.com
SRC0260,30,EVT0948,VIS00206,DEADWOOD_L31,Polynoidae sp. B,2,individual count,direct sampled occurrence,INCLUDE,,,,,,,,,,,,,,,cherisse.persad@gmail.com
SRC0260,31,EVT0948,VIS00206,DEADWOOD_L31,Euclymeninae sp. A.,13,individual count,direct sampled occurrence,INCLUDE,,,,,,,,,,,,,,,cherisse.persad@gmail.com
SRC0260,32,EVT0948,VIS00206,DEADWOOD_L31,Protonais sp. nov,9,individual count,direct sampled occurrence,INCLUDE,,,,,,,,,,,,,,,cherisse.persad@gmail.com
SRC0260,33,EVT0948,VIS00206,DEADWOOD_L31,Paraonesimoides sp. A,1,individual count,direct sampled occurrence,INCLUDE,,,,,,,,,,,,,,,cherisse.persad@gmail.com
SRC0260,34,EVT0948,VIS00206,DEADWOOD_L31,Limpet2,4,individual count,direct sampled occurrence,INCLUDE,,,,,,,,,,,,,,,cherisse.persad@gmail.com
SRC0260,35,EVT0948,VIS00206,DEADWOOD_L4,Xylophaga zierenbergi,14,individual count,direct sampled occurrence,INCLUDE,,,,,,,,,,,,,,,cherisse.persad@gmail.com
SRC0260,36,EVT0948,VIS00206,DEADWOOD_L4,Provanna pacifica,4,individual count,direct sampled occurrence,INCLUDE,,,,,,,,,,,,,,,cherisse.persad@gmail.com
SRC0260,37,EVT0948,VIS00206,DEADWOOD_L4,Dillwynella (Ganesa) panamesis,16,individual count,direct sampled occurrence,INCLUDE,,,,,,,,,,,,,,,cherisse.persad@gmail.com
SRC0260,38,EVT0948,VIS00206,DEADWOOD_L4,Neptunea amniata,1,individual count,direct sampled occurrence,INCLUDE,,,,,,,,,,,,,,,cherisse.persad@gmail.com
SRC0260,39,EVT0948,VIS00206,DEADWOOD_L4,Crinoid,5,individual count,direct sampled occurrence,INCLUDE,,,,,,,,,,,,,,,cherisse.persad@gmail.com
SRC0260,40,EVT0948,VIS00206,DEADWOOD_L4,Amphiura sp. 1,1,individual count,direct sampled occurrence,INCLUDE,,,,,,,,,,,,,,,cherisse.persad@gmail.com
SRC0260,41,EVT0948,VIS00206,DEADWOOD_L4,Nereididae sp. A,1,individual count,direct sampled occurrence,INCLUDE,,,,,,,,,,,,,,,cherisse.persad@gmail.com
SRC0260,42,EVT0948,VIS00206,DEADWOOD_L4,Polynoidae sp. B,1,individual count,direct sampled occurrence,INCLUDE,,,,,,,,,,,,,,,cherisse.persad@gmail.com
SRC0260,43,EVT0948,VIS00206,DEADWOOD_L4,Euclymeninae sp. A.,2,individual count,direct sampled occurrence,INCLUDE,,,,,,,,,,,,,,,cherisse.persad@gmail.com
SRC0260,44,EVT0948,VIS00206,DEADWOOD_L4,Opheliidae sp. A,1,individual count,direct sampled occurrence,INCLUDE,,,,,,,,,,,,,,,cherisse.persad@gmail.com
SRC0260,45,EVT0948,VIS00206,DEADWOOD_L4,Protonais sp. nov,115,individual count,direct sampled occurrence,INCLUDE,,,,,,,,,,,,,,,cherisse.persad@gmail.com
SRC0260,46,EVT0948,VIS00206,DEADWOOD_L4,Munidopsis bracteosa,2,individual count,direct sampled occurrence,INCLUDE,,,,,,,,,,,,,,,cherisse.persad@gmail.com
SRC0260,47,EVT0948,VIS00206,DEADWOOD_L4,Munidopsis cascadia,1,individual count,direct sampled occurrence,INCLUDE,,,,,,,,,,,,,,,cherisse.persad@gmail.com
SRC0260,48,EVT0948,VIS00206,DEADWOOD_L4,Paraonesimoides sp. A,1,individual count,direct sampled occurrence,INCLUDE,,,,,,,,,,,,,,,cherisse.persad@gmail.com
SRC0260,49,EVT0948,VIS00206,DEADWOOD_L4,Bathyceradocus sp. A,2,individual count,direct sampled occurrence,INCLUDE,,,,,,,,,,,,,,,cherisse.persad@gmail.com
SRC0260,50,EVT0948,VIS00206,DEADWOOD_L15,Provanna sp. 1,211,individual count,direct sampled occurrence,INCLUDE,,,,,,,,,,,,,,,cherisse.persad@gmail.com
SRC0260,51,EVT0948,VIS00206,DEADWOOD_L15,Provanna pacifica,21,individual count,direct sampled occurrence,INCLUDE,,,,,,,,,,,,,,,cherisse.persad@gmail.com
SRC0260,52,EVT0948,VIS00206,DEADWOOD_L15,Xyloskenea sp. nov.,37,individual count,direct sampled occurrence,INCLUDE,,,,,,,,,,,,,,,cherisse.persad@gmail.com
SRC0260,53,EVT0948,VIS00206,DEADWOOD_L15,Hyalogyra sp. 1,9,individual count,direct sampled occurrence,INCLUDE,,,,,,,,,,,,,,,cherisse.persad@gmail.com
SRC0260,54,EVT0948,VIS00206,DEADWOOD_L15,Dillwynella (Ganesa) panamesis,1,individual count,direct sampled occurrence,INCLUDE,,,,,,,,,,,,,,,cherisse.persad@gmail.com
SRC0260,55,EVT0948,VIS00206,DEADWOOD_L15,Bathyxylophila sp. 1,7,individual count,direct sampled occurrence,INCLUDE,,,,,,,,,,,,,,,cherisse.persad@gmail.com
SRC0260,56,EVT0948,VIS00206,DEADWOOD_L15,Anemone1,1,individual count,direct sampled occurrence,INCLUDE,,,,,,,,,,,,,,,cherisse.persad@gmail.com
SRC0260,57,EVT0948,VIS00206,DEADWOOD_L15,Crinoid,4,individual count,direct sampled occurrence,INCLUDE,,,,,,,,,,,,,,,cherisse.persad@gmail.com
SRC0260,58,EVT0948,VIS00206,DEADWOOD_L15,Ophiambix sp. 1,5,individual count,direct sampled occurrence,INCLUDE,,,,,,,,,,,,,,,cherisse.persad@gmail.com
SRC0260,59,EVT0948,VIS00206,DEADWOOD_L15,Ophiacantha sp. 1,1,individual count,direct sampled occurrence,INCLUDE,,,,,,,,,,,,,,,cherisse.persad@gmail.com
SRC0260,60,EVT0948,VIS00206,DEADWOOD_L15,Yoldiella sp. 1,1,individual count,direct sampled occurrence,INCLUDE,,,,,,,,,,,,,,,cherisse.persad@gmail.com
SRC0260,61,EVT0948,VIS00206,DEADWOOD_L15,Adontorhina lynnae,4,individual count,direct sampled occurrence,INCLUDE,,,,,,,,,,,,,,,cherisse.persad@gmail.com
SRC0260,62,EVT0948,VIS00206,DEADWOOD_L15,Bathyacra frieli,1,individual count,direct sampled occurrence,INCLUDE,,,,,,,,,,,,,,,cherisse.persad@gmail.com
SRC0260,63,EVT0948,VIS00206,DEADWOOD_L15,Nereididae sp. A,3,individual count,direct sampled occurrence,INCLUDE,,,,,,,,,,,,,,,cherisse.persad@gmail.com
SRC0260,64,EVT0948,VIS00206,DEADWOOD_L15,Polynoidae sp. B,3,individual count,direct sampled occurrence,INCLUDE,,,,,,,,,,,,,,,cherisse.persad@gmail.com
SRC0260,65,EVT0948,VIS00206,DEADWOOD_L15,Protonais sp. nov,3,individual count,direct sampled occurrence,INCLUDE,,,,,,,,,,,,,,,cherisse.persad@gmail.com
SRC0260,66,EVT0948,VIS00206,DEADWOOD_L15,Munidopsis bracteosa,4,individual count,direct sampled occurrence,INCLUDE,,,,,,,,,,,,,,,cherisse.persad@gmail.com
SRC0260,67,EVT0948,VIS00206,DEADWOOD_L15,Ferreiraella sp. nov,1,individual count,direct sampled occurrence,INCLUDE,,,,,,,,,,,,,,,cherisse.persad@gmail.com
SRC0260,68,EVT0948,VIS00206,DEADWOOD_L15,Caymanostella sp.,1,individual count,direct sampled occurrence,INCLUDE,,,,,,,,,,,,,,,cherisse.persad@gmail.com
SRC0260,69,EVT0948,VIS00206,DEADWOOD_L15,Bathyceradocus sp. A,4,individual count,direct sampled occurrence,INCLUDE,,,,,,,,,,,,,,,cherisse.persad@gmail.com
SRC0260,70,EVT0948,VIS00206,DEADWOOD_L15,Seba sp.,12,individual count,direct sampled occurrence,INCLUDE,,,,,,,,,,,,,,,cherisse.persad@gmail.com
SRC0260,71,EVT0948,VIS00206,DEADWOOD_L15,Limpet1,15,individual count,direct sampled occurrence,INCLUDE,,,,,,,,,,,,,,,cherisse.persad@gmail.com
SRC0260,72,EVT0948,VIS00206,DEADWOOD_L15,Limpet2,3,individual count,direct sampled occurrence,INCLUDE,,,,,,,,,,,,,,,cherisse.persad@gmail.com
SRC0260,73,EVT0948,VIS00206,DEADWOOD_L16,Provanna sp. 1,85,individual count,direct sampled occurrence,INCLUDE,,,,,,,,,,,,,,,cherisse.persad@gmail.com
SRC0260,74,EVT0948,VIS00206,DEADWOOD_L16,Provanna pacifica,19,individual count,direct sampled occurrence,INCLUDE,,,,,,,,,,,,,,,cherisse.persad@gmail.com
SRC0260,75,EVT0948,VIS00206,DEADWOOD_L16,Xyloskenea sp. nov.,39,individual count,direct sampled occurrence,INCLUDE,,,,,,,,,,,,,,,cherisse.persad@gmail.com
SRC0260,76,EVT0948,VIS00206,DEADWOOD_L16,Hyalogyra sp. 1,4,individual count,direct sampled occurrence,INCLUDE,,,,,,,,,,,,,,,cherisse.persad@gmail.com
SRC0260,77,EVT0948,VIS00206,DEADWOOD_L16,Dillwynella (Ganesa) panamesis,5,individual count,direct sampled occurrence,INCLUDE,,,,,,,,,,,,,,,cherisse.persad@gmail.com
SRC0260,78,EVT0948,VIS00206,DEADWOOD_L16,Neptunea amniata,1,individual count,direct sampled occurrence,INCLUDE,,,,,,,,,,,,,,,cherisse.persad@gmail.com
SRC0260,79,EVT0948,VIS00206,DEADWOOD_L16,Bathyxylophila sp. 1,7,individual count,direct sampled occurrence,INCLUDE,,,,,,,,,,,,,,,cherisse.persad@gmail.com
SRC0260,80,EVT0948,VIS00206,DEADWOOD_L16,Crinoid,6,individual count,direct sampled occurrence,INCLUDE,,,,,,,,,,,,,,,cherisse.persad@gmail.com
SRC0260,81,EVT0948,VIS00206,DEADWOOD_L16,Ophiambix sp. 1,6,individual count,direct sampled occurrence,INCLUDE,,,,,,,,,,,,,,,cherisse.persad@gmail.com
SRC0260,82,EVT0948,VIS00206,DEADWOOD_L16,Nereididae sp. A,1,individual count,direct sampled occurrence,INCLUDE,,,,,,,,,,,,,,,cherisse.persad@gmail.com
SRC0260,83,EVT0948,VIS00206,DEADWOOD_L16,Polynoidae sp. B,2,individual count,direct sampled occurrence,INCLUDE,,,,,,,,,,,,,,,cherisse.persad@gmail.com
SRC0260,84,EVT0948,VIS00206,DEADWOOD_L16,Euclymeninae sp. A.,1,individual count,direct sampled occurrence,INCLUDE,,,,,,,,,,,,,,,cherisse.persad@gmail.com
SRC0260,85,EVT0948,VIS00206,DEADWOOD_L16,Protonais sp. nov,34,individual count,direct sampled occurrence,INCLUDE,,,,,,,,,,,,,,,cherisse.persad@gmail.com
SRC0260,86,EVT0948,VIS00206,DEADWOOD_L16,Munidopsis bracteosa,4,individual count,direct sampled occurrence,INCLUDE,,,,,,,,,,,,,,,cherisse.persad@gmail.com
SRC0260,87,EVT0948,VIS00206,DEADWOOD_L16,Limpet1,8,individual count,direct sampled occurrence,INCLUDE,,,,,,,,,,,,,,,cherisse.persad@gmail.com
SRC0260,88,EVT0948,VIS00206,DEADWOOD_L16,Limpet2,8,individual count,direct sampled occurrence,INCLUDE,,,,,,,,,,,,,,,cherisse.persad@gmail.com
SRC0260,89,EVT0948,VIS00206,DEADWOOD_L29,Xylophaga zierenbergi,6,individual count,direct sampled occurrence,INCLUDE,,,,,,,,,,,,,,,cherisse.persad@gmail.com
SRC0260,90,EVT0948,VIS00206,DEADWOOD_L29,Provanna sp. 1,9,individual count,direct sampled occurrence,INCLUDE,,,,,,,,,,,,,,,cherisse.persad@gmail.com
SRC0260,91,EVT0948,VIS00206,DEADWOOD_L29,Provanna pacifica,41,individual count,direct sampled occurrence,INCLUDE,,,,,,,,,,,,,,,cherisse.persad@gmail.com
SRC0260,92,EVT0948,VIS00206,DEADWOOD_L29,Dillwynella (Ganesa) panamesis,29,individual count,direct sampled occurrence,INCLUDE,,,,,,,,,,,,,,,cherisse.persad@gmail.com
SRC0260,93,EVT0948,VIS00206,DEADWOOD_L29,Bathyxylophila sp. 1,2,individual count,direct sampled occurrence,INCLUDE,,,,,,,,,,,,,,,cherisse.persad@gmail.com
SRC0260,94,EVT0948,VIS00206,DEADWOOD_L29,Crinoid,3,individual count,direct sampled occurrence,INCLUDE,,,,,,,,,,,,,,,cherisse.persad@gmail.com
SRC0260,95,EVT0948,VIS00206,DEADWOOD_L29,Ophiambix sp. 1,1,individual count,direct sampled occurrence,INCLUDE,,,,,,,,,,,,,,,cherisse.persad@gmail.com
SRC0260,96,EVT0948,VIS00206,DEADWOOD_L29,Polynoidae sp. B,2,individual count,direct sampled occurrence,INCLUDE,,,,,,,,,,,,,,,cherisse.persad@gmail.com
SRC0260,97,EVT0948,VIS00206,DEADWOOD_L29,Protonais sp. nov,16,individual count,direct sampled occurrence,INCLUDE,,,,,,,,,,,,,,,cherisse.persad@gmail.com
SRC0260,98,EVT0948,VIS00206,DEADWOOD_L29,Paraonesimoides sp. A,4,individual count,direct sampled occurrence,INCLUDE,,,,,,,,,,,,,,,cherisse.persad@gmail.com
SRC0260,99,EVT0948,VIS00206,DEADWOOD_L29,Seba sp.,4,individual count,direct sampled occurrence,INCLUDE,,,,,,,,,,,,,,,cherisse.persad@gmail.com
SRC0260,100,EVT0948,VIS00206,DEADWOOD_L29,Limpet1,17,individual count,direct sampled occurrence,INCLUDE,,,,,,,,,,,,,,,cherisse.persad@gmail.com
SRC0260,101,EVT0948,VIS00206,DEADWOOD_L29,Limpet2,2,individual count,direct sampled occurrence,INCLUDE,,,,,,,,,,,,,,,cherisse.persad@gmail.com
SRC0260,102,EVT0948,VIS00205,DEADWOOD_L5,Xylophaga zierenbergi,1,individual count,direct sampled occurrence,INCLUDE,,,,,,,,,,,,,,,cherisse.persad@gmail.com
SRC0260,103,EVT0948,VIS00205,DEADWOOD_L5,Xylophaga concava,18,individual count,direct sampled occurrence,INCLUDE,,,,,,,,,,,,,,,cherisse.persad@gmail.com
SRC0260,104,EVT0948,VIS00205,DEADWOOD_L5,Xylopholas crooki,1,individual count,direct sampled occurrence,INCLUDE,,,,,,,,,,,,,,,cherisse.persad@gmail.com
SRC0260,105,EVT0948,VIS00205,DEADWOOD_L5,Crinoid,1,individual count,direct sampled occurrence,INCLUDE,,,,,,,,,,,,,,,cherisse.persad@gmail.com
SRC0260,106,EVT0948,VIS00205,DEADWOOD_L5,Munidopsis bracteosa,1,individual count,direct sampled occurrence,INCLUDE,,,,,,,,,,,,,,,cherisse.persad@gmail.com
SRC0260,107,EVT0948,VIS00205,DEADWOOD_L5,Bathyceradocus sp. A,19,individual count,direct sampled occurrence,INCLUDE,,,,,,,,,,,,,,,cherisse.persad@gmail.com
SRC0260,108,EVT0948,VIS00205,DEADWOOD_L30,Xylophaga zierenbergi,11,individual count,direct sampled occurrence,INCLUDE,,,,,,,,,,,,,,,cherisse.persad@gmail.com
SRC0260,109,EVT0948,VIS00205,DEADWOOD_L30,Provanna sp. 1,23,individual count,direct sampled occurrence,INCLUDE,,,,,,,,,,,,,,,cherisse.persad@gmail.com
SRC0260,110,EVT0948,VIS00205,DEADWOOD_L30,Xyloskenea sp. nov.,5,individual count,direct sampled occurrence,INCLUDE,,,,,,,,,,,,,,,cherisse.persad@gmail.com
SRC0260,111,EVT0948,VIS00205,DEADWOOD_L30,Dillwynella (Ganesa) panamesis,6,individual count,direct sampled occurrence,INCLUDE,,,,,,,,,,,,,,,cherisse.persad@gmail.com
SRC0260,112,EVT0948,VIS00205,DEADWOOD_L30,Cephalaspidea sp. 1,1,individual count,direct sampled occurrence,INCLUDE,,,,,,,,,,,,,,,cherisse.persad@gmail.com
SRC0260,113,EVT0948,VIS00205,DEADWOOD_L30,Crinoid,1,individual count,direct sampled occurrence,INCLUDE,,,,,,,,,,,,,,,cherisse.persad@gmail.com
SRC0260,114,EVT0948,VIS00205,DEADWOOD_L30,Protonais sp. nov,36,individual count,direct sampled occurrence,INCLUDE,,,,,,,,,,,,,,,cherisse.persad@gmail.com
SRC0260,115,EVT0948,VIS00205,DEADWOOD_L6,Xylophaga zierenbergi,6,individual count,direct sampled occurrence,INCLUDE,,,,,,,,,,,,,,,cherisse.persad@gmail.com
SRC0260,116,EVT0948,VIS00205,DEADWOOD_L6,Xylophaga concava,3,individual count,direct sampled occurrence,INCLUDE,,,,,,,,,,,,,,,cherisse.persad@gmail.com
SRC0260,117,EVT0948,VIS00205,DEADWOOD_L6,Anemone2,1,individual count,direct sampled occurrence,INCLUDE,,,,,,,,,,,,,,,cherisse.persad@gmail.com
SRC0260,118,EVT0948,VIS00205,DEADWOOD_L6,Crinoid,1,individual count,direct sampled occurrence,INCLUDE,,,,,,,,,,,,,,,cherisse.persad@gmail.com
SRC0260,119,EVT0948,VIS00205,DEADWOOD_L6,Polynoidae sp. A,1,individual count,direct sampled occurrence,INCLUDE,,,,,,,,,,,,,,,cherisse.persad@gmail.com
SRC0260,120,EVT0948,VIS00205,DEADWOOD_L6,Euclymeninae sp. A.,2,individual count,direct sampled occurrence,INCLUDE,,,,,,,,,,,,,,,cherisse.persad@gmail.com
SRC0260,121,EVT0948,VIS00205,DEADWOOD_L6,Polychaete 9,1,individual count,direct sampled occurrence,INCLUDE,,,,,,,,,,,,,,,cherisse.persad@gmail.com
SRC0260,122,EVT0948,VIS00205,DEADWOOD_L6,Protonais sp. nov,16,individual count,direct sampled occurrence,INCLUDE,,,,,,,,,,,,,,,cherisse.persad@gmail.com
SRC0260,123,EVT0948,VIS00205,DEADWOOD_L6,Munidopsis bracteosa,1,individual count,direct sampled occurrence,INCLUDE,,,,,,,,,,,,,,,cherisse.persad@gmail.com
SRC0260,124,EVT0948,VIS00205,DEADWOOD_L6,Bathyceradocus sp. A,10,individual count,direct sampled occurrence,INCLUDE,,,,,,,,,,,,,,,cherisse.persad@gmail.com
SRC0260,125,EVT0948,VIS00205,DEADWOOD_L6,Iso1,1,individual count,direct sampled occurrence,INCLUDE,,,,,,,,,,,,,,,cherisse.persad@gmail.com
SRC0260,126,EVT0948,VIS00205,DEADWOOD_L21,Xylophaga zierenbergi,2,individual count,direct sampled occurrence,INCLUDE,,,,,,,,,,,,,,,cherisse.persad@gmail.com
SRC0260,127,EVT0948,VIS00205,DEADWOOD_L21,Provanna pacifica,12,individual count,direct sampled occurrence,INCLUDE,,,,,,,,,,,,,,,cherisse.persad@gmail.com
SRC0260,128,EVT0948,VIS00205,DEADWOOD_L21,Dillwynella (Ganesa) panamesis,17,individual count,direct sampled occurrence,INCLUDE,,,,,,,,,,,,,,,cherisse.persad@gmail.com
SRC0260,129,EVT0948,VIS00205,DEADWOOD_L21,Anemone1,2,individual count,direct sampled occurrence,INCLUDE,,,,,,,,,,,,,,,cherisse.persad@gmail.com
SRC0260,130,EVT0948,VIS00205,DEADWOOD_L21,Polynoidae sp. A,2,individual count,direct sampled occurrence,INCLUDE,,,,,,,,,,,,,,,cherisse.persad@gmail.com
SRC0260,131,EVT0948,VIS00205,DEADWOOD_L21,Euclymeninae sp. A.,11,individual count,direct sampled occurrence,INCLUDE,,,,,,,,,,,,,,,cherisse.persad@gmail.com
SRC0260,132,EVT0948,VIS00205,DEADWOOD_L21,Protonais sp. nov,61,individual count,direct sampled occurrence,INCLUDE,,,,,,,,,,,,,,,cherisse.persad@gmail.com
SRC0260,133,EVT0948,VIS00205,DEADWOOD_L21,Munidopsis bracteosa,5,individual count,direct sampled occurrence,INCLUDE,,,,,,,,,,,,,,,cherisse.persad@gmail.com
SRC0260,134,EVT0948,VIS00205,DEADWOOD_L21,Bathyceradocus sp. A,7,individual count,direct sampled occurrence,INCLUDE,,,,,,,,,,,,,,,cherisse.persad@gmail.com
SRC0260,135,EVT0948,VIS00205,DEADWOOD_L21,Limpet2,1,individual count,direct sampled occurrence,INCLUDE,,,,,,,,,,,,,,,cherisse.persad@gmail.com
SRC0260,136,EVT0948,VIS00205,DEADWOOD_L7,Xylophaga zierenbergi,7,individual count,direct sampled occurrence,INCLUDE,,,,,,,,,,,,,,,cherisse.persad@gmail.com
SRC0260,137,EVT0948,VIS00205,DEADWOOD_L7,Xylophaga concava,10,individual count,direct sampled occurrence,INCLUDE,,,,,,,,,,,,,,,cherisse.persad@gmail.com
SRC0260,138,EVT0948,VIS00205,DEADWOOD_L7,Provanna sp. 1,58,individual count,direct sampled occurrence,INCLUDE,,,,,,,,,,,,,,,cherisse.persad@gmail.com
SRC0260,139,EVT0948,VIS00205,DEADWOOD_L7,Provanna pacifica,2,individual count,direct sampled occurrence,INCLUDE,,,,,,,,,,,,,,,cherisse.persad@gmail.com
SRC0260,140,EVT0948,VIS00205,DEADWOOD_L7,Xyloskenea sp. nov.,36,individual count,direct sampled occurrence,INCLUDE,,,,,,,,,,,,,,,cherisse.persad@gmail.com
SRC0260,141,EVT0948,VIS00205,DEADWOOD_L7,Dillwynella (Ganesa) panamesis,14,individual count,direct sampled occurrence,INCLUDE,,,,,,,,,,,,,,,cherisse.persad@gmail.com
SRC0260,142,EVT0948,VIS00205,DEADWOOD_L7,Cephalaspidea sp. 1,2,individual count,direct sampled occurrence,INCLUDE,,,,,,,,,,,,,,,cherisse.persad@gmail.com
SRC0260,143,EVT0948,VIS00205,DEADWOOD_L7,Crinoid,2,individual count,direct sampled occurrence,INCLUDE,,,,,,,,,,,,,,,cherisse.persad@gmail.com
SRC0260,144,EVT0948,VIS00205,DEADWOOD_L7,Ophiambix sp. 1,1,individual count,direct sampled occurrence,INCLUDE,,,,,,,,,,,,,,,cherisse.persad@gmail.com
SRC0260,145,EVT0948,VIS00205,DEADWOOD_L7,Nereididae sp. A,2,individual count,direct sampled occurrence,INCLUDE,,,,,,,,,,,,,,,cherisse.persad@gmail.com
SRC0260,146,EVT0948,VIS00205,DEADWOOD_L7,Euclymeninae sp. A.,5,individual count,direct sampled occurrence,INCLUDE,,,,,,,,,,,,,,,cherisse.persad@gmail.com
SRC0260,147,EVT0948,VIS00205,DEADWOOD_L7,Protonais sp. nov,227,individual count,direct sampled occurrence,INCLUDE,,,,,,,,,,,,,,,cherisse.persad@gmail.com
SRC0260,148,EVT0948,VIS00205,DEADWOOD_L7,Munidopsis bracteosa,2,individual count,direct sampled occurrence,INCLUDE,,,,,,,,,,,,,,,cherisse.persad@gmail.com
SRC0260,149,EVT0948,VIS00205,DEADWOOD_L7,Munidopsis cascadia,1,individual count,direct sampled occurrence,INCLUDE,,,,,,,,,,,,,,,cherisse.persad@gmail.com
SRC0260,150,EVT0948,VIS00205,DEADWOOD_L7,Bathyceradocus sp. A,33,individual count,direct sampled occurrence,INCLUDE,,,,,,,,,,,,,,,cherisse.persad@gmail.com
SRC0260,151,EVT0948,VIS00205,DEADWOOD_L32,Xylophaga zierenbergi,58,individual count,direct sampled occurrence,INCLUDE,,,,,,,,,,,,,,,cherisse.persad@gmail.com
SRC0260,152,EVT0948,VIS00205,DEADWOOD_L32,Provanna sp. 1,137,individual count,direct sampled occurrence,INCLUDE,,,,,,,,,,,,,,,cherisse.persad@gmail.com
SRC0260,153,EVT0948,VIS00205,DEADWOOD_L32,Provanna pacifica,2,individual count,direct sampled occurrence,INCLUDE,,,,,,,,,,,,,,,cherisse.persad@gmail.com
SRC0260,154,EVT0948,VIS00205,DEADWOOD_L32,Anemone1,12,individual count,direct sampled occurrence,INCLUDE,,,,,,,,,,,,,,,cherisse.persad@gmail.com
SRC0260,155,EVT0948,VIS00205,DEADWOOD_L32,Ophiambix sp. 1,2,individual count,direct sampled occurrence,INCLUDE,,,,,,,,,,,,,,,cherisse.persad@gmail.com
SRC0260,156,EVT0948,VIS00205,DEADWOOD_L32,Yoldiella sp. 4,1,individual count,direct sampled occurrence,INCLUDE,,,,,,,,,,,,,,,cherisse.persad@gmail.com
SRC0260,157,EVT0948,VIS00205,DEADWOOD_L32,Nereididae sp. A,11,individual count,direct sampled occurrence,INCLUDE,,,,,,,,,,,,,,,cherisse.persad@gmail.com
SRC0260,158,EVT0948,VIS00205,DEADWOOD_L32,Polynoidae sp. B,3,individual count,direct sampled occurrence,INCLUDE,,,,,,,,,,,,,,,cherisse.persad@gmail.com
SRC0260,159,EVT0948,VIS00205,DEADWOOD_L32,Euclymeninae sp. A.,3,individual count,direct sampled occurrence,INCLUDE,,,,,,,,,,,,,,,cherisse.persad@gmail.com
SRC0260,160,EVT0948,VIS00205,DEADWOOD_L32,Protonais sp. nov,48,individual count,direct sampled occurrence,INCLUDE,,,,,,,,,,,,,,,cherisse.persad@gmail.com
SRC0260,161,EVT0948,VIS00205,DEADWOOD_L32,Munidopsis bracteosa,4,individual count,direct sampled occurrence,INCLUDE,,,,,,,,,,,,,,,cherisse.persad@gmail.com
SRC0260,162,EVT0948,VIS00205,DEADWOOD_L32,Limpet1,4,individual count,direct sampled occurrence,INCLUDE,,,,,,,,,,,,,,,cherisse.persad@gmail.com
SRC0260,163,EVT0948,VIS00205,DEADWOOD_L32,Limpet2,1,individual count,direct sampled occurrence,INCLUDE,,,,,,,,,,,,,,,cherisse.persad@gmail.com
SRC0260,164,EVT0948,VIS00206,DEADWOOD_L20,Provanna sp. 1,45,individual count,direct sampled occurrence,INCLUDE,,,,,,,,,,,,,,,cherisse.persad@gmail.com
SRC0260,165,EVT0948,VIS00206,DEADWOOD_L20,Provanna pacifica,25,individual count,direct sampled occurrence,INCLUDE,,,,,,,,,,,,,,,cherisse.persad@gmail.com
SRC0260,166,EVT0948,VIS00206,DEADWOOD_L20,Hyalogyra sp. 1,2,individual count,direct sampled occurrence,INCLUDE,,,,,,,,,,,,,,,cherisse.persad@gmail.com
SRC0260,167,EVT0948,VIS00206,DEADWOOD_L20,Dillwynella (Ganesa) panamesis,13,individual count,direct sampled occurrence,INCLUDE,,,,,,,,,,,,,,,cherisse.persad@gmail.com
SRC0260,168,EVT0948,VIS00206,DEADWOOD_L20,Cephalaspidea sp. 1,1,individual count,direct sampled occurrence,INCLUDE,,,,,,,,,,,,,,,cherisse.persad@gmail.com
SRC0260,169,EVT0948,VIS00206,DEADWOOD_L20,Anemone1,1,individual count,direct sampled occurrence,INCLUDE,,,,,,,,,,,,,,,cherisse.persad@gmail.com
SRC0260,170,EVT0948,VIS00206,DEADWOOD_L20,Crinoid,13,individual count,direct sampled occurrence,INCLUDE,,,,,,,,,,,,,,,cherisse.persad@gmail.com
SRC0260,171,EVT0948,VIS00206,DEADWOOD_L20,Ophiambix sp. 1,3,individual count,direct sampled occurrence,INCLUDE,,,,,,,,,,,,,,,cherisse.persad@gmail.com
SRC0260,172,EVT0948,VIS00206,DEADWOOD_L20,Yoldiella sp. 1,1,individual count,direct sampled occurrence,INCLUDE,,,,,,,,,,,,,,,cherisse.persad@gmail.com
SRC0260,173,EVT0948,VIS00206,DEADWOOD_L20,Adontorhina lynnae,1,individual count,direct sampled occurrence,INCLUDE,,,,,,,,,,,,,,,cherisse.persad@gmail.com
SRC0260,174,EVT0948,VIS00206,DEADWOOD_L20,Nereididae sp. A,1,individual count,direct sampled occurrence,INCLUDE,,,,,,,,,,,,,,,cherisse.persad@gmail.com
SRC0260,175,EVT0948,VIS00206,DEADWOOD_L20,Euclymeninae sp. A.,10,individual count,direct sampled occurrence,INCLUDE,,,,,,,,,,,,,,,cherisse.persad@gmail.com
SRC0260,176,EVT0948,VIS00206,DEADWOOD_L20,Protonais sp. nov,54,individual count,direct sampled occurrence,INCLUDE,,,,,,,,,,,,,,,cherisse.persad@gmail.com
SRC0260,177,EVT0948,VIS00206,DEADWOOD_L20,Munidopsis bracteosa,5,individual count,direct sampled occurrence,INCLUDE,,,,,,,,,,,,,,,cherisse.persad@gmail.com
SRC0260,178,EVT0948,VIS00206,DEADWOOD_L20,Paraonesimoides sp. A,9,individual count,direct sampled occurrence,INCLUDE,,,,,,,,,,,,,,,cherisse.persad@gmail.com
SRC0260,179,EVT0948,VIS00206,DEADWOOD_L20,Bathyceradocus sp. A,15,individual count,direct sampled occurrence,INCLUDE,,,,,,,,,,,,,,,cherisse.persad@gmail.com
SRC0260,180,EVT0948,VIS00206,DEADWOOD_L20,Seba sp.,2,individual count,direct sampled occurrence,INCLUDE,,,,,,,,,,,,,,,cherisse.persad@gmail.com
SRC0260,181,EVT0948,VIS00206,DEADWOOD_L20,Limpet1,1,individual count,direct sampled occurrence,INCLUDE,,,,,,,,,,,,,,,cherisse.persad@gmail.com
SRC0260,182,EVT0948,VIS00206,DEADWOOD_L20,Limpet2,1,individual count,direct sampled occurrence,INCLUDE,,,,,,,,,,,,,,,cherisse.persad@gmail.com
SRC0260,183,EVT0948,VIS00205,DEADWOOD_L22,Provanna sp. 1,12,individual count,direct sampled occurrence,INCLUDE,,,,,,,,,,,,,,,cherisse.persad@gmail.com
SRC0260,184,EVT0948,VIS00205,DEADWOOD_L22,Provanna pacifica,8,individual count,direct sampled occurrence,INCLUDE,,,,,,,,,,,,,,,cherisse.persad@gmail.com
SRC0260,185,EVT0948,VIS00205,DEADWOOD_L22,Dillwynella (Ganesa) panamesis,5,individual count,direct sampled occurrence,INCLUDE,,,,,,,,,,,,,,,cherisse.persad@gmail.com
SRC0260,186,EVT0948,VIS00205,DEADWOOD_L22,Ophiambix sp. 1,1,individual count,direct sampled occurrence,INCLUDE,,,,,,,,,,,,,,,cherisse.persad@gmail.com
SRC0260,187,EVT0948,VIS00205,DEADWOOD_L22,Nereididae sp. A,1,individual count,direct sampled occurrence,INCLUDE,,,,,,,,,,,,,,,cherisse.persad@gmail.com
SRC0260,188,EVT0948,VIS00205,DEADWOOD_L22,Euclymeninae sp. A.,1,individual count,direct sampled occurrence,INCLUDE,,,,,,,,,,,,,,,cherisse.persad@gmail.com
SRC0260,189,EVT0948,VIS00205,DEADWOOD_L22,Protonais sp. nov,9,individual count,direct sampled occurrence,INCLUDE,,,,,,,,,,,,,,,cherisse.persad@gmail.com
SRC0260,190,EVT0948,VIS00205,DEADWOOD_L22,Paraonesimoides sp. A,3,individual count,direct sampled occurrence,INCLUDE,,,,,,,,,,,,,,,cherisse.persad@gmail.com
SRC0260,191,EVT0948,VIS00205,DEADWOOD_L22,Bathyceradocus sp. A,18,individual count,direct sampled occurrence,INCLUDE,,,,,,,,,,,,,,,cherisse.persad@gmail.com
SRC0260,192,EVT0948,VIS00205,DEADWOOD_L22,Limpet1,3,individual count,direct sampled occurrence,INCLUDE,,,,,,,,,,,,,,,cherisse.persad@gmail.com
SRC0260,193,EVT0948,VIS00205,DEADWOOD_L22,Limpet2,1,individual count,direct sampled occurrence,INCLUDE,,,,,,,,,,,,,,,cherisse.persad@gmail.com
SRC0260,194,EVT0948,VIS00206,DEADWOOD_L28,Xylophaga zierenbergi,2,individual count,direct sampled occurrence,INCLUDE,,,,,,,,,,,,,,,cherisse.persad@gmail.com
SRC0260,195,EVT0948,VIS00206,DEADWOOD_L28,Provanna sp. 1,278,individual count,direct sampled occurrence,INCLUDE,,,,,,,,,,,,,,,cherisse.persad@gmail.com
SRC0260,196,EVT0948,VIS00206,DEADWOOD_L28,Provanna pacifica,47,individual count,direct sampled occurrence,INCLUDE,,,,,,,,,,,,,,,cherisse.persad@gmail.com
SRC0260,197,EVT0948,VIS00206,DEADWOOD_L28,Xyloskenea sp. nov.,76,individual count,direct sampled occurrence,INCLUDE,,,,,,,,,,,,,,,cherisse.persad@gmail.com
SRC0260,198,EVT0948,VIS00206,DEADWOOD_L28,Hyalogyra sp. 1,20,individual count,direct sampled occurrence,INCLUDE,,,,,,,,,,,,,,,cherisse.persad@gmail.com
SRC0260,199,EVT0948,VIS00206,DEADWOOD_L28,Dillwynella (Ganesa) panamesis,10,individual count,direct sampled occurrence,INCLUDE,,,,,,,,,,,,,,,cherisse.persad@gmail.com
SRC0260,200,EVT0948,VIS00206,DEADWOOD_L28,Bathyxylophila sp. 1,24,individual count,direct sampled occurrence,INCLUDE,,,,,,,,,,,,,,,cherisse.persad@gmail.com
SRC0260,201,EVT0948,VIS00206,DEADWOOD_L28,Anemone1,1,individual count,direct sampled occurrence,INCLUDE,,,,,,,,,,,,,,,cherisse.persad@gmail.com
SRC0260,202,EVT0948,VIS00206,DEADWOOD_L28,Crinoid,34,individual count,direct sampled occurrence,INCLUDE,,,,,,,,,,,,,,,cherisse.persad@gmail.com
SRC0260,203,EVT0948,VIS00206,DEADWOOD_L28,Ophiambix sp. 1,3,individual count,direct sampled occurrence,INCLUDE,,,,,,,,,,,,,,,cherisse.persad@gmail.com
SRC0260,204,EVT0948,VIS00206,DEADWOOD_L28,Yoldiella sp. 1,1,individual count,direct sampled occurrence,INCLUDE,,,,,,,,,,,,,,,cherisse.persad@gmail.com
SRC0260,205,EVT0948,VIS00206,DEADWOOD_L28,Adontorhina lynnae,2,individual count,direct sampled occurrence,INCLUDE,,,,,,,,,,,,,,,cherisse.persad@gmail.com
SRC0260,206,EVT0948,VIS00206,DEADWOOD_L28,Nereididae sp. A,3,individual count,direct sampled occurrence,INCLUDE,,,,,,,,,,,,,,,cherisse.persad@gmail.com
SRC0260,207,EVT0948,VIS00206,DEADWOOD_L28,Polynoidae sp. B,6,individual count,direct sampled occurrence,INCLUDE,,,,,,,,,,,,,,,cherisse.persad@gmail.com
SRC0260,208,EVT0948,VIS00206,DEADWOOD_L28,Euclymeninae sp. A.,5,individual count,direct sampled occurrence,INCLUDE,,,,,,,,,,,,,,,cherisse.persad@gmail.com
SRC0260,209,EVT0948,VIS00206,DEADWOOD_L28,Polychaete 16,1,individual count,direct sampled occurrence,INCLUDE,,,,,,,,,,,,,,,cherisse.persad@gmail.com
SRC0260,210,EVT0948,VIS00206,DEADWOOD_L28,Protonais sp. nov,14,individual count,direct sampled occurrence,INCLUDE,,,,,,,,,,,,,,,cherisse.persad@gmail.com
SRC0260,211,EVT0948,VIS00206,DEADWOOD_L28,Munidopsis bracteosa,3,individual count,direct sampled occurrence,INCLUDE,,,,,,,,,,,,,,,cherisse.persad@gmail.com
SRC0260,212,EVT0948,VIS00206,DEADWOOD_L28,Munidopsis cascadia,1,individual count,direct sampled occurrence,INCLUDE,,,,,,,,,,,,,,,cherisse.persad@gmail.com
SRC0260,213,EVT0948,VIS00206,DEADWOOD_L28,Bathyceradocus sp. A,79,individual count,direct sampled occurrence,INCLUDE,,,,,,,,,,,,,,,cherisse.persad@gmail.com
SRC0260,214,EVT0948,VIS00206,DEADWOOD_L28,Limpet1,7,individual count,direct sampled occurrence,INCLUDE,,,,,,,,,,,,,,,cherisse.persad@gmail.com
SRC0260,215,EVT0948,VIS00206,DEADWOOD_L28,Limpet2,11,individual count,direct sampled occurrence,INCLUDE,,,,,,,,,,,,,,,cherisse.persad@gmail.com
SRC0260,216,EVT0948,VIS00205,DEADWOOD_L11,Xylophaga zierenbergi,2,individual count,direct sampled occurrence,INCLUDE,,,,,,,,,,,,,,,cherisse.persad@gmail.com
SRC0260,217,EVT0948,VIS00205,DEADWOOD_L11,Xyloskenea sp. nov.,1,individual count,direct sampled occurrence,INCLUDE,,,,,,,,,,,,,,,cherisse.persad@gmail.com
SRC0260,218,EVT0948,VIS00205,DEADWOOD_L11,Dillwynella (Ganesa) panamesis,6,individual count,direct sampled occurrence,INCLUDE,,,,,,,,,,,,,,,cherisse.persad@gmail.com
SRC0260,219,EVT0948,VIS00205,DEADWOOD_L11,Crinoid,2,individual count,direct sampled occurrence,INCLUDE,,,,,,,,,,,,,,,cherisse.persad@gmail.com
SRC0260,220,EVT0948,VIS00205,DEADWOOD_L11,Nereididae sp. A,3,individual count,direct sampled occurrence,INCLUDE,,,,,,,,,,,,,,,cherisse.persad@gmail.com
SRC0260,221,EVT0948,VIS00205,DEADWOOD_L11,Polynoidae sp. A,19,individual count,direct sampled occurrence,INCLUDE,,,,,,,,,,,,,,,cherisse.persad@gmail.com
SRC0260,222,EVT0948,VIS00205,DEADWOOD_L11,Polynoidae sp. B,3,individual count,direct sampled occurrence,INCLUDE,,,,,,,,,,,,,,,cherisse.persad@gmail.com
SRC0260,223,EVT0948,VIS00205,DEADWOOD_L11,Euclymeninae sp. A.,2,individual count,direct sampled occurrence,INCLUDE,,,,,,,,,,,,,,,cherisse.persad@gmail.com
SRC0260,224,EVT0948,VIS00205,DEADWOOD_L11,Capitellidae sp. A,4,individual count,direct sampled occurrence,INCLUDE,,,,,,,,,,,,,,,cherisse.persad@gmail.com
SRC0260,225,EVT0948,VIS00205,DEADWOOD_L11,Polychaete 8,1,individual count,direct sampled occurrence,INCLUDE,,,,,,,,,,,,,,,cherisse.persad@gmail.com
SRC0260,226,EVT0948,VIS00205,DEADWOOD_L11,Polychaete 9,3,individual count,direct sampled occurrence,INCLUDE,,,,,,,,,,,,,,,cherisse.persad@gmail.com
SRC0260,227,EVT0948,VIS00205,DEADWOOD_L11,Protonais sp. nov,8,individual count,direct sampled occurrence,INCLUDE,,,,,,,,,,,,,,,cherisse.persad@gmail.com
SRC0260,228,EVT0948,VIS00205,DEADWOOD_L11,Munidopsis bracteosa,2,individual count,direct sampled occurrence,INCLUDE,,,,,,,,,,,,,,,cherisse.persad@gmail.com
SRC0260,229,EVT0948,VIS00205,DEADWOOD_L11,Limpet1,3,individual count,direct sampled occurrence,INCLUDE,,,,,,,,,,,,,,,cherisse.persad@gmail.com
SRC0260,230,EVT0948,VIS00205,DEADWOOD_L3,Provanna sp. 1,115,individual count,direct sampled occurrence,INCLUDE,,,,,,,,,,,,,,,cherisse.persad@gmail.com
SRC0260,231,EVT0948,VIS00205,DEADWOOD_L3,Xyloskenea sp. nov.,100,individual count,direct sampled occurrence,INCLUDE,,,,,,,,,,,,,,,cherisse.persad@gmail.com
SRC0260,232,EVT0948,VIS00205,DEADWOOD_L3,Hyalogyra sp. 1,6,individual count,direct sampled occurrence,INCLUDE,,,,,,,,,,,,,,,cherisse.persad@gmail.com
SRC0260,233,EVT0948,VIS00205,DEADWOOD_L3,Dillwynella (Ganesa) panamesis,2,individual count,direct sampled occurrence,INCLUDE,,,,,,,,,,,,,,,cherisse.persad@gmail.com
SRC0260,234,EVT0948,VIS00205,DEADWOOD_L3,Euclymeninae sp. A.,1,individual count,direct sampled occurrence,INCLUDE,,,,,,,,,,,,,,,cherisse.persad@gmail.com
SRC0260,235,EVT0948,VIS00205,DEADWOOD_L3,Protonais sp. nov,180,individual count,direct sampled occurrence,INCLUDE,,,,,,,,,,,,,,,cherisse.persad@gmail.com
SRC0260,236,EVT0948,VIS00205,DEADWOOD_L3,Munidopsis bracteosa,3,individual count,direct sampled occurrence,INCLUDE,,,,,,,,,,,,,,,cherisse.persad@gmail.com
SRC0260,237,EVT0948,VIS00205,DEADWOOD_L3,Bathyceradocus sp. A,1,individual count,direct sampled occurrence,INCLUDE,,,,,,,,,,,,,,,cherisse.persad@gmail.com
SRC0260,238,EVT0948,VIS00205,DEADWOOD_L3,Limpet2,1,individual count,direct sampled occurrence,INCLUDE,,,,,,,,,,,,,,,cherisse.persad@gmail.com
SRC0260,239,EVT0948,VIS00206,DEADWOOD_L23,Provanna sp. 1,199,individual count,direct sampled occurrence,INCLUDE,,,,,,,,,,,,,,,cherisse.persad@gmail.com
SRC0260,240,EVT0948,VIS00206,DEADWOOD_L23,Provanna pacifica,27,individual count,direct sampled occurrence,INCLUDE,,,,,,,,,,,,,,,cherisse.persad@gmail.com
SRC0260,241,EVT0948,VIS00206,DEADWOOD_L23,Xyloskenea sp. nov.,96,individual count,direct sampled occurrence,INCLUDE,,,,,,,,,,,,,,,cherisse.persad@gmail.com
SRC0260,242,EVT0948,VIS00206,DEADWOOD_L23,Hyalogyra sp. 1,19,individual count,direct sampled occurrence,INCLUDE,,,,,,,,,,,,,,,cherisse.persad@gmail.com
SRC0260,243,EVT0948,VIS00206,DEADWOOD_L23,Dillwynella (Ganesa) panamesis,31,individual count,direct sampled occurrence,INCLUDE,,,,,,,,,,,,,,,cherisse.persad@gmail.com
SRC0260,244,EVT0948,VIS00206,DEADWOOD_L23,Bathyxylophila sp. 1,13,individual count,direct sampled occurrence,INCLUDE,,,,,,,,,,,,,,,cherisse.persad@gmail.com
SRC0260,245,EVT0948,VIS00206,DEADWOOD_L23,Crinoid,8,individual count,direct sampled occurrence,INCLUDE,,,,,,,,,,,,,,,cherisse.persad@gmail.com
SRC0260,246,EVT0948,VIS00206,DEADWOOD_L23,Ophiambix sp. 1,1,individual count,direct sampled occurrence,INCLUDE,,,,,,,,,,,,,,,cherisse.persad@gmail.com
SRC0260,247,EVT0948,VIS00206,DEADWOOD_L23,Yoldiella sp. 1,1,individual count,direct sampled occurrence,INCLUDE,,,,,,,,,,,,,,,cherisse.persad@gmail.com
SRC0260,248,EVT0948,VIS00206,DEADWOOD_L23,Nereididae sp. A,3,individual count,direct sampled occurrence,INCLUDE,,,,,,,,,,,,,,,cherisse.persad@gmail.com
SRC0260,249,EVT0948,VIS00206,DEADWOOD_L23,Polynoidae sp. B,4,individual count,direct sampled occurrence,INCLUDE,,,,,,,,,,,,,,,cherisse.persad@gmail.com
SRC0260,250,EVT0948,VIS00206,DEADWOOD_L23,Euclymeninae sp. A.,2,individual count,direct sampled occurrence,INCLUDE,,,,,,,,,,,,,,,cherisse.persad@gmail.com
SRC0260,251,EVT0948,VIS00206,DEADWOOD_L23,Protonais sp. nov,23,individual count,direct sampled occurrence,INCLUDE,,,,,,,,,,,,,,,cherisse.persad@gmail.com
SRC0260,252,EVT0948,VIS00206,DEADWOOD_L23,Ferreiraella sp. nov,1,individual count,direct sampled occurrence,INCLUDE,,,,,,,,,,,,,,,cherisse.persad@gmail.com
SRC0260,253,EVT0948,VIS00206,DEADWOOD_L23,Paraonesimoides sp. A,6,individual count,direct sampled occurrence,INCLUDE,,,,,,,,,,,,,,,cherisse.persad@gmail.com
SRC0260,254,EVT0948,VIS00206,DEADWOOD_L23,Limpet1,5,individual count,direct sampled occurrence,INCLUDE,,,,,,,,,,,,,,,cherisse.persad@gmail.com
SRC0260,255,EVT0948,VIS00206,DEADWOOD_L23,Limpet2,1,individual count,direct sampled occurrence,INCLUDE,,,,,,,,,,,,,,,cherisse.persad@gmail.com
SRC0260,256,EVT0948,VIS00206,DEADWOOD_L1,Provanna sp. 1,288,individual count,direct sampled occurrence,INCLUDE,,,,,,,,,,,,,,,cherisse.persad@gmail.com
SRC0260,257,EVT0948,VIS00206,DEADWOOD_L1,Provanna pacifica,46,individual count,direct sampled occurrence,INCLUDE,,,,,,,,,,,,,,,cherisse.persad@gmail.com
SRC0260,258,EVT0948,VIS00206,DEADWOOD_L1,Xyloskenea sp. nov.,78,individual count,direct sampled occurrence,INCLUDE,,,,,,,,,,,,,,,cherisse.persad@gmail.com
SRC0260,259,EVT0948,VIS00206,DEADWOOD_L1,Hyalogyra sp. 1,25,individual count,direct sampled occurrence,INCLUDE,,,,,,,,,,,,,,,cherisse.persad@gmail.com
SRC0260,260,EVT0948,VIS00206,DEADWOOD_L1,Dillwynella (Ganesa) panamesis,94,individual count,direct sampled occurrence,INCLUDE,,,,,,,,,,,,,,,cherisse.persad@gmail.com
SRC0260,261,EVT0948,VIS00206,DEADWOOD_L1,Bathyxylophila sp. 1,12,individual count,direct sampled occurrence,INCLUDE,,,,,,,,,,,,,,,cherisse.persad@gmail.com
SRC0260,262,EVT0948,VIS00206,DEADWOOD_L1,Crinoid,1,individual count,direct sampled occurrence,INCLUDE,,,,,,,,,,,,,,,cherisse.persad@gmail.com
SRC0260,263,EVT0948,VIS00206,DEADWOOD_L1,Ophiambix sp. 1,4,individual count,direct sampled occurrence,INCLUDE,,,,,,,,,,,,,,,cherisse.persad@gmail.com
SRC0260,264,EVT0948,VIS00206,DEADWOOD_L1,Yoldiella sp. 1,6,individual count,direct sampled occurrence,INCLUDE,,,,,,,,,,,,,,,cherisse.persad@gmail.com
SRC0260,265,EVT0948,VIS00206,DEADWOOD_L1,Adontorhina lynnae,9,individual count,direct sampled occurrence,INCLUDE,,,,,,,,,,,,,,,cherisse.persad@gmail.com
SRC0260,266,EVT0948,VIS00206,DEADWOOD_L1,Nereididae sp. A,1,individual count,direct sampled occurrence,INCLUDE,,,,,,,,,,,,,,,cherisse.persad@gmail.com
SRC0260,267,EVT0948,VIS00206,DEADWOOD_L1,Polynoidae sp. B,5,individual count,direct sampled occurrence,INCLUDE,,,,,,,,,,,,,,,cherisse.persad@gmail.com
SRC0260,268,EVT0948,VIS00206,DEADWOOD_L1,Polychaete 16,1,individual count,direct sampled occurrence,INCLUDE,,,,,,,,,,,,,,,cherisse.persad@gmail.com
SRC0260,269,EVT0948,VIS00206,DEADWOOD_L1,Protonais sp. nov,1,individual count,direct sampled occurrence,INCLUDE,,,,,,,,,,,,,,,cherisse.persad@gmail.com
SRC0260,270,EVT0948,VIS00206,DEADWOOD_L1,Munidopsis bracteosa,3,individual count,direct sampled occurrence,INCLUDE,,,,,,,,,,,,,,,cherisse.persad@gmail.com
SRC0260,271,EVT0948,VIS00206,DEADWOOD_L1,Paraonesimoides sp. A,2,individual count,direct sampled occurrence,INCLUDE,,,,,,,,,,,,,,,cherisse.persad@gmail.com
SRC0260,272,EVT0948,VIS00206,DEADWOOD_L1,Limpet1,14,individual count,direct sampled occurrence,INCLUDE,,,,,,,,,,,,,,,cherisse.persad@gmail.com
SRC0260,273,EVT0948,VIS00206,DEADWOOD_L1,Limpet2,19,individual count,direct sampled occurrence,INCLUDE,,,,,,,,,,,,,,,cherisse.persad@gmail.com
SRC0260,274,EVT0948,VIS00206,DEADWOOD_L24,Provanna sp. 1,311,individual count,direct sampled occurrence,INCLUDE,,,,,,,,,,,,,,,cherisse.persad@gmail.com
SRC0260,275,EVT0948,VIS00206,DEADWOOD_L24,Provanna pacifica,39,individual count,direct sampled occurrence,INCLUDE,,,,,,,,,,,,,,,cherisse.persad@gmail.com
SRC0260,276,EVT0948,VIS00206,DEADWOOD_L24,Xyloskenea sp. nov.,24,individual count,direct sampled occurrence,INCLUDE,,,,,,,,,,,,,,,cherisse.persad@gmail.com
SRC0260,277,EVT0948,VIS00206,DEADWOOD_L24,Dillwynella (Ganesa) panamesis,64,individual count,direct sampled occurrence,INCLUDE,,,,,,,,,,,,,,,cherisse.persad@gmail.com
SRC0260,278,EVT0948,VIS00206,DEADWOOD_L24,Bathyxylophila sp. 1,21,individual count,direct sampled occurrence,INCLUDE,,,,,,,,,,,,,,,cherisse.persad@gmail.com
SRC0260,279,EVT0948,VIS00206,DEADWOOD_L24,Crinoid,10,individual count,direct sampled occurrence,INCLUDE,,,,,,,,,,,,,,,cherisse.persad@gmail.com
SRC0260,280,EVT0948,VIS00206,DEADWOOD_L24,Ophiambix sp. 1,3,individual count,direct sampled occurrence,INCLUDE,,,,,,,,,,,,,,,cherisse.persad@gmail.com
SRC0260,281,EVT0948,VIS00206,DEADWOOD_L24,Amphiura sp. 1,1,individual count,direct sampled occurrence,INCLUDE,,,,,,,,,,,,,,,cherisse.persad@gmail.com
SRC0260,282,EVT0948,VIS00206,DEADWOOD_L24,Yoldiella sp. 1,1,individual count,direct sampled occurrence,INCLUDE,,,,,,,,,,,,,,,cherisse.persad@gmail.com
SRC0260,283,EVT0948,VIS00206,DEADWOOD_L24,Nereididae sp. A,9,individual count,direct sampled occurrence,INCLUDE,,,,,,,,,,,,,,,cherisse.persad@gmail.com
SRC0260,284,EVT0948,VIS00206,DEADWOOD_L24,Polynoidae sp. B,3,individual count,direct sampled occurrence,INCLUDE,,,,,,,,,,,,,,,cherisse.persad@gmail.com
SRC0260,285,EVT0948,VIS00206,DEADWOOD_L24,Euclymeninae sp. A.,5,individual count,direct sampled occurrence,INCLUDE,,,,,,,,,,,,,,,cherisse.persad@gmail.com
SRC0260,286,EVT0948,VIS00206,DEADWOOD_L24,Protonais sp. nov,14,individual count,direct sampled occurrence,INCLUDE,,,,,,,,,,,,,,,cherisse.persad@gmail.com
SRC0260,287,EVT0948,VIS00206,DEADWOOD_L24,Munidopsis bracteosa,4,individual count,direct sampled occurrence,INCLUDE,,,,,,,,,,,,,,,cherisse.persad@gmail.com
SRC0260,288,EVT0948,VIS00206,DEADWOOD_L24,Paraonesimoides sp. A,11,individual count,direct sampled occurrence,INCLUDE,,,,,,,,,,,,,,,cherisse.persad@gmail.com
SRC0260,289,EVT0948,VIS00206,DEADWOOD_L24,Seba sp.,5,individual count,direct sampled occurrence,INCLUDE,,,,,,,,,,,,,,,cherisse.persad@gmail.com
SRC0260,290,EVT0948,VIS00206,DEADWOOD_L24,Limpet2,1,individual count,direct sampled occurrence,INCLUDE,,,,,,,,,,,,,,,cherisse.persad@gmail.com
SRC0260,291,EVT0948,VIS00205,DEADWOOD_L18,Xylophaga zierenbergi,2,individual count,direct sampled occurrence,INCLUDE,,,,,,,,,,,,,,,cherisse.persad@gmail.com
SRC0260,292,EVT0948,VIS00205,DEADWOOD_L18,Provanna sp. 1,138,individual count,direct sampled occurrence,INCLUDE,,,,,,,,,,,,,,,cherisse.persad@gmail.com
SRC0260,293,EVT0948,VIS00205,DEADWOOD_L18,Provanna pacifica,5,individual count,direct sampled occurrence,INCLUDE,,,,,,,,,,,,,,,cherisse.persad@gmail.com
SRC0260,294,EVT0948,VIS00205,DEADWOOD_L18,Xyloskenea sp. nov.,15,individual count,direct sampled occurrence,INCLUDE,,,,,,,,,,,,,,,cherisse.persad@gmail.com
SRC0260,295,EVT0948,VIS00205,DEADWOOD_L18,Hyalogyra sp. 1,12,individual count,direct sampled occurrence,INCLUDE,,,,,,,,,,,,,,,cherisse.persad@gmail.com
SRC0260,296,EVT0948,VIS00205,DEADWOOD_L18,Dillwynella (Ganesa) panamesis,5,individual count,direct sampled occurrence,INCLUDE,,,,,,,,,,,,,,,cherisse.persad@gmail.com
SRC0260,297,EVT0948,VIS00205,DEADWOOD_L18,Protonais sp. nov,91,individual count,direct sampled occurrence,INCLUDE,,,,,,,,,,,,,,,cherisse.persad@gmail.com
SRC0260,298,EVT0948,VIS00205,DEADWOOD_L18,Munidopsis bracteosa,2,individual count,direct sampled occurrence,INCLUDE,,,,,,,,,,,,,,,cherisse.persad@gmail.com
SRC0260,299,EVT0948,VIS00205,DEADWOOD_L18,Paraonesimoides sp. A,4,individual count,direct sampled occurrence,INCLUDE,,,,,,,,,,,,,,,cherisse.persad@gmail.com
SRC0260,300,EVT0948,VIS00205,DEADWOOD_L18,Seba sp.,1,individual count,direct sampled occurrence,INCLUDE,,,,,,,,,,,,,,,cherisse.persad@gmail.com
SRC0260,301,EVT0948,VIS00205,DEADWOOD_L18,Limpet1,3,individual count,direct sampled occurrence,INCLUDE,,,,,,,,,,,,,,,cherisse.persad@gmail.com
SRC0260,302,EVT0948,VIS00205,DEADWOOD_L18,Limpet2,3,individual count,direct sampled occurrence,INCLUDE,,,,,,,,,,,,,,,cherisse.persad@gmail.com
SRC0260,303,EVT0948,VIS00205,DEADWOOD_L26,Xylophaga zierenbergi,19,individual count,direct sampled occurrence,INCLUDE,,,,,,,,,,,,,,,cherisse.persad@gmail.com
SRC0260,304,EVT0948,VIS00205,DEADWOOD_L26,Provanna sp. 1,1,individual count,direct sampled occurrence,INCLUDE,,,,,,,,,,,,,,,cherisse.persad@gmail.com
SRC0260,305,EVT0948,VIS00205,DEADWOOD_L26,Dillwynella (Ganesa) panamesis,4,individual count,direct sampled occurrence,INCLUDE,,,,,,,,,,,,,,,cherisse.persad@gmail.com
SRC0260,306,EVT0948,VIS00205,DEADWOOD_L26,Ophiambix sp. 1,2,individual count,direct sampled occurrence,INCLUDE,,,,,,,,,,,,,,,cherisse.persad@gmail.com
SRC0260,307,EVT0948,VIS00205,DEADWOOD_L26,Nereididae sp. A,1,individual count,direct sampled occurrence,INCLUDE,,,,,,,,,,,,,,,cherisse.persad@gmail.com
SRC0260,308,EVT0948,VIS00205,DEADWOOD_L26,Polynoidae sp. A,41,individual count,direct sampled occurrence,INCLUDE,,,,,,,,,,,,,,,cherisse.persad@gmail.com
SRC0260,309,EVT0948,VIS00205,DEADWOOD_L26,Polynoidae sp. B,1,individual count,direct sampled occurrence,INCLUDE,,,,,,,,,,,,,,,cherisse.persad@gmail.com
SRC0260,310,EVT0948,VIS00205,DEADWOOD_L26,Euclymeninae sp. A.,6,individual count,direct sampled occurrence,INCLUDE,,,,,,,,,,,,,,,cherisse.persad@gmail.com
SRC0260,311,EVT0948,VIS00205,DEADWOOD_L26,Capitellidae sp. A,1,individual count,direct sampled occurrence,INCLUDE,,,,,,,,,,,,,,,cherisse.persad@gmail.com
SRC0260,312,EVT0948,VIS00205,DEADWOOD_L26,Protonais sp. nov,51,individual count,direct sampled occurrence,INCLUDE,,,,,,,,,,,,,,,cherisse.persad@gmail.com
SRC0260,313,EVT0948,VIS00205,DEADWOOD_L26,Munidopsis bracteosa,4,individual count,direct sampled occurrence,INCLUDE,,,,,,,,,,,,,,,cherisse.persad@gmail.com
SRC0260,314,EVT0948,VIS00205,DEADWOOD_L26,Paraonesimoides sp. A,9,individual count,direct sampled occurrence,INCLUDE,,,,,,,,,,,,,,,cherisse.persad@gmail.com
SRC0260,315,EVT0948,VIS00206,DEADWOOD_L9,Xylophaga zierenbergi,3,individual count,direct sampled occurrence,INCLUDE,,,,,,,,,,,,,,,cherisse.persad@gmail.com
SRC0260,316,EVT0948,VIS00206,DEADWOOD_L9,Provanna sp. 1,42,individual count,direct sampled occurrence,INCLUDE,,,,,,,,,,,,,,,cherisse.persad@gmail.com
SRC0260,317,EVT0948,VIS00206,DEADWOOD_L9,Provanna pacifica,80,individual count,direct sampled occurrence,INCLUDE,,,,,,,,,,,,,,,cherisse.persad@gmail.com
SRC0260,318,EVT0948,VIS00206,DEADWOOD_L9,Dillwynella (Ganesa) panamesis,7,individual count,direct sampled occurrence,INCLUDE,,,,,,,,,,,,,,,cherisse.persad@gmail.com
SRC0260,319,EVT0948,VIS00206,DEADWOOD_L9,Bathyxylophila sp. 1,4,individual count,direct sampled occurrence,INCLUDE,,,,,,,,,,,,,,,cherisse.persad@gmail.com
SRC0260,320,EVT0948,VIS00206,DEADWOOD_L9,Crinoid,19,individual count,direct sampled occurrence,INCLUDE,,,,,,,,,,,,,,,cherisse.persad@gmail.com
SRC0260,321,EVT0948,VIS00206,DEADWOOD_L9,Nereididae sp. A,5,individual count,direct sampled occurrence,INCLUDE,,,,,,,,,,,,,,,cherisse.persad@gmail.com
SRC0260,322,EVT0948,VIS00206,DEADWOOD_L9,Polynoidae sp. B,6,individual count,direct sampled occurrence,INCLUDE,,,,,,,,,,,,,,,cherisse.persad@gmail.com
SRC0260,323,EVT0948,VIS00206,DEADWOOD_L9,Euclymeninae sp. A.,4,individual count,direct sampled occurrence,INCLUDE,,,,,,,,,,,,,,,cherisse.persad@gmail.com
SRC0260,324,EVT0948,VIS00206,DEADWOOD_L9,Capitellidae sp. A,1,individual count,direct sampled occurrence,INCLUDE,,,,,,,,,,,,,,,cherisse.persad@gmail.com
SRC0260,325,EVT0948,VIS00206,DEADWOOD_L9,Protonais sp. nov,81,individual count,direct sampled occurrence,INCLUDE,,,,,,,,,,,,,,,cherisse.persad@gmail.com
SRC0260,326,EVT0948,VIS00206,DEADWOOD_L9,Munidopsis bracteosa,12,individual count,direct sampled occurrence,INCLUDE,,,,,,,,,,,,,,,cherisse.persad@gmail.com
SRC0260,327,EVT0948,VIS00206,DEADWOOD_L9,Munidopsis cascadia,7,individual count,direct sampled occurrence,INCLUDE,,,,,,,,,,,,,,,cherisse.persad@gmail.com
SRC0260,328,EVT0948,VIS00206,DEADWOOD_L9,Paraonesimoides sp. A,16,individual count,direct sampled occurrence,INCLUDE,,,,,,,,,,,,,,,cherisse.persad@gmail.com
SRC0260,329,EVT0948,VIS00206,DEADWOOD_L9,Bathyceradocus sp. A,3,individual count,direct sampled occurrence,INCLUDE,,,,,,,,,,,,,,,cherisse.persad@gmail.com
SRC0260,330,EVT0948,VIS00206,DEADWOOD_L9,Limpet1,13,individual count,direct sampled occurrence,INCLUDE,,,,,,,,,,,,,,,cherisse.persad@gmail.com
SRC0260,331,EVT0948,VIS00206,DEADWOOD_L9,Limpet2,1,individual count,direct sampled occurrence,INCLUDE,,,,,,,,,,,,,,,cherisse.persad@gmail.com
SRC0260,332,EVT0948,VIS00206,DEADWOOD_L17,Provanna sp. 1,1078,individual count,direct sampled occurrence,INCLUDE,,,,,,,,,,,,,,,cherisse.persad@gmail.com
SRC0260,333,EVT0948,VIS00206,DEADWOOD_L17,Provanna pacifica,106,individual count,direct sampled occurrence,INCLUDE,,,,,,,,,,,,,,,cherisse.persad@gmail.com
SRC0260,334,EVT0948,VIS00206,DEADWOOD_L17,Xyloskenea sp. nov.,743,individual count,direct sampled occurrence,INCLUDE,,,,,,,,,,,,,,,cherisse.persad@gmail.com
SRC0260,335,EVT0948,VIS00206,DEADWOOD_L17,Hyalogyra sp. 1,261,individual count,direct sampled occurrence,INCLUDE,,,,,,,,,,,,,,,cherisse.persad@gmail.com
SRC0260,336,EVT0948,VIS00206,DEADWOOD_L17,Dillwynella (Ganesa) panamesis,1,individual count,direct sampled occurrence,INCLUDE,,,,,,,,,,,,,,,cherisse.persad@gmail.com
SRC0260,337,EVT0948,VIS00206,DEADWOOD_L17,Bathyxylophila sp. 1,86,individual count,direct sampled occurrence,INCLUDE,,,,,,,,,,,,,,,cherisse.persad@gmail.com
SRC0260,338,EVT0948,VIS00206,DEADWOOD_L17,Anemone1,7,individual count,direct sampled occurrence,INCLUDE,,,,,,,,,,,,,,,cherisse.persad@gmail.com
SRC0260,339,EVT0948,VIS00206,DEADWOOD_L17,Crinoid,9,individual count,direct sampled occurrence,INCLUDE,,,,,,,,,,,,,,,cherisse.persad@gmail.com
SRC0260,340,EVT0948,VIS00206,DEADWOOD_L17,Ophiambix sp. 1,5,individual count,direct sampled occurrence,INCLUDE,,,,,,,,,,,,,,,cherisse.persad@gmail.com
SRC0260,341,EVT0948,VIS00206,DEADWOOD_L17,Amphiura sp. 1,1,individual count,direct sampled occurrence,INCLUDE,,,,,,,,,,,,,,,cherisse.persad@gmail.com
SRC0260,342,EVT0948,VIS00206,DEADWOOD_L17,Yoldiella sp. 1,5,individual count,direct sampled occurrence,INCLUDE,,,,,,,,,,,,,,,cherisse.persad@gmail.com
SRC0260,343,EVT0948,VIS00206,DEADWOOD_L17,Adontorhina lynnae,3,individual count,direct sampled occurrence,INCLUDE,,,,,,,,,,,,,,,cherisse.persad@gmail.com
SRC0260,344,EVT0948,VIS00206,DEADWOOD_L17,Nereididae sp. A,19,individual count,direct sampled occurrence,INCLUDE,,,,,,,,,,,,,,,cherisse.persad@gmail.com
SRC0260,345,EVT0948,VIS00206,DEADWOOD_L17,Polynoidae sp. B,10,individual count,direct sampled occurrence,INCLUDE,,,,,,,,,,,,,,,cherisse.persad@gmail.com
SRC0260,346,EVT0948,VIS00206,DEADWOOD_L17,Euclymeninae sp. A.,4,individual count,direct sampled occurrence,INCLUDE,,,,,,,,,,,,,,,cherisse.persad@gmail.com
SRC0260,347,EVT0948,VIS00206,DEADWOOD_L17,Opheliidae sp. A,2,individual count,direct sampled occurrence,INCLUDE,,,,,,,,,,,,,,,cherisse.persad@gmail.com
SRC0260,348,EVT0948,VIS00206,DEADWOOD_L17,Polychaete 16,2,individual count,direct sampled occurrence,INCLUDE,,,,,,,,,,,,,,,cherisse.persad@gmail.com
SRC0260,349,EVT0948,VIS00206,DEADWOOD_L17,Protonais sp. nov,14,individual count,direct sampled occurrence,INCLUDE,,,,,,,,,,,,,,,cherisse.persad@gmail.com
SRC0260,350,EVT0948,VIS00206,DEADWOOD_L17,Munidopsis bracteosa,3,individual count,direct sampled occurrence,INCLUDE,,,,,,,,,,,,,,,cherisse.persad@gmail.com
SRC0260,351,EVT0948,VIS00206,DEADWOOD_L17,Ferreiraella sp. nov,1,individual count,direct sampled occurrence,INCLUDE,,,,,,,,,,,,,,,cherisse.persad@gmail.com
SRC0260,352,EVT0948,VIS00206,DEADWOOD_L17,Paraonesimoides sp. A,1,individual count,direct sampled occurrence,INCLUDE,,,,,,,,,,,,,,,cherisse.persad@gmail.com
SRC0260,353,EVT0948,VIS00206,DEADWOOD_L17,Limpet1,85,individual count,direct sampled occurrence,INCLUDE,,,,,,,,,,,,,,,cherisse.persad@gmail.com
SRC0260,354,EVT0948,VIS00206,DEADWOOD_L17,Limpet2,47,individual count,direct sampled occurrence,INCLUDE,,,,,,,,,,,,,,,cherisse.persad@gmail.com
SRC0260,355,EVT0948,VIS00206,DEADWOOD_L12,Xylophaga zierenbergi,1,individual count,direct sampled occurrence,INCLUDE,,,,,,,,,,,,,,,cherisse.persad@gmail.com
SRC0260,356,EVT0948,VIS00206,DEADWOOD_L12,Provanna sp. 1,221,individual count,direct sampled occurrence,INCLUDE,,,,,,,,,,,,,,,cherisse.persad@gmail.com
SRC0260,357,EVT0948,VIS00206,DEADWOOD_L12,Provanna pacifica,36,individual count,direct sampled occurrence,INCLUDE,,,,,,,,,,,,,,,cherisse.persad@gmail.com
SRC0260,358,EVT0948,VIS00206,DEADWOOD_L12,Xyloskenea sp. nov.,43,individual count,direct sampled occurrence,INCLUDE,,,,,,,,,,,,,,,cherisse.persad@gmail.com
SRC0260,359,EVT0948,VIS00206,DEADWOOD_L12,Hyalogyra sp. 1,12,individual count,direct sampled occurrence,INCLUDE,,,,,,,,,,,,,,,cherisse.persad@gmail.com
SRC0260,360,EVT0948,VIS00206,DEADWOOD_L12,Dillwynella (Ganesa) panamesis,67,individual count,direct sampled occurrence,INCLUDE,,,,,,,,,,,,,,,cherisse.persad@gmail.com
SRC0260,361,EVT0948,VIS00206,DEADWOOD_L12,Bathyxylophila sp. 1,2,individual count,direct sampled occurrence,INCLUDE,,,,,,,,,,,,,,,cherisse.persad@gmail.com
SRC0260,362,EVT0948,VIS00206,DEADWOOD_L12,Anemone1,2,individual count,direct sampled occurrence,INCLUDE,,,,,,,,,,,,,,,cherisse.persad@gmail.com
SRC0260,363,EVT0948,VIS00206,DEADWOOD_L12,Crinoid,5,individual count,direct sampled occurrence,INCLUDE,,,,,,,,,,,,,,,cherisse.persad@gmail.com
SRC0260,364,EVT0948,VIS00206,DEADWOOD_L12,Nereididae sp. A,6,individual count,direct sampled occurrence,INCLUDE,,,,,,,,,,,,,,,cherisse.persad@gmail.com
SRC0260,365,EVT0948,VIS00206,DEADWOOD_L12,Polynoidae sp. B,6,individual count,direct sampled occurrence,INCLUDE,,,,,,,,,,,,,,,cherisse.persad@gmail.com
SRC0260,366,EVT0948,VIS00206,DEADWOOD_L12,Euclymeninae sp. A.,2,individual count,direct sampled occurrence,INCLUDE,,,,,,,,,,,,,,,cherisse.persad@gmail.com
SRC0260,367,EVT0948,VIS00206,DEADWOOD_L12,Polychaete 16,1,individual count,direct sampled occurrence,INCLUDE,,,,,,,,,,,,,,,cherisse.persad@gmail.com
SRC0260,368,EVT0948,VIS00206,DEADWOOD_L12,Polychaete 17,1,individual count,direct sampled occurrence,INCLUDE,,,,,,,,,,,,,,,cherisse.persad@gmail.com
SRC0260,369,EVT0948,VIS00206,DEADWOOD_L12,Protonais sp. nov,10,individual count,direct sampled occurrence,INCLUDE,,,,,,,,,,,,,,,cherisse.persad@gmail.com
SRC0260,370,EVT0948,VIS00206,DEADWOOD_L12,Munidopsis bracteosa,4,individual count,direct sampled occurrence,INCLUDE,,,,,,,,,,,,,,,cherisse.persad@gmail.com
SRC0260,371,EVT0948,VIS00206,DEADWOOD_L12,Paraonesimoides sp. A,3,individual count,direct sampled occurrence,INCLUDE,,,,,,,,,,,,,,,cherisse.persad@gmail.com
SRC0260,372,EVT0948,VIS00206,DEADWOOD_L12,Seba sp.,1,individual count,direct sampled occurrence,INCLUDE,,,,,,,,,,,,,,,cherisse.persad@gmail.com
SRC0260,373,EVT0948,VIS00206,DEADWOOD_L12,Iso1,1,individual count,direct sampled occurrence,INCLUDE,,,,,,,,,,,,,,,cherisse.persad@gmail.com
SRC0260,374,EVT0948,VIS00206,DEADWOOD_L12,Limpet1,17,individual count,direct sampled occurrence,INCLUDE,,,,,,,,,,,,,,,cherisse.persad@gmail.com
SRC0260,375,EVT0948,VIS00206,DEADWOOD_L12,Limpet2,4,individual count,direct sampled occurrence,INCLUDE,,,,,,,,,,,,,,,cherisse.persad@gmail.com
SRC0260,376,EVT0948,VIS00205,DEADWOOD_L13,Xylophaga zierenbergi,2,individual count,direct sampled occurrence,INCLUDE,,,,,,,,,,,,,,,cherisse.persad@gmail.com
SRC0260,377,EVT0948,VIS00205,DEADWOOD_L13,Provanna pacifica,23,individual count,direct sampled occurrence,INCLUDE,,,,,,,,,,,,,,,cherisse.persad@gmail.com
SRC0260,378,EVT0948,VIS00205,DEADWOOD_L13,Dillwynella (Ganesa) panamesis,37,individual count,direct sampled occurrence,INCLUDE,,,,,,,,,,,,,,,cherisse.persad@gmail.com
SRC0260,379,EVT0948,VIS00205,DEADWOOD_L13,Anemone1,1,individual count,direct sampled occurrence,INCLUDE,,,,,,,,,,,,,,,cherisse.persad@gmail.com
SRC0260,380,EVT0948,VIS00205,DEADWOOD_L13,Crinoid,1,individual count,direct sampled occurrence,INCLUDE,,,,,,,,,,,,,,,cherisse.persad@gmail.com
SRC0260,381,EVT0948,VIS00205,DEADWOOD_L13,Nereididae sp. A,1,individual count,direct sampled occurrence,INCLUDE,,,,,,,,,,,,,,,cherisse.persad@gmail.com
SRC0260,382,EVT0948,VIS00205,DEADWOOD_L13,Polynoidae sp. B,3,individual count,direct sampled occurrence,INCLUDE,,,,,,,,,,,,,,,cherisse.persad@gmail.com
SRC0260,383,EVT0948,VIS00205,DEADWOOD_L13,Euclymeninae sp. A.,3,individual count,direct sampled occurrence,INCLUDE,,,,,,,,,,,,,,,cherisse.persad@gmail.com
SRC0260,384,EVT0948,VIS00205,DEADWOOD_L13,Protonais sp. nov,31,individual count,direct sampled occurrence,INCLUDE,,,,,,,,,,,,,,,cherisse.persad@gmail.com
SRC0260,385,EVT0948,VIS00205,DEADWOOD_L13,Munidopsis bracteosa,9,individual count,direct sampled occurrence,INCLUDE,,,,,,,,,,,,,,,cherisse.persad@gmail.com
SRC0260,386,EVT0948,VIS00205,DEADWOOD_L13,Bathyceradocus sp. A,5,individual count,direct sampled occurrence,INCLUDE,,,,,,,,,,,,,,,cherisse.persad@gmail.com
SRC0260,387,EVT0948,VIS00205,DEADWOOD_L13,Limpet1,31,individual count,direct sampled occurrence,INCLUDE,,,,,,,,,,,,,,,cherisse.persad@gmail.com
SRC0260,388,EVT0948,VIS00205,DEADWOOD_L13,Limpet2,11,individual count,direct sampled occurrence,INCLUDE,,,,,,,,,,,,,,,cherisse.persad@gmail.com
SRC0260,389,EVT0948,VIS00205,DEADWOOD_L35,Xylophaga zierenbergi,2,individual count,direct sampled occurrence,INCLUDE,,,,,,,,,,,,,,,cherisse.persad@gmail.com
SRC0260,390,EVT0948,VIS00205,DEADWOOD_L35,Provanna sp. 1,3,individual count,direct sampled occurrence,INCLUDE,,,,,,,,,,,,,,,cherisse.persad@gmail.com
SRC0260,391,EVT0948,VIS00205,DEADWOOD_L35,Provanna pacifica,5,individual count,direct sampled occurrence,INCLUDE,,,,,,,,,,,,,,,cherisse.persad@gmail.com
SRC0260,392,EVT0948,VIS00205,DEADWOOD_L35,Xyloskenea sp. nov.,39,individual count,direct sampled occurrence,INCLUDE,,,,,,,,,,,,,,,cherisse.persad@gmail.com
SRC0260,393,EVT0948,VIS00205,DEADWOOD_L35,Hyalogyra sp. 1,5,individual count,direct sampled occurrence,INCLUDE,,,,,,,,,,,,,,,cherisse.persad@gmail.com
SRC0260,394,EVT0948,VIS00205,DEADWOOD_L35,Dillwynella (Ganesa) panamesis,2,individual count,direct sampled occurrence,INCLUDE,,,,,,,,,,,,,,,cherisse.persad@gmail.com
SRC0260,395,EVT0948,VIS00205,DEADWOOD_L35,Cephalaspidea sp. 1,2,individual count,direct sampled occurrence,INCLUDE,,,,,,,,,,,,,,,cherisse.persad@gmail.com
SRC0260,396,EVT0948,VIS00205,DEADWOOD_L35,Anemone1,2,individual count,direct sampled occurrence,INCLUDE,,,,,,,,,,,,,,,cherisse.persad@gmail.com
SRC0260,397,EVT0948,VIS00205,DEADWOOD_L35,Nereididae sp. A,2,individual count,direct sampled occurrence,INCLUDE,,,,,,,,,,,,,,,cherisse.persad@gmail.com
SRC0260,398,EVT0948,VIS00205,DEADWOOD_L35,Polynoidae sp. A,28,individual count,direct sampled occurrence,INCLUDE,,,,,,,,,,,,,,,cherisse.persad@gmail.com
SRC0260,399,EVT0948,VIS00205,DEADWOOD_L35,Polynoidae sp. B,1,individual count,direct sampled occurrence,INCLUDE,,,,,,,,,,,,,,,cherisse.persad@gmail.com
SRC0260,400,EVT0948,VIS00205,DEADWOOD_L35,Euclymeninae sp. A.,13,individual count,direct sampled occurrence,INCLUDE,,,,,,,,,,,,,,,cherisse.persad@gmail.com
SRC0260,401,EVT0948,VIS00205,DEADWOOD_L35,Polychaete 9,1,individual count,direct sampled occurrence,INCLUDE,,,,,,,,,,,,,,,cherisse.persad@gmail.com
SRC0260,402,EVT0948,VIS00205,DEADWOOD_L35,Protonais sp. nov,65,individual count,direct sampled occurrence,INCLUDE,,,,,,,,,,,,,,,cherisse.persad@gmail.com
SRC0260,403,EVT0948,VIS00205,DEADWOOD_L35,Munidopsis bracteosa,4,individual count,direct sampled occurrence,INCLUDE,,,,,,,,,,,,,,,cherisse.persad@gmail.com
SRC0260,404,EVT0948,VIS00205,DEADWOOD_L35,Paraonesimoides sp. A,8,individual count,direct sampled occurrence,INCLUDE,,,,,,,,,,,,,,,cherisse.persad@gmail.com
SRC0260,405,EVT0948,VIS00205,DEADWOOD_L35,Limpet1,11,individual count,direct sampled occurrence,INCLUDE,,,,,,,,,,,,,,,cherisse.persad@gmail.com
SRC0260,406,EVT0948,VIS00205,DEADWOOD_L35,Limpet2,1,individual count,direct sampled occurrence,INCLUDE,,,,,,,,,,,,,,,cherisse.persad@gmail.com
SRC0260,407,EVT0948,VIS00205,DEADWOOD_L19,Xylophaga zierenbergi,8,individual count,direct sampled occurrence,INCLUDE,,,,,,,,,,,,,,,cherisse.persad@gmail.com
SRC0260,408,EVT0948,VIS00205,DEADWOOD_L19,Provanna sp. 1,138,individual count,direct sampled occurrence,INCLUDE,,,,,,,,,,,,,,,cherisse.persad@gmail.com
SRC0260,409,EVT0948,VIS00205,DEADWOOD_L19,Provanna pacifica,7,individual count,direct sampled occurrence,INCLUDE,,,,,,,,,,,,,,,cherisse.persad@gmail.com
SRC0260,410,EVT0948,VIS00205,DEADWOOD_L19,Xyloskenea sp. nov.,111,individual count,direct sampled occurrence,INCLUDE,,,,,,,,,,,,,,,cherisse.persad@gmail.com
SRC0260,411,EVT0948,VIS00205,DEADWOOD_L19,Hyalogyra sp. 1,37,individual count,direct sampled occurrence,INCLUDE,,,,,,,,,,,,,,,cherisse.persad@gmail.com
SRC0260,412,EVT0948,VIS00205,DEADWOOD_L19,Dillwynella (Ganesa) panamesis,46,individual count,direct sampled occurrence,INCLUDE,,,,,,,,,,,,,,,cherisse.persad@gmail.com
SRC0260,413,EVT0948,VIS00205,DEADWOOD_L19,Nereididae sp. A,5,individual count,direct sampled occurrence,INCLUDE,,,,,,,,,,,,,,,cherisse.persad@gmail.com
SRC0260,414,EVT0948,VIS00205,DEADWOOD_L19,Polynoidae sp. A,253,individual count,direct sampled occurrence,INCLUDE,,,,,,,,,,,,,,,cherisse.persad@gmail.com
SRC0260,415,EVT0948,VIS00205,DEADWOOD_L19,Polynoidae sp. B,6,individual count,direct sampled occurrence,INCLUDE,,,,,,,,,,,,,,,cherisse.persad@gmail.com
SRC0260,416,EVT0948,VIS00205,DEADWOOD_L19,Euclymeninae sp. A.,19,individual count,direct sampled occurrence,INCLUDE,,,,,,,,,,,,,,,cherisse.persad@gmail.com
SRC0260,417,EVT0948,VIS00205,DEADWOOD_L19,Capitellidae sp. A,13,individual count,direct sampled occurrence,INCLUDE,,,,,,,,,,,,,,,cherisse.persad@gmail.com
SRC0260,418,EVT0948,VIS00205,DEADWOOD_L19,Opheliidae sp. A,2,individual count,direct sampled occurrence,INCLUDE,,,,,,,,,,,,,,,cherisse.persad@gmail.com
SRC0260,419,EVT0948,VIS00205,DEADWOOD_L19,Polychaete 8,1,individual count,direct sampled occurrence,INCLUDE,,,,,,,,,,,,,,,cherisse.persad@gmail.com
SRC0260,420,EVT0948,VIS00205,DEADWOOD_L19,Polychaete 10,1,individual count,direct sampled occurrence,INCLUDE,,,,,,,,,,,,,,,cherisse.persad@gmail.com
SRC0260,421,EVT0948,VIS00205,DEADWOOD_L19,Polychaete 11,1,individual count,direct sampled occurrence,INCLUDE,,,,,,,,,,,,,,,cherisse.persad@gmail.com
SRC0260,422,EVT0948,VIS00205,DEADWOOD_L19,Protonais sp. nov,455,individual count,direct sampled occurrence,INCLUDE,,,,,,,,,,,,,,,cherisse.persad@gmail.com
SRC0260,423,EVT0948,VIS00205,DEADWOOD_L19,Munidopsis bracteosa,12,individual count,direct sampled occurrence,INCLUDE,,,,,,,,,,,,,,,cherisse.persad@gmail.com
SRC0260,424,EVT0948,VIS00205,DEADWOOD_L19,Munidopsis cascadia,7,individual count,direct sampled occurrence,INCLUDE,,,,,,,,,,,,,,,cherisse.persad@gmail.com
SRC0260,425,EVT0948,VIS00205,DEADWOOD_L19,Paraonesimoides sp. A,55,individual count,direct sampled occurrence,INCLUDE,,,,,,,,,,,,,,,cherisse.persad@gmail.com
SRC0260,426,EVT0948,VIS00205,DEADWOOD_L19,Seba sp.,6,individual count,direct sampled occurrence,INCLUDE,,,,,,,,,,,,,,,cherisse.persad@gmail.com
SRC0260,427,EVT0948,VIS00205,DEADWOOD_L19,Iso1,1,individual count,direct sampled occurrence,INCLUDE,,,,,,,,,,,,,,,cherisse.persad@gmail.com
SRC0260,428,EVT0948,VIS00205,DEADWOOD_L19,Limpet1,9,individual count,direct sampled occurrence,INCLUDE,,,,,,,,,,,,,,,cherisse.persad@gmail.com
SRC0260,429,EVT0948,VIS00205,DEADWOOD_L19,Limpet2,4,individual count,direct sampled occurrence,INCLUDE,,,,,,,,,,,,,,,cherisse.persad@gmail.com
SRC0260,430,EVT0948,VIS00206,DEADWOOD_L14,Provanna pacifica,46,individual count,direct sampled occurrence,INCLUDE,,,,,,,,,,,,,,,cherisse.persad@gmail.com
SRC0260,431,EVT0948,VIS00206,DEADWOOD_L14,Dillwynella (Ganesa) panamesis,47,individual count,direct sampled occurrence,INCLUDE,,,,,,,,,,,,,,,cherisse.persad@gmail.com
SRC0260,432,EVT0948,VIS00206,DEADWOOD_L14,Crinoid,6,individual count,direct sampled occurrence,INCLUDE,,,,,,,,,,,,,,,cherisse.persad@gmail.com
SRC0260,433,EVT0948,VIS00206,DEADWOOD_L14,Polynoidae sp. B,3,individual count,direct sampled occurrence,INCLUDE,,,,,,,,,,,,,,,cherisse.persad@gmail.com
SRC0260,434,EVT0948,VIS00206,DEADWOOD_L14,Euclymeninae sp. A.,2,individual count,direct sampled occurrence,INCLUDE,,,,,,,,,,,,,,,cherisse.persad@gmail.com
SRC0260,435,EVT0948,VIS00206,DEADWOOD_L14,Protonais sp. nov,3,individual count,direct sampled occurrence,INCLUDE,,,,,,,,,,,,,,,cherisse.persad@gmail.com
SRC0260,436,EVT0948,VIS00206,DEADWOOD_L14,Paraonesimoides sp. A,2,individual count,direct sampled occurrence,INCLUDE,,,,,,,,,,,,,,,cherisse.persad@gmail.com
SRC0260,437,EVT0948,VIS00206,DEADWOOD_L14,Bathyceradocus sp. A,35,individual count,direct sampled occurrence,INCLUDE,,,,,,,,,,,,,,,cherisse.persad@gmail.com
SRC0260,438,EVT0948,VIS00206,DEADWOOD_L14,Pycno1,1,individual count,direct sampled occurrence,INCLUDE,,,,,,,,,,,,,,,cherisse.persad@gmail.com
SRC0260,439,EVT0948,VIS00205,DEADWOOD_L10,Provanna sp. 1,208,individual count,direct sampled occurrence,INCLUDE,,,,,,,,,,,,,,,cherisse.persad@gmail.com
SRC0260,440,EVT0948,VIS00205,DEADWOOD_L10,Provanna pacifica,7,individual count,direct sampled occurrence,INCLUDE,,,,,,,,,,,,,,,cherisse.persad@gmail.com
SRC0260,441,EVT0948,VIS00205,DEADWOOD_L10,Xyloskenea sp. nov.,423,individual count,direct sampled occurrence,INCLUDE,,,,,,,,,,,,,,,cherisse.persad@gmail.com
SRC0260,442,EVT0948,VIS00205,DEADWOOD_L10,Hyalogyra sp. 1,122,individual count,direct sampled occurrence,INCLUDE,,,,,,,,,,,,,,,cherisse.persad@gmail.com
SRC0260,443,EVT0948,VIS00205,DEADWOOD_L10,Dillwynella (Ganesa) panamesis,3,individual count,direct sampled occurrence,INCLUDE,,,,,,,,,,,,,,,cherisse.persad@gmail.com
SRC0260,444,EVT0948,VIS00205,DEADWOOD_L10,Ophiambix sp. 1,3,individual count,direct sampled occurrence,INCLUDE,,,,,,,,,,,,,,,cherisse.persad@gmail.com
SRC0260,445,EVT0948,VIS00205,DEADWOOD_L10,Nereididae sp. A,38,individual count,direct sampled occurrence,INCLUDE,,,,,,,,,,,,,,,cherisse.persad@gmail.com
SRC0260,446,EVT0948,VIS00205,DEADWOOD_L10,Polynoidae sp. A,56,individual count,direct sampled occurrence,INCLUDE,,,,,,,,,,,,,,,cherisse.persad@gmail.com
SRC0260,447,EVT0948,VIS00205,DEADWOOD_L10,Polynoidae sp. B,6,individual count,direct sampled occurrence,INCLUDE,,,,,,,,,,,,,,,cherisse.persad@gmail.com
SRC0260,448,EVT0948,VIS00205,DEADWOOD_L10,Euclymeninae sp. A.,10,individual count,direct sampled occurrence,INCLUDE,,,,,,,,,,,,,,,cherisse.persad@gmail.com
SRC0260,449,EVT0948,VIS00205,DEADWOOD_L10,Capitellidae sp. A,5,individual count,direct sampled occurrence,INCLUDE,,,,,,,,,,,,,,,cherisse.persad@gmail.com
SRC0260,450,EVT0948,VIS00205,DEADWOOD_L10,Opheliidae sp. A,1,individual count,direct sampled occurrence,INCLUDE,,,,,,,,,,,,,,,cherisse.persad@gmail.com
SRC0260,451,EVT0948,VIS00205,DEADWOOD_L10,Protonais sp. nov,360,individual count,direct sampled occurrence,INCLUDE,,,,,,,,,,,,,,,cherisse.persad@gmail.com
SRC0260,452,EVT0948,VIS00205,DEADWOOD_L10,Paraonesimoides sp. A,9,individual count,direct sampled occurrence,INCLUDE,,,,,,,,,,,,,,,cherisse.persad@gmail.com
SRC0260,453,EVT0948,VIS00205,DEADWOOD_L10,Seba sp.,1,individual count,direct sampled occurrence,INCLUDE,,,,,,,,,,,,,,,cherisse.persad@gmail.com
SRC0260,454,EVT0948,VIS00205,DEADWOOD_L10,Limpet1,2,individual count,direct sampled occurrence,INCLUDE,,,,,,,,,,,,,,,cherisse.persad@gmail.com
SRC0260,455,EVT0948,VIS00205,DEADWOOD_L10,Limpet2,4,individual count,direct sampled occurrence,INCLUDE,,,,,,,,,,,,,,,cherisse.persad@gmail.com
SRC0260,456,EVT0948,VIS00206,DEADWOOD_L8,Provanna sp. 1,723,individual count,direct sampled occurrence,INCLUDE,,,,,,,,,,,,,,,cherisse.persad@gmail.com
SRC0260,457,EVT0948,VIS00206,DEADWOOD_L8,Provanna pacifica,43,individual count,direct sampled occurrence,INCLUDE,,,,,,,,,,,,,,,cherisse.persad@gmail.com
SRC0260,458,EVT0948,VIS00206,DEADWOOD_L8,Xyloskenea sp. nov.,285,individual count,direct sampled occurrence,INCLUDE,,,,,,,,,,,,,,,cherisse.persad@gmail.com
SRC0260,459,EVT0948,VIS00206,DEADWOOD_L8,Hyalogyra sp. 1,100,individual count,direct sampled occurrence,INCLUDE,,,,,,,,,,,,,,,cherisse.persad@gmail.com
SRC0260,460,EVT0948,VIS00206,DEADWOOD_L8,Dillwynella (Ganesa) panamesis,7,individual count,direct sampled occurrence,INCLUDE,,,,,,,,,,,,,,,cherisse.persad@gmail.com
SRC0260,461,EVT0948,VIS00206,DEADWOOD_L8,Bathyxylophila sp. 1,56,individual count,direct sampled occurrence,INCLUDE,,,,,,,,,,,,,,,cherisse.persad@gmail.com
SRC0260,462,EVT0948,VIS00206,DEADWOOD_L8,Anemone1,3,individual count,direct sampled occurrence,INCLUDE,,,,,,,,,,,,,,,cherisse.persad@gmail.com
SRC0260,463,EVT0948,VIS00206,DEADWOOD_L8,Crinoid,7,individual count,direct sampled occurrence,INCLUDE,,,,,,,,,,,,,,,cherisse.persad@gmail.com
SRC0260,464,EVT0948,VIS00206,DEADWOOD_L8,Ophiambix sp. 1,1,individual count,direct sampled occurrence,INCLUDE,,,,,,,,,,,,,,,cherisse.persad@gmail.com
SRC0260,465,EVT0948,VIS00206,DEADWOOD_L8,Yoldiella sp. 1,1,individual count,direct sampled occurrence,INCLUDE,,,,,,,,,,,,,,,cherisse.persad@gmail.com
SRC0260,466,EVT0948,VIS00206,DEADWOOD_L8,Nereididae sp. A,3,individual count,direct sampled occurrence,INCLUDE,,,,,,,,,,,,,,,cherisse.persad@gmail.com
SRC0260,467,EVT0948,VIS00206,DEADWOOD_L8,Polynoidae sp. B,8,individual count,direct sampled occurrence,INCLUDE,,,,,,,,,,,,,,,cherisse.persad@gmail.com
SRC0260,468,EVT0948,VIS00206,DEADWOOD_L8,Protonais sp. nov,30,individual count,direct sampled occurrence,INCLUDE,,,,,,,,,,,,,,,cherisse.persad@gmail.com
SRC0260,469,EVT0948,VIS00206,DEADWOOD_L8,Munidopsis bracteosa,2,individual count,direct sampled occurrence,INCLUDE,,,,,,,,,,,,,,,cherisse.persad@gmail.com
SRC0260,470,EVT0948,VIS00206,DEADWOOD_L8,Paraonesimoides sp. A,8,individual count,direct sampled occurrence,INCLUDE,,,,,,,,,,,,,,,cherisse.persad@gmail.com
SRC0260,471,EVT0948,VIS00206,DEADWOOD_L8,Limpet1,37,individual count,direct sampled occurrence,INCLUDE,,,,,,,,,,,,,,,cherisse.persad@gmail.com
SRC0260,472,EVT0948,VIS00206,DEADWOOD_L8,Limpet2,16,individual count,direct sampled occurrence,INCLUDE,,,,,,,,,,,,,,,cherisse.persad@gmail.com
SRC0261,1,EVT0948,,,Gastropod 2,3,source-specific abundance,source-specific occurrence,INCLUDE,,,,,,,,,,,,,,,cherisse.persad@gmail.com
SRC0261,2,EVT0948,,,Poly4,1,source-specific abundance,source-specific occurrence,INCLUDE,,,,,,,,,,,,,,,cherisse.persad@gmail.com
SRC0261,3,EVT0948,,,Tanaid1,180,source-specific abundance,source-specific occurrence,INCLUDE,,,,,,,,,,,,,,,cherisse.persad@gmail.com
SRC0261,4,EVT0948,,,Amphi1,1,source-specific abundance,source-specific occurrence,INCLUDE,,,,,,,,,,,,,,,cherisse.persad@gmail.com
SRC0261,5,EVT0948,,,Galatheid,3,source-specific abundance,source-specific occurrence,INCLUDE,,,,,,,,,,,,,,,cherisse.persad@gmail.com
SRC0261,6,EVT0948,,,Xylophaga zierenbergi,1,source-specific abundance,source-specific occurrence,INCLUDE,,,,,,,,,,,,,,,cherisse.persad@gmail.com
SRC0261,7,EVT0948,,,Xylophaga concava,18,source-specific abundance,source-specific occurrence,INCLUDE,,,,,,,,,,,,,,,cherisse.persad@gmail.com
SRC0261,8,EVT0948,,,Xylopholas crooki,1,source-specific abundance,source-specific occurrence,INCLUDE,,,,,,,,,,,,,,,cherisse.persad@gmail.com
SRC0261,9,EVT0948,,,Crinoid1,1,source-specific abundance,source-specific occurrence,INCLUDE,,,,,,,,,,,,,,,cherisse.persad@gmail.com
SRC0261,10,EVT0948,,,Amphi1,19,source-specific abundance,source-specific occurrence,INCLUDE,,,,,,,,,,,,,,,cherisse.persad@gmail.com
SRC0261,11,EVT0948,,,Galatheid,1,source-specific abundance,source-specific occurrence,INCLUDE,,,,,,,,,,,,,,,cherisse.persad@gmail.com
SRC0261,12,EVT0948,,,Xylophaga zierenbergi,6,source-specific abundance,source-specific occurrence,INCLUDE,,,,,,,,,,,,,,,cherisse.persad@gmail.com
SRC0261,13,EVT0948,,,Xylophaga concava,3,source-specific abundance,source-specific occurrence,INCLUDE,,,,,,,,,,,,,,,cherisse.persad@gmail.com
SRC0261,14,EVT0948,,,Gastropod 1,23,source-specific abundance,source-specific occurrence,INCLUDE,,,,,,,,,,,,,,,cherisse.persad@gmail.com
SRC0261,15,EVT0948,,,Gastropod 2,1,source-specific abundance,source-specific occurrence,INCLUDE,,,,,,,,,,,,,,,cherisse.persad@gmail.com
SRC0261,16,EVT0948,,,Gastropod 3,5,source-specific abundance,source-specific occurrence,INCLUDE,,,,,,,,,,,,,,,cherisse.persad@gmail.com
SRC0261,17,EVT0948,,,Gastropod 5,6,source-specific abundance,source-specific occurrence,INCLUDE,,,,,,,,,,,,,,,cherisse.persad@gmail.com
SRC0261,18,EVT0948,,,Gastropod 7,1,source-specific abundance,source-specific occurrence,INCLUDE,,,,,,,,,,,,,,,cherisse.persad@gmail.com
SRC0261,19,EVT0948,,,Limpet,6,source-specific abundance,source-specific occurrence,INCLUDE,,,,,,,,,,,,,,,cherisse.persad@gmail.com
SRC0261,20,EVT0948,,,Anemone_lg,1,source-specific abundance,source-specific occurrence,INCLUDE,,,,,,,,,,,,,,,cherisse.persad@gmail.com
SRC0261,21,EVT0948,,,Crinoid1,1,source-specific abundance,source-specific occurrence,INCLUDE,,,,,,,,,,,,,,,cherisse.persad@gmail.com
SRC0261,22,EVT0948,,,Poly2,1,source-specific abundance,source-specific occurrence,INCLUDE,,,,,,,,,,,,,,,cherisse.persad@gmail.com
SRC0261,23,EVT0948,,,Poly4,2,source-specific abundance,source-specific occurrence,INCLUDE,,,,,,,,,,,,,,,cherisse.persad@gmail.com
SRC0261,24,EVT0948,,,Poly9,1,source-specific abundance,source-specific occurrence,INCLUDE,,,,,,,,,,,,,,,cherisse.persad@gmail.com
SRC0261,25,EVT0948,,,Tanaid1,16,source-specific abundance,source-specific occurrence,INCLUDE,,,,,,,,,,,,,,,cherisse.persad@gmail.com
SRC0261,26,EVT0948,,,Amphi1,12,source-specific abundance,source-specific occurrence,INCLUDE,,,,,,,,,,,,,,,cherisse.persad@gmail.com
SRC0261,27,EVT0948,,,Galatheid,1,source-specific abundance,source-specific occurrence,INCLUDE,,,,,,,,,,,,,,,cherisse.persad@gmail.com
SRC0261,28,EVT0948,,,Xylophaga zierenbergi,7,source-specific abundance,source-specific occurrence,INCLUDE,,,,,,,,,,,,,,,cherisse.persad@gmail.com
SRC0261,29,EVT0948,,,Xylophaga concava,10,source-specific abundance,source-specific occurrence,INCLUDE,,,,,,,,,,,,,,,cherisse.persad@gmail.com
SRC0261,30,EVT0948,,,Gastropod 5,2,source-specific abundance,source-specific occurrence,INCLUDE,,,,,,,,,,,,,,,cherisse.persad@gmail.com
SRC0261,31,EVT0948,,,Crinoid,2,source-specific abundance,source-specific occurrence,INCLUDE,,,,,,,,,,,,,,,cherisse.persad@gmail.com
SRC0261,32,EVT0948,,,Poly1,2,source-specific abundance,source-specific occurrence,INCLUDE,,,,,,,,,,,,,,,cherisse.persad@gmail.com
SRC0261,33,EVT0948,,,Poly4,5,source-specific abundance,source-specific occurrence,INCLUDE,,,,,,,,,,,,,,,cherisse.persad@gmail.com
SRC0261,34,EVT0948,,,Tanaid1,227,source-specific abundance,source-specific occurrence,INCLUDE,,,,,,,,,,,,,,,cherisse.persad@gmail.com
SRC0261,35,EVT0948,,,Amphi1,26,source-specific abundance,source-specific occurrence,INCLUDE,,,,,,,,,,,,,,,cherisse.persad@gmail.com
SRC0261,36,EVT0948,,,Galatheid,2,source-specific abundance,source-specific occurrence,INCLUDE,,,,,,,,,,,,,,,cherisse.persad@gmail.com
SRC0261,37,EVT0948,,,Gastropod 2,12,source-specific abundance,source-specific occurrence,INCLUDE,,,,,,,,,,,,,,,cherisse.persad@gmail.com
SRC0261,38,EVT0948,,,Gastropod 5,17,source-specific abundance,source-specific occurrence,INCLUDE,,,,,,,,,,,,,,,cherisse.persad@gmail.com
SRC0261,39,EVT0948,,,Limpet,1,source-specific abundance,source-specific occurrence,INCLUDE,,,,,,,,,,,,,,,cherisse.persad@gmail.com
SRC0261,40,EVT0948,,,Poly1,38,source-specific abundance,source-specific occurrence,INCLUDE,,,,,,,,,,,,,,,cherisse.persad@gmail.com
SRC0261,41,EVT0948,,,Poly2,56,source-specific abundance,source-specific occurrence,INCLUDE,,,,,,,,,,,,,,,cherisse.persad@gmail.com
SRC0261,42,EVT0948,,,Poly3,6,source-specific abundance,source-specific occurrence,INCLUDE,,,,,,,,,,,,,,,cherisse.persad@gmail.com
SRC0261,43,EVT0948,,,Poly4,10,source-specific abundance,source-specific occurrence,INCLUDE,,,,,,,,,,,,,,,cherisse.persad@gmail.com
SRC0261,44,EVT0948,,,Poly6,5,source-specific abundance,source-specific occurrence,INCLUDE,,,,,,,,,,,,,,,cherisse.persad@gmail.com
SRC0261,45,EVT0948,,,Poly7,1,source-specific abundance,source-specific occurrence,INCLUDE,,,,,,,,,,,,,,,cherisse.persad@gmail.com
SRC0261,46,EVT0948,,,Tanaid1,360,source-specific abundance,source-specific occurrence,INCLUDE,,,,,,,,,,,,,,,cherisse.persad@gmail.com
SRC0261,47,EVT0948,,,Amphi2,10,source-specific abundance,source-specific occurrence,INCLUDE,,,,,,,,,,,,,,,cherisse.persad@gmail.com
SRC0261,48,EVT0948,,,Xylophaga zierenbergi,2,source-specific abundance,source-specific occurrence,INCLUDE,,,,,,,,,,,,,,,cherisse.persad@gmail.com
SRC0261,49,EVT0948,,,Gastropod 1,58,source-specific abundance,source-specific occurrence,INCLUDE,,,,,,,,,,,,,,,cherisse.persad@gmail.com
SRC0261,50,EVT0948,,,Gastropod 2,2,source-specific abundance,source-specific occurrence,INCLUDE,,,,,,,,,,,,,,,cherisse.persad@gmail.com
SRC0261,51,EVT0948,,,Gastropod 3,36,source-specific abundance,source-specific occurrence,INCLUDE,,,,,,,,,,,,,,,cherisse.persad@gmail.com
SRC0261,52,EVT0948,,,Gastropod 5,14,source-specific abundance,source-specific occurrence,INCLUDE,,,,,,,,,,,,,,,cherisse.persad@gmail.com
SRC0261,53,EVT0948,,,Gastropod 7,2,source-specific abundance,source-specific occurrence,INCLUDE,,,,,,,,,,,,,,,cherisse.persad@gmail.com
SRC0261,54,EVT0948,,,Limpet,8,source-specific abundance,source-specific occurrence,INCLUDE,,,,,,,,,,,,,,,cherisse.persad@gmail.com
SRC0261,55,EVT0948,,,Crinoid1,2,source-specific abundance,source-specific occurrence,INCLUDE,,,,,,,,,,,,,,,cherisse.persad@gmail.com
SRC0261,56,EVT0948,,,Ophiuroid,1,source-specific abundance,source-specific occurrence,INCLUDE,,,,,,,,,,,,,,,cherisse.persad@gmail.com
SRC0261,57,EVT0948,,,Poly1,3,source-specific abundance,source-specific occurrence,INCLUDE,,,,,,,,,,,,,,,cherisse.persad@gmail.com
SRC0261,58,EVT0948,,,Poly2,19,source-specific abundance,source-specific occurrence,INCLUDE,,,,,,,,,,,,,,,cherisse.persad@gmail.com
SRC0261,59,EVT0948,,,Poly3,3,source-specific abundance,source-specific occurrence,INCLUDE,,,,,,,,,,,,,,,cherisse.persad@gmail.com
SRC0261,60,EVT0948,,,Poly4,2,source-specific abundance,source-specific occurrence,INCLUDE,,,,,,,,,,,,,,,cherisse.persad@gmail.com
SRC0261,61,EVT0948,,,Poly6,4,source-specific abundance,source-specific occurrence,INCLUDE,,,,,,,,,,,,,,,cherisse.persad@gmail.com
SRC0261,62,EVT0948,,,Poly8,1,source-specific abundance,source-specific occurrence,INCLUDE,,,,,,,,,,,,,,,cherisse.persad@gmail.com
SRC0261,63,EVT0948,,,Poly9,3,source-specific abundance,source-specific occurrence,INCLUDE,,,,,,,,,,,,,,,cherisse.persad@gmail.com
SRC0261,64,EVT0948,,,Tanaid1,8,source-specific abundance,source-specific occurrence,INCLUDE,,,,,,,,,,,,,,,cherisse.persad@gmail.com
SRC0261,65,EVT0948,,,Galatheid,2,source-specific abundance,source-specific occurrence,INCLUDE,,,,,,,,,,,,,,,cherisse.persad@gmail.com
SRC0261,66,EVT0948,,,Xylophaga zierenbergi,2,source-specific abundance,source-specific occurrence,INCLUDE,,,,,,,,,,,,,,,cherisse.persad@gmail.com
SRC0261,67,EVT0948,,,Gastropod 1,187,source-specific abundance,source-specific occurrence,INCLUDE,,,,,,,,,,,,,,,cherisse.persad@gmail.com
SRC0261,68,EVT0948,,,Gastropod 2,2,source-specific abundance,source-specific occurrence,INCLUDE,,,,,,,,,,,,,,,cherisse.persad@gmail.com
SRC0261,69,EVT0948,,,Limpet,7,source-specific abundance,source-specific occurrence,INCLUDE,,,,,,,,,,,,,,,cherisse.persad@gmail.com
SRC0261,70,EVT0948,,,Anemone_sm,1,source-specific abundance,source-specific occurrence,INCLUDE,,,,,,,,,,,,,,,cherisse.persad@gmail.com
SRC0261,71,EVT0948,,,Crinoid1,1,source-specific abundance,source-specific occurrence,INCLUDE,,,,,,,,,,,,,,,cherisse.persad@gmail.com
SRC0261,72,EVT0948,,,Ophiuroid,2,source-specific abundance,source-specific occurrence,INCLUDE,,,,,,,,,,,,,,,cherisse.persad@gmail.com
SRC0261,73,EVT0948,,,Poly1,1,source-specific abundance,source-specific occurrence,INCLUDE,,,,,,,,,,,,,,,cherisse.persad@gmail.com
SRC0261,74,EVT0948,,,Poly3,3,source-specific abundance,source-specific occurrence,INCLUDE,,,,,,,,,,,,,,,cherisse.persad@gmail.com
SRC0261,75,EVT0948,,,Poly4,3,source-specific abundance,source-specific occurrence,INCLUDE,,,,,,,,,,,,,,,cherisse.persad@gmail.com
SRC0261,76,EVT0948,,,Tanaid1,31,source-specific abundance,source-specific occurrence,INCLUDE,,,,,,,,,,,,,,,cherisse.persad@gmail.com
SRC0261,77,EVT0948,,,Amphi1,6,source-specific abundance,source-specific occurrence,INCLUDE,,,,,,,,,,,,,,,cherisse.persad@gmail.com
SRC0261,78,EVT0948,,,Galatheid,9,source-specific abundance,source-specific occurrence,INCLUDE,,,,,,,,,,,,,,,cherisse.persad@gmail.com
SRC0261,79,EVT0948,,,Xylophaga zierenbergi,2,source-specific abundance,source-specific occurrence,INCLUDE,,,,,,,,,,,,,,,cherisse.persad@gmail.com
SRC0261,80,EVT0948,,,Gastropod 1,12,source-specific abundance,source-specific occurrence,INCLUDE,,,,,,,,,,,,,,,cherisse.persad@gmail.com
SRC0261,81,EVT0948,,,Gastropod 2,8,source-specific abundance,source-specific occurrence,INCLUDE,,,,,,,,,,,,,,,cherisse.persad@gmail.com
SRC0261,82,EVT0948,,,Gastropod 5,5,source-specific abundance,source-specific occurrence,INCLUDE,,,,,,,,,,,,,,,cherisse.persad@gmail.com
SRC0261,83,EVT0948,,,Limpet,5,source-specific abundance,source-specific occurrence,INCLUDE,,,,,,,,,,,,,,,cherisse.persad@gmail.com
SRC0261,84,EVT0948,,,Ophiuroid,1,source-specific abundance,source-specific occurrence,INCLUDE,,,,,,,,,,,,,,,cherisse.persad@gmail.com
SRC0261,85,EVT0948,,,Tanaid1,91,source-specific abundance,source-specific occurrence,INCLUDE,,,,,,,,,,,,,,,cherisse.persad@gmail.com
SRC0261,86,EVT0948,,,Amphi2,7,source-specific abundance,source-specific occurrence,INCLUDE,,,,,,,,,,,,,,,cherisse.persad@gmail.com
SRC0261,87,EVT0948,,,Galatheid,2,source-specific abundance,source-specific occurrence,INCLUDE,,,,,,,,,,,,,,,cherisse.persad@gmail.com
SRC0261,88,EVT0948,,,Xylophaga zierenbergi,8,source-specific abundance,source-specific occurrence,INCLUDE,,,,,,,,,,,,,,,cherisse.persad@gmail.com
SRC0261,89,EVT0948,,,Gastropod 3,1,source-specific abundance,source-specific occurrence,INCLUDE,,,,,,,,,,,,,,,cherisse.persad@gmail.com
SRC0261,90,EVT0948,,,Gastropod 5,6,source-specific abundance,source-specific occurrence,INCLUDE,,,,,,,,,,,,,,,cherisse.persad@gmail.com
SRC0261,91,EVT0948,,,Limpet,23,source-specific abundance,source-specific occurrence,INCLUDE,,,,,,,,,,,,,,,cherisse.persad@gmail.com
SRC0261,92,EVT0948,,,Poly1,5,source-specific abundance,source-specific occurrence,INCLUDE,,,,,,,,,,,,,,,cherisse.persad@gmail.com
SRC0261,93,EVT0948,,,Poly2,253,source-specific abundance,source-specific occurrence,INCLUDE,,,,,,,,,,,,,,,cherisse.persad@gmail.com
SRC0261,94,EVT0948,,,Poly3,6,source-specific abundance,source-specific occurrence,INCLUDE,,,,,,,,,,,,,,,cherisse.persad@gmail.com
SRC0261,95,EVT0948,,,Poly4,19,source-specific abundance,source-specific occurrence,INCLUDE,,,,,,,,,,,,,,,cherisse.persad@gmail.com
SRC0261,96,EVT0948,,,Poly6,13,source-specific abundance,source-specific occurrence,INCLUDE,,,,,,,,,,,,,,,cherisse.persad@gmail.com
SRC0261,97,EVT0948,,,Poly7,2,source-specific abundance,source-specific occurrence,INCLUDE,,,,,,,,,,,,,,,cherisse.persad@gmail.com
SRC0261,98,EVT0948,,,Poly8,1,source-specific abundance,source-specific occurrence,INCLUDE,,,,,,,,,,,,,,,cherisse.persad@gmail.com
SRC0261,99,EVT0948,,,Poly10,1,source-specific abundance,source-specific occurrence,INCLUDE,,,,,,,,,,,,,,,cherisse.persad@gmail.com
SRC0261,100,EVT0948,,,Poly11,1,source-specific abundance,source-specific occurrence,INCLUDE,,,,,,,,,,,,,,,cherisse.persad@gmail.com
SRC0261,101,EVT0948,,,Tanaid1,455,source-specific abundance,source-specific occurrence,INCLUDE,,,,,,,,,,,,,,,cherisse.persad@gmail.com
SRC0261,102,EVT0948,,,Amphi2,61,source-specific abundance,source-specific occurrence,INCLUDE,,,,,,,,,,,,,,,cherisse.persad@gmail.com
SRC0261,103,EVT0948,,,Galatheid,12,source-specific abundance,source-specific occurrence,INCLUDE,,,,,,,,,,,,,,,cherisse.persad@gmail.com
SRC0261,104,EVT0948,,,Xylophaga zierenbergi,2,source-specific abundance,source-specific occurrence,INCLUDE,,,,,,,,,,,,,,,cherisse.persad@gmail.com
SRC0261,105,EVT0948,,,Gastropod 1,115,source-specific abundance,source-specific occurrence,INCLUDE,,,,,,,,,,,,,,,cherisse.persad@gmail.com
SRC0261,106,EVT0948,,,Gastropod 3,100,source-specific abundance,source-specific occurrence,INCLUDE,,,,,,,,,,,,,,,cherisse.persad@gmail.com
SRC0261,107,EVT0948,,,Gastropod 4,6,source-specific abundance,source-specific occurrence,INCLUDE,,,,,,,,,,,,,,,cherisse.persad@gmail.com
SRC0261,108,EVT0948,,,Gastropod 5,2,source-specific abundance,source-specific occurrence,INCLUDE,,,,,,,,,,,,,,,cherisse.persad@gmail.com
SRC0261,109,EVT0948,,,Limpet,2,source-specific abundance,source-specific occurrence,INCLUDE,,,,,,,,,,,,,,,cherisse.persad@gmail.com
SRC0261,110,EVT0948,,,Anemone_sm,2,source-specific abundance,source-specific occurrence,INCLUDE,,,,,,,,,,,,,,,cherisse.persad@gmail.com
SRC0261,111,EVT0948,,,Poly2,2,source-specific abundance,source-specific occurrence,INCLUDE,,,,,,,,,,,,,,,cherisse.persad@gmail.com
SRC0261,112,EVT0948,,,Poly4,11,source-specific abundance,source-specific occurrence,INCLUDE,,,,,,,,,,,,,,,cherisse.persad@gmail.com
SRC0261,113,EVT0948,,,Tanaid1,61,source-specific abundance,source-specific occurrence,INCLUDE,,,,,,,,,,,,,,,cherisse.persad@gmail.com
SRC0261,114,EVT0948,,,Amphi1,6,source-specific abundance,source-specific occurrence,INCLUDE,,,,,,,,,,,,,,,cherisse.persad@gmail.com
SRC0261,115,EVT0948,,,Galatheid,3,source-specific abundance,source-specific occurrence,INCLUDE,,,,,,,,,,,,,,,cherisse.persad@gmail.com
SRC0261,116,EVT0948,,,Gastropod 1,138,source-specific abundance,source-specific occurrence,INCLUDE,,,,,,,,,,,,,,,cherisse.persad@gmail.com
SRC0261,117,EVT0948,,,Gastropod 2,5,source-specific abundance,source-specific occurrence,INCLUDE,,,,,,,,,,,,,,,cherisse.persad@gmail.com
SRC0261,118,EVT0948,,,Gastropod 3,15,source-specific abundance,source-specific occurrence,INCLUDE,,,,,,,,,,,,,,,cherisse.persad@gmail.com
SRC0261,119,EVT0948,,,Gastropod 4,12,source-specific abundance,source-specific occurrence,INCLUDE,,,,,,,,,,,,,,,cherisse.persad@gmail.com
SRC0261,120,EVT0948,,,Gastropod 5,5,source-specific abundance,source-specific occurrence,INCLUDE,,,,,,,,,,,,,,,cherisse.persad@gmail.com
SRC0261,121,EVT0948,,,Limpet,2,source-specific abundance,source-specific occurrence,INCLUDE,,,,,,,,,,,,,,,cherisse.persad@gmail.com
SRC0261,122,EVT0948,,,Poly1,1,source-specific abundance,source-specific occurrence,INCLUDE,,,,,,,,,,,,,,,cherisse.persad@gmail.com
SRC0261,123,EVT0948,,,Poly4,1,source-specific abundance,source-specific occurrence,INCLUDE,,,,,,,,,,,,,,,cherisse.persad@gmail.com
SRC0261,124,EVT0948,,,Tanaid1,9,source-specific abundance,source-specific occurrence,INCLUDE,,,,,,,,,,,,,,,cherisse.persad@gmail.com
SRC0261,125,EVT0948,,,Amphi1,21,source-specific abundance,source-specific occurrence,INCLUDE,,,,,,,,,,,,,,,cherisse.persad@gmail.com
SRC0261,126,EVT0948,,,Amphi2,2,source-specific abundance,source-specific occurrence,INCLUDE,,,,,,,,,,,,,,,cherisse.persad@gmail.com
SRC0261,127,EVT0948,,,Xylophaga zierenbergi,19,source-specific abundance,source-specific occurrence,INCLUDE,,,,,,,,,,,,,,,cherisse.persad@gmail.com
SRC0261,128,EVT0948,,,Gastropod 1,1,source-specific abundance,source-specific occurrence,INCLUDE,,,,,,,,,,,,,,,cherisse.persad@gmail.com
SRC0261,129,EVT0948,,,Gastropod 5,4,source-specific abundance,source-specific occurrence,INCLUDE,,,,,,,,,,,,,,,cherisse.persad@gmail.com
SRC0261,130,EVT0948,,,Limpet,5,source-specific abundance,source-specific occurrence,INCLUDE,,,,,,,,,,,,,,,cherisse.persad@gmail.com
SRC0261,131,EVT0948,,,Ophiuroid,2,source-specific abundance,source-specific occurrence,INCLUDE,,,,,,,,,,,,,,,cherisse.persad@gmail.com
SRC0261,132,EVT0948,,,Poly1,1,source-specific abundance,source-specific occurrence,INCLUDE,,,,,,,,,,,,,,,cherisse.persad@gmail.com
SRC0261,133,EVT0948,,,Poly2,41,source-specific abundance,source-specific occurrence,INCLUDE,,,,,,,,,,,,,,,cherisse.persad@gmail.com
SRC0261,134,EVT0948,,,Poly3,1,source-specific abundance,source-specific occurrence,INCLUDE,,,,,,,,,,,,,,,cherisse.persad@gmail.com
SRC0261,135,EVT0948,,,Poly4,6,source-specific abundance,source-specific occurrence,INCLUDE,,,,,,,,,,,,,,,cherisse.persad@gmail.com
SRC0261,136,EVT0948,,,Poly6,1,source-specific abundance,source-specific occurrence,INCLUDE,,,,,,,,,,,,,,,cherisse.persad@gmail.com
SRC0261,137,EVT0948,,,Tanaid1,51,source-specific abundance,source-specific occurrence,INCLUDE,,,,,,,,,,,,,,,cherisse.persad@gmail.com
SRC0261,138,EVT0948,,,Amphi2,9,source-specific abundance,source-specific occurrence,INCLUDE,,,,,,,,,,,,,,,cherisse.persad@gmail.com
SRC0261,139,EVT0948,,,Galatheid,4,source-specific abundance,source-specific occurrence,INCLUDE,,,,,,,,,,,,,,,cherisse.persad@gmail.com
SRC0261,140,EVT0948,,,Gastropod 2,23,source-specific abundance,source-specific occurrence,INCLUDE,,,,,,,,,,,,,,,cherisse.persad@gmail.com
SRC0261,141,EVT0948,,,Gastropod 5,37,source-specific abundance,source-specific occurrence,INCLUDE,,,,,,,,,,,,,,,cherisse.persad@gmail.com
SRC0261,142,EVT0948,,,Limpet,45,source-specific abundance,source-specific occurrence,INCLUDE,,,,,,,,,,,,,,,cherisse.persad@gmail.com
SRC0261,143,EVT0948,,,Crinoid1,1,source-specific abundance,source-specific occurrence,INCLUDE,,,,,,,,,,,,,,,cherisse.persad@gmail.com
SRC0261,144,EVT0948,,,Tanaid1,13,source-specific abundance,source-specific occurrence,INCLUDE,,,,,,,,,,,,,,,cherisse.persad@gmail.com
SRC0261,145,EVT0948,,,Amphi2,3,source-specific abundance,source-specific occurrence,INCLUDE,,,,,,,,,,,,,,,cherisse.persad@gmail.com
SRC0261,146,EVT0948,,,Xylophaga zierenbergi,11,source-specific abundance,source-specific occurrence,INCLUDE,,,,,,,,,,,,,,,cherisse.persad@gmail.com
SRC0261,147,EVT0948,,,Gastropod 1,3,source-specific abundance,source-specific occurrence,INCLUDE,,,,,,,,,,,,,,,cherisse.persad@gmail.com
SRC0261,148,EVT0948,,,Gastropod 2,5,source-specific abundance,source-specific occurrence,INCLUDE,,,,,,,,,,,,,,,cherisse.persad@gmail.com
SRC0261,149,EVT0948,,,Gastropod 3,39,source-specific abundance,source-specific occurrence,INCLUDE,,,,,,,,,,,,,,,cherisse.persad@gmail.com
SRC0261,150,EVT0948,,,Gastropod 4,5,source-specific abundance,source-specific occurrence,INCLUDE,,,,,,,,,,,,,,,cherisse.persad@gmail.com
SRC0261,151,EVT0948,,,Gastropod 5,2,source-specific abundance,source-specific occurrence,INCLUDE,,,,,,,,,,,,,,,cherisse.persad@gmail.com
SRC0261,152,EVT0948,,,Gastropod 7,2,source-specific abundance,source-specific occurrence,INCLUDE,,,,,,,,,,,,,,,cherisse.persad@gmail.com
SRC0261,153,EVT0948,,,Limpet,11,source-specific abundance,source-specific occurrence,INCLUDE,,,,,,,,,,,,,,,cherisse.persad@gmail.com
SRC0261,154,EVT0948,,,Crinoid1,1,source-specific abundance,source-specific occurrence,INCLUDE,,,,,,,,,,,,,,,cherisse.persad@gmail.com
SRC0261,155,EVT0948,,,Tanaid1,36,source-specific abundance,source-specific occurrence,INCLUDE,,,,,,,,,,,,,,,cherisse.persad@gmail.com
SRC0261,156,EVT0948,,,Amphi2,2,source-specific abundance,source-specific occurrence,INCLUDE,,,,,,,,,,,,,,,cherisse.persad@gmail.com
SRC0261,157,EVT0948,,,Xylophaga zierenbergi,58,source-specific abundance,source-specific occurrence,INCLUDE,,,,,,,,,,,,,,,cherisse.persad@gmail.com
SRC0261,158,EVT0948,,,Gastropod 1,138,source-specific abundance,source-specific occurrence,INCLUDE,,,,,,,,,,,,,,,cherisse.persad@gmail.com
SRC0261,159,EVT0948,,,Gastropod 2,7,source-specific abundance,source-specific occurrence,INCLUDE,,,,,,,,,,,,,,,cherisse.persad@gmail.com
SRC0261,160,EVT0948,,,Gastropod 3,111,source-specific abundance,source-specific occurrence,INCLUDE,,,,,,,,,,,,,,,cherisse.persad@gmail.com
SRC0261,161,EVT0948,,,Gastropod 4,38,source-specific abundance,source-specific occurrence,INCLUDE,,,,,,,,,,,,,,,cherisse.persad@gmail.com
SRC0261,162,EVT0948,,,Gastropod 5,46,source-specific abundance,source-specific occurrence,INCLUDE,,,,,,,,,,,,,,,cherisse.persad@gmail.com
SRC0261,163,EVT0948,,,Limpet,19,source-specific abundance,source-specific occurrence,INCLUDE,,,,,,,,,,,,,,,cherisse.persad@gmail.com
SRC0261,164,EVT0948,,,Anemone_sm,12,source-specific abundance,source-specific occurrence,INCLUDE,,,,,,,,,,,,,,,cherisse.persad@gmail.com
SRC0261,165,EVT0948,,,Bivalve,1,source-specific abundance,source-specific occurrence,INCLUDE,,,,,,,,,,,,,,,cherisse.persad@gmail.com
SRC0261,166,EVT0948,,,Poly1,11,source-specific abundance,source-specific occurrence,INCLUDE,,,,,,,,,,,,,,,cherisse.persad@gmail.com
SRC0261,167,EVT0948,,,Poly3,3,source-specific abundance,source-specific occurrence,INCLUDE,,,,,,,,,,,,,,,cherisse.persad@gmail.com
SRC0261,168,EVT0948,,,Poly4,3,source-specific abundance,source-specific occurrence,INCLUDE,,,,,,,,,,,,,,,cherisse.persad@gmail.com
SRC0261,169,EVT0948,,,Tanaid1,48,source-specific abundance,source-specific occurrence,INCLUDE,,,,,,,,,,,,,,,cherisse.persad@gmail.com
SRC0261,170,EVT0948,,,Galatheid,5,source-specific abundance,source-specific occurrence,INCLUDE,,,,,,,,,,,,,,,cherisse.persad@gmail.com
SRC0261,171,EVT0948,,,Xylophaga zierenbergi,2,source-specific abundance,source-specific occurrence,INCLUDE,,,,,,,,,,,,,,,cherisse.persad@gmail.com
SRC0261,172,EVT0948,,,Gastropod 1,208,source-specific abundance,source-specific occurrence,INCLUDE,,,,,,,,,,,,,,,cherisse.persad@gmail.com
SRC0261,173,EVT0948,,,Gastropod 2,7,source-specific abundance,source-specific occurrence,INCLUDE,,,,,,,,,,,,,,,cherisse.persad@gmail.com
SRC0261,174,EVT0948,,,Gastropod 3,422,source-specific abundance,source-specific occurrence,INCLUDE,,,,,,,,,,,,,,,cherisse.persad@gmail.com
SRC0261,175,EVT0948,,,Gastropod 4,249,source-specific abundance,source-specific occurrence,INCLUDE,,,,,,,,,,,,,,,cherisse.persad@gmail.com
SRC0261,176,EVT0948,,,Gastropod 5,3,source-specific abundance,source-specific occurrence,INCLUDE,,,,,,,,,,,,,,,cherisse.persad@gmail.com
SRC0261,177,EVT0948,,,Limpet,4,source-specific abundance,source-specific occurrence,INCLUDE,,,,,,,,,,,,,,,cherisse.persad@gmail.com
SRC0261,178,EVT0948,,,Anemone_sm,2,source-specific abundance,source-specific occurrence,INCLUDE,,,,,,,,,,,,,,,cherisse.persad@gmail.com
SRC0261,179,EVT0948,,,Ophiuroid,3,source-specific abundance,source-specific occurrence,INCLUDE,,,,,,,,,,,,,,,cherisse.persad@gmail.com
SRC0261,180,EVT0948,,,Poly1,2,source-specific abundance,source-specific occurrence,INCLUDE,,,,,,,,,,,,,,,cherisse.persad@gmail.com
SRC0261,181,EVT0948,,,Poly2,28,source-specific abundance,source-specific occurrence,INCLUDE,,,,,,,,,,,,,,,cherisse.persad@gmail.com
SRC0261,182,EVT0948,,,Poly3,1,source-specific abundance,source-specific occurrence,INCLUDE,,,,,,,,,,,,,,,cherisse.persad@gmail.com
SRC0261,183,EVT0948,,,Poly4,13,source-specific abundance,source-specific occurrence,INCLUDE,,,,,,,,,,,,,,,cherisse.persad@gmail.com
SRC0261,184,EVT0948,,,Poly9,1,source-specific abundance,source-specific occurrence,INCLUDE,,,,,,,,,,,,,,,cherisse.persad@gmail.com
SRC0261,185,EVT0948,,,Tanaid1,65,source-specific abundance,source-specific occurrence,INCLUDE,,,,,,,,,,,,,,,cherisse.persad@gmail.com
SRC0261,186,EVT0948,,,Amphi2,8,source-specific abundance,source-specific occurrence,INCLUDE,,,,,,,,,,,,,,,cherisse.persad@gmail.com
SRC0261,187,EVT0948,,,Galatheid,3,source-specific abundance,source-specific occurrence,INCLUDE,,,,,,,,,,,,,,,cherisse.persad@gmail.com
SRC0262,1,EVT0948,,,,,source-specific abundance,source-specific occurrence,INCLUDE,,,,,,,,,,,,,,,cherisse.persad@gmail.com
SRC0262,2,EVT0948,,,,,source-specific abundance,source-specific occurrence,INCLUDE,,,,,,,,,,,,,,,cherisse.persad@gmail.com
SRC0262,3,EVT0948,,,,,source-specific abundance,source-specific occurrence,INCLUDE,,,,,,,,,,,,,,,cherisse.persad@gmail.com
SRC0262,4,EVT0948,,,,,source-specific abundance,source-specific occurrence,INCLUDE,,,,,,,,,,,,,,,cherisse.persad@gmail.com
SRC0262,5,EVT0948,,,,,source-specific abundance,source-specific occurrence,INCLUDE,,,,,,,,,,,,,,,cherisse.persad@gmail.com
SRC0262,6,EVT0948,,,,,source-specific abundance,source-specific occurrence,INCLUDE,,,,,,,,,,,,,,,cherisse.persad@gmail.com
SRC0262,7,EVT0948,,,,,source-specific abundance,source-specific occurrence,INCLUDE,,,,,,,,,,,,,,,cherisse.persad@gmail.com
SRC0262,8,EVT0948,,,,,source-specific abundance,source-specific occurrence,INCLUDE,,,,,,,,,,,,,,,cherisse.persad@gmail.com
SRC0262,9,EVT0948,,,,,source-specific abundance,source-specific occurrence,INCLUDE,,,,,,,,,,,,,,,cherisse.persad@gmail.com
SRC0262,10,EVT0948,,,,,source-specific abundance,source-specific occurrence,INCLUDE,,,,,,,,,,,,,,,cherisse.persad@gmail.com
SRC0262,11,EVT0948,,,,,source-specific abundance,source-specific occurrence,INCLUDE,,,,,,,,,,,,,,,cherisse.persad@gmail.com
SRC0262,12,EVT0948,,,,,source-specific abundance,source-specific occurrence,INCLUDE,,,,,,,,,,,,,,,cherisse.persad@gmail.com
SRC0262,13,EVT0948,,,,,source-specific abundance,source-specific occurrence,INCLUDE,,,,,,,,,,,,,,,cherisse.persad@gmail.com
SRC0262,14,EVT0948,,,,,source-specific abundance,source-specific occurrence,INCLUDE,,,,,,,,,,,,,,,cherisse.persad@gmail.com
SRC0262,15,EVT0948,,,,,source-specific abundance,source-specific occurrence,INCLUDE,,,,,,,,,,,,,,,cherisse.persad@gmail.com
SRC0262,16,EVT0948,,,,,source-specific abundance,source-specific occurrence,INCLUDE,,,,,,,,,,,,,,,cherisse.persad@gmail.com
SRC0262,17,EVT0948,,,,,source-specific abundance,source-specific occurrence,INCLUDE,,,,,,,,,,,,,,,cherisse.persad@gmail.com
SRC0262,18,EVT0948,,,,,source-specific abundance,source-specific occurrence,INCLUDE,,,,,,,,,,,,,,,cherisse.persad@gmail.com
SRC0262,19,EVT0948,,,,,source-specific abundance,source-specific occurrence,INCLUDE,,,,,,,,,,,,,,,cherisse.persad@gmail.com
SRC0262,20,EVT0948,,,,,source-specific abundance,source-specific occurrence,INCLUDE,,,,,,,,,,,,,,,cherisse.persad@gmail.com
SRC0262,21,EVT0948,,,,,source-specific abundance,source-specific occurrence,INCLUDE,,,,,,,,,,,,,,,cherisse.persad@gmail.com
SRC0262,22,EVT0948,,,,,source-specific abundance,source-specific occurrence,INCLUDE,,,,,,,,,,,,,,,cherisse.persad@gmail.com
SRC0262,23,EVT0948,,,,,source-specific abundance,source-specific occurrence,INCLUDE,,,,,,,,,,,,,,,cherisse.persad@gmail.com
SRC0262,24,EVT0948,,,,,source-specific abundance,source-specific occurrence,INCLUDE,,,,,,,,,,,,,,,cherisse.persad@gmail.com
SRC0262,25,EVT0948,,,,,source-specific abundance,source-specific occurrence,INCLUDE,,,,,,,,,,,,,,,cherisse.persad@gmail.com
SRC0262,26,EVT0948,,,,,source-specific abundance,source-specific occurrence,INCLUDE,,,,,,,,,,,,,,,cherisse.persad@gmail.com
SRC0262,27,EVT0948,,,,,source-specific abundance,source-specific occurrence,INCLUDE,,,,,,,,,,,,,,,cherisse.persad@gmail.com
SRC0262,28,EVT0948,,,,,source-specific abundance,source-specific occurrence,INCLUDE,,,,,,,,,,,,,,,cherisse.persad@gmail.com
SRC0262,29,EVT0948,,,,,source-specific abundance,source-specific occurrence,INCLUDE,,,,,,,,,,,,,,,cherisse.persad@gmail.com
SRC0262,30,EVT0948,,,,,source-specific abundance,source-specific occurrence,INCLUDE,,,,,,,,,,,,,,,cherisse.persad@gmail.com
SRC0262,31,EVT0948,,,,,source-specific abundance,source-specific occurrence,INCLUDE,,,,,,,,,,,,,,,cherisse.persad@gmail.com
SRC0262,32,EVT0948,,,,,source-specific abundance,source-specific occurrence,INCLUDE,,,,,,,,,,,,,,,cherisse.persad@gmail.com
SRC0262,33,EVT0948,,,,,source-specific abundance,source-specific occurrence,INCLUDE,,,,,,,,,,,,,,,cherisse.persad@gmail.com
SRC0262,34,EVT0948,,,,,source-specific abundance,source-specific occurrence,INCLUDE,,,,,,,,,,,,,,,cherisse.persad@gmail.com
SRC0262,35,EVT0948,,,,,source-specific abundance,source-specific occurrence,INCLUDE,,,,,,,,,,,,,,,cherisse.persad@gmail.com
SRC0262,36,EVT0948,,,,,source-specific abundance,source-specific occurrence,INCLUDE,,,,,,,,,,,,,,,cherisse.persad@gmail.com
SRC0262,37,EVT0948,,,,,source-specific abundance,source-specific occurrence,INCLUDE,,,,,,,,,,,,,,,cherisse.persad@gmail.com
SRC0262,38,EVT0948,,,,,source-specific abundance,source-specific occurrence,INCLUDE,,,,,,,,,,,,,,,cherisse.persad@gmail.com
SRC0262,39,EVT0948,,,,,source-specific abundance,source-specific occurrence,INCLUDE,,,,,,,,,,,,,,,cherisse.persad@gmail.com
SRC0262,40,EVT0948,,,,,source-specific abundance,source-specific occurrence,INCLUDE,,,,,,,,,,,,,,,cherisse.persad@gmail.com
SRC0262,41,EVT0948,,,,,source-specific abundance,source-specific occurrence,INCLUDE,,,,,,,,,,,,,,,cherisse.persad@gmail.com
SRC0262,42,EVT0948,,,,,source-specific abundance,source-specific occurrence,INCLUDE,,,,,,,,,,,,,,,cherisse.persad@gmail.com
SRC0262,43,EVT0948,,,,,source-specific abundance,source-specific occurrence,INCLUDE,,,,,,,,,,,,,,,cherisse.persad@gmail.com
SRC0262,44,EVT0948,,,,,source-specific abundance,source-specific occurrence,INCLUDE,,,,,,,,,,,,,,,cherisse.persad@gmail.com
SRC0262,45,EVT0948,,,,,source-specific abundance,source-specific occurrence,INCLUDE,,,,,,,,,,,,,,,cherisse.persad@gmail.com
SRC0262,46,EVT0948,,,,,source-specific abundance,source-specific occurrence,INCLUDE,,,,,,,,,,,,,,,cherisse.persad@gmail.com
SRC0262,47,EVT0948,,,,,source-specific abundance,source-specific occurrence,INCLUDE,,,,,,,,,,,,,,,cherisse.persad@gmail.com
SRC0262,48,EVT0948,,,,,source-specific abundance,source-specific occurrence,INCLUDE,,,,,,,,,,,,,,,cherisse.persad@gmail.com
SRC0262,49,EVT0948,,,,,source-specific abundance,source-specific occurrence,INCLUDE,,,,,,,,,,,,,,,cherisse.persad@gmail.com
SRC0262,50,EVT0948,,,,,source-specific abundance,source-specific occurrence,INCLUDE,,,,,,,,,,,,,,,cherisse.persad@gmail.com
SRC0262,51,EVT0948,,,,,source-specific abundance,source-specific occurrence,INCLUDE,,,,,,,,,,,,,,,cherisse.persad@gmail.com
SRC0262,52,EVT0948,,,,,source-specific abundance,source-specific occurrence,INCLUDE,,,,,,,,,,,,,,,cherisse.persad@gmail.com
SRC0262,53,EVT0948,,,,,source-specific abundance,source-specific occurrence,INCLUDE,,,,,,,,,,,,,,,cherisse.persad@gmail.com
SRC0262,54,EVT0948,,,,,source-specific abundance,source-specific occurrence,INCLUDE,,,,,,,,,,,,,,,cherisse.persad@gmail.com
SRC0262,55,EVT0948,,,,,source-specific abundance,source-specific occurrence,INCLUDE,,,,,,,,,,,,,,,cherisse.persad@gmail.com
SRC0262,56,EVT0948,,,,,source-specific abundance,source-specific occurrence,INCLUDE,,,,,,,,,,,,,,,cherisse.persad@gmail.com
SRC0262,57,EVT0948,,,,,source-specific abundance,source-specific occurrence,INCLUDE,,,,,,,,,,,,,,,cherisse.persad@gmail.com
SRC0262,58,EVT0948,,,,,source-specific abundance,source-specific occurrence,INCLUDE,,,,,,,,,,,,,,,cherisse.persad@gmail.com
SRC0262,59,EVT0948,,,,,source-specific abundance,source-specific occurrence,INCLUDE,,,,,,,,,,,,,,,cherisse.persad@gmail.com
SRC0262,60,EVT0948,,,,,source-specific abundance,source-specific occurrence,INCLUDE,,,,,,,,,,,,,,,cherisse.persad@gmail.com
SRC0262,61,EVT0948,,,,,source-specific abundance,source-specific occurrence,INCLUDE,,,,,,,,,,,,,,,cherisse.persad@gmail.com
SRC0262,62,EVT0948,,,,,source-specific abundance,source-specific occurrence,INCLUDE,,,,,,,,,,,,,,,cherisse.persad@gmail.com
SRC0262,63,EVT0948,,,,,source-specific abundance,source-specific occurrence,INCLUDE,,,,,,,,,,,,,,,cherisse.persad@gmail.com
SRC0262,64,EVT0948,,,,,source-specific abundance,source-specific occurrence,INCLUDE,,,,,,,,,,,,,,,cherisse.persad@gmail.com
SRC0262,65,EVT0948,,,,,source-specific abundance,source-specific occurrence,INCLUDE,,,,,,,,,,,,,,,cherisse.persad@gmail.com
SRC0262,66,EVT0948,,,,,source-specific abundance,source-specific occurrence,INCLUDE,,,,,,,,,,,,,,,cherisse.persad@gmail.com
SRC0262,67,EVT0948,,,,,source-specific abundance,source-specific occurrence,INCLUDE,,,,,,,,,,,,,,,cherisse.persad@gmail.com
SRC0262,68,EVT0948,,,,,source-specific abundance,source-specific occurrence,INCLUDE,,,,,,,,,,,,,,,cherisse.persad@gmail.com
SRC0262,69,EVT0948,,,,,source-specific abundance,source-specific occurrence,INCLUDE,,,,,,,,,,,,,,,cherisse.persad@gmail.com
SRC0262,70,EVT0948,,,,,source-specific abundance,source-specific occurrence,INCLUDE,,,,,,,,,,,,,,,cherisse.persad@gmail.com
SRC0262,71,EVT0948,,,,,source-specific abundance,source-specific occurrence,INCLUDE,,,,,,,,,,,,,,,cherisse.persad@gmail.com
SRC0262,72,EVT0948,,,,,source-specific abundance,source-specific occurrence,INCLUDE,,,,,,,,,,,,,,,cherisse.persad@gmail.com
SRC0262,73,EVT0948,,,,,source-specific abundance,source-specific occurrence,INCLUDE,,,,,,,,,,,,,,,cherisse.persad@gmail.com
SRC0262,74,EVT0948,,,,,source-specific abundance,source-specific occurrence,INCLUDE,,,,,,,,,,,,,,,cherisse.persad@gmail.com
SRC0262,75,EVT0948,,,,,source-specific abundance,source-specific occurrence,INCLUDE,,,,,,,,,,,,,,,cherisse.persad@gmail.com
SRC0262,76,EVT0948,,,,,source-specific abundance,source-specific occurrence,INCLUDE,,,,,,,,,,,,,,,cherisse.persad@gmail.com
SRC0262,77,EVT0948,,,,,source-specific abundance,source-specific occurrence,INCLUDE,,,,,,,,,,,,,,,cherisse.persad@gmail.com
SRC0262,78,EVT0948,,,,,source-specific abundance,source-specific occurrence,INCLUDE,,,,,,,,,,,,,,,cherisse.persad@gmail.com
SRC0262,79,EVT0948,,,,,source-specific abundance,source-specific occurrence,INCLUDE,,,,,,,,,,,,,,,cherisse.persad@gmail.com
SRC0262,80,EVT0948,,,,,source-specific abundance,source-specific occurrence,INCLUDE,,,,,,,,,,,,,,,cherisse.persad@gmail.com
SRC0262,81,EVT0948,,,,,source-specific abundance,source-specific occurrence,INCLUDE,,,,,,,,,,,,,,,cherisse.persad@gmail.com
SRC0262,82,EVT0948,,,,,source-specific abundance,source-specific occurrence,INCLUDE,,,,,,,,,,,,,,,cherisse.persad@gmail.com
SRC0262,83,EVT0948,,,,,source-specific abundance,source-specific occurrence,INCLUDE,,,,,,,,,,,,,,,cherisse.persad@gmail.com
SRC0262,84,EVT0948,,,,,source-specific abundance,source-specific occurrence,INCLUDE,,,,,,,,,,,,,,,cherisse.persad@gmail.com
SRC0262,85,EVT0948,,,,,source-specific abundance,source-specific occurrence,INCLUDE,,,,,,,,,,,,,,,cherisse.persad@gmail.com
SRC0262,86,EVT0948,,,,,source-specific abundance,source-specific occurrence,INCLUDE,,,,,,,,,,,,,,,cherisse.persad@gmail.com
SRC0262,87,EVT0948,,,,,source-specific abundance,source-specific occurrence,INCLUDE,,,,,,,,,,,,,,,cherisse.persad@gmail.com
SRC0262,88,EVT0948,,,,,source-specific abundance,source-specific occurrence,INCLUDE,,,,,,,,,,,,,,,cherisse.persad@gmail.com
SRC0262,89,EVT0948,,,,,source-specific abundance,source-specific occurrence,INCLUDE,,,,,,,,,,,,,,,cherisse.persad@gmail.com
SRC0262,90,EVT0948,,,,,source-specific abundance,source-specific occurrence,INCLUDE,,,,,,,,,,,,,,,cherisse.persad@gmail.com
SRC0262,91,EVT0948,,,,,source-specific abundance,source-specific occurrence,INCLUDE,,,,,,,,,,,,,,,cherisse.persad@gmail.com
SRC0262,92,EVT0948,,,,,source-specific abundance,source-specific occurrence,INCLUDE,,,,,,,,,,,,,,,cherisse.persad@gmail.com
SRC0262,93,EVT0948,,,,,source-specific abundance,source-specific occurrence,INCLUDE,,,,,,,,,,,,,,,cherisse.persad@gmail.com
SRC0262,94,EVT0948,,,,,source-specific abundance,source-specific occurrence,INCLUDE,,,,,,,,,,,,,,,cherisse.persad@gmail.com
SRC0262,95,EVT0948,,,,,source-specific abundance,source-specific occurrence,INCLUDE,,,,,,,,,,,,,,,cherisse.persad@gmail.com
SRC0262,96,EVT0948,,,,,source-specific abundance,source-specific occurrence,INCLUDE,,,,,,,,,,,,,,,cherisse.persad@gmail.com
SRC0262,97,EVT0948,,,,,source-specific abundance,source-specific occurrence,INCLUDE,,,,,,,,,,,,,,,cherisse.persad@gmail.com
SRC0262,98,EVT0948,,,,,source-specific abundance,source-specific occurrence,INCLUDE,,,,,,,,,,,,,,,cherisse.persad@gmail.com
SRC0262,99,EVT0948,,,,,source-specific abundance,source-specific occurrence,INCLUDE,,,,,,,,,,,,,,,cherisse.persad@gmail.com
SRC0262,100,EVT0948,,,,,source-specific abundance,source-specific occurrence,INCLUDE,,,,,,,,,,,,,,,cherisse.persad@gmail.com
SRC0262,101,EVT0948,,,,,source-specific abundance,source-specific occurrence,INCLUDE,,,,,,,,,,,,,,,cherisse.persad@gmail.com
SRC0262,102,EVT0948,,,,,source-specific abundance,source-specific occurrence,INCLUDE,,,,,,,,,,,,,,,cherisse.persad@gmail.com
SRC0262,103,EVT0948,,,,,source-specific abundance,source-specific occurrence,INCLUDE,,,,,,,,,,,,,,,cherisse.persad@gmail.com
SRC0262,104,EVT0948,,,,,source-specific abundance,source-specific occurrence,INCLUDE,,,,,,,,,,,,,,,cherisse.persad@gmail.com
SRC0262,105,EVT0948,,,,,source-specific abundance,source-specific occurrence,INCLUDE,,,,,,,,,,,,,,,cherisse.persad@gmail.com
SRC0262,106,EVT0948,,,,,source-specific abundance,source-specific occurrence,INCLUDE,,,,,,,,,,,,,,,cherisse.persad@gmail.com
SRC0262,107,EVT0948,,,,,source-specific abundance,source-specific occurrence,INCLUDE,,,,,,,,,,,,,,,cherisse.persad@gmail.com
SRC0262,108,EVT0948,,,,,source-specific abundance,source-specific occurrence,INCLUDE,,,,,,,,,,,,,,,cherisse.persad@gmail.com
SRC0262,109,EVT0948,,,,,source-specific abundance,source-specific occurrence,INCLUDE,,,,,,,,,,,,,,,cherisse.persad@gmail.com
SRC0262,110,EVT0948,,,,,source-specific abundance,source-specific occurrence,INCLUDE,,,,,,,,,,,,,,,cherisse.persad@gmail.com
SRC0262,111,EVT0948,,,,,source-specific abundance,source-specific occurrence,INCLUDE,,,,,,,,,,,,,,,cherisse.persad@gmail.com
SRC0262,112,EVT0948,,,,,source-specific abundance,source-specific occurrence,INCLUDE,,,,,,,,,,,,,,,cherisse.persad@gmail.com
SRC0262,113,EVT0948,,,,,source-specific abundance,source-specific occurrence,INCLUDE,,,,,,,,,,,,,,,cherisse.persad@gmail.com
SRC0262,114,EVT0948,,,,,source-specific abundance,source-specific occurrence,INCLUDE,,,,,,,,,,,,,,,cherisse.persad@gmail.com
SRC0262,115,EVT0948,,,,,source-specific abundance,source-specific occurrence,INCLUDE,,,,,,,,,,,,,,,cherisse.persad@gmail.com
SRC0262,116,EVT0948,,,,,source-specific abundance,source-specific occurrence,INCLUDE,,,,,,,,,,,,,,,cherisse.persad@gmail.com
SRC0262,117,EVT0948,,,,,source-specific abundance,source-specific occurrence,INCLUDE,,,,,,,,,,,,,,,cherisse.persad@gmail.com
SRC0262,118,EVT0948,,,,,source-specific abundance,source-specific occurrence,INCLUDE,,,,,,,,,,,,,,,cherisse.persad@gmail.com
SRC0262,119,EVT0948,,,,,source-specific abundance,source-specific occurrence,INCLUDE,,,,,,,,,,,,,,,cherisse.persad@gmail.com
SRC0262,120,EVT0948,,,,,source-specific abundance,source-specific occurrence,INCLUDE,,,,,,,,,,,,,,,cherisse.persad@gmail.com
SRC0262,121,EVT0948,,,,,source-specific abundance,source-specific occurrence,INCLUDE,,,,,,,,,,,,,,,cherisse.persad@gmail.com
SRC0262,122,EVT0948,,,,,source-specific abundance,source-specific occurrence,INCLUDE,,,,,,,,,,,,,,,cherisse.persad@gmail.com
SRC0262,123,EVT0948,,,,,source-specific abundance,source-specific occurrence,INCLUDE,,,,,,,,,,,,,,,cherisse.persad@gmail.com
SRC0262,124,EVT0948,,,,,source-specific abundance,source-specific occurrence,INCLUDE,,,,,,,,,,,,,,,cherisse.persad@gmail.com
SRC0262,125,EVT0948,,,,,source-specific abundance,source-specific occurrence,INCLUDE,,,,,,,,,,,,,,,cherisse.persad@gmail.com
SRC0262,126,EVT0948,,,,,source-specific abundance,source-specific occurrence,INCLUDE,,,,,,,,,,,,,,,cherisse.persad@gmail.com
SRC0262,127,EVT0948,,,,,source-specific abundance,source-specific occurrence,INCLUDE,,,,,,,,,,,,,,,cherisse.persad@gmail.com
SRC0262,128,EVT0948,,,,,source-specific abundance,source-specific occurrence,INCLUDE,,,,,,,,,,,,,,,cherisse.persad@gmail.com
SRC0262,129,EVT0948,,,,,source-specific abundance,source-specific occurrence,INCLUDE,,,,,,,,,,,,,,,cherisse.persad@gmail.com
SRC0262,130,EVT0948,,,,,source-specific abundance,source-specific occurrence,INCLUDE,,,,,,,,,,,,,,,cherisse.persad@gmail.com
SRC0262,131,EVT0948,,,,,source-specific abundance,source-specific occurrence,INCLUDE,,,,,,,,,,,,,,,cherisse.persad@gmail.com
SRC0262,132,EVT0948,,,,,source-specific abundance,source-specific occurrence,INCLUDE,,,,,,,,,,,,,,,cherisse.persad@gmail.com
SRC0262,133,EVT0948,,,,,source-specific abundance,source-specific occurrence,INCLUDE,,,,,,,,,,,,,,,cherisse.persad@gmail.com
SRC0262,134,EVT0948,,,,,source-specific abundance,source-specific occurrence,INCLUDE,,,,,,,,,,,,,,,cherisse.persad@gmail.com
SRC0262,135,EVT0948,,,,,source-specific abundance,source-specific occurrence,INCLUDE,,,,,,,,,,,,,,,cherisse.persad@gmail.com
SRC0262,136,EVT0948,,,,,source-specific abundance,source-specific occurrence,INCLUDE,,,,,,,,,,,,,,,cherisse.persad@gmail.com
SRC0262,137,EVT0948,,,,,source-specific abundance,source-specific occurrence,INCLUDE,,,,,,,,,,,,,,,cherisse.persad@gmail.com
SRC0262,138,EVT0948,,,,,source-specific abundance,source-specific occurrence,INCLUDE,,,,,,,,,,,,,,,cherisse.persad@gmail.com
SRC0262,139,EVT0948,,,,,source-specific abundance,source-specific occurrence,INCLUDE,,,,,,,,,,,,,,,cherisse.persad@gmail.com
SRC0262,140,EVT0948,,,,,source-specific abundance,source-specific occurrence,INCLUDE,,,,,,,,,,,,,,,cherisse.persad@gmail.com
SRC0262,141,EVT0948,,,,,source-specific abundance,source-specific occurrence,INCLUDE,,,,,,,,,,,,,,,cherisse.persad@gmail.com
SRC0262,142,EVT0948,,,,,source-specific abundance,source-specific occurrence,INCLUDE,,,,,,,,,,,,,,,cherisse.persad@gmail.com
SRC0262,143,EVT0948,,,,,source-specific abundance,source-specific occurrence,INCLUDE,,,,,,,,,,,,,,,cherisse.persad@gmail.com
SRC0262,144,EVT0948,,,,,source-specific abundance,source-specific occurrence,INCLUDE,,,,,,,,,,,,,,,cherisse.persad@gmail.com
SRC0262,145,EVT0948,,,,,source-specific abundance,source-specific occurrence,INCLUDE,,,,,,,,,,,,,,,cherisse.persad@gmail.com
SRC0262,146,EVT0948,,,,,source-specific abundance,source-specific occurrence,INCLUDE,,,,,,,,,,,,,,,cherisse.persad@gmail.com
SRC0262,147,EVT0948,,,,,source-specific abundance,source-specific occurrence,INCLUDE,,,,,,,,,,,,,,,cherisse.persad@gmail.com
SRC0262,148,EVT0948,,,,,source-specific abundance,source-specific occurrence,INCLUDE,,,,,,,,,,,,,,,cherisse.persad@gmail.com
SRC0262,149,EVT0948,,,,,source-specific abundance,source-specific occurrence,INCLUDE,,,,,,,,,,,,,,,cherisse.persad@gmail.com
SRC0262,150,EVT0948,,,,,source-specific abundance,source-specific occurrence,INCLUDE,,,,,,,,,,,,,,,cherisse.persad@gmail.com
SRC0262,151,EVT0948,,,,,source-specific abundance,source-specific occurrence,INCLUDE,,,,,,,,,,,,,,,cherisse.persad@gmail.com
SRC0262,152,EVT0948,,,,,source-specific abundance,source-specific occurrence,INCLUDE,,,,,,,,,,,,,,,cherisse.persad@gmail.com
SRC0262,153,EVT0948,,,,,source-specific abundance,source-specific occurrence,INCLUDE,,,,,,,,,,,,,,,cherisse.persad@gmail.com
SRC0262,154,EVT0948,,,,,source-specific abundance,source-specific occurrence,INCLUDE,,,,,,,,,,,,,,,cherisse.persad@gmail.com
SRC0262,155,EVT0948,,,,,source-specific abundance,source-specific occurrence,INCLUDE,,,,,,,,,,,,,,,cherisse.persad@gmail.com
SRC0262,156,EVT0948,,,,,source-specific abundance,source-specific occurrence,INCLUDE,,,,,,,,,,,,,,,cherisse.persad@gmail.com
SRC0262,157,EVT0948,,,,,source-specific abundance,source-specific occurrence,INCLUDE,,,,,,,,,,,,,,,cherisse.persad@gmail.com
SRC0262,158,EVT0948,,,,,source-specific abundance,source-specific occurrence,INCLUDE,,,,,,,,,,,,,,,cherisse.persad@gmail.com
SRC0262,159,EVT0948,,,,,source-specific abundance,source-specific occurrence,INCLUDE,,,,,,,,,,,,,,,cherisse.persad@gmail.com
SRC0262,160,EVT0948,,,,,source-specific abundance,source-specific occurrence,INCLUDE,,,,,,,,,,,,,,,cherisse.persad@gmail.com
SRC0262,161,EVT0948,,,,,source-specific abundance,source-specific occurrence,INCLUDE,,,,,,,,,,,,,,,cherisse.persad@gmail.com
SRC0262,162,EVT0948,,,,,source-specific abundance,source-specific occurrence,INCLUDE,,,,,,,,,,,,,,,cherisse.persad@gmail.com
SRC0262,163,EVT0948,,,,,source-specific abundance,source-specific occurrence,INCLUDE,,,,,,,,,,,,,,,cherisse.persad@gmail.com
SRC0262,164,EVT0948,,,,,source-specific abundance,source-specific occurrence,INCLUDE,,,,,,,,,,,,,,,cherisse.persad@gmail.com
SRC0262,165,EVT0948,,,,,source-specific abundance,source-specific occurrence,INCLUDE,,,,,,,,,,,,,,,cherisse.persad@gmail.com
SRC0262,166,EVT0948,,,,,source-specific abundance,source-specific occurrence,INCLUDE,,,,,,,,,,,,,,,cherisse.persad@gmail.com
SRC0262,167,EVT0948,,,,,source-specific abundance,source-specific occurrence,INCLUDE,,,,,,,,,,,,,,,cherisse.persad@gmail.com
SRC0262,168,EVT0948,,,,,source-specific abundance,source-specific occurrence,INCLUDE,,,,,,,,,,,,,,,cherisse.persad@gmail.com
SRC0262,169,EVT0948,,,,,source-specific abundance,source-specific occurrence,INCLUDE,,,,,,,,,,,,,,,cherisse.persad@gmail.com
SRC0262,170,EVT0948,,,,,source-specific abundance,source-specific occurrence,INCLUDE,,,,,,,,,,,,,,,cherisse.persad@gmail.com
SRC0262,171,EVT0948,,,,,source-specific abundance,source-specific occurrence,INCLUDE,,,,,,,,,,,,,,,cherisse.persad@gmail.com
SRC0262,172,EVT0948,,,,,source-specific abundance,source-specific occurrence,INCLUDE,,,,,,,,,,,,,,,cherisse.persad@gmail.com
SRC0262,173,EVT0948,,,,,source-specific abundance,source-specific occurrence,INCLUDE,,,,,,,,,,,,,,,cherisse.persad@gmail.com
SRC0262,174,EVT0948,,,,,source-specific abundance,source-specific occurrence,INCLUDE,,,,,,,,,,,,,,,cherisse.persad@gmail.com
SRC0262,175,EVT0948,,,,,source-specific abundance,source-specific occurrence,INCLUDE,,,,,,,,,,,,,,,cherisse.persad@gmail.com
SRC0262,176,EVT0948,,,,,source-specific abundance,source-specific occurrence,INCLUDE,,,,,,,,,,,,,,,cherisse.persad@gmail.com
SRC0262,177,EVT0948,,,,,source-specific abundance,source-specific occurrence,INCLUDE,,,,,,,,,,,,,,,cherisse.persad@gmail.com
SRC0262,178,EVT0948,,,,,source-specific abundance,source-specific occurrence,INCLUDE,,,,,,,,,,,,,,,cherisse.persad@gmail.com
SRC0262,179,EVT0948,,,,,source-specific abundance,source-specific occurrence,INCLUDE,,,,,,,,,,,,,,,cherisse.persad@gmail.com
SRC0262,180,EVT0948,,,,,source-specific abundance,source-specific occurrence,INCLUDE,,,,,,,,,,,,,,,cherisse.persad@gmail.com
SRC0262,181,EVT0948,,,,,source-specific abundance,source-specific occurrence,INCLUDE,,,,,,,,,,,,,,,cherisse.persad@gmail.com
SRC0262,182,EVT0948,,,,,source-specific abundance,source-specific occurrence,INCLUDE,,,,,,,,,,,,,,,cherisse.persad@gmail.com
SRC0262,183,EVT0948,,,,,source-specific abundance,source-specific occurrence,INCLUDE,,,,,,,,,,,,,,,cherisse.persad@gmail.com
SRC0262,184,EVT0948,,,,,source-specific abundance,source-specific occurrence,INCLUDE,,,,,,,,,,,,,,,cherisse.persad@gmail.com
SRC0262,185,EVT0948,,,,,source-specific abundance,source-specific occurrence,INCLUDE,,,,,,,,,,,,,,,cherisse.persad@gmail.com
SRC0262,186,EVT0948,,,,,source-specific abundance,source-specific occurrence,INCLUDE,,,,,,,,,,,,,,,cherisse.persad@gmail.com
SRC0262,187,EVT0948,,,,,source-specific abundance,source-specific occurrence,INCLUDE,,,,,,,,,,,,,,,cherisse.persad@gmail.com
SRC0263,1,EVT0948,,L27,,3,source-specific abundance,source-specific occurrence,INCLUDE,,,,,,,,,,,,,,,cherisse.persad@gmail.com
SRC0263,2,EVT0948,,L27,,5,source-specific abundance,source-specific occurrence,INCLUDE,,,,,,,,,,,,,,,cherisse.persad@gmail.com
SRC0263,3,EVT0948,,L27,,1,source-specific abundance,source-specific occurrence,INCLUDE,,,,,,,,,,,,,,,cherisse.persad@gmail.com
SRC0263,4,EVT0948,,L27,,13,source-specific abundance,source-specific occurrence,INCLUDE,,,,,,,,,,,,,,,cherisse.persad@gmail.com
SRC0263,5,EVT0948,,L27,,5,source-specific abundance,source-specific occurrence,INCLUDE,,,,,,,,,,,,,,,cherisse.persad@gmail.com
SRC0263,6,EVT0948,,L5,,1,source-specific abundance,source-specific occurrence,INCLUDE,,,,,,,,,,,,,,,cherisse.persad@gmail.com
SRC0263,7,EVT0948,,L5,,18,source-specific abundance,source-specific occurrence,INCLUDE,,,,,,,,,,,,,,,cherisse.persad@gmail.com
SRC0263,8,EVT0948,,L5,,1,source-specific abundance,source-specific occurrence,INCLUDE,,,,,,,,,,,,,,,cherisse.persad@gmail.com
SRC0263,9,EVT0948,,L5,,1,source-specific abundance,source-specific occurrence,INCLUDE,,,,,,,,,,,,,,,cherisse.persad@gmail.com
SRC0263,10,EVT0948,,L5,,1,source-specific abundance,source-specific occurrence,INCLUDE,,,,,,,,,,,,,,,cherisse.persad@gmail.com
SRC0263,11,EVT0948,,L5,,19,source-specific abundance,source-specific occurrence,INCLUDE,,,,,,,,,,,,,,,cherisse.persad@gmail.com
SRC0263,12,EVT0948,,L30,,11,source-specific abundance,source-specific occurrence,INCLUDE,,,,,,,,,,,,,,,cherisse.persad@gmail.com
SRC0263,13,EVT0948,,L30,,23,source-specific abundance,source-specific occurrence,INCLUDE,,,,,,,,,,,,,,,cherisse.persad@gmail.com
SRC0263,14,EVT0948,,L30,,5,source-specific abundance,source-specific occurrence,INCLUDE,,,,,,,,,,,,,,,cherisse.persad@gmail.com
SRC0263,15,EVT0948,,L30,,6,source-specific abundance,source-specific occurrence,INCLUDE,,,,,,,,,,,,,,,cherisse.persad@gmail.com
SRC0263,16,EVT0948,,L30,,1,source-specific abundance,source-specific occurrence,INCLUDE,,,,,,,,,,,,,,,cherisse.persad@gmail.com
SRC0263,17,EVT0948,,L30,,1,source-specific abundance,source-specific occurrence,INCLUDE,,,,,,,,,,,,,,,cherisse.persad@gmail.com
SRC0263,18,EVT0948,,L30,,36,source-specific abundance,source-specific occurrence,INCLUDE,,,,,,,,,,,,,,,cherisse.persad@gmail.com
SRC0263,19,EVT0948,,L6,,6,source-specific abundance,source-specific occurrence,INCLUDE,,,,,,,,,,,,,,,cherisse.persad@gmail.com
SRC0263,20,EVT0948,,L6,,3,source-specific abundance,source-specific occurrence,INCLUDE,,,,,,,,,,,,,,,cherisse.persad@gmail.com
SRC0263,21,EVT0948,,L6,,1,source-specific abundance,source-specific occurrence,INCLUDE,,,,,,,,,,,,,,,cherisse.persad@gmail.com
SRC0263,22,EVT0948,,L6,,1,source-specific abundance,source-specific occurrence,INCLUDE,,,,,,,,,,,,,,,cherisse.persad@gmail.com
SRC0263,23,EVT0948,,L6,,1,source-specific abundance,source-specific occurrence,INCLUDE,,,,,,,,,,,,,,,cherisse.persad@gmail.com
SRC0263,24,EVT0948,,L6,,2,source-specific abundance,source-specific occurrence,INCLUDE,,,,,,,,,,,,,,,cherisse.persad@gmail.com
SRC0263,25,EVT0948,,L6,,1,source-specific abundance,source-specific occurrence,INCLUDE,,,,,,,,,,,,,,,cherisse.persad@gmail.com
SRC0263,26,EVT0948,,L6,,16,source-specific abundance,source-specific occurrence,INCLUDE,,,,,,,,,,,,,,,cherisse.persad@gmail.com
SRC0263,27,EVT0948,,L6,,1,source-specific abundance,source-specific occurrence,INCLUDE,,,,,,,,,,,,,,,cherisse.persad@gmail.com
SRC0263,28,EVT0948,,L6,,10,source-specific abundance,source-specific occurrence,INCLUDE,,,,,,,,,,,,,,,cherisse.persad@gmail.com
SRC0263,29,EVT0948,,L6,,1,source-specific abundance,source-specific occurrence,INCLUDE,,,,,,,,,,,,,,,cherisse.persad@gmail.com
SRC0263,30,EVT0948,,L21,,2,source-specific abundance,source-specific occurrence,INCLUDE,,,,,,,,,,,,,,,cherisse.persad@gmail.com
SRC0263,31,EVT0948,,L21,,12,source-specific abundance,source-specific occurrence,INCLUDE,,,,,,,,,,,,,,,cherisse.persad@gmail.com
SRC0263,32,EVT0948,,L21,,17,source-specific abundance,source-specific occurrence,INCLUDE,,,,,,,,,,,,,,,cherisse.persad@gmail.com
SRC0263,33,EVT0948,,L21,,2,source-specific abundance,source-specific occurrence,INCLUDE,,,,,,,,,,,,,,,cherisse.persad@gmail.com
SRC0263,34,EVT0948,,L21,,2,source-specific abundance,source-specific occurrence,INCLUDE,,,,,,,,,,,,,,,cherisse.persad@gmail.com
SRC0263,35,EVT0948,,L21,,11,source-specific abundance,source-specific occurrence,INCLUDE,,,,,,,,,,,,,,,cherisse.persad@gmail.com
SRC0263,36,EVT0948,,L21,,61,source-specific abundance,source-specific occurrence,INCLUDE,,,,,,,,,,,,,,,cherisse.persad@gmail.com
SRC0263,37,EVT0948,,L21,,5,source-specific abundance,source-specific occurrence,INCLUDE,,,,,,,,,,,,,,,cherisse.persad@gmail.com
SRC0263,38,EVT0948,,L21,,7,source-specific abundance,source-specific occurrence,INCLUDE,,,,,,,,,,,,,,,cherisse.persad@gmail.com
SRC0263,39,EVT0948,,L21,,1,source-specific abundance,source-specific occurrence,INCLUDE,,,,,,,,,,,,,,,cherisse.persad@gmail.com
SRC0263,40,EVT0948,,L7,,7,source-specific abundance,source-specific occurrence,INCLUDE,,,,,,,,,,,,,,,cherisse.persad@gmail.com
SRC0263,41,EVT0948,,L7,,10,source-specific abundance,source-specific occurrence,INCLUDE,,,,,,,,,,,,,,,cherisse.persad@gmail.com
SRC0263,42,EVT0948,,L7,,58,source-specific abundance,source-specific occurrence,INCLUDE,,,,,,,,,,,,,,,cherisse.persad@gmail.com
SRC0263,43,EVT0948,,L7,,2,source-specific abundance,source-specific occurrence,INCLUDE,,,,,,,,,,,,,,,cherisse.persad@gmail.com
SRC0263,44,EVT0948,,L7,,36,source-specific abundance,source-specific occurrence,INCLUDE,,,,,,,,,,,,,,,cherisse.persad@gmail.com
SRC0263,45,EVT0948,,L7,,14,source-specific abundance,source-specific occurrence,INCLUDE,,,,,,,,,,,,,,,cherisse.persad@gmail.com
SRC0263,46,EVT0948,,L7,,2,source-specific abundance,source-specific occurrence,INCLUDE,,,,,,,,,,,,,,,cherisse.persad@gmail.com
SRC0263,47,EVT0948,,L7,,2,source-specific abundance,source-specific occurrence,INCLUDE,,,,,,,,,,,,,,,cherisse.persad@gmail.com
SRC0263,48,EVT0948,,L7,,1,source-specific abundance,source-specific occurrence,INCLUDE,,,,,,,,,,,,,,,cherisse.persad@gmail.com
SRC0263,49,EVT0948,,L7,,2,source-specific abundance,source-specific occurrence,INCLUDE,,,,,,,,,,,,,,,cherisse.persad@gmail.com
SRC0263,50,EVT0948,,L7,,5,source-specific abundance,source-specific occurrence,INCLUDE,,,,,,,,,,,,,,,cherisse.persad@gmail.com
SRC0263,51,EVT0948,,L7,,227,source-specific abundance,source-specific occurrence,INCLUDE,,,,,,,,,,,,,,,cherisse.persad@gmail.com
SRC0263,52,EVT0948,,L7,,2,source-specific abundance,source-specific occurrence,INCLUDE,,,,,,,,,,,,,,,cherisse.persad@gmail.com
SRC0263,53,EVT0948,,L7,,1,source-specific abundance,source-specific occurrence,INCLUDE,,,,,,,,,,,,,,,cherisse.persad@gmail.com
SRC0263,54,EVT0948,,L7,,33,source-specific abundance,source-specific occurrence,INCLUDE,,,,,,,,,,,,,,,cherisse.persad@gmail.com
SRC0263,55,EVT0948,,L32,,58,source-specific abundance,source-specific occurrence,INCLUDE,,,,,,,,,,,,,,,cherisse.persad@gmail.com
SRC0263,56,EVT0948,,L32,,137,source-specific abundance,source-specific occurrence,INCLUDE,,,,,,,,,,,,,,,cherisse.persad@gmail.com
SRC0263,57,EVT0948,,L32,,2,source-specific abundance,source-specific occurrence,INCLUDE,,,,,,,,,,,,,,,cherisse.persad@gmail.com
SRC0263,58,EVT0948,,L32,,12,source-specific abundance,source-specific occurrence,INCLUDE,,,,,,,,,,,,,,,cherisse.persad@gmail.com
SRC0263,59,EVT0948,,L32,,2,source-specific abundance,source-specific occurrence,INCLUDE,,,,,,,,,,,,,,,cherisse.persad@gmail.com
SRC0263,60,EVT0948,,L32,,1,source-specific abundance,source-specific occurrence,INCLUDE,,,,,,,,,,,,,,,cherisse.persad@gmail.com
SRC0263,61,EVT0948,,L32,,11,source-specific abundance,source-specific occurrence,INCLUDE,,,,,,,,,,,,,,,cherisse.persad@gmail.com
SRC0263,62,EVT0948,,L32,,3,source-specific abundance,source-specific occurrence,INCLUDE,,,,,,,,,,,,,,,cherisse.persad@gmail.com
SRC0263,63,EVT0948,,L32,,3,source-specific abundance,source-specific occurrence,INCLUDE,,,,,,,,,,,,,,,cherisse.persad@gmail.com
SRC0263,64,EVT0948,,L32,,48,source-specific abundance,source-specific occurrence,INCLUDE,,,,,,,,,,,,,,,cherisse.persad@gmail.com
SRC0263,65,EVT0948,,L32,,4,source-specific abundance,source-specific occurrence,INCLUDE,,,,,,,,,,,,,,,cherisse.persad@gmail.com
SRC0263,66,EVT0948,,L32,,4,source-specific abundance,source-specific occurrence,INCLUDE,,,,,,,,,,,,,,,cherisse.persad@gmail.com
SRC0263,67,EVT0948,,L32,,1,source-specific abundance,source-specific occurrence,INCLUDE,,,,,,,,,,,,,,,cherisse.persad@gmail.com
SRC0263,68,EVT0948,,L22,,12,source-specific abundance,source-specific occurrence,INCLUDE,,,,,,,,,,,,,,,cherisse.persad@gmail.com
SRC0263,69,EVT0948,,L22,,8,source-specific abundance,source-specific occurrence,INCLUDE,,,,,,,,,,,,,,,cherisse.persad@gmail.com
SRC0263,70,EVT0948,,L22,,5,source-specific abundance,source-specific occurrence,INCLUDE,,,,,,,,,,,,,,,cherisse.persad@gmail.com
SRC0263,71,EVT0948,,L22,,1,source-specific abundance,source-specific occurrence,INCLUDE,,,,,,,,,,,,,,,cherisse.persad@gmail.com
SRC0263,72,EVT0948,,L22,,1,source-specific abundance,source-specific occurrence,INCLUDE,,,,,,,,,,,,,,,cherisse.persad@gmail.com
SRC0263,73,EVT0948,,L22,,1,source-specific abundance,source-specific occurrence,INCLUDE,,,,,,,,,,,,,,,cherisse.persad@gmail.com
SRC0263,74,EVT0948,,L22,,9,source-specific abundance,source-specific occurrence,INCLUDE,,,,,,,,,,,,,,,cherisse.persad@gmail.com
SRC0263,75,EVT0948,,L22,,3,source-specific abundance,source-specific occurrence,INCLUDE,,,,,,,,,,,,,,,cherisse.persad@gmail.com
SRC0263,76,EVT0948,,L22,,18,source-specific abundance,source-specific occurrence,INCLUDE,,,,,,,,,,,,,,,cherisse.persad@gmail.com
SRC0263,77,EVT0948,,L22,,3,source-specific abundance,source-specific occurrence,INCLUDE,,,,,,,,,,,,,,,cherisse.persad@gmail.com
SRC0263,78,EVT0948,,L22,,1,source-specific abundance,source-specific occurrence,INCLUDE,,,,,,,,,,,,,,,cherisse.persad@gmail.com
SRC0263,79,EVT0948,,L11,,2,source-specific abundance,source-specific occurrence,INCLUDE,,,,,,,,,,,,,,,cherisse.persad@gmail.com
SRC0263,80,EVT0948,,L11,,1,source-specific abundance,source-specific occurrence,INCLUDE,,,,,,,,,,,,,,,cherisse.persad@gmail.com
SRC0263,81,EVT0948,,L11,,6,source-specific abundance,source-specific occurrence,INCLUDE,,,,,,,,,,,,,,,cherisse.persad@gmail.com
SRC0263,82,EVT0948,,L11,,2,source-specific abundance,source-specific occurrence,INCLUDE,,,,,,,,,,,,,,,cherisse.persad@gmail.com
SRC0263,83,EVT0948,,L11,,3,source-specific abundance,source-specific occurrence,INCLUDE,,,,,,,,,,,,,,,cherisse.persad@gmail.com
SRC0263,84,EVT0948,,L11,,19,source-specific abundance,source-specific occurrence,INCLUDE,,,,,,,,,,,,,,,cherisse.persad@gmail.com
SRC0263,85,EVT0948,,L11,,3,source-specific abundance,source-specific occurrence,INCLUDE,,,,,,,,,,,,,,,cherisse.persad@gmail.com
SRC0263,86,EVT0948,,L11,,2,source-specific abundance,source-specific occurrence,INCLUDE,,,,,,,,,,,,,,,cherisse.persad@gmail.com
SRC0263,87,EVT0948,,L11,,4,source-specific abundance,source-specific occurrence,INCLUDE,,,,,,,,,,,,,,,cherisse.persad@gmail.com
SRC0263,88,EVT0948,,L11,,1,source-specific abundance,source-specific occurrence,INCLUDE,,,,,,,,,,,,,,,cherisse.persad@gmail.com
SRC0263,89,EVT0948,,L11,,3,source-specific abundance,source-specific occurrence,INCLUDE,,,,,,,,,,,,,,,cherisse.persad@gmail.com
SRC0263,90,EVT0948,,L11,,8,source-specific abundance,source-specific occurrence,INCLUDE,,,,,,,,,,,,,,,cherisse.persad@gmail.com
SRC0263,91,EVT0948,,L11,,2,source-specific abundance,source-specific occurrence,INCLUDE,,,,,,,,,,,,,,,cherisse.persad@gmail.com
SRC0263,92,EVT0948,,L11,,3,source-specific abundance,source-specific occurrence,INCLUDE,,,,,,,,,,,,,,,cherisse.persad@gmail.com
SRC0263,93,EVT0948,,L3,,115,source-specific abundance,source-specific occurrence,INCLUDE,,,,,,,,,,,,,,,cherisse.persad@gmail.com
SRC0263,94,EVT0948,,L3,,100,source-specific abundance,source-specific occurrence,INCLUDE,,,,,,,,,,,,,,,cherisse.persad@gmail.com
SRC0263,95,EVT0948,,L3,,6,source-specific abundance,source-specific occurrence,INCLUDE,,,,,,,,,,,,,,,cherisse.persad@gmail.com
SRC0263,96,EVT0948,,L3,,2,source-specific abundance,source-specific occurrence,INCLUDE,,,,,,,,,,,,,,,cherisse.persad@gmail.com
SRC0263,97,EVT0948,,L3,,1,source-specific abundance,source-specific occurrence,INCLUDE,,,,,,,,,,,,,,,cherisse.persad@gmail.com
SRC0263,98,EVT0948,,L3,,180,source-specific abundance,source-specific occurrence,INCLUDE,,,,,,,,,,,,,,,cherisse.persad@gmail.com
SRC0263,99,EVT0948,,L3,,3,source-specific abundance,source-specific occurrence,INCLUDE,,,,,,,,,,,,,,,cherisse.persad@gmail.com
SRC0263,100,EVT0948,,L3,,1,source-specific abundance,source-specific occurrence,INCLUDE,,,,,,,,,,,,,,,cherisse.persad@gmail.com
SRC0263,101,EVT0948,,L3,,1,source-specific abundance,source-specific occurrence,INCLUDE,,,,,,,,,,,,,,,cherisse.persad@gmail.com
SRC0263,102,EVT0948,,L18,,2,source-specific abundance,source-specific occurrence,INCLUDE,,,,,,,,,,,,,,,cherisse.persad@gmail.com
SRC0263,103,EVT0948,,L18,,138,source-specific abundance,source-specific occurrence,INCLUDE,,,,,,,,,,,,,,,cherisse.persad@gmail.com
SRC0263,104,EVT0948,,L18,,5,source-specific abundance,source-specific occurrence,INCLUDE,,,,,,,,,,,,,,,cherisse.persad@gmail.com
SRC0263,105,EVT0948,,L18,,15,source-specific abundance,source-specific occurrence,INCLUDE,,,,,,,,,,,,,,,cherisse.persad@gmail.com
SRC0263,106,EVT0948,,L18,,12,source-specific abundance,source-specific occurrence,INCLUDE,,,,,,,,,,,,,,,cherisse.persad@gmail.com
SRC0263,107,EVT0948,,L18,,5,source-specific abundance,source-specific occurrence,INCLUDE,,,,,,,,,,,,,,,cherisse.persad@gmail.com
SRC0263,108,EVT0948,,L18,,91,source-specific abundance,source-specific occurrence,INCLUDE,,,,,,,,,,,,,,,cherisse.persad@gmail.com
SRC0263,109,EVT0948,,L18,,2,source-specific abundance,source-specific occurrence,INCLUDE,,,,,,,,,,,,,,,cherisse.persad@gmail.com
SRC0263,110,EVT0948,,L18,,4,source-specific abundance,source-specific occurrence,INCLUDE,,,,,,,,,,,,,,,cherisse.persad@gmail.com
SRC0263,111,EVT0948,,L18,,1,source-specific abundance,source-specific occurrence,INCLUDE,,,,,,,,,,,,,,,cherisse.persad@gmail.com
SRC0263,112,EVT0948,,L18,,3,source-specific abundance,source-specific occurrence,INCLUDE,,,,,,,,,,,,,,,cherisse.persad@gmail.com
SRC0263,113,EVT0948,,L18,,3,source-specific abundance,source-specific occurrence,INCLUDE,,,,,,,,,,,,,,,cherisse.persad@gmail.com
SRC0263,114,EVT0948,,L26,,19,source-specific abundance,source-specific occurrence,INCLUDE,,,,,,,,,,,,,,,cherisse.persad@gmail.com
SRC0263,115,EVT0948,,L26,,1,source-specific abundance,source-specific occurrence,INCLUDE,,,,,,,,,,,,,,,cherisse.persad@gmail.com
SRC0263,116,EVT0948,,L26,,4,source-specific abundance,source-specific occurrence,INCLUDE,,,,,,,,,,,,,,,cherisse.persad@gmail.com
SRC0263,117,EVT0948,,L26,,2,source-specific abundance,source-specific occurrence,INCLUDE,,,,,,,,,,,,,,,cherisse.persad@gmail.com
SRC0263,118,EVT0948,,L26,,1,source-specific abundance,source-specific occurrence,INCLUDE,,,,,,,,,,,,,,,cherisse.persad@gmail.com
SRC0263,119,EVT0948,,L26,,41,source-specific abundance,source-specific occurrence,INCLUDE,,,,,,,,,,,,,,,cherisse.persad@gmail.com
SRC0263,120,EVT0948,,L26,,1,source-specific abundance,source-specific occurrence,INCLUDE,,,,,,,,,,,,,,,cherisse.persad@gmail.com
SRC0263,121,EVT0948,,L26,,6,source-specific abundance,source-specific occurrence,INCLUDE,,,,,,,,,,,,,,,cherisse.persad@gmail.com
SRC0263,122,EVT0948,,L26,,1,source-specific abundance,source-specific occurrence,INCLUDE,,,,,,,,,,,,,,,cherisse.persad@gmail.com
SRC0263,123,EVT0948,,L26,,51,source-specific abundance,source-specific occurrence,INCLUDE,,,,,,,,,,,,,,,cherisse.persad@gmail.com
SRC0263,124,EVT0948,,L26,,4,source-specific abundance,source-specific occurrence,INCLUDE,,,,,,,,,,,,,,,cherisse.persad@gmail.com
SRC0263,125,EVT0948,,L26,,9,source-specific abundance,source-specific occurrence,INCLUDE,,,,,,,,,,,,,,,cherisse.persad@gmail.com
SRC0263,126,EVT0948,,L13,,2,source-specific abundance,source-specific occurrence,INCLUDE,,,,,,,,,,,,,,,cherisse.persad@gmail.com
SRC0263,127,EVT0948,,L13,,23,source-specific abundance,source-specific occurrence,INCLUDE,,,,,,,,,,,,,,,cherisse.persad@gmail.com
SRC0263,128,EVT0948,,L13,,37,source-specific abundance,source-specific occurrence,INCLUDE,,,,,,,,,,,,,,,cherisse.persad@gmail.com
SRC0263,129,EVT0948,,L13,,1,source-specific abundance,source-specific occurrence,INCLUDE,,,,,,,,,,,,,,,cherisse.persad@gmail.com
SRC0263,130,EVT0948,,L13,,1,source-specific abundance,source-specific occurrence,INCLUDE,,,,,,,,,,,,,,,cherisse.persad@gmail.com
SRC0263,131,EVT0948,,L13,,1,source-specific abundance,source-specific occurrence,INCLUDE,,,,,,,,,,,,,,,cherisse.persad@gmail.com
SRC0263,132,EVT0948,,L13,,3,source-specific abundance,source-specific occurrence,INCLUDE,,,,,,,,,,,,,,,cherisse.persad@gmail.com
SRC0263,133,EVT0948,,L13,,3,source-specific abundance,source-specific occurrence,INCLUDE,,,,,,,,,,,,,,,cherisse.persad@gmail.com
SRC0263,134,EVT0948,,L13,,31,source-specific abundance,source-specific occurrence,INCLUDE,,,,,,,,,,,,,,,cherisse.persad@gmail.com
SRC0263,135,EVT0948,,L13,,9,source-specific abundance,source-specific occurrence,INCLUDE,,,,,,,,,,,,,,,cherisse.persad@gmail.com
SRC0263,136,EVT0948,,L13,,5,source-specific abundance,source-specific occurrence,INCLUDE,,,,,,,,,,,,,,,cherisse.persad@gmail.com
SRC0263,137,EVT0948,,L13,,31,source-specific abundance,source-specific occurrence,INCLUDE,,,,,,,,,,,,,,,cherisse.persad@gmail.com
SRC0263,138,EVT0948,,L13,,11,source-specific abundance,source-specific occurrence,INCLUDE,,,,,,,,,,,,,,,cherisse.persad@gmail.com
SRC0263,139,EVT0948,,L35,,2,source-specific abundance,source-specific occurrence,INCLUDE,,,,,,,,,,,,,,,cherisse.persad@gmail.com
SRC0263,140,EVT0948,,L35,,3,source-specific abundance,source-specific occurrence,INCLUDE,,,,,,,,,,,,,,,cherisse.persad@gmail.com
SRC0263,141,EVT0948,,L35,,5,source-specific abundance,source-specific occurrence,INCLUDE,,,,,,,,,,,,,,,cherisse.persad@gmail.com
SRC0263,142,EVT0948,,L35,,39,source-specific abundance,source-specific occurrence,INCLUDE,,,,,,,,,,,,,,,cherisse.persad@gmail.com
SRC0263,143,EVT0948,,L35,,5,source-specific abundance,source-specific occurrence,INCLUDE,,,,,,,,,,,,,,,cherisse.persad@gmail.com
SRC0263,144,EVT0948,,L35,,2,source-specific abundance,source-specific occurrence,INCLUDE,,,,,,,,,,,,,,,cherisse.persad@gmail.com
SRC0263,145,EVT0948,,L35,,2,source-specific abundance,source-specific occurrence,INCLUDE,,,,,,,,,,,,,,,cherisse.persad@gmail.com
SRC0263,146,EVT0948,,L35,,2,source-specific abundance,source-specific occurrence,INCLUDE,,,,,,,,,,,,,,,cherisse.persad@gmail.com
SRC0263,147,EVT0948,,L35,,2,source-specific abundance,source-specific occurrence,INCLUDE,,,,,,,,,,,,,,,cherisse.persad@gmail.com
SRC0263,148,EVT0948,,L35,,28,source-specific abundance,source-specific occurrence,INCLUDE,,,,,,,,,,,,,,,cherisse.persad@gmail.com
SRC0263,149,EVT0948,,L35,,1,source-specific abundance,source-specific occurrence,INCLUDE,,,,,,,,,,,,,,,cherisse.persad@gmail.com
SRC0263,150,EVT0948,,L35,,13,source-specific abundance,source-specific occurrence,INCLUDE,,,,,,,,,,,,,,,cherisse.persad@gmail.com
SRC0263,151,EVT0948,,L35,,1,source-specific abundance,source-specific occurrence,INCLUDE,,,,,,,,,,,,,,,cherisse.persad@gmail.com
SRC0263,152,EVT0948,,L35,,65,source-specific abundance,source-specific occurrence,INCLUDE,,,,,,,,,,,,,,,cherisse.persad@gmail.com
SRC0263,153,EVT0948,,L35,,4,source-specific abundance,source-specific occurrence,INCLUDE,,,,,,,,,,,,,,,cherisse.persad@gmail.com
SRC0263,154,EVT0948,,L35,,8,source-specific abundance,source-specific occurrence,INCLUDE,,,,,,,,,,,,,,,cherisse.persad@gmail.com
SRC0263,155,EVT0948,,L35,,11,source-specific abundance,source-specific occurrence,INCLUDE,,,,,,,,,,,,,,,cherisse.persad@gmail.com
SRC0263,156,EVT0948,,L35,,1,source-specific abundance,source-specific occurrence,INCLUDE,,,,,,,,,,,,,,,cherisse.persad@gmail.com
SRC0263,157,EVT0948,,L19,,8,source-specific abundance,source-specific occurrence,INCLUDE,,,,,,,,,,,,,,,cherisse.persad@gmail.com
SRC0263,158,EVT0948,,L19,,138,source-specific abundance,source-specific occurrence,INCLUDE,,,,,,,,,,,,,,,cherisse.persad@gmail.com
SRC0263,159,EVT0948,,L19,,7,source-specific abundance,source-specific occurrence,INCLUDE,,,,,,,,,,,,,,,cherisse.persad@gmail.com
SRC0263,160,EVT0948,,L19,,111,source-specific abundance,source-specific occurrence,INCLUDE,,,,,,,,,,,,,,,cherisse.persad@gmail.com
SRC0263,161,EVT0948,,L19,,37,source-specific abundance,source-specific occurrence,INCLUDE,,,,,,,,,,,,,,,cherisse.persad@gmail.com
SRC0263,162,EVT0948,,L19,,46,source-specific abundance,source-specific occurrence,INCLUDE,,,,,,,,,,,,,,,cherisse.persad@gmail.com
SRC0263,163,EVT0948,,L19,,5,source-specific abundance,source-specific occurrence,INCLUDE,,,,,,,,,,,,,,,cherisse.persad@gmail.com
SRC0263,164,EVT0948,,L19,,253,source-specific abundance,source-specific occurrence,INCLUDE,,,,,,,,,,,,,,,cherisse.persad@gmail.com
SRC0263,165,EVT0948,,L19,,6,source-specific abundance,source-specific occurrence,INCLUDE,,,,,,,,,,,,,,,cherisse.persad@gmail.com
SRC0263,166,EVT0948,,L19,,19,source-specific abundance,source-specific occurrence,INCLUDE,,,,,,,,,,,,,,,cherisse.persad@gmail.com
SRC0263,167,EVT0948,,L19,,13,source-specific abundance,source-specific occurrence,INCLUDE,,,,,,,,,,,,,,,cherisse.persad@gmail.com
SRC0263,168,EVT0948,,L19,,2,source-specific abundance,source-specific occurrence,INCLUDE,,,,,,,,,,,,,,,cherisse.persad@gmail.com
SRC0263,169,EVT0948,,L19,,1,source-specific abundance,source-specific occurrence,INCLUDE,,,,,,,,,,,,,,,cherisse.persad@gmail.com
SRC0263,170,EVT0948,,L19,,1,source-specific abundance,source-specific occurrence,INCLUDE,,,,,,,,,,,,,,,cherisse.persad@gmail.com
SRC0263,171,EVT0948,,L19,,1,source-specific abundance,source-specific occurrence,INCLUDE,,,,,,,,,,,,,,,cherisse.persad@gmail.com
SRC0263,172,EVT0948,,L19,,455,source-specific abundance,source-specific occurrence,INCLUDE,,,,,,,,,,,,,,,cherisse.persad@gmail.com
SRC0263,173,EVT0948,,L19,,12,source-specific abundance,source-specific occurrence,INCLUDE,,,,,,,,,,,,,,,cherisse.persad@gmail.com
SRC0263,174,EVT0948,,L19,,7,source-specific abundance,source-specific occurrence,INCLUDE,,,,,,,,,,,,,,,cherisse.persad@gmail.com
SRC0263,175,EVT0948,,L19,,55,source-specific abundance,source-specific occurrence,INCLUDE,,,,,,,,,,,,,,,cherisse.persad@gmail.com
SRC0263,176,EVT0948,,L19,,6,source-specific abundance,source-specific occurrence,INCLUDE,,,,,,,,,,,,,,,cherisse.persad@gmail.com
SRC0263,177,EVT0948,,L19,,1,source-specific abundance,source-specific occurrence,INCLUDE,,,,,,,,,,,,,,,cherisse.persad@gmail.com
SRC0263,178,EVT0948,,L19,,9,source-specific abundance,source-specific occurrence,INCLUDE,,,,,,,,,,,,,,,cherisse.persad@gmail.com
SRC0263,179,EVT0948,,L19,,4,source-specific abundance,source-specific occurrence,INCLUDE,,,,,,,,,,,,,,,cherisse.persad@gmail.com
SRC0263,180,EVT0948,,L10,,208,source-specific abundance,source-specific occurrence,INCLUDE,,,,,,,,,,,,,,,cherisse.persad@gmail.com
SRC0263,181,EVT0948,,L10,,7,source-specific abundance,source-specific occurrence,INCLUDE,,,,,,,,,,,,,,,cherisse.persad@gmail.com
SRC0263,182,EVT0948,,L10,,423,source-specific abundance,source-specific occurrence,INCLUDE,,,,,,,,,,,,,,,cherisse.persad@gmail.com
SRC0263,183,EVT0948,,L10,,122,source-specific abundance,source-specific occurrence,INCLUDE,,,,,,,,,,,,,,,cherisse.persad@gmail.com
SRC0263,184,EVT0948,,L10,,3,source-specific abundance,source-specific occurrence,INCLUDE,,,,,,,,,,,,,,,cherisse.persad@gmail.com
SRC0263,185,EVT0948,,L10,,3,source-specific abundance,source-specific occurrence,INCLUDE,,,,,,,,,,,,,,,cherisse.persad@gmail.com
SRC0263,186,EVT0948,,L10,,38,source-specific abundance,source-specific occurrence,INCLUDE,,,,,,,,,,,,,,,cherisse.persad@gmail.com
SRC0263,187,EVT0948,,L10,,56,source-specific abundance,source-specific occurrence,INCLUDE,,,,,,,,,,,,,,,cherisse.persad@gmail.com
SRC0263,188,EVT0948,,L10,,6,source-specific abundance,source-specific occurrence,INCLUDE,,,,,,,,,,,,,,,cherisse.persad@gmail.com
SRC0263,189,EVT0948,,L10,,10,source-specific abundance,source-specific occurrence,INCLUDE,,,,,,,,,,,,,,,cherisse.persad@gmail.com
SRC0263,190,EVT0948,,L10,,5,source-specific abundance,source-specific occurrence,INCLUDE,,,,,,,,,,,,,,,cherisse.persad@gmail.com
SRC0263,191,EVT0948,,L10,,1,source-specific abundance,source-specific occurrence,INCLUDE,,,,,,,,,,,,,,,cherisse.persad@gmail.com
SRC0263,192,EVT0948,,L10,,360,source-specific abundance,source-specific occurrence,INCLUDE,,,,,,,,,,,,,,,cherisse.persad@gmail.com
SRC0263,193,EVT0948,,L10,,9,source-specific abundance,source-specific occurrence,INCLUDE,,,,,,,,,,,,,,,cherisse.persad@gmail.com
SRC0263,194,EVT0948,,L10,,1,source-specific abundance,source-specific occurrence,INCLUDE,,,,,,,,,,,,,,,cherisse.persad@gmail.com
SRC0263,195,EVT0948,,L10,,2,source-specific abundance,source-specific occurrence,INCLUDE,,,,,,,,,,,,,,,cherisse.persad@gmail.com
SRC0263,196,EVT0948,,L10,,4,source-specific abundance,source-specific occurrence,INCLUDE,,,,,,,,,,,,,,,cherisse.persad@gmail.com
SRC0263,197,EVT0948,,L2,,2,source-specific abundance,source-specific occurrence,INCLUDE,,,,,,,,,,,,,,,cherisse.persad@gmail.com
SRC0263,198,EVT0948,,L2,,2,source-specific abundance,source-specific occurrence,INCLUDE,,,,,,,,,,,,,,,cherisse.persad@gmail.com
SRC0263,199,EVT0948,,L2,,3,source-specific abundance,source-specific occurrence,INCLUDE,,,,,,,,,,,,,,,cherisse.persad@gmail.com
SRC0263,200,EVT0948,,L2,,12,source-specific abundance,source-specific occurrence,INCLUDE,,,,,,,,,,,,,,,cherisse.persad@gmail.com
SRC0263,201,EVT0948,,L2,,1,source-specific abundance,source-specific occurrence,INCLUDE,,,,,,,,,,,,,,,cherisse.persad@gmail.com
SRC0263,202,EVT0948,,L2,,5,source-specific abundance,source-specific occurrence,INCLUDE,,,,,,,,,,,,,,,cherisse.persad@gmail.com
SRC0263,203,EVT0948,,L2,,1,source-specific abundance,source-specific occurrence,INCLUDE,,,,,,,,,,,,,,,cherisse.persad@gmail.com
SRC0263,204,EVT0948,,L2,,1,source-specific abundance,source-specific occurrence,INCLUDE,,,,,,,,,,,,,,,cherisse.persad@gmail.com
SRC0263,205,EVT0948,,L2,,1,source-specific abundance,source-specific occurrence,INCLUDE,,,,,,,,,,,,,,,cherisse.persad@gmail.com
SRC0263,206,EVT0948,,L2,,2,source-specific abundance,source-specific occurrence,INCLUDE,,,,,,,,,,,,,,,cherisse.persad@gmail.com
SRC0263,207,EVT0948,,L2,,1,source-specific abundance,source-specific occurrence,INCLUDE,,,,,,,,,,,,,,,cherisse.persad@gmail.com
SRC0263,208,EVT0948,,L2,,77,source-specific abundance,source-specific occurrence,INCLUDE,,,,,,,,,,,,,,,cherisse.persad@gmail.com
SRC0263,209,EVT0948,,L2,,1,source-specific abundance,source-specific occurrence,INCLUDE,,,,,,,,,,,,,,,cherisse.persad@gmail.com
SRC0263,210,EVT0948,,L2,,179,source-specific abundance,source-specific occurrence,INCLUDE,,,,,,,,,,,,,,,cherisse.persad@gmail.com
SRC0263,211,EVT0948,,L2,,1,source-specific abundance,source-specific occurrence,INCLUDE,,,,,,,,,,,,,,,cherisse.persad@gmail.com
SRC0263,212,EVT0948,,L31,,17,source-specific abundance,source-specific occurrence,INCLUDE,,,,,,,,,,,,,,,cherisse.persad@gmail.com
SRC0263,213,EVT0948,,L31,,14,source-specific abundance,source-specific occurrence,INCLUDE,,,,,,,,,,,,,,,cherisse.persad@gmail.com
SRC0263,214,EVT0948,,L31,,1,source-specific abundance,source-specific occurrence,INCLUDE,,,,,,,,,,,,,,,cherisse.persad@gmail.com
SRC0263,215,EVT0948,,L31,,5,source-specific abundance,source-specific occurrence,INCLUDE,,,,,,,,,,,,,,,cherisse.persad@gmail.com
SRC0263,216,EVT0948,,L31,,7,source-specific abundance,source-specific occurrence,INCLUDE,,,,,,,,,,,,,,,cherisse.persad@gmail.com
SRC0263,217,EVT0948,,L31,,1,source-specific abundance,source-specific occurrence,INCLUDE,,,,,,,,,,,,,,,cherisse.persad@gmail.com
SRC0263,218,EVT0948,,L31,,28,source-specific abundance,source-specific occurrence,INCLUDE,,,,,,,,,,,,,,,cherisse.persad@gmail.com
SRC0263,219,EVT0948,,L31,,1,source-specific abundance,source-specific occurrence,INCLUDE,,,,,,,,,,,,,,,cherisse.persad@gmail.com
SRC0263,220,EVT0948,,L31,,6,source-specific abundance,source-specific occurrence,INCLUDE,,,,,,,,,,,,,,,cherisse.persad@gmail.com
SRC0263,221,EVT0948,,L31,,2,source-specific abundance,source-specific occurrence,INCLUDE,,,,,,,,,,,,,,,cherisse.persad@gmail.com
SRC0263,222,EVT0948,,L31,,13,source-specific abundance,source-specific occurrence,INCLUDE,,,,,,,,,,,,,,,cherisse.persad@gmail.com
SRC0263,223,EVT0948,,L31,,9,source-specific abundance,source-specific occurrence,INCLUDE,,,,,,,,,,,,,,,cherisse.persad@gmail.com
SRC0263,224,EVT0948,,L31,,1,source-specific abundance,source-specific occurrence,INCLUDE,,,,,,,,,,,,,,,cherisse.persad@gmail.com
SRC0263,225,EVT0948,,L31,,4,source-specific abundance,source-specific occurrence,INCLUDE,,,,,,,,,,,,,,,cherisse.persad@gmail.com
SRC0263,226,EVT0948,,L4,,14,source-specific abundance,source-specific occurrence,INCLUDE,,,,,,,,,,,,,,,cherisse.persad@gmail.com
SRC0263,227,EVT0948,,L4,,4,source-specific abundance,source-specific occurrence,INCLUDE,,,,,,,,,,,,,,,cherisse.persad@gmail.com
SRC0263,228,EVT0948,,L4,,16,source-specific abundance,source-specific occurrence,INCLUDE,,,,,,,,,,,,,,,cherisse.persad@gmail.com
SRC0263,229,EVT0948,,L4,,1,source-specific abundance,source-specific occurrence,INCLUDE,,,,,,,,,,,,,,,cherisse.persad@gmail.com
SRC0263,230,EVT0948,,L4,,5,source-specific abundance,source-specific occurrence,INCLUDE,,,,,,,,,,,,,,,cherisse.persad@gmail.com
SRC0263,231,EVT0948,,L4,,1,source-specific abundance,source-specific occurrence,INCLUDE,,,,,,,,,,,,,,,cherisse.persad@gmail.com
SRC0263,232,EVT0948,,L4,,1,source-specific abundance,source-specific occurrence,INCLUDE,,,,,,,,,,,,,,,cherisse.persad@gmail.com
SRC0263,233,EVT0948,,L4,,1,source-specific abundance,source-specific occurrence,INCLUDE,,,,,,,,,,,,,,,cherisse.persad@gmail.com
SRC0263,234,EVT0948,,L4,,2,source-specific abundance,source-specific occurrence,INCLUDE,,,,,,,,,,,,,,,cherisse.persad@gmail.com
SRC0263,235,EVT0948,,L4,,1,source-specific abundance,source-specific occurrence,INCLUDE,,,,,,,,,,,,,,,cherisse.persad@gmail.com
SRC0263,236,EVT0948,,L4,,115,source-specific abundance,source-specific occurrence,INCLUDE,,,,,,,,,,,,,,,cherisse.persad@gmail.com
SRC0263,237,EVT0948,,L4,,2,source-specific abundance,source-specific occurrence,INCLUDE,,,,,,,,,,,,,,,cherisse.persad@gmail.com
SRC0263,238,EVT0948,,L4,,1,source-specific abundance,source-specific occurrence,INCLUDE,,,,,,,,,,,,,,,cherisse.persad@gmail.com
SRC0263,239,EVT0948,,L4,,1,source-specific abundance,source-specific occurrence,INCLUDE,,,,,,,,,,,,,,,cherisse.persad@gmail.com
SRC0263,240,EVT0948,,L4,,2,source-specific abundance,source-specific occurrence,INCLUDE,,,,,,,,,,,,,,,cherisse.persad@gmail.com
SRC0263,241,EVT0948,,L15,,211,source-specific abundance,source-specific occurrence,INCLUDE,,,,,,,,,,,,,,,cherisse.persad@gmail.com
SRC0263,242,EVT0948,,L15,,21,source-specific abundance,source-specific occurrence,INCLUDE,,,,,,,,,,,,,,,cherisse.persad@gmail.com
SRC0263,243,EVT0948,,L15,,37,source-specific abundance,source-specific occurrence,INCLUDE,,,,,,,,,,,,,,,cherisse.persad@gmail.com
SRC0263,244,EVT0948,,L15,,9,source-specific abundance,source-specific occurrence,INCLUDE,,,,,,,,,,,,,,,cherisse.persad@gmail.com
SRC0263,245,EVT0948,,L15,,1,source-specific abundance,source-specific occurrence,INCLUDE,,,,,,,,,,,,,,,cherisse.persad@gmail.com
SRC0263,246,EVT0948,,L15,,7,source-specific abundance,source-specific occurrence,INCLUDE,,,,,,,,,,,,,,,cherisse.persad@gmail.com
SRC0263,247,EVT0948,,L15,,1,source-specific abundance,source-specific occurrence,INCLUDE,,,,,,,,,,,,,,,cherisse.persad@gmail.com
SRC0263,248,EVT0948,,L15,,4,source-specific abundance,source-specific occurrence,INCLUDE,,,,,,,,,,,,,,,cherisse.persad@gmail.com
SRC0263,249,EVT0948,,L15,,5,source-specific abundance,source-specific occurrence,INCLUDE,,,,,,,,,,,,,,,cherisse.persad@gmail.com
SRC0263,250,EVT0948,,L15,,1,source-specific abundance,source-specific occurrence,INCLUDE,,,,,,,,,,,,,,,cherisse.persad@gmail.com
SRC0263,251,EVT0948,,L15,,1,source-specific abundance,source-specific occurrence,INCLUDE,,,,,,,,,,,,,,,cherisse.persad@gmail.com
SRC0263,252,EVT0948,,L15,,4,source-specific abundance,source-specific occurrence,INCLUDE,,,,,,,,,,,,,,,cherisse.persad@gmail.com
SRC0263,253,EVT0948,,L15,,1,source-specific abundance,source-specific occurrence,INCLUDE,,,,,,,,,,,,,,,cherisse.persad@gmail.com
SRC0263,254,EVT0948,,L15,,3,source-specific abundance,source-specific occurrence,INCLUDE,,,,,,,,,,,,,,,cherisse.persad@gmail.com
SRC0263,255,EVT0948,,L15,,3,source-specific abundance,source-specific occurrence,INCLUDE,,,,,,,,,,,,,,,cherisse.persad@gmail.com
SRC0263,256,EVT0948,,L15,,3,source-specific abundance,source-specific occurrence,INCLUDE,,,,,,,,,,,,,,,cherisse.persad@gmail.com
SRC0263,257,EVT0948,,L15,,4,source-specific abundance,source-specific occurrence,INCLUDE,,,,,,,,,,,,,,,cherisse.persad@gmail.com
SRC0263,258,EVT0948,,L15,,1,source-specific abundance,source-specific occurrence,INCLUDE,,,,,,,,,,,,,,,cherisse.persad@gmail.com
SRC0263,259,EVT0948,,L15,,1,source-specific abundance,source-specific occurrence,INCLUDE,,,,,,,,,,,,,,,cherisse.persad@gmail.com
SRC0263,260,EVT0948,,L15,,4,source-specific abundance,source-specific occurrence,INCLUDE,,,,,,,,,,,,,,,cherisse.persad@gmail.com
SRC0263,261,EVT0948,,L15,,12,source-specific abundance,source-specific occurrence,INCLUDE,,,,,,,,,,,,,,,cherisse.persad@gmail.com
SRC0263,262,EVT0948,,L15,,15,source-specific abundance,source-specific occurrence,INCLUDE,,,,,,,,,,,,,,,cherisse.persad@gmail.com
SRC0263,263,EVT0948,,L15,,3,source-specific abundance,source-specific occurrence,INCLUDE,,,,,,,,,,,,,,,cherisse.persad@gmail.com
SRC0263,264,EVT0948,,L16,,85,source-specific abundance,source-specific occurrence,INCLUDE,,,,,,,,,,,,,,,cherisse.persad@gmail.com
SRC0263,265,EVT0948,,L16,,19,source-specific abundance,source-specific occurrence,INCLUDE,,,,,,,,,,,,,,,cherisse.persad@gmail.com
SRC0263,266,EVT0948,,L16,,39,source-specific abundance,source-specific occurrence,INCLUDE,,,,,,,,,,,,,,,cherisse.persad@gmail.com
SRC0263,267,EVT0948,,L16,,4,source-specific abundance,source-specific occurrence,INCLUDE,,,,,,,,,,,,,,,cherisse.persad@gmail.com
SRC0263,268,EVT0948,,L16,,5,source-specific abundance,source-specific occurrence,INCLUDE,,,,,,,,,,,,,,,cherisse.persad@gmail.com
SRC0263,269,EVT0948,,L16,,1,source-specific abundance,source-specific occurrence,INCLUDE,,,,,,,,,,,,,,,cherisse.persad@gmail.com
SRC0263,270,EVT0948,,L16,,7,source-specific abundance,source-specific occurrence,INCLUDE,,,,,,,,,,,,,,,cherisse.persad@gmail.com
SRC0263,271,EVT0948,,L16,,6,source-specific abundance,source-specific occurrence,INCLUDE,,,,,,,,,,,,,,,cherisse.persad@gmail.com
SRC0263,272,EVT0948,,L16,,6,source-specific abundance,source-specific occurrence,INCLUDE,,,,,,,,,,,,,,,cherisse.persad@gmail.com
SRC0263,273,EVT0948,,L16,,1,source-specific abundance,source-specific occurrence,INCLUDE,,,,,,,,,,,,,,,cherisse.persad@gmail.com
SRC0263,274,EVT0948,,L16,,2,source-specific abundance,source-specific occurrence,INCLUDE,,,,,,,,,,,,,,,cherisse.persad@gmail.com
SRC0263,275,EVT0948,,L16,,1,source-specific abundance,source-specific occurrence,INCLUDE,,,,,,,,,,,,,,,cherisse.persad@gmail.com
SRC0263,276,EVT0948,,L16,,34,source-specific abundance,source-specific occurrence,INCLUDE,,,,,,,,,,,,,,,cherisse.persad@gmail.com
SRC0263,277,EVT0948,,L16,,4,source-specific abundance,source-specific occurrence,INCLUDE,,,,,,,,,,,,,,,cherisse.persad@gmail.com
SRC0263,278,EVT0948,,L16,,8,source-specific abundance,source-specific occurrence,INCLUDE,,,,,,,,,,,,,,,cherisse.persad@gmail.com
SRC0263,279,EVT0948,,L16,,8,source-specific abundance,source-specific occurrence,INCLUDE,,,,,,,,,,,,,,,cherisse.persad@gmail.com
SRC0263,280,EVT0948,,L29,,6,source-specific abundance,source-specific occurrence,INCLUDE,,,,,,,,,,,,,,,cherisse.persad@gmail.com
SRC0263,281,EVT0948,,L29,,9,source-specific abundance,source-specific occurrence,INCLUDE,,,,,,,,,,,,,,,cherisse.persad@gmail.com
SRC0263,282,EVT0948,,L29,,41,source-specific abundance,source-specific occurrence,INCLUDE,,,,,,,,,,,,,,,cherisse.persad@gmail.com
SRC0263,283,EVT0948,,L29,,29,source-specific abundance,source-specific occurrence,INCLUDE,,,,,,,,,,,,,,,cherisse.persad@gmail.com
SRC0263,284,EVT0948,,L29,,2,source-specific abundance,source-specific occurrence,INCLUDE,,,,,,,,,,,,,,,cherisse.persad@gmail.com
SRC0263,285,EVT0948,,L29,,3,source-specific abundance,source-specific occurrence,INCLUDE,,,,,,,,,,,,,,,cherisse.persad@gmail.com
SRC0263,286,EVT0948,,L29,,1,source-specific abundance,source-specific occurrence,INCLUDE,,,,,,,,,,,,,,,cherisse.persad@gmail.com
SRC0263,287,EVT0948,,L29,,2,source-specific abundance,source-specific occurrence,INCLUDE,,,,,,,,,,,,,,,cherisse.persad@gmail.com
SRC0263,288,EVT0948,,L29,,16,source-specific abundance,source-specific occurrence,INCLUDE,,,,,,,,,,,,,,,cherisse.persad@gmail.com
SRC0263,289,EVT0948,,L29,,1,source-specific abundance,source-specific occurrence,INCLUDE,,,,,,,,,,,,,,,cherisse.persad@gmail.com
SRC0263,290,EVT0948,,L29,,4,source-specific abundance,source-specific occurrence,INCLUDE,,,,,,,,,,,,,,,cherisse.persad@gmail.com
SRC0263,291,EVT0948,,L29,,4,source-specific abundance,source-specific occurrence,INCLUDE,,,,,,,,,,,,,,,cherisse.persad@gmail.com
SRC0263,292,EVT0948,,L29,,17,source-specific abundance,source-specific occurrence,INCLUDE,,,,,,,,,,,,,,,cherisse.persad@gmail.com
SRC0263,293,EVT0948,,L29,,2,source-specific abundance,source-specific occurrence,INCLUDE,,,,,,,,,,,,,,,cherisse.persad@gmail.com
SRC0263,294,EVT0948,,L20,,45,source-specific abundance,source-specific occurrence,INCLUDE,,,,,,,,,,,,,,,cherisse.persad@gmail.com
SRC0263,295,EVT0948,,L20,,25,source-specific abundance,source-specific occurrence,INCLUDE,,,,,,,,,,,,,,,cherisse.persad@gmail.com
SRC0263,296,EVT0948,,L20,,2,source-specific abundance,source-specific occurrence,INCLUDE,,,,,,,,,,,,,,,cherisse.persad@gmail.com
SRC0263,297,EVT0948,,L20,,13,source-specific abundance,source-specific occurrence,INCLUDE,,,,,,,,,,,,,,,cherisse.persad@gmail.com
SRC0263,298,EVT0948,,L20,,1,source-specific abundance,source-specific occurrence,INCLUDE,,,,,,,,,,,,,,,cherisse.persad@gmail.com
SRC0263,299,EVT0948,,L20,,1,source-specific abundance,source-specific occurrence,INCLUDE,,,,,,,,,,,,,,,cherisse.persad@gmail.com
SRC0263,300,EVT0948,,L20,,13,source-specific abundance,source-specific occurrence,INCLUDE,,,,,,,,,,,,,,,cherisse.persad@gmail.com
SRC0263,301,EVT0948,,L20,,3,source-specific abundance,source-specific occurrence,INCLUDE,,,,,,,,,,,,,,,cherisse.persad@gmail.com
SRC0263,302,EVT0948,,L20,,1,source-specific abundance,source-specific occurrence,INCLUDE,,,,,,,,,,,,,,,cherisse.persad@gmail.com
SRC0263,303,EVT0948,,L20,,1,source-specific abundance,source-specific occurrence,INCLUDE,,,,,,,,,,,,,,,cherisse.persad@gmail.com
SRC0263,304,EVT0948,,L20,,1,source-specific abundance,source-specific occurrence,INCLUDE,,,,,,,,,,,,,,,cherisse.persad@gmail.com
SRC0263,305,EVT0948,,L20,,10,source-specific abundance,source-specific occurrence,INCLUDE,,,,,,,,,,,,,,,cherisse.persad@gmail.com
SRC0263,306,EVT0948,,L20,,54,source-specific abundance,source-specific occurrence,INCLUDE,,,,,,,,,,,,,,,cherisse.persad@gmail.com
SRC0263,307,EVT0948,,L20,,5,source-specific abundance,source-specific occurrence,INCLUDE,,,,,,,,,,,,,,,cherisse.persad@gmail.com
SRC0263,308,EVT0948,,L20,,9,source-specific abundance,source-specific occurrence,INCLUDE,,,,,,,,,,,,,,,cherisse.persad@gmail.com
SRC0263,309,EVT0948,,L20,,15,source-specific abundance,source-specific occurrence,INCLUDE,,,,,,,,,,,,,,,cherisse.persad@gmail.com
SRC0263,310,EVT0948,,L20,,2,source-specific abundance,source-specific occurrence,INCLUDE,,,,,,,,,,,,,,,cherisse.persad@gmail.com
SRC0263,311,EVT0948,,L20,,1,source-specific abundance,source-specific occurrence,INCLUDE,,,,,,,,,,,,,,,cherisse.persad@gmail.com
SRC0263,312,EVT0948,,L20,,1,source-specific abundance,source-specific occurrence,INCLUDE,,,,,,,,,,,,,,,cherisse.persad@gmail.com
SRC0263,313,EVT0948,,L28,,2,source-specific abundance,source-specific occurrence,INCLUDE,,,,,,,,,,,,,,,cherisse.persad@gmail.com
SRC0263,314,EVT0948,,L28,,278,source-specific abundance,source-specific occurrence,INCLUDE,,,,,,,,,,,,,,,cherisse.persad@gmail.com
SRC0263,315,EVT0948,,L28,,47,source-specific abundance,source-specific occurrence,INCLUDE,,,,,,,,,,,,,,,cherisse.persad@gmail.com
SRC0263,316,EVT0948,,L28,,76,source-specific abundance,source-specific occurrence,INCLUDE,,,,,,,,,,,,,,,cherisse.persad@gmail.com
SRC0263,317,EVT0948,,L28,,20,source-specific abundance,source-specific occurrence,INCLUDE,,,,,,,,,,,,,,,cherisse.persad@gmail.com
SRC0263,318,EVT0948,,L28,,10,source-specific abundance,source-specific occurrence,INCLUDE,,,,,,,,,,,,,,,cherisse.persad@gmail.com
SRC0263,319,EVT0948,,L28,,24,source-specific abundance,source-specific occurrence,INCLUDE,,,,,,,,,,,,,,,cherisse.persad@gmail.com
SRC0263,320,EVT0948,,L28,,1,source-specific abundance,source-specific occurrence,INCLUDE,,,,,,,,,,,,,,,cherisse.persad@gmail.com
SRC0263,321,EVT0948,,L28,,34,source-specific abundance,source-specific occurrence,INCLUDE,,,,,,,,,,,,,,,cherisse.persad@gmail.com
SRC0263,322,EVT0948,,L28,,3,source-specific abundance,source-specific occurrence,INCLUDE,,,,,,,,,,,,,,,cherisse.persad@gmail.com
SRC0263,323,EVT0948,,L28,,1,source-specific abundance,source-specific occurrence,INCLUDE,,,,,,,,,,,,,,,cherisse.persad@gmail.com
SRC0263,324,EVT0948,,L28,,2,source-specific abundance,source-specific occurrence,INCLUDE,,,,,,,,,,,,,,,cherisse.persad@gmail.com
SRC0263,325,EVT0948,,L28,,3,source-specific abundance,source-specific occurrence,INCLUDE,,,,,,,,,,,,,,,cherisse.persad@gmail.com
SRC0263,326,EVT0948,,L28,,6,source-specific abundance,source-specific occurrence,INCLUDE,,,,,,,,,,,,,,,cherisse.persad@gmail.com
SRC0263,327,EVT0948,,L28,,5,source-specific abundance,source-specific occurrence,INCLUDE,,,,,,,,,,,,,,,cherisse.persad@gmail.com
SRC0263,328,EVT0948,,L28,,1,source-specific abundance,source-specific occurrence,INCLUDE,,,,,,,,,,,,,,,cherisse.persad@gmail.com
SRC0263,329,EVT0948,,L28,,14,source-specific abundance,source-specific occurrence,INCLUDE,,,,,,,,,,,,,,,cherisse.persad@gmail.com
SRC0263,330,EVT0948,,L28,,3,source-specific abundance,source-specific occurrence,INCLUDE,,,,,,,,,,,,,,,cherisse.persad@gmail.com
SRC0263,331,EVT0948,,L28,,1,source-specific abundance,source-specific occurrence,INCLUDE,,,,,,,,,,,,,,,cherisse.persad@gmail.com
SRC0263,332,EVT0948,,L28,,1,source-specific abundance,source-specific occurrence,INCLUDE,,,,,,,,,,,,,,,cherisse.persad@gmail.com
SRC0263,333,EVT0948,,L28,,79,source-specific abundance,source-specific occurrence,INCLUDE,,,,,,,,,,,,,,,cherisse.persad@gmail.com
SRC0263,334,EVT0948,,L28,,7,source-specific abundance,source-specific occurrence,INCLUDE,,,,,,,,,,,,,,,cherisse.persad@gmail.com
SRC0263,335,EVT0948,,L28,,11,source-specific abundance,source-specific occurrence,INCLUDE,,,,,,,,,,,,,,,cherisse.persad@gmail.com
SRC0263,336,EVT0948,,L23,,199,source-specific abundance,source-specific occurrence,INCLUDE,,,,,,,,,,,,,,,cherisse.persad@gmail.com
SRC0263,337,EVT0948,,L23,,27,source-specific abundance,source-specific occurrence,INCLUDE,,,,,,,,,,,,,,,cherisse.persad@gmail.com
SRC0263,338,EVT0948,,L23,,96,source-specific abundance,source-specific occurrence,INCLUDE,,,,,,,,,,,,,,,cherisse.persad@gmail.com
SRC0263,339,EVT0948,,L23,,19,source-specific abundance,source-specific occurrence,INCLUDE,,,,,,,,,,,,,,,cherisse.persad@gmail.com
SRC0263,340,EVT0948,,L23,,31,source-specific abundance,source-specific occurrence,INCLUDE,,,,,,,,,,,,,,,cherisse.persad@gmail.com
SRC0263,341,EVT0948,,L23,,13,source-specific abundance,source-specific occurrence,INCLUDE,,,,,,,,,,,,,,,cherisse.persad@gmail.com
SRC0263,342,EVT0948,,L23,,8,source-specific abundance,source-specific occurrence,INCLUDE,,,,,,,,,,,,,,,cherisse.persad@gmail.com
SRC0263,343,EVT0948,,L23,,1,source-specific abundance,source-specific occurrence,INCLUDE,,,,,,,,,,,,,,,cherisse.persad@gmail.com
SRC0263,344,EVT0948,,L23,,1,source-specific abundance,source-specific occurrence,INCLUDE,,,,,,,,,,,,,,,cherisse.persad@gmail.com
SRC0263,345,EVT0948,,L23,,3,source-specific abundance,source-specific occurrence,INCLUDE,,,,,,,,,,,,,,,cherisse.persad@gmail.com
SRC0263,346,EVT0948,,L23,,4,source-specific abundance,source-specific occurrence,INCLUDE,,,,,,,,,,,,,,,cherisse.persad@gmail.com
SRC0263,347,EVT0948,,L23,,2,source-specific abundance,source-specific occurrence,INCLUDE,,,,,,,,,,,,,,,cherisse.persad@gmail.com
SRC0263,348,EVT0948,,L23,,23,source-specific abundance,source-specific occurrence,INCLUDE,,,,,,,,,,,,,,,cherisse.persad@gmail.com
SRC0263,349,EVT0948,,L23,,1,source-specific abundance,source-specific occurrence,INCLUDE,,,,,,,,,,,,,,,cherisse.persad@gmail.com
SRC0263,350,EVT0948,,L23,,6,source-specific abundance,source-specific occurrence,INCLUDE,,,,,,,,,,,,,,,cherisse.persad@gmail.com
SRC0263,351,EVT0948,,L23,,5,source-specific abundance,source-specific occurrence,INCLUDE,,,,,,,,,,,,,,,cherisse.persad@gmail.com
SRC0263,352,EVT0948,,L23,,1,source-specific abundance,source-specific occurrence,INCLUDE,,,,,,,,,,,,,,,cherisse.persad@gmail.com
SRC0263,353,EVT0948,,L1,,288,source-specific abundance,source-specific occurrence,INCLUDE,,,,,,,,,,,,,,,cherisse.persad@gmail.com
SRC0263,354,EVT0948,,L1,,46,source-specific abundance,source-specific occurrence,INCLUDE,,,,,,,,,,,,,,,cherisse.persad@gmail.com
SRC0263,355,EVT0948,,L1,,78,source-specific abundance,source-specific occurrence,INCLUDE,,,,,,,,,,,,,,,cherisse.persad@gmail.com
SRC0263,356,EVT0948,,L1,,25,source-specific abundance,source-specific occurrence,INCLUDE,,,,,,,,,,,,,,,cherisse.persad@gmail.com
SRC0263,357,EVT0948,,L1,,94,source-specific abundance,source-specific occurrence,INCLUDE,,,,,,,,,,,,,,,cherisse.persad@gmail.com
SRC0263,358,EVT0948,,L1,,12,source-specific abundance,source-specific occurrence,INCLUDE,,,,,,,,,,,,,,,cherisse.persad@gmail.com
SRC0263,359,EVT0948,,L1,,1,source-specific abundance,source-specific occurrence,INCLUDE,,,,,,,,,,,,,,,cherisse.persad@gmail.com
SRC0263,360,EVT0948,,L1,,4,source-specific abundance,source-specific occurrence,INCLUDE,,,,,,,,,,,,,,,cherisse.persad@gmail.com
SRC0263,361,EVT0948,,L1,,6,source-specific abundance,source-specific occurrence,INCLUDE,,,,,,,,,,,,,,,cherisse.persad@gmail.com
SRC0263,362,EVT0948,,L1,,9,source-specific abundance,source-specific occurrence,INCLUDE,,,,,,,,,,,,,,,cherisse.persad@gmail.com
SRC0263,363,EVT0948,,L1,,1,source-specific abundance,source-specific occurrence,INCLUDE,,,,,,,,,,,,,,,cherisse.persad@gmail.com
SRC0263,364,EVT0948,,L1,,5,source-specific abundance,source-specific occurrence,INCLUDE,,,,,,,,,,,,,,,cherisse.persad@gmail.com
SRC0263,365,EVT0948,,L1,,1,source-specific abundance,source-specific occurrence,INCLUDE,,,,,,,,,,,,,,,cherisse.persad@gmail.com
SRC0263,366,EVT0948,,L1,,1,source-specific abundance,source-specific occurrence,INCLUDE,,,,,,,,,,,,,,,cherisse.persad@gmail.com
SRC0263,367,EVT0948,,L1,,3,source-specific abundance,source-specific occurrence,INCLUDE,,,,,,,,,,,,,,,cherisse.persad@gmail.com
SRC0263,368,EVT0948,,L1,,2,source-specific abundance,source-specific occurrence,INCLUDE,,,,,,,,,,,,,,,cherisse.persad@gmail.com
SRC0263,369,EVT0948,,L1,,14,source-specific abundance,source-specific occurrence,INCLUDE,,,,,,,,,,,,,,,cherisse.persad@gmail.com
SRC0263,370,EVT0948,,L1,,19,source-specific abundance,source-specific occurrence,INCLUDE,,,,,,,,,,,,,,,cherisse.persad@gmail.com
SRC0263,371,EVT0948,,L24,,311,source-specific abundance,source-specific occurrence,INCLUDE,,,,,,,,,,,,,,,cherisse.persad@gmail.com
SRC0263,372,EVT0948,,L24,,39,source-specific abundance,source-specific occurrence,INCLUDE,,,,,,,,,,,,,,,cherisse.persad@gmail.com
SRC0263,373,EVT0948,,L24,,24,source-specific abundance,source-specific occurrence,INCLUDE,,,,,,,,,,,,,,,cherisse.persad@gmail.com
SRC0263,374,EVT0948,,L24,,64,source-specific abundance,source-specific occurrence,INCLUDE,,,,,,,,,,,,,,,cherisse.persad@gmail.com
SRC0263,375,EVT0948,,L24,,21,source-specific abundance,source-specific occurrence,INCLUDE,,,,,,,,,,,,,,,cherisse.persad@gmail.com
SRC0263,376,EVT0948,,L24,,10,source-specific abundance,source-specific occurrence,INCLUDE,,,,,,,,,,,,,,,cherisse.persad@gmail.com
SRC0263,377,EVT0948,,L24,,3,source-specific abundance,source-specific occurrence,INCLUDE,,,,,,,,,,,,,,,cherisse.persad@gmail.com
SRC0263,378,EVT0948,,L24,,1,source-specific abundance,source-specific occurrence,INCLUDE,,,,,,,,,,,,,,,cherisse.persad@gmail.com
SRC0263,379,EVT0948,,L24,,1,source-specific abundance,source-specific occurrence,INCLUDE,,,,,,,,,,,,,,,cherisse.persad@gmail.com
SRC0263,380,EVT0948,,L24,,9,source-specific abundance,source-specific occurrence,INCLUDE,,,,,,,,,,,,,,,cherisse.persad@gmail.com
SRC0263,381,EVT0948,,L24,,3,source-specific abundance,source-specific occurrence,INCLUDE,,,,,,,,,,,,,,,cherisse.persad@gmail.com
SRC0263,382,EVT0948,,L24,,5,source-specific abundance,source-specific occurrence,INCLUDE,,,,,,,,,,,,,,,cherisse.persad@gmail.com
SRC0263,383,EVT0948,,L24,,14,source-specific abundance,source-specific occurrence,INCLUDE,,,,,,,,,,,,,,,cherisse.persad@gmail.com
SRC0263,384,EVT0948,,L24,,4,source-specific abundance,source-specific occurrence,INCLUDE,,,,,,,,,,,,,,,cherisse.persad@gmail.com
SRC0263,385,EVT0948,,L24,,1,source-specific abundance,source-specific occurrence,INCLUDE,,,,,,,,,,,,,,,cherisse.persad@gmail.com
SRC0263,386,EVT0948,,L24,,11,source-specific abundance,source-specific occurrence,INCLUDE,,,,,,,,,,,,,,,cherisse.persad@gmail.com
SRC0263,387,EVT0948,,L24,,5,source-specific abundance,source-specific occurrence,INCLUDE,,,,,,,,,,,,,,,cherisse.persad@gmail.com
SRC0263,388,EVT0948,,L24,,1,source-specific abundance,source-specific occurrence,INCLUDE,,,,,,,,,,,,,,,cherisse.persad@gmail.com
SRC0263,389,EVT0948,,L9,,3,source-specific abundance,source-specific occurrence,INCLUDE,,,,,,,,,,,,,,,cherisse.persad@gmail.com
SRC0263,390,EVT0948,,L9,,42,source-specific abundance,source-specific occurrence,INCLUDE,,,,,,,,,,,,,,,cherisse.persad@gmail.com
SRC0263,391,EVT0948,,L9,,80,source-specific abundance,source-specific occurrence,INCLUDE,,,,,,,,,,,,,,,cherisse.persad@gmail.com
SRC0263,392,EVT0948,,L9,,7,source-specific abundance,source-specific occurrence,INCLUDE,,,,,,,,,,,,,,,cherisse.persad@gmail.com
SRC0263,393,EVT0948,,L9,,4,source-specific abundance,source-specific occurrence,INCLUDE,,,,,,,,,,,,,,,cherisse.persad@gmail.com
SRC0263,394,EVT0948,,L9,,19,source-specific abundance,source-specific occurrence,INCLUDE,,,,,,,,,,,,,,,cherisse.persad@gmail.com
SRC0263,395,EVT0948,,L9,,5,source-specific abundance,source-specific occurrence,INCLUDE,,,,,,,,,,,,,,,cherisse.persad@gmail.com
SRC0263,396,EVT0948,,L9,,6,source-specific abundance,source-specific occurrence,INCLUDE,,,,,,,,,,,,,,,cherisse.persad@gmail.com
SRC0263,397,EVT0948,,L9,,4,source-specific abundance,source-specific occurrence,INCLUDE,,,,,,,,,,,,,,,cherisse.persad@gmail.com
SRC0263,398,EVT0948,,L9,,1,source-specific abundance,source-specific occurrence,INCLUDE,,,,,,,,,,,,,,,cherisse.persad@gmail.com
SRC0263,399,EVT0948,,L9,,81,source-specific abundance,source-specific occurrence,INCLUDE,,,,,,,,,,,,,,,cherisse.persad@gmail.com
SRC0263,400,EVT0948,,L9,,12,source-specific abundance,source-specific occurrence,INCLUDE,,,,,,,,,,,,,,,cherisse.persad@gmail.com
SRC0263,401,EVT0948,,L9,,7,source-specific abundance,source-specific occurrence,INCLUDE,,,,,,,,,,,,,,,cherisse.persad@gmail.com
SRC0263,402,EVT0948,,L9,,16,source-specific abundance,source-specific occurrence,INCLUDE,,,,,,,,,,,,,,,cherisse.persad@gmail.com
SRC0263,403,EVT0948,,L9,,3,source-specific abundance,source-specific occurrence,INCLUDE,,,,,,,,,,,,,,,cherisse.persad@gmail.com
SRC0263,404,EVT0948,,L9,,13,source-specific abundance,source-specific occurrence,INCLUDE,,,,,,,,,,,,,,,cherisse.persad@gmail.com
SRC0263,405,EVT0948,,L9,,1,source-specific abundance,source-specific occurrence,INCLUDE,,,,,,,,,,,,,,,cherisse.persad@gmail.com
SRC0263,406,EVT0948,,L17,,1078,source-specific abundance,source-specific occurrence,INCLUDE,,,,,,,,,,,,,,,cherisse.persad@gmail.com
SRC0263,407,EVT0948,,L17,,106,source-specific abundance,source-specific occurrence,INCLUDE,,,,,,,,,,,,,,,cherisse.persad@gmail.com
SRC0263,408,EVT0948,,L17,,743,source-specific abundance,source-specific occurrence,INCLUDE,,,,,,,,,,,,,,,cherisse.persad@gmail.com
SRC0263,409,EVT0948,,L17,,261,source-specific abundance,source-specific occurrence,INCLUDE,,,,,,,,,,,,,,,cherisse.persad@gmail.com
SRC0263,410,EVT0948,,L17,,1,source-specific abundance,source-specific occurrence,INCLUDE,,,,,,,,,,,,,,,cherisse.persad@gmail.com
SRC0263,411,EVT0948,,L17,,86,source-specific abundance,source-specific occurrence,INCLUDE,,,,,,,,,,,,,,,cherisse.persad@gmail.com
SRC0263,412,EVT0948,,L17,,7,source-specific abundance,source-specific occurrence,INCLUDE,,,,,,,,,,,,,,,cherisse.persad@gmail.com
SRC0263,413,EVT0948,,L17,,9,source-specific abundance,source-specific occurrence,INCLUDE,,,,,,,,,,,,,,,cherisse.persad@gmail.com
SRC0263,414,EVT0948,,L17,,5,source-specific abundance,source-specific occurrence,INCLUDE,,,,,,,,,,,,,,,cherisse.persad@gmail.com
SRC0263,415,EVT0948,,L17,,1,source-specific abundance,source-specific occurrence,INCLUDE,,,,,,,,,,,,,,,cherisse.persad@gmail.com
SRC0263,416,EVT0948,,L17,,5,source-specific abundance,source-specific occurrence,INCLUDE,,,,,,,,,,,,,,,cherisse.persad@gmail.com
SRC0263,417,EVT0948,,L17,,3,source-specific abundance,source-specific occurrence,INCLUDE,,,,,,,,,,,,,,,cherisse.persad@gmail.com
SRC0263,418,EVT0948,,L17,,19,source-specific abundance,source-specific occurrence,INCLUDE,,,,,,,,,,,,,,,cherisse.persad@gmail.com
SRC0263,419,EVT0948,,L17,,10,source-specific abundance,source-specific occurrence,INCLUDE,,,,,,,,,,,,,,,cherisse.persad@gmail.com
SRC0263,420,EVT0948,,L17,,4,source-specific abundance,source-specific occurrence,INCLUDE,,,,,,,,,,,,,,,cherisse.persad@gmail.com
SRC0263,421,EVT0948,,L17,,2,source-specific abundance,source-specific occurrence,INCLUDE,,,,,,,,,,,,,,,cherisse.persad@gmail.com
SRC0263,422,EVT0948,,L17,,2,source-specific abundance,source-specific occurrence,INCLUDE,,,,,,,,,,,,,,,cherisse.persad@gmail.com
SRC0263,423,EVT0948,,L17,,14,source-specific abundance,source-specific occurrence,INCLUDE,,,,,,,,,,,,,,,cherisse.persad@gmail.com
SRC0263,424,EVT0948,,L17,,3,source-specific abundance,source-specific occurrence,INCLUDE,,,,,,,,,,,,,,,cherisse.persad@gmail.com
SRC0263,425,EVT0948,,L17,,1,source-specific abundance,source-specific occurrence,INCLUDE,,,,,,,,,,,,,,,cherisse.persad@gmail.com
SRC0263,426,EVT0948,,L17,,1,source-specific abundance,source-specific occurrence,INCLUDE,,,,,,,,,,,,,,,cherisse.persad@gmail.com
SRC0263,427,EVT0948,,L17,,85,source-specific abundance,source-specific occurrence,INCLUDE,,,,,,,,,,,,,,,cherisse.persad@gmail.com
SRC0263,428,EVT0948,,L17,,47,source-specific abundance,source-specific occurrence,INCLUDE,,,,,,,,,,,,,,,cherisse.persad@gmail.com
SRC0263,429,EVT0948,,L12,,1,source-specific abundance,source-specific occurrence,INCLUDE,,,,,,,,,,,,,,,cherisse.persad@gmail.com
SRC0263,430,EVT0948,,L12,,221,source-specific abundance,source-specific occurrence,INCLUDE,,,,,,,,,,,,,,,cherisse.persad@gmail.com
SRC0263,431,EVT0948,,L12,,36,source-specific abundance,source-specific occurrence,INCLUDE,,,,,,,,,,,,,,,cherisse.persad@gmail.com
SRC0263,432,EVT0948,,L12,,43,source-specific abundance,source-specific occurrence,INCLUDE,,,,,,,,,,,,,,,cherisse.persad@gmail.com
SRC0263,433,EVT0948,,L12,,12,source-specific abundance,source-specific occurrence,INCLUDE,,,,,,,,,,,,,,,cherisse.persad@gmail.com
SRC0263,434,EVT0948,,L12,,67,source-specific abundance,source-specific occurrence,INCLUDE,,,,,,,,,,,,,,,cherisse.persad@gmail.com
SRC0263,435,EVT0948,,L12,,2,source-specific abundance,source-specific occurrence,INCLUDE,,,,,,,,,,,,,,,cherisse.persad@gmail.com
SRC0263,436,EVT0948,,L12,,2,source-specific abundance,source-specific occurrence,INCLUDE,,,,,,,,,,,,,,,cherisse.persad@gmail.com
SRC0263,437,EVT0948,,L12,,5,source-specific abundance,source-specific occurrence,INCLUDE,,,,,,,,,,,,,,,cherisse.persad@gmail.com
SRC0263,438,EVT0948,,L12,,6,source-specific abundance,source-specific occurrence,INCLUDE,,,,,,,,,,,,,,,cherisse.persad@gmail.com
SRC0263,439,EVT0948,,L12,,6,source-specific abundance,source-specific occurrence,INCLUDE,,,,,,,,,,,,,,,cherisse.persad@gmail.com
SRC0263,440,EVT0948,,L12,,2,source-specific abundance,source-specific occurrence,INCLUDE,,,,,,,,,,,,,,,cherisse.persad@gmail.com
SRC0263,441,EVT0948,,L12,,1,source-specific abundance,source-specific occurrence,INCLUDE,,,,,,,,,,,,,,,cherisse.persad@gmail.com
SRC0263,442,EVT0948,,L12,,1,source-specific abundance,source-specific occurrence,INCLUDE,,,,,,,,,,,,,,,cherisse.persad@gmail.com
SRC0263,443,EVT0948,,L12,,10,source-specific abundance,source-specific occurrence,INCLUDE,,,,,,,,,,,,,,,cherisse.persad@gmail.com
SRC0263,444,EVT0948,,L12,,4,source-specific abundance,source-specific occurrence,INCLUDE,,,,,,,,,,,,,,,cherisse.persad@gmail.com
SRC0263,445,EVT0948,,L12,,3,source-specific abundance,source-specific occurrence,INCLUDE,,,,,,,,,,,,,,,cherisse.persad@gmail.com
SRC0263,446,EVT0948,,L12,,1,source-specific abundance,source-specific occurrence,INCLUDE,,,,,,,,,,,,,,,cherisse.persad@gmail.com
SRC0263,447,EVT0948,,L12,,1,source-specific abundance,source-specific occurrence,INCLUDE,,,,,,,,,,,,,,,cherisse.persad@gmail.com
SRC0263,448,EVT0948,,L12,,17,source-specific abundance,source-specific occurrence,INCLUDE,,,,,,,,,,,,,,,cherisse.persad@gmail.com
SRC0263,449,EVT0948,,L12,,4,source-specific abundance,source-specific occurrence,INCLUDE,,,,,,,,,,,,,,,cherisse.persad@gmail.com
SRC0263,450,EVT0948,,L14,,46,source-specific abundance,source-specific occurrence,INCLUDE,,,,,,,,,,,,,,,cherisse.persad@gmail.com
SRC0263,451,EVT0948,,L14,,47,source-specific abundance,source-specific occurrence,INCLUDE,,,,,,,,,,,,,,,cherisse.persad@gmail.com
SRC0263,452,EVT0948,,L14,,6,source-specific abundance,source-specific occurrence,INCLUDE,,,,,,,,,,,,,,,cherisse.persad@gmail.com
SRC0263,453,EVT0948,,L14,,3,source-specific abundance,source-specific occurrence,INCLUDE,,,,,,,,,,,,,,,cherisse.persad@gmail.com
SRC0263,454,EVT0948,,L14,,2,source-specific abundance,source-specific occurrence,INCLUDE,,,,,,,,,,,,,,,cherisse.persad@gmail.com
SRC0263,455,EVT0948,,L14,,3,source-specific abundance,source-specific occurrence,INCLUDE,,,,,,,,,,,,,,,cherisse.persad@gmail.com
SRC0263,456,EVT0948,,L14,,2,source-specific abundance,source-specific occurrence,INCLUDE,,,,,,,,,,,,,,,cherisse.persad@gmail.com
SRC0263,457,EVT0948,,L14,,35,source-specific abundance,source-specific occurrence,INCLUDE,,,,,,,,,,,,,,,cherisse.persad@gmail.com
SRC0263,458,EVT0948,,L14,,1,source-specific abundance,source-specific occurrence,INCLUDE,,,,,,,,,,,,,,,cherisse.persad@gmail.com
SRC0263,459,EVT0948,,L8,,723,source-specific abundance,source-specific occurrence,INCLUDE,,,,,,,,,,,,,,,cherisse.persad@gmail.com
SRC0263,460,EVT0948,,L8,,43,source-specific abundance,source-specific occurrence,INCLUDE,,,,,,,,,,,,,,,cherisse.persad@gmail.com
SRC0263,461,EVT0948,,L8,,285,source-specific abundance,source-specific occurrence,INCLUDE,,,,,,,,,,,,,,,cherisse.persad@gmail.com
SRC0263,462,EVT0948,,L8,,100,source-specific abundance,source-specific occurrence,INCLUDE,,,,,,,,,,,,,,,cherisse.persad@gmail.com
SRC0263,463,EVT0948,,L8,,7,source-specific abundance,source-specific occurrence,INCLUDE,,,,,,,,,,,,,,,cherisse.persad@gmail.com
SRC0263,464,EVT0948,,L8,,56,source-specific abundance,source-specific occurrence,INCLUDE,,,,,,,,,,,,,,,cherisse.persad@gmail.com
SRC0263,465,EVT0948,,L8,,3,source-specific abundance,source-specific occurrence,INCLUDE,,,,,,,,,,,,,,,cherisse.persad@gmail.com
SRC0263,466,EVT0948,,L8,,7,source-specific abundance,source-specific occurrence,INCLUDE,,,,,,,,,,,,,,,cherisse.persad@gmail.com
SRC0263,467,EVT0948,,L8,,1,source-specific abundance,source-specific occurrence,INCLUDE,,,,,,,,,,,,,,,cherisse.persad@gmail.com
SRC0263,468,EVT0948,,L8,,1,source-specific abundance,source-specific occurrence,INCLUDE,,,,,,,,,,,,,,,cherisse.persad@gmail.com
SRC0263,469,EVT0948,,L8,,3,source-specific abundance,source-specific occurrence,INCLUDE,,,,,,,,,,,,,,,cherisse.persad@gmail.com
SRC0263,470,EVT0948,,L8,,8,source-specific abundance,source-specific occurrence,INCLUDE,,,,,,,,,,,,,,,cherisse.persad@gmail.com
SRC0263,471,EVT0948,,L8,,30,source-specific abundance,source-specific occurrence,INCLUDE,,,,,,,,,,,,,,,cherisse.persad@gmail.com
SRC0263,472,EVT0948,,L8,,2,source-specific abundance,source-specific occurrence,INCLUDE,,,,,,,,,,,,,,,cherisse.persad@gmail.com
SRC0263,473,EVT0948,,L8,,8,source-specific abundance,source-specific occurrence,INCLUDE,,,,,,,,,,,,,,,cherisse.persad@gmail.com
SRC0263,474,EVT0948,,L8,,37,source-specific abundance,source-specific occurrence,INCLUDE,,,,,,,,,,,,,,,cherisse.persad@gmail.com
SRC0263,475,EVT0948,,L8,,16,source-specific abundance,source-specific occurrence,INCLUDE,,,,,,,,,,,,,,,cherisse.persad@gmail.com
SRC0252,1,EVT1133,VIS00229,MC23_L-G-1,Xyloredo sp. 1,115,individuals,log × taxon,INCLUDE,,,,,,,,,,,,,,,cherisse.persad@gmail.com
SRC0252,2,EVT1133,VIS00229,MC23_L-G-4,Xyloredo sp. 1,135,individuals,log × taxon,INCLUDE,,,,,,,,,,,,,,,cherisse.persad@gmail.com
SRC0252,3,EVT1133,VIS00229,MC23_L-G-7,Xyloredo sp. 1,120,individuals,log × taxon,INCLUDE,,,,,,,,,,,,,,,cherisse.persad@gmail.com
SRC0252,4,EVT1133,VIS00229,MC23_L-G-10,Xyloredo sp. 1,172,individuals,log × taxon,INCLUDE,,,,,,,,,,,,,,,cherisse.persad@gmail.com
SRC0252,5,EVT1133,VIS00229,MC23_L-G-13,Xyloredo sp. 1,333,individuals,log × taxon,INCLUDE,,,,,,,,,,,,,,,cherisse.persad@gmail.com
SRC0252,6,EVT1133,VIS00229,MC23_L-G-16,Xyloredo sp. 1,168,individuals,log × taxon,INCLUDE,,,,,,,,,,,,,,,cherisse.persad@gmail.com
SRC0252,7,EVT1133,VIS00229,MC23_L-G-19,Xyloredo sp. 1,244,individuals,log × taxon,INCLUDE,,,,,,,,,,,,,,,cherisse.persad@gmail.com
SRC0252,8,EVT1133,VIS00229,MC23_L-G-22,Xyloredo sp. 1,261,individuals,log × taxon,INCLUDE,,,,,,,,,,,,,,,cherisse.persad@gmail.com
SRC0252,9,EVT1133,VIS00229,MC23_L-G-25,Xyloredo sp. 1,269,individuals,log × taxon,INCLUDE,,,,,,,,,,,,,,,cherisse.persad@gmail.com
SRC0252,10,EVT1133,VIS00229,MC23_L-G-26,Xyloredo sp. 1,396,individuals,log × taxon,INCLUDE,,,,,,,,,,,,,,,cherisse.persad@gmail.com
SRC0252,11,EVT1133,VIS00229,MC23_L-G-31,Xyloredo sp. 1,425,individuals,log × taxon,INCLUDE,,,,,,,,,,,,,,,cherisse.persad@gmail.com
SRC0252,12,EVT1133,VIS00229,MC23_L-G-34,Xyloredo sp. 1,1011,individuals,log × taxon,INCLUDE,,,,,,,,,,,,,,,cherisse.persad@gmail.com
SRC0252,13,EVT1133,VIS00229,MC23_L-W-1,Xyloredo sp. 1,109,individuals,log × taxon,INCLUDE,,,,,,,,,,,,,,,cherisse.persad@gmail.com
SRC0252,14,EVT1133,VIS00229,MC23_L-W-4,Xyloredo sp. 1,476,individuals,log × taxon,INCLUDE,,,,,,,,,,,,,,,cherisse.persad@gmail.com
SRC0252,15,EVT1133,VIS00229,MC23_L-W-7,Xyloredo sp. 1,216,individuals,log × taxon,INCLUDE,,,,,,,,,,,,,,,cherisse.persad@gmail.com
SRC0252,16,EVT1133,VIS00229,MC23_L-W-10,Xyloredo sp. 1,70,individuals,log × taxon,INCLUDE,,,,,,,,,,,,,,,cherisse.persad@gmail.com
SRC0252,17,EVT1133,VIS00229,MC23_L-W-13,Xyloredo sp. 1,432,individuals,log × taxon,INCLUDE,,,,,,,,,,,,,,,cherisse.persad@gmail.com
SRC0252,18,EVT1133,VIS00229,MC23_L-W-16,Xyloredo sp. 1,413,individuals,log × taxon,INCLUDE,,,,,,,,,,,,,,,cherisse.persad@gmail.com
SRC0252,19,EVT1133,VIS00229,MC23_L-W-19,Xyloredo sp. 1,292,individuals,log × taxon,INCLUDE,,,,,,,,,,,,,,,cherisse.persad@gmail.com
SRC0252,20,EVT1133,VIS00229,MC23_L-W-21,Xyloredo sp. 1,592,individuals,log × taxon,INCLUDE,,,,,,,,,,,,,,,cherisse.persad@gmail.com
SRC0252,21,EVT1133,VIS00229,MC23_L-W-22,Xyloredo sp. 1,222,individuals,log × taxon,INCLUDE,,,,,,,,,,,,,,,cherisse.persad@gmail.com
SRC0252,22,EVT1133,VIS00229,MC23_L-W-25,Xyloredo sp. 1,395,individuals,log × taxon,INCLUDE,,,,,,,,,,,,,,,cherisse.persad@gmail.com
SRC0252,23,EVT1133,VIS00229,MC23_L-W-28,Xyloredo sp. 1,539,individuals,log × taxon,INCLUDE,,,,,,,,,,,,,,,cherisse.persad@gmail.com
SRC0252,24,EVT1133,VIS00229,MC23_L-W-34,Xyloredo sp. 1,475,individuals,log × taxon,INCLUDE,,,,,,,,,,,,,,,cherisse.persad@gmail.com
SRC0252,25,EVT1133,VIS00229,MC23_L-G-1,Abidtoconus cf. brava,36,individuals,log × taxon,INCLUDE,,,,,,,,,,,,,,,cherisse.persad@gmail.com
SRC0252,26,EVT1133,VIS00229,MC23_L-G-4,Abidtoconus cf. brava,11,individuals,log × taxon,INCLUDE,,,,,,,,,,,,,,,cherisse.persad@gmail.com
SRC0252,27,EVT1133,VIS00229,MC23_L-G-7,Abidtoconus cf. brava,46,individuals,log × taxon,INCLUDE,,,,,,,,,,,,,,,cherisse.persad@gmail.com
SRC0252,28,EVT1133,VIS00229,MC23_L-G-10,Abidtoconus cf. brava,51,individuals,log × taxon,INCLUDE,,,,,,,,,,,,,,,cherisse.persad@gmail.com
SRC0252,29,EVT1133,VIS00229,MC23_L-G-13,Abidtoconus cf. brava,16,individuals,log × taxon,INCLUDE,,,,,,,,,,,,,,,cherisse.persad@gmail.com
SRC0252,30,EVT1133,VIS00229,MC23_L-G-16,Abidtoconus cf. brava,28,individuals,log × taxon,INCLUDE,,,,,,,,,,,,,,,cherisse.persad@gmail.com
SRC0252,31,EVT1133,VIS00229,MC23_L-G-19,Abidtoconus cf. brava,37,individuals,log × taxon,INCLUDE,,,,,,,,,,,,,,,cherisse.persad@gmail.com
SRC0252,32,EVT1133,VIS00229,MC23_L-G-22,Abidtoconus cf. brava,26,individuals,log × taxon,INCLUDE,,,,,,,,,,,,,,,cherisse.persad@gmail.com
SRC0252,33,EVT1133,VIS00229,MC23_L-G-25,Abidtoconus cf. brava,110,individuals,log × taxon,INCLUDE,,,,,,,,,,,,,,,cherisse.persad@gmail.com
SRC0252,34,EVT1133,VIS00229,MC23_L-G-26,Abidtoconus cf. brava,190,individuals,log × taxon,INCLUDE,,,,,,,,,,,,,,,cherisse.persad@gmail.com
SRC0252,35,EVT1133,VIS00229,MC23_L-G-31,Abidtoconus cf. brava,535,individuals,log × taxon,INCLUDE,,,,,,,,,,,,,,,cherisse.persad@gmail.com
SRC0252,36,EVT1133,VIS00229,MC23_L-G-34,Abidtoconus cf. brava,97,individuals,log × taxon,INCLUDE,,,,,,,,,,,,,,,cherisse.persad@gmail.com
SRC0252,37,EVT1133,VIS00229,MC23_L-G-1,Spiniapex gilsonorum,25,individuals,log × taxon,INCLUDE,,,,,,,,,,,,,,,cherisse.persad@gmail.com
SRC0252,38,EVT1133,VIS00229,MC23_L-G-4,Spiniapex gilsonorum,9,individuals,log × taxon,INCLUDE,,,,,,,,,,,,,,,cherisse.persad@gmail.com
SRC0252,39,EVT1133,VIS00229,MC23_L-G-7,Spiniapex gilsonorum,50,individuals,log × taxon,INCLUDE,,,,,,,,,,,,,,,cherisse.persad@gmail.com
SRC0252,40,EVT1133,VIS00229,MC23_L-G-10,Spiniapex gilsonorum,53,individuals,log × taxon,INCLUDE,,,,,,,,,,,,,,,cherisse.persad@gmail.com
SRC0252,41,EVT1133,VIS00229,MC23_L-G-13,Spiniapex gilsonorum,22,individuals,log × taxon,INCLUDE,,,,,,,,,,,,,,,cherisse.persad@gmail.com
SRC0252,42,EVT1133,VIS00229,MC23_L-G-16,Spiniapex gilsonorum,32,individuals,log × taxon,INCLUDE,,,,,,,,,,,,,,,cherisse.persad@gmail.com
SRC0252,43,EVT1133,VIS00229,MC23_L-G-19,Spiniapex gilsonorum,83,individuals,log × taxon,INCLUDE,,,,,,,,,,,,,,,cherisse.persad@gmail.com
SRC0252,44,EVT1133,VIS00229,MC23_L-G-22,Spiniapex gilsonorum,31,individuals,log × taxon,INCLUDE,,,,,,,,,,,,,,,cherisse.persad@gmail.com
SRC0252,45,EVT1133,VIS00229,MC23_L-G-25,Spiniapex gilsonorum,42,individuals,log × taxon,INCLUDE,,,,,,,,,,,,,,,cherisse.persad@gmail.com
SRC0252,46,EVT1133,VIS00229,MC23_L-G-26,Spiniapex gilsonorum,82,individuals,log × taxon,INCLUDE,,,,,,,,,,,,,,,cherisse.persad@gmail.com
SRC0252,47,EVT1133,VIS00229,MC23_L-G-31,Spiniapex gilsonorum,90,individuals,log × taxon,INCLUDE,,,,,,,,,,,,,,,cherisse.persad@gmail.com
SRC0252,48,EVT1133,VIS00229,MC23_L-G-34,Spiniapex gilsonorum,62,individuals,log × taxon,INCLUDE,,,,,,,,,,,,,,,cherisse.persad@gmail.com
SRC0252,49,EVT1133,VIS00229,MC23_L-W-1,Spiniapex gilsonorum,67,individuals,log × taxon,INCLUDE,,,,,,,,,,,,,,,cherisse.persad@gmail.com
SRC0252,50,EVT1133,VIS00229,MC23_L-W-4,Spiniapex gilsonorum,231,individuals,log × taxon,INCLUDE,,,,,,,,,,,,,,,cherisse.persad@gmail.com
SRC0252,51,EVT1133,VIS00229,MC23_L-W-7,Spiniapex gilsonorum,233,individuals,log × taxon,INCLUDE,,,,,,,,,,,,,,,cherisse.persad@gmail.com
SRC0252,52,EVT1133,VIS00229,MC23_L-W-10,Spiniapex gilsonorum,36,individuals,log × taxon,INCLUDE,,,,,,,,,,,,,,,cherisse.persad@gmail.com
SRC0252,53,EVT1133,VIS00229,MC23_L-W-13,Spiniapex gilsonorum,335,individuals,log × taxon,INCLUDE,,,,,,,,,,,,,,,cherisse.persad@gmail.com
SRC0252,54,EVT1133,VIS00229,MC23_L-W-16,Spiniapex gilsonorum,183,individuals,log × taxon,INCLUDE,,,,,,,,,,,,,,,cherisse.persad@gmail.com
SRC0252,55,EVT1133,VIS00229,MC23_L-W-19,Spiniapex gilsonorum,86,individuals,log × taxon,INCLUDE,,,,,,,,,,,,,,,cherisse.persad@gmail.com
SRC0252,56,EVT1133,VIS00229,MC23_L-W-21,Spiniapex gilsonorum,165,individuals,log × taxon,INCLUDE,,,,,,,,,,,,,,,cherisse.persad@gmail.com
SRC0252,57,EVT1133,VIS00229,MC23_L-W-22,Spiniapex gilsonorum,54,individuals,log × taxon,INCLUDE,,,,,,,,,,,,,,,cherisse.persad@gmail.com
SRC0252,58,EVT1133,VIS00229,MC23_L-W-25,Spiniapex gilsonorum,189,individuals,log × taxon,INCLUDE,,,,,,,,,,,,,,,cherisse.persad@gmail.com
SRC0252,59,EVT1133,VIS00229,MC23_L-W-28,Spiniapex gilsonorum,260,individuals,log × taxon,INCLUDE,,,,,,,,,,,,,,,cherisse.persad@gmail.com
SRC0252,60,EVT1133,VIS00229,MC23_L-W-34,Spiniapex gilsonorum,288,individuals,log × taxon,INCLUDE,,,,,,,,,,,,,,,cherisse.persad@gmail.com
SRC0252,61,EVT1133,VIS00229,MC23_L-G-19,Xylopholas sp. 5,1,individuals,log × taxon,INCLUDE,,,,,,,,,,,,,,,cherisse.persad@gmail.com
SRC0252,62,EVT1133,VIS00229,MC23_L-G-22,Xylopholas sp. 5,2,individuals,log × taxon,INCLUDE,,,,,,,,,,,,,,,cherisse.persad@gmail.com
SRC0252,63,EVT1133,VIS00229,MC23_L-G-34,Xylopholas sp. 5,2,individuals,log × taxon,INCLUDE,,,,,,,,,,,,,,,cherisse.persad@gmail.com
SRC0252,64,EVT1133,VIS00229,MC23_L-G-26,Bankia sp. 7,1,individuals,log × taxon,INCLUDE,,,,,,,,,,,,,,,cherisse.persad@gmail.com
SRC0252,65,EVT1133,VIS00229,MC23_L-G-31,Bankia sp. 7,1,individuals,log × taxon,INCLUDE,,,,,,,,,,,,,,,cherisse.persad@gmail.com
SRC0252,66,EVT1133,VIS00229,MC23_L-G-10,Xylophaga sp. 9,1,individuals,log × taxon,INCLUDE,,,,,,,,,,,,,,,cherisse.persad@gmail.com
SRC0252,67,EVT1133,VIS00229,MC23_L-G-1,Xylonora sp. 10,39,individuals,log × taxon,INCLUDE,,,,,,,,,,,,,,,cherisse.persad@gmail.com
SRC0252,68,EVT1133,VIS00229,MC23_L-G-4,Xylonora sp. 10,6,individuals,log × taxon,INCLUDE,,,,,,,,,,,,,,,cherisse.persad@gmail.com
SRC0252,69,EVT1133,VIS00229,MC23_L-G-7,Xylonora sp. 10,51,individuals,log × taxon,INCLUDE,,,,,,,,,,,,,,,cherisse.persad@gmail.com
SRC0252,70,EVT1133,VIS00229,MC23_L-G-10,Xylonora sp. 10,8,individuals,log × taxon,INCLUDE,,,,,,,,,,,,,,,cherisse.persad@gmail.com
SRC0252,71,EVT1133,VIS00229,MC23_L-G-13,Xylonora sp. 10,27,individuals,log × taxon,INCLUDE,,,,,,,,,,,,,,,cherisse.persad@gmail.com
SRC0252,72,EVT1133,VIS00229,MC23_L-G-16,Xylonora sp. 10,87,individuals,log × taxon,INCLUDE,,,,,,,,,,,,,,,cherisse.persad@gmail.com
SRC0252,73,EVT1133,VIS00229,MC23_L-G-19,Xylonora sp. 10,13,individuals,log × taxon,INCLUDE,,,,,,,,,,,,,,,cherisse.persad@gmail.com
SRC0252,74,EVT1133,VIS00229,MC23_L-G-22,Xylonora sp. 10,152,individuals,log × taxon,INCLUDE,,,,,,,,,,,,,,,cherisse.persad@gmail.com
SRC0252,75,EVT1133,VIS00229,MC23_L-G-25,Xylonora sp. 10,111,individuals,log × taxon,INCLUDE,,,,,,,,,,,,,,,cherisse.persad@gmail.com
SRC0252,76,EVT1133,VIS00229,MC23_L-G-26,Xylonora sp. 10,71,individuals,log × taxon,INCLUDE,,,,,,,,,,,,,,,cherisse.persad@gmail.com
SRC0252,77,EVT1133,VIS00229,MC23_L-G-31,Xylonora sp. 10,62,individuals,log × taxon,INCLUDE,,,,,,,,,,,,,,,cherisse.persad@gmail.com
SRC0252,78,EVT1133,VIS00229,MC23_L-G-34,Xylonora sp. 10,19,individuals,log × taxon,INCLUDE,,,,,,,,,,,,,,,cherisse.persad@gmail.com
SRC0252,79,EVT1133,VIS00229,MC23_L-W-7,Xylonora sp. 10,6,individuals,log × taxon,INCLUDE,,,,,,,,,,,,,,,cherisse.persad@gmail.com
SRC0252,80,EVT1133,VIS00229,MC23_L-W-21,Xylonora sp. 10,3,individuals,log × taxon,INCLUDE,,,,,,,,,,,,,,,cherisse.persad@gmail.com
SRC0252,81,EVT1133,VIS00229,MC23_L-G-1,Xylophaga sp. 11,24,individuals,log × taxon,INCLUDE,,,,,,,,,,,,,,,cherisse.persad@gmail.com
SRC0252,82,EVT1133,VIS00229,MC23_L-G-4,Xylophaga sp. 11,6,individuals,log × taxon,INCLUDE,,,,,,,,,,,,,,,cherisse.persad@gmail.com
SRC0252,83,EVT1133,VIS00229,MC23_L-G-7,Xylophaga sp. 11,43,individuals,log × taxon,INCLUDE,,,,,,,,,,,,,,,cherisse.persad@gmail.com
SRC0252,84,EVT1133,VIS00229,MC23_L-G-10,Xylophaga sp. 11,14,individuals,log × taxon,INCLUDE,,,,,,,,,,,,,,,cherisse.persad@gmail.com
SRC0252,85,EVT1133,VIS00229,MC23_L-G-13,Xylophaga sp. 11,5,individuals,log × taxon,INCLUDE,,,,,,,,,,,,,,,cherisse.persad@gmail.com
SRC0252,86,EVT1133,VIS00229,MC23_L-G-16,Xylophaga sp. 11,31,individuals,log × taxon,INCLUDE,,,,,,,,,,,,,,,cherisse.persad@gmail.com
SRC0252,87,EVT1133,VIS00229,MC23_L-G-19,Xylophaga sp. 11,16,individuals,log × taxon,INCLUDE,,,,,,,,,,,,,,,cherisse.persad@gmail.com
SRC0252,88,EVT1133,VIS00229,MC23_L-G-22,Xylophaga sp. 11,9,individuals,log × taxon,INCLUDE,,,,,,,,,,,,,,,cherisse.persad@gmail.com
SRC0252,89,EVT1133,VIS00229,MC23_L-G-25,Xylophaga sp. 11,81,individuals,log × taxon,INCLUDE,,,,,,,,,,,,,,,cherisse.persad@gmail.com
SRC0252,90,EVT1133,VIS00229,MC23_L-G-26,Xylophaga sp. 11,53,individuals,log × taxon,INCLUDE,,,,,,,,,,,,,,,cherisse.persad@gmail.com
SRC0252,91,EVT1133,VIS00229,MC23_L-G-31,Xylophaga sp. 11,188,individuals,log × taxon,INCLUDE,,,,,,,,,,,,,,,cherisse.persad@gmail.com
SRC0252,92,EVT1133,VIS00229,MC23_L-G-34,Xylophaga sp. 11,58,individuals,log × taxon,INCLUDE,,,,,,,,,,,,,,,cherisse.persad@gmail.com
SRC0252,93,EVT1133,VIS00229,MC23_L-W-1,Xylophaga sp. 11,1,individuals,log × taxon,INCLUDE,,,,,,,,,,,,,,,cherisse.persad@gmail.com
SRC0252,94,EVT1133,VIS00229,MC23_L-W-4,Xylophaga sp. 11,2,individuals,log × taxon,INCLUDE,,,,,,,,,,,,,,,cherisse.persad@gmail.com
SRC0252,95,EVT1133,VIS00229,MC23_L-W-7,Xylophaga sp. 11,11,individuals,log × taxon,INCLUDE,,,,,,,,,,,,,,,cherisse.persad@gmail.com
SRC0252,96,EVT1133,VIS00229,MC23_L-W-10,Xylophaga sp. 11,10,individuals,log × taxon,INCLUDE,,,,,,,,,,,,,,,cherisse.persad@gmail.com
SRC0252,97,EVT1133,VIS00229,MC23_L-W-13,Xylophaga sp. 11,2,individuals,log × taxon,INCLUDE,,,,,,,,,,,,,,,cherisse.persad@gmail.com
SRC0252,98,EVT1133,VIS00229,MC23_L-W-19,Xylophaga sp. 11,1,individuals,log × taxon,INCLUDE,,,,,,,,,,,,,,,cherisse.persad@gmail.com
SRC0252,99,EVT1133,VIS00229,MC23_L-W-21,Xylophaga sp. 11,1,individuals,log × taxon,INCLUDE,,,,,,,,,,,,,,,cherisse.persad@gmail.com
SRC0252,100,EVT1133,VIS00229,MC23_L-W-28,Xylophaga sp. 11,21,individuals,log × taxon,INCLUDE,,,,,,,,,,,,,,,cherisse.persad@gmail.com
SRC0252,101,EVT1133,VIS00229,MC23_L-W-34,Xylophaga sp. 11,132,individuals,log × taxon,INCLUDE,,,,,,,,,,,,,,,cherisse.persad@gmail.com
SRC0252,102,EVT1133,VIS00229,MC23_L-G-1,Xylophaga sp. 12,7,individuals,log × taxon,INCLUDE,,,,,,,,,,,,,,,cherisse.persad@gmail.com
SRC0252,103,EVT1133,VIS00229,MC23_L-G-4,Xylophaga sp. 12,8,individuals,log × taxon,INCLUDE,,,,,,,,,,,,,,,cherisse.persad@gmail.com
SRC0252,104,EVT1133,VIS00229,MC23_L-G-7,Xylophaga sp. 12,4,individuals,log × taxon,INCLUDE,,,,,,,,,,,,,,,cherisse.persad@gmail.com
SRC0252,105,EVT1133,VIS00229,MC23_L-G-13,Xylophaga sp. 12,11,individuals,log × taxon,INCLUDE,,,,,,,,,,,,,,,cherisse.persad@gmail.com
SRC0252,106,EVT1133,VIS00229,MC23_L-G-19,Xylophaga sp. 12,5,individuals,log × taxon,INCLUDE,,,,,,,,,,,,,,,cherisse.persad@gmail.com
SRC0252,107,EVT1133,VIS00229,MC23_L-G-22,Xylophaga sp. 12,7,individuals,log × taxon,INCLUDE,,,,,,,,,,,,,,,cherisse.persad@gmail.com
SRC0252,108,EVT1133,VIS00229,MC23_L-G-25,Xylophaga sp. 12,7,individuals,log × taxon,INCLUDE,,,,,,,,,,,,,,,cherisse.persad@gmail.com
SRC0252,109,EVT1133,VIS00229,MC23_L-G-26,Xylophaga sp. 12,7,individuals,log × taxon,INCLUDE,,,,,,,,,,,,,,,cherisse.persad@gmail.com
SRC0252,110,EVT1133,VIS00229,MC23_L-G-31,Xylophaga sp. 12,25,individuals,log × taxon,INCLUDE,,,,,,,,,,,,,,,cherisse.persad@gmail.com
SRC0252,111,EVT1133,VIS00229,MC23_L-W-4,Xylophaga sp. 12,1,individuals,log × taxon,INCLUDE,,,,,,,,,,,,,,,cherisse.persad@gmail.com
SRC0252,112,EVT1133,VIS00229,MC23_L-W-13,Xylophaga sp. 12,1,individuals,log × taxon,INCLUDE,,,,,,,,,,,,,,,cherisse.persad@gmail.com
SRC0252,113,EVT1133,VIS00229,MC23_L-W-21,Xylophaga sp. 12,1,individuals,log × taxon,INCLUDE,,,,,,,,,,,,,,,cherisse.persad@gmail.com
SRC0252,114,EVT1133,VIS00229,MC23_L-W-34,Xylophaga sp. 12,2,individuals,log × taxon,INCLUDE,,,,,,,,,,,,,,,cherisse.persad@gmail.com
SRC0252,115,EVT1133,VIS00229,MC23_L-G-34,Xylophaga sp. 13,3,individuals,log × taxon,INCLUDE,,,,,,,,,,,,,,,cherisse.persad@gmail.com
SRC0252,116,EVT1133,VIS00229,MC23_L-G-25,Xylonora sp. 1 AC78,7,individuals,log × taxon,INCLUDE,,,,,,,,,,,,,,,cherisse.persad@gmail.com
SRC0252,117,EVT1133,VIS00229,MC23_L-G-31,Xylonora sp. 1 AC78,1,individuals,log × taxon,INCLUDE,,,,,,,,,,,,,,,cherisse.persad@gmail.com
SRC0252,118,EVT1133,VIS00229,MC23_L-W-10,Xylophaga spp.,68,individuals,log × taxon,INCLUDE,,,,,,,,,,,,,,,cherisse.persad@gmail.com
SRC0252,119,EVT1133,VIS00229,MC23_L-G-1,xylo-unid,32,individuals,log × taxon,INCLUDE,,,,,,,,,,,,,,,cherisse.persad@gmail.com
SRC0252,120,EVT1133,VIS00229,MC23_L-G-4,xylo-unid,57,individuals,log × taxon,INCLUDE,,,,,,,,,,,,,,,cherisse.persad@gmail.com
SRC0252,121,EVT1133,VIS00229,MC23_L-G-7,xylo-unid,70,individuals,log × taxon,INCLUDE,,,,,,,,,,,,,,,cherisse.persad@gmail.com
SRC0252,122,EVT1133,VIS00229,MC23_L-G-10,xylo-unid,80,individuals,log × taxon,INCLUDE,,,,,,,,,,,,,,,cherisse.persad@gmail.com
SRC0252,123,EVT1133,VIS00229,MC23_L-G-13,xylo-unid,99,individuals,log × taxon,INCLUDE,,,,,,,,,,,,,,,cherisse.persad@gmail.com
SRC0252,124,EVT1133,VIS00229,MC23_L-G-16,xylo-unid,176,individuals,log × taxon,INCLUDE,,,,,,,,,,,,,,,cherisse.persad@gmail.com
SRC0252,125,EVT1133,VIS00229,MC23_L-G-19,xylo-unid,162,individuals,log × taxon,INCLUDE,,,,,,,,,,,,,,,cherisse.persad@gmail.com
SRC0252,126,EVT1133,VIS00229,MC23_L-G-22,xylo-unid,76,individuals,log × taxon,INCLUDE,,,,,,,,,,,,,,,cherisse.persad@gmail.com
SRC0252,127,EVT1133,VIS00229,MC23_L-G-25,xylo-unid,173,individuals,log × taxon,INCLUDE,,,,,,,,,,,,,,,cherisse.persad@gmail.com
SRC0252,128,EVT1133,VIS00229,MC23_L-G-26,xylo-unid,228,individuals,log × taxon,INCLUDE,,,,,,,,,,,,,,,cherisse.persad@gmail.com
SRC0252,129,EVT1133,VIS00229,MC23_L-G-31,xylo-unid,232,individuals,log × taxon,INCLUDE,,,,,,,,,,,,,,,cherisse.persad@gmail.com
SRC0252,130,EVT1133,VIS00229,MC23_L-G-34,xylo-unid,396,individuals,log × taxon,INCLUDE,,,,,,,,,,,,,,,cherisse.persad@gmail.com
SRC0252,131,EVT1133,VIS00229,MC23_L-W-1,xylo-unid,16,individuals,log × taxon,INCLUDE,,,,,,,,,,,,,,,cherisse.persad@gmail.com
SRC0252,132,EVT1133,VIS00229,MC23_L-W-4,xylo-unid,131,individuals,log × taxon,INCLUDE,,,,,,,,,,,,,,,cherisse.persad@gmail.com
SRC0252,133,EVT1133,VIS00229,MC23_L-W-7,xylo-unid,64,individuals,log × taxon,INCLUDE,,,,,,,,,,,,,,,cherisse.persad@gmail.com
SRC0252,134,EVT1133,VIS00229,MC23_L-W-10,xylo-unid,37,individuals,log × taxon,INCLUDE,,,,,,,,,,,,,,,cherisse.persad@gmail.com
SRC0252,135,EVT1133,VIS00229,MC23_L-W-13,xylo-unid,189,individuals,log × taxon,INCLUDE,,,,,,,,,,,,,,,cherisse.persad@gmail.com
SRC0252,136,EVT1133,VIS00229,MC23_L-W-16,xylo-unid,119,individuals,log × taxon,INCLUDE,,,,,,,,,,,,,,,cherisse.persad@gmail.com
SRC0252,137,EVT1133,VIS00229,MC23_L-W-19,xylo-unid,166,individuals,log × taxon,INCLUDE,,,,,,,,,,,,,,,cherisse.persad@gmail.com
SRC0252,138,EVT1133,VIS00229,MC23_L-W-21,xylo-unid,192,individuals,log × taxon,INCLUDE,,,,,,,,,,,,,,,cherisse.persad@gmail.com
SRC0252,139,EVT1133,VIS00229,MC23_L-W-22,xylo-unid,132,individuals,log × taxon,INCLUDE,,,,,,,,,,,,,,,cherisse.persad@gmail.com
SRC0252,140,EVT1133,VIS00229,MC23_L-W-25,xylo-unid,285,individuals,log × taxon,INCLUDE,,,,,,,,,,,,,,,cherisse.persad@gmail.com
SRC0252,141,EVT1133,VIS00229,MC23_L-W-28,xylo-unid,245,individuals,log × taxon,INCLUDE,,,,,,,,,,,,,,,cherisse.persad@gmail.com
SRC0252,142,EVT1133,VIS00229,MC23_L-W-34,xylo-unid,379,individuals,log × taxon,INCLUDE,,,,,,,,,,,,,,,cherisse.persad@gmail.com
SRC0252,143,EVT1133,VIS00229,MC23_L-G-4,Cyclostrema pompholyx,1,individuals,log × taxon,INCLUDE,,,,,,,,,,,,,,,cherisse.persad@gmail.com
SRC0252,144,EVT1133,VIS00229,MC23_L-G-7,Cyclostrema pompholyx,1,individuals,log × taxon,INCLUDE,,,,,,,,,,,,,,,cherisse.persad@gmail.com
SRC0252,145,EVT1133,VIS00229,MC23_L-G-13,Cyclostrema pompholyx,3,individuals,log × taxon,INCLUDE,,,,,,,,,,,,,,,cherisse.persad@gmail.com
SRC0252,146,EVT1133,VIS00229,MC23_L-G-16,Cyclostrema pompholyx,10,individuals,log × taxon,INCLUDE,,,,,,,,,,,,,,,cherisse.persad@gmail.com
SRC0252,147,EVT1133,VIS00229,MC23_L-G-19,Cyclostrema pompholyx,9,individuals,log × taxon,INCLUDE,,,,,,,,,,,,,,,cherisse.persad@gmail.com
SRC0252,148,EVT1133,VIS00229,MC23_L-G-22,Cyclostrema pompholyx,13,individuals,log × taxon,INCLUDE,,,,,,,,,,,,,,,cherisse.persad@gmail.com
SRC0252,149,EVT1133,VIS00229,MC23_L-G-25,Cyclostrema pompholyx,7,individuals,log × taxon,INCLUDE,,,,,,,,,,,,,,,cherisse.persad@gmail.com
SRC0252,150,EVT1133,VIS00229,MC23_L-G-31,Cyclostrema pompholyx,2,individuals,log × taxon,INCLUDE,,,,,,,,,,,,,,,cherisse.persad@gmail.com
SRC0252,151,EVT1133,VIS00229,MC23_L-G-34,Cyclostrema pompholyx,8,individuals,log × taxon,INCLUDE,,,,,,,,,,,,,,,cherisse.persad@gmail.com
SRC0252,152,EVT1133,VIS00229,MC23_L-W-4,Cyclostrema pompholyx,11,individuals,log × taxon,INCLUDE,,,,,,,,,,,,,,,cherisse.persad@gmail.com
SRC0252,153,EVT1133,VIS00229,MC23_L-W-7,Cyclostrema pompholyx,8,individuals,log × taxon,INCLUDE,,,,,,,,,,,,,,,cherisse.persad@gmail.com
SRC0252,154,EVT1133,VIS00229,MC23_L-W-10,Cyclostrema pompholyx,10,individuals,log × taxon,INCLUDE,,,,,,,,,,,,,,,cherisse.persad@gmail.com
SRC0252,155,EVT1133,VIS00229,MC23_L-W-13,Cyclostrema pompholyx,11,individuals,log × taxon,INCLUDE,,,,,,,,,,,,,,,cherisse.persad@gmail.com
SRC0252,156,EVT1133,VIS00229,MC23_L-W-16,Cyclostrema pompholyx,6,individuals,log × taxon,INCLUDE,,,,,,,,,,,,,,,cherisse.persad@gmail.com
SRC0252,157,EVT1133,VIS00229,MC23_L-W-19,Cyclostrema pompholyx,11,individuals,log × taxon,INCLUDE,,,,,,,,,,,,,,,cherisse.persad@gmail.com
SRC0252,158,EVT1133,VIS00229,MC23_L-W-21,Cyclostrema pompholyx,12,individuals,log × taxon,INCLUDE,,,,,,,,,,,,,,,cherisse.persad@gmail.com
SRC0252,159,EVT1133,VIS00229,MC23_L-W-22,Cyclostrema pompholyx,7,individuals,log × taxon,INCLUDE,,,,,,,,,,,,,,,cherisse.persad@gmail.com
SRC0252,160,EVT1133,VIS00229,MC23_L-W-25,Cyclostrema pompholyx,17,individuals,log × taxon,INCLUDE,,,,,,,,,,,,,,,cherisse.persad@gmail.com
SRC0252,161,EVT1133,VIS00229,MC23_L-W-28,Cyclostrema pompholyx,9,individuals,log × taxon,INCLUDE,,,,,,,,,,,,,,,cherisse.persad@gmail.com
SRC0252,162,EVT1133,VIS00229,MC23_L-W-34,Cyclostrema pompholyx,17,individuals,log × taxon,INCLUDE,,,,,,,,,,,,,,,cherisse.persad@gmail.com
SRC0252,163,EVT1133,VIS00229,MC23_L-G-1,Lusitanops cf. cingulatus,10,individuals,log × taxon,INCLUDE,,,,,,,,,,,,,,,cherisse.persad@gmail.com
SRC0252,164,EVT1133,VIS00229,MC23_L-G-4,Lusitanops cf. cingulatus,7,individuals,log × taxon,INCLUDE,,,,,,,,,,,,,,,cherisse.persad@gmail.com
SRC0252,165,EVT1133,VIS00229,MC23_L-G-7,Lusitanops cf. cingulatus,8,individuals,log × taxon,INCLUDE,,,,,,,,,,,,,,,cherisse.persad@gmail.com
SRC0252,166,EVT1133,VIS00229,MC23_L-G-10,Lusitanops cf. cingulatus,5,individuals,log × taxon,INCLUDE,,,,,,,,,,,,,,,cherisse.persad@gmail.com
SRC0252,167,EVT1133,VIS00229,MC23_L-G-13,Lusitanops cf. cingulatus,22,individuals,log × taxon,INCLUDE,,,,,,,,,,,,,,,cherisse.persad@gmail.com
SRC0252,168,EVT1133,VIS00229,MC23_L-G-16,Lusitanops cf. cingulatus,25,individuals,log × taxon,INCLUDE,,,,,,,,,,,,,,,cherisse.persad@gmail.com
SRC0252,169,EVT1133,VIS00229,MC23_L-G-19,Lusitanops cf. cingulatus,38,individuals,log × taxon,INCLUDE,,,,,,,,,,,,,,,cherisse.persad@gmail.com
SRC0252,170,EVT1133,VIS00229,MC23_L-G-22,Lusitanops cf. cingulatus,21,individuals,log × taxon,INCLUDE,,,,,,,,,,,,,,,cherisse.persad@gmail.com
SRC0252,171,EVT1133,VIS00229,MC23_L-G-25,Lusitanops cf. cingulatus,19,individuals,log × taxon,INCLUDE,,,,,,,,,,,,,,,cherisse.persad@gmail.com
SRC0252,172,EVT1133,VIS00229,MC23_L-G-26,Lusitanops cf. cingulatus,27,individuals,log × taxon,INCLUDE,,,,,,,,,,,,,,,cherisse.persad@gmail.com
SRC0252,173,EVT1133,VIS00229,MC23_L-G-31,Lusitanops cf. cingulatus,46,individuals,log × taxon,INCLUDE,,,,,,,,,,,,,,,cherisse.persad@gmail.com
SRC0252,174,EVT1133,VIS00229,MC23_L-G-34,Lusitanops cf. cingulatus,43,individuals,log × taxon,INCLUDE,,,,,,,,,,,,,,,cherisse.persad@gmail.com
SRC0252,175,EVT1133,VIS00229,MC23_L-W-4,Lusitanops cf. cingulatus,11,individuals,log × taxon,INCLUDE,,,,,,,,,,,,,,,cherisse.persad@gmail.com
SRC0252,176,EVT1133,VIS00229,MC23_L-W-7,Lusitanops cf. cingulatus,11,individuals,log × taxon,INCLUDE,,,,,,,,,,,,,,,cherisse.persad@gmail.com
SRC0252,177,EVT1133,VIS00229,MC23_L-W-10,Lusitanops cf. cingulatus,3,individuals,log × taxon,INCLUDE,,,,,,,,,,,,,,,cherisse.persad@gmail.com
SRC0252,178,EVT1133,VIS00229,MC23_L-W-13,Lusitanops cf. cingulatus,4,individuals,log × taxon,INCLUDE,,,,,,,,,,,,,,,cherisse.persad@gmail.com
SRC0252,179,EVT1133,VIS00229,MC23_L-W-19,Lusitanops cf. cingulatus,25,individuals,log × taxon,INCLUDE,,,,,,,,,,,,,,,cherisse.persad@gmail.com
SRC0252,180,EVT1133,VIS00229,MC23_L-W-21,Lusitanops cf. cingulatus,3,individuals,log × taxon,INCLUDE,,,,,,,,,,,,,,,cherisse.persad@gmail.com
SRC0252,181,EVT1133,VIS00229,MC23_L-W-22,Lusitanops cf. cingulatus,4,individuals,log × taxon,INCLUDE,,,,,,,,,,,,,,,cherisse.persad@gmail.com
SRC0252,182,EVT1133,VIS00229,MC23_L-W-25,Lusitanops cf. cingulatus,5,individuals,log × taxon,INCLUDE,,,,,,,,,,,,,,,cherisse.persad@gmail.com
SRC0252,183,EVT1133,VIS00229,MC23_L-W-28,Lusitanops cf. cingulatus,7,individuals,log × taxon,INCLUDE,,,,,,,,,,,,,,,cherisse.persad@gmail.com
SRC0252,184,EVT1133,VIS00229,MC23_L-W-34,Lusitanops cf. cingulatus,35,individuals,log × taxon,INCLUDE,,,,,,,,,,,,,,,cherisse.persad@gmail.com
SRC0252,185,EVT1133,VIS00229,MC23_L-G-1,Cordesia atlantica,1,individuals,log × taxon,INCLUDE,,,,,,,,,,,,,,,cherisse.persad@gmail.com
SRC0252,186,EVT1133,VIS00229,MC23_L-G-7,Cordesia atlantica,4,individuals,log × taxon,INCLUDE,,,,,,,,,,,,,,,cherisse.persad@gmail.com
SRC0252,187,EVT1133,VIS00229,MC23_L-G-13,Cordesia atlantica,1,individuals,log × taxon,INCLUDE,,,,,,,,,,,,,,,cherisse.persad@gmail.com
SRC0252,188,EVT1133,VIS00229,MC23_L-G-16,Cordesia atlantica,4,individuals,log × taxon,INCLUDE,,,,,,,,,,,,,,,cherisse.persad@gmail.com
SRC0252,189,EVT1133,VIS00229,MC23_L-G-19,Cordesia atlantica,2,individuals,log × taxon,INCLUDE,,,,,,,,,,,,,,,cherisse.persad@gmail.com
SRC0252,190,EVT1133,VIS00229,MC23_L-G-22,Cordesia atlantica,21,individuals,log × taxon,INCLUDE,,,,,,,,,,,,,,,cherisse.persad@gmail.com
SRC0252,191,EVT1133,VIS00229,MC23_L-G-25,Cordesia atlantica,6,individuals,log × taxon,INCLUDE,,,,,,,,,,,,,,,cherisse.persad@gmail.com
SRC0252,192,EVT1133,VIS00229,MC23_L-G-26,Cordesia atlantica,9,individuals,log × taxon,INCLUDE,,,,,,,,,,,,,,,cherisse.persad@gmail.com
SRC0252,193,EVT1133,VIS00229,MC23_L-G-31,Cordesia atlantica,14,individuals,log × taxon,INCLUDE,,,,,,,,,,,,,,,cherisse.persad@gmail.com
SRC0252,194,EVT1133,VIS00229,MC23_L-G-34,Cordesia atlantica,14,individuals,log × taxon,INCLUDE,,,,,,,,,,,,,,,cherisse.persad@gmail.com
SRC0252,195,EVT1133,VIS00229,MC23_L-W-1,Cordesia atlantica,1,individuals,log × taxon,INCLUDE,,,,,,,,,,,,,,,cherisse.persad@gmail.com
SRC0252,196,EVT1133,VIS00229,MC23_L-W-4,Cordesia atlantica,52,individuals,log × taxon,INCLUDE,,,,,,,,,,,,,,,cherisse.persad@gmail.com
SRC0252,197,EVT1133,VIS00229,MC23_L-W-7,Cordesia atlantica,15,individuals,log × taxon,INCLUDE,,,,,,,,,,,,,,,cherisse.persad@gmail.com
SRC0252,198,EVT1133,VIS00229,MC23_L-W-10,Cordesia atlantica,18,individuals,log × taxon,INCLUDE,,,,,,,,,,,,,,,cherisse.persad@gmail.com
SRC0252,199,EVT1133,VIS00229,MC23_L-W-13,Cordesia atlantica,9,individuals,log × taxon,INCLUDE,,,,,,,,,,,,,,,cherisse.persad@gmail.com
SRC0252,200,EVT1133,VIS00229,MC23_L-W-16,Cordesia atlantica,72,individuals,log × taxon,INCLUDE,,,,,,,,,,,,,,,cherisse.persad@gmail.com
SRC0252,201,EVT1133,VIS00229,MC23_L-W-19,Cordesia atlantica,42,individuals,log × taxon,INCLUDE,,,,,,,,,,,,,,,cherisse.persad@gmail.com
SRC0252,202,EVT1133,VIS00229,MC23_L-W-21,Cordesia atlantica,31,individuals,log × taxon,INCLUDE,,,,,,,,,,,,,,,cherisse.persad@gmail.com
SRC0252,203,EVT1133,VIS00229,MC23_L-W-22,Cordesia atlantica,10,individuals,log × taxon,INCLUDE,,,,,,,,,,,,,,,cherisse.persad@gmail.com
SRC0252,204,EVT1133,VIS00229,MC23_L-W-25,Cordesia atlantica,41,individuals,log × taxon,INCLUDE,,,,,,,,,,,,,,,cherisse.persad@gmail.com
SRC0252,205,EVT1133,VIS00229,MC23_L-W-28,Cordesia atlantica,58,individuals,log × taxon,INCLUDE,,,,,,,,,,,,,,,cherisse.persad@gmail.com
SRC0252,206,EVT1133,VIS00229,MC23_L-W-34,Cordesia atlantica,49,individuals,log × taxon,INCLUDE,,,,,,,,,,,,,,,cherisse.persad@gmail.com
SRC0252,207,EVT1133,VIS00229,MC23_L-G-16,Dillwynella voightae,5,individuals,log × taxon,INCLUDE,,,,,,,,,,,,,,,cherisse.persad@gmail.com
SRC0252,208,EVT1133,VIS00229,MC23_L-G-25,Dillwynella voightae,1,individuals,log × taxon,INCLUDE,,,,,,,,,,,,,,,cherisse.persad@gmail.com
SRC0252,209,EVT1133,VIS00229,MC23_L-G-34,Dillwynella voightae,1,individuals,log × taxon,INCLUDE,,,,,,,,,,,,,,,cherisse.persad@gmail.com
SRC0252,210,EVT1133,VIS00229,MC23_L-W-7,Dillwynella voightae,6,individuals,log × taxon,INCLUDE,,,,,,,,,,,,,,,cherisse.persad@gmail.com
SRC0252,211,EVT1133,VIS00229,MC23_L-W-13,Dillwynella voightae,1,individuals,log × taxon,INCLUDE,,,,,,,,,,,,,,,cherisse.persad@gmail.com
SRC0252,212,EVT1133,VIS00229,MC23_L-W-16,Dillwynella voightae,3,individuals,log × taxon,INCLUDE,,,,,,,,,,,,,,,cherisse.persad@gmail.com
SRC0252,213,EVT1133,VIS00229,MC23_L-W-19,Dillwynella voightae,3,individuals,log × taxon,INCLUDE,,,,,,,,,,,,,,,cherisse.persad@gmail.com
SRC0252,214,EVT1133,VIS00229,MC23_L-W-25,Dillwynella voightae,1,individuals,log × taxon,INCLUDE,,,,,,,,,,,,,,,cherisse.persad@gmail.com
SRC0252,215,EVT1133,VIS00229,MC23_L-W-28,Dillwynella voightae,2,individuals,log × taxon,INCLUDE,,,,,,,,,,,,,,,cherisse.persad@gmail.com
SRC0252,216,EVT1133,VIS00229,MC23_L-W-34,Dillwynella voightae,4,individuals,log × taxon,INCLUDE,,,,,,,,,,,,,,,cherisse.persad@gmail.com
SRC0252,217,EVT1133,VIS00229,MC23_L-G-4,gas-5,1,individuals,log × taxon,INCLUDE,,,,,,,,,,,,,,,cherisse.persad@gmail.com
SRC0252,218,EVT1133,VIS00229,MC23_L-G-22,gas-5,1,individuals,log × taxon,INCLUDE,,,,,,,,,,,,,,,cherisse.persad@gmail.com
SRC0252,219,EVT1133,VIS00229,MC23_L-G-4,Gastropod [gas-6],1,individuals,log × taxon,INCLUDE,,,,,,,,,,,,,,,cherisse.persad@gmail.com
SRC0252,220,EVT1133,VIS00229,MC23_L-W-10,Gastropod [gas-6],1,individuals,log × taxon,INCLUDE,,,,,,,,,,,,,,,cherisse.persad@gmail.com
SRC0252,221,EVT1133,VIS00229,MC23_L-G-1,Moelleriopsis sp. 7,1,individuals,log × taxon,INCLUDE,,,,,,,,,,,,,,,cherisse.persad@gmail.com
SRC0252,222,EVT1133,VIS00229,MC23_L-W-4,Moelleriopsis sp. 7,17,individuals,log × taxon,INCLUDE,,,,,,,,,,,,,,,cherisse.persad@gmail.com
SRC0252,223,EVT1133,VIS00229,MC23_L-W-10,Moelleriopsis sp. 7,11,individuals,log × taxon,INCLUDE,,,,,,,,,,,,,,,cherisse.persad@gmail.com
SRC0252,224,EVT1133,VIS00229,MC23_L-W-13,Moelleriopsis sp. 7,13,individuals,log × taxon,INCLUDE,,,,,,,,,,,,,,,cherisse.persad@gmail.com
SRC0252,225,EVT1133,VIS00229,MC23_L-W-16,Moelleriopsis sp. 7,16,individuals,log × taxon,INCLUDE,,,,,,,,,,,,,,,cherisse.persad@gmail.com
SRC0252,226,EVT1133,VIS00229,MC23_L-W-22,Moelleriopsis sp. 7,3,individuals,log × taxon,INCLUDE,,,,,,,,,,,,,,,cherisse.persad@gmail.com
SRC0252,227,EVT1133,VIS00229,MC23_L-W-25,Moelleriopsis sp. 7,12,individuals,log × taxon,INCLUDE,,,,,,,,,,,,,,,cherisse.persad@gmail.com
SRC0252,228,EVT1133,VIS00229,MC23_L-W-34,Moelleriopsis sp. 7,70,individuals,log × taxon,INCLUDE,,,,,,,,,,,,,,,cherisse.persad@gmail.com
SRC0252,229,EVT1133,VIS00229,MC23_L-W-7,Astyris,1,individuals,log × taxon,INCLUDE,,,,,,,,,,,,,,,cherisse.persad@gmail.com
SRC0252,230,EVT1133,VIS00229,MC23_L-W-16,Astyris,2,individuals,log × taxon,INCLUDE,,,,,,,,,,,,,,,cherisse.persad@gmail.com
SRC0252,231,EVT1133,VIS00229,MC23_L-W-4,Pagodula aculeata,3,individuals,log × taxon,INCLUDE,,,,,,,,,,,,,,,cherisse.persad@gmail.com
SRC0252,232,EVT1133,VIS00229,MC23_L-W-7,Pagodula aculeata,1,individuals,log × taxon,INCLUDE,,,,,,,,,,,,,,,cherisse.persad@gmail.com
SRC0252,233,EVT1133,VIS00229,MC23_L-W-16,Pagodula aculeata,1,individuals,log × taxon,INCLUDE,,,,,,,,,,,,,,,cherisse.persad@gmail.com
SRC0252,234,EVT1133,VIS00229,MC23_L-W-25,Pagodula aculeata,1,individuals,log × taxon,INCLUDE,,,,,,,,,,,,,,,cherisse.persad@gmail.com
SRC0252,235,EVT1133,VIS00229,MC23_L-G-7,Eccliseogyra cf. maracatu,1,individuals,log × taxon,INCLUDE,,,,,,,,,,,,,,,cherisse.persad@gmail.com
SRC0252,236,EVT1133,VIS00229,MC23_L-G-34,Eccliseogyra cf. maracatu,1,individuals,log × taxon,INCLUDE,,,,,,,,,,,,,,,cherisse.persad@gmail.com
SRC0252,237,EVT1133,VIS00229,MC23_L-W-10,Eccliseogyra cf. maracatu,1,individuals,log × taxon,INCLUDE,,,,,,,,,,,,,,,cherisse.persad@gmail.com
SRC0252,238,EVT1133,VIS00229,MC23_L-W-25,Eccliseogyra cf. maracatu,2,individuals,log × taxon,INCLUDE,,,,,,,,,,,,,,,cherisse.persad@gmail.com
SRC0252,239,EVT1133,VIS00229,MC23_L-W-34,Eccliseogyra cf. maracatu,9,individuals,log × taxon,INCLUDE,,,,,,,,,,,,,,,cherisse.persad@gmail.com
SRC0252,240,EVT1133,VIS00229,MC23_L-G-34,gas-unid,4,individuals,log × taxon,INCLUDE,,,,,,,,,,,,,,,cherisse.persad@gmail.com
SRC0252,241,EVT1133,VIS00229,MC23_L-W-19,gas-unid,3,individuals,log × taxon,INCLUDE,,,,,,,,,,,,,,,cherisse.persad@gmail.com
SRC0252,242,EVT1133,VIS00229,MC23_L-G-1,Amphiplica plutonica,1,individuals,log × taxon,INCLUDE,,,,,,,,,,,,,,,cherisse.persad@gmail.com
SRC0252,243,EVT1133,VIS00229,MC23_L-G-7,Amphiplica plutonica,3,individuals,log × taxon,INCLUDE,,,,,,,,,,,,,,,cherisse.persad@gmail.com
SRC0252,244,EVT1133,VIS00229,MC23_L-G-13,Amphiplica plutonica,18,individuals,log × taxon,INCLUDE,,,,,,,,,,,,,,,cherisse.persad@gmail.com
SRC0252,245,EVT1133,VIS00229,MC23_L-G-16,Amphiplica plutonica,12,individuals,log × taxon,INCLUDE,,,,,,,,,,,,,,,cherisse.persad@gmail.com
SRC0252,246,EVT1133,VIS00229,MC23_L-G-19,Amphiplica plutonica,3,individuals,log × taxon,INCLUDE,,,,,,,,,,,,,,,cherisse.persad@gmail.com
SRC0252,247,EVT1133,VIS00229,MC23_L-G-22,Amphiplica plutonica,3,individuals,log × taxon,INCLUDE,,,,,,,,,,,,,,,cherisse.persad@gmail.com
SRC0252,248,EVT1133,VIS00229,MC23_L-G-25,Amphiplica plutonica,7,individuals,log × taxon,INCLUDE,,,,,,,,,,,,,,,cherisse.persad@gmail.com
SRC0252,249,EVT1133,VIS00229,MC23_L-G-26,Amphiplica plutonica,24,individuals,log × taxon,INCLUDE,,,,,,,,,,,,,,,cherisse.persad@gmail.com
SRC0252,250,EVT1133,VIS00229,MC23_L-G-31,Amphiplica plutonica,40,individuals,log × taxon,INCLUDE,,,,,,,,,,,,,,,cherisse.persad@gmail.com
SRC0252,251,EVT1133,VIS00229,MC23_L-G-34,Amphiplica plutonica,67,individuals,log × taxon,INCLUDE,,,,,,,,,,,,,,,cherisse.persad@gmail.com
SRC0252,252,EVT1133,VIS00229,MC23_L-W-7,Amphiplica plutonica,2,individuals,log × taxon,INCLUDE,,,,,,,,,,,,,,,cherisse.persad@gmail.com
SRC0252,253,EVT1133,VIS00229,MC23_L-W-10,Amphiplica plutonica,3,individuals,log × taxon,INCLUDE,,,,,,,,,,,,,,,cherisse.persad@gmail.com
SRC0252,254,EVT1133,VIS00229,MC23_L-W-13,Amphiplica plutonica,3,individuals,log × taxon,INCLUDE,,,,,,,,,,,,,,,cherisse.persad@gmail.com
SRC0252,255,EVT1133,VIS00229,MC23_L-W-16,Amphiplica plutonica,5,individuals,log × taxon,INCLUDE,,,,,,,,,,,,,,,cherisse.persad@gmail.com
SRC0252,256,EVT1133,VIS00229,MC23_L-W-21,Amphiplica plutonica,1,individuals,log × taxon,INCLUDE,,,,,,,,,,,,,,,cherisse.persad@gmail.com
SRC0252,257,EVT1133,VIS00229,MC23_L-W-25,Amphiplica plutonica,9,individuals,log × taxon,INCLUDE,,,,,,,,,,,,,,,cherisse.persad@gmail.com
SRC0252,258,EVT1133,VIS00229,MC23_L-W-28,Amphiplica plutonica,4,individuals,log × taxon,INCLUDE,,,,,,,,,,,,,,,cherisse.persad@gmail.com
SRC0252,259,EVT1133,VIS00229,MC23_L-W-34,Amphiplica plutonica,22,individuals,log × taxon,INCLUDE,,,,,,,,,,,,,,,cherisse.persad@gmail.com
SRC0252,260,EVT1133,VIS00229,MC23_L-W-10,Amphiplica cf. venezuelensis,2,individuals,log × taxon,INCLUDE,,,,,,,,,,,,,,,cherisse.persad@gmail.com
SRC0252,261,EVT1133,VIS00229,MC23_L-G-16,Cocculina fenestrata,2,individuals,log × taxon,INCLUDE,,,,,,,,,,,,,,,cherisse.persad@gmail.com
SRC0252,262,EVT1133,VIS00229,MC23_L-G-19,Cocculina fenestrata,2,individuals,log × taxon,INCLUDE,,,,,,,,,,,,,,,cherisse.persad@gmail.com
SRC0252,263,EVT1133,VIS00229,MC23_L-G-25,Cocculina fenestrata,1,individuals,log × taxon,INCLUDE,,,,,,,,,,,,,,,cherisse.persad@gmail.com
SRC0252,264,EVT1133,VIS00229,MC23_L-G-31,Cocculina fenestrata,3,individuals,log × taxon,INCLUDE,,,,,,,,,,,,,,,cherisse.persad@gmail.com
SRC0252,265,EVT1133,VIS00229,MC23_L-W-1,Cocculina fenestrata,1,individuals,log × taxon,INCLUDE,,,,,,,,,,,,,,,cherisse.persad@gmail.com
SRC0252,266,EVT1133,VIS00229,MC23_L-W-4,Cocculina fenestrata,3,individuals,log × taxon,INCLUDE,,,,,,,,,,,,,,,cherisse.persad@gmail.com
SRC0252,267,EVT1133,VIS00229,MC23_L-W-7,Cocculina fenestrata,5,individuals,log × taxon,INCLUDE,,,,,,,,,,,,,,,cherisse.persad@gmail.com
SRC0252,268,EVT1133,VIS00229,MC23_L-W-10,Cocculina fenestrata,1,individuals,log × taxon,INCLUDE,,,,,,,,,,,,,,,cherisse.persad@gmail.com
SRC0252,269,EVT1133,VIS00229,MC23_L-W-13,Cocculina fenestrata,6,individuals,log × taxon,INCLUDE,,,,,,,,,,,,,,,cherisse.persad@gmail.com
SRC0252,270,EVT1133,VIS00229,MC23_L-W-16,Cocculina fenestrata,2,individuals,log × taxon,INCLUDE,,,,,,,,,,,,,,,cherisse.persad@gmail.com
SRC0252,271,EVT1133,VIS00229,MC23_L-W-21,Cocculina fenestrata,1,individuals,log × taxon,INCLUDE,,,,,,,,,,,,,,,cherisse.persad@gmail.com
SRC0252,272,EVT1133,VIS00229,MC23_L-W-22,Cocculina fenestrata,2,individuals,log × taxon,INCLUDE,,,,,,,,,,,,,,,cherisse.persad@gmail.com
SRC0252,273,EVT1133,VIS00229,MC23_L-W-25,Cocculina fenestrata,2,individuals,log × taxon,INCLUDE,,,,,,,,,,,,,,,cherisse.persad@gmail.com
SRC0252,274,EVT1133,VIS00229,MC23_L-W-7,Gastropod [limp-5],1,individuals,log × taxon,INCLUDE,,,,,,,,,,,,,,,cherisse.persad@gmail.com
SRC0252,275,EVT1133,VIS00229,MC23_L-W-25,Gastropod [limp-5],1,individuals,log × taxon,INCLUDE,,,,,,,,,,,,,,,cherisse.persad@gmail.com
SRC0252,276,EVT1133,VIS00229,MC23_L-G-1,Copulabyssia leptalea,1,individuals,log × taxon,INCLUDE,,,,,,,,,,,,,,,cherisse.persad@gmail.com
SRC0252,277,EVT1133,VIS00229,MC23_L-G-16,Copulabyssia leptalea,2,individuals,log × taxon,INCLUDE,,,,,,,,,,,,,,,cherisse.persad@gmail.com
SRC0252,278,EVT1133,VIS00229,MC23_L-G-19,Copulabyssia leptalea,2,individuals,log × taxon,INCLUDE,,,,,,,,,,,,,,,cherisse.persad@gmail.com
SRC0252,279,EVT1133,VIS00229,MC23_L-W-4,Copulabyssia leptalea,1,individuals,log × taxon,INCLUDE,,,,,,,,,,,,,,,cherisse.persad@gmail.com
SRC0252,280,EVT1133,VIS00229,MC23_L-W-7,Copulabyssia leptalea,1,individuals,log × taxon,INCLUDE,,,,,,,,,,,,,,,cherisse.persad@gmail.com
SRC0252,281,EVT1133,VIS00229,MC23_L-W-10,Copulabyssia leptalea,1,individuals,log × taxon,INCLUDE,,,,,,,,,,,,,,,cherisse.persad@gmail.com
SRC0252,282,EVT1133,VIS00229,MC23_L-W-13,Copulabyssia leptalea,2,individuals,log × taxon,INCLUDE,,,,,,,,,,,,,,,cherisse.persad@gmail.com
SRC0252,283,EVT1133,VIS00229,MC23_L-W-16,Copulabyssia leptalea,1,individuals,log × taxon,INCLUDE,,,,,,,,,,,,,,,cherisse.persad@gmail.com
SRC0252,284,EVT1133,VIS00229,MC23_L-W-19,Copulabyssia leptalea,1,individuals,log × taxon,INCLUDE,,,,,,,,,,,,,,,cherisse.persad@gmail.com
SRC0252,285,EVT1133,VIS00229,MC23_L-W-21,Copulabyssia leptalea,2,individuals,log × taxon,INCLUDE,,,,,,,,,,,,,,,cherisse.persad@gmail.com
SRC0252,286,EVT1133,VIS00229,MC23_L-W-25,Copulabyssia leptalea,1,individuals,log × taxon,INCLUDE,,,,,,,,,,,,,,,cherisse.persad@gmail.com
SRC0252,287,EVT1133,VIS00229,MC23_L-W-28,Copulabyssia leptalea,1,individuals,log × taxon,INCLUDE,,,,,,,,,,,,,,,cherisse.persad@gmail.com
SRC0252,288,EVT1133,VIS00229,MC23_L-W-34,Copulabyssia leptalea,5,individuals,log × taxon,INCLUDE,,,,,,,,,,,,,,,cherisse.persad@gmail.com
SRC0252,289,EVT1133,VIS00229,MC23_L-G-1,Bivalve [biv-1],12,individuals,log × taxon,INCLUDE,,,,,,,,,,,,,,,cherisse.persad@gmail.com
SRC0252,290,EVT1133,VIS00229,MC23_L-G-7,Bivalve [biv-1],14,individuals,log × taxon,INCLUDE,,,,,,,,,,,,,,,cherisse.persad@gmail.com
SRC0252,291,EVT1133,VIS00229,MC23_L-G-13,Bivalve [biv-1],4,individuals,log × taxon,INCLUDE,,,,,,,,,,,,,,,cherisse.persad@gmail.com
SRC0252,292,EVT1133,VIS00229,MC23_L-G-16,Bivalve [biv-1],33,individuals,log × taxon,INCLUDE,,,,,,,,,,,,,,,cherisse.persad@gmail.com
SRC0252,293,EVT1133,VIS00229,MC23_L-G-19,Bivalve [biv-1],16,individuals,log × taxon,INCLUDE,,,,,,,,,,,,,,,cherisse.persad@gmail.com
SRC0252,294,EVT1133,VIS00229,MC23_L-G-22,Bivalve [biv-1],66,individuals,log × taxon,INCLUDE,,,,,,,,,,,,,,,cherisse.persad@gmail.com
SRC0252,295,EVT1133,VIS00229,MC23_L-G-25,Bivalve [biv-1],26,individuals,log × taxon,INCLUDE,,,,,,,,,,,,,,,cherisse.persad@gmail.com
SRC0252,296,EVT1133,VIS00229,MC23_L-G-26,Bivalve [biv-1],12,individuals,log × taxon,INCLUDE,,,,,,,,,,,,,,,cherisse.persad@gmail.com
SRC0252,297,EVT1133,VIS00229,MC23_L-G-31,Bivalve [biv-1],3,individuals,log × taxon,INCLUDE,,,,,,,,,,,,,,,cherisse.persad@gmail.com
SRC0252,298,EVT1133,VIS00229,MC23_L-G-34,Bivalve [biv-1],12,individuals,log × taxon,INCLUDE,,,,,,,,,,,,,,,cherisse.persad@gmail.com
SRC0252,299,EVT1133,VIS00229,MC23_L-W-4,Bivalve [biv-1],15,individuals,log × taxon,INCLUDE,,,,,,,,,,,,,,,cherisse.persad@gmail.com
SRC0252,300,EVT1133,VIS00229,MC23_L-W-7,Bivalve [biv-1],2,individuals,log × taxon,INCLUDE,,,,,,,,,,,,,,,cherisse.persad@gmail.com
SRC0252,301,EVT1133,VIS00229,MC23_L-W-10,Bivalve [biv-1],13,individuals,log × taxon,INCLUDE,,,,,,,,,,,,,,,cherisse.persad@gmail.com
SRC0252,302,EVT1133,VIS00229,MC23_L-W-13,Bivalve [biv-1],39,individuals,log × taxon,INCLUDE,,,,,,,,,,,,,,,cherisse.persad@gmail.com
SRC0252,303,EVT1133,VIS00229,MC23_L-W-16,Bivalve [biv-1],44,individuals,log × taxon,INCLUDE,,,,,,,,,,,,,,,cherisse.persad@gmail.com
SRC0252,304,EVT1133,VIS00229,MC23_L-W-19,Bivalve [biv-1],3,individuals,log × taxon,INCLUDE,,,,,,,,,,,,,,,cherisse.persad@gmail.com
SRC0252,305,EVT1133,VIS00229,MC23_L-W-21,Bivalve [biv-1],14,individuals,log × taxon,INCLUDE,,,,,,,,,,,,,,,cherisse.persad@gmail.com
SRC0252,306,EVT1133,VIS00229,MC23_L-W-22,Bivalve [biv-1],6,individuals,log × taxon,INCLUDE,,,,,,,,,,,,,,,cherisse.persad@gmail.com
SRC0252,307,EVT1133,VIS00229,MC23_L-W-25,Bivalve [biv-1],23,individuals,log × taxon,INCLUDE,,,,,,,,,,,,,,,cherisse.persad@gmail.com
SRC0252,308,EVT1133,VIS00229,MC23_L-W-28,Bivalve [biv-1],3,individuals,log × taxon,INCLUDE,,,,,,,,,,,,,,,cherisse.persad@gmail.com
SRC0252,309,EVT1133,VIS00229,MC23_L-W-34,Bivalve [biv-1],56,individuals,log × taxon,INCLUDE,,,,,,,,,,,,,,,cherisse.persad@gmail.com
SRC0252,310,EVT1133,VIS00229,MC23_L-G-19,Bivalve [biv-3],3,individuals,log × taxon,INCLUDE,,,,,,,,,,,,,,,cherisse.persad@gmail.com
SRC0252,311,EVT1133,VIS00229,MC23_L-G-22,Bivalve [biv-3],2,individuals,log × taxon,INCLUDE,,,,,,,,,,,,,,,cherisse.persad@gmail.com
SRC0252,312,EVT1133,VIS00229,MC23_L-G-25,Bivalve [biv-3],2,individuals,log × taxon,INCLUDE,,,,,,,,,,,,,,,cherisse.persad@gmail.com
SRC0252,313,EVT1133,VIS00229,MC23_L-W-4,Bivalve [biv-3],1,individuals,log × taxon,INCLUDE,,,,,,,,,,,,,,,cherisse.persad@gmail.com
SRC0252,314,EVT1133,VIS00229,MC23_L-W-7,Bivalve [biv-3],4,individuals,log × taxon,INCLUDE,,,,,,,,,,,,,,,cherisse.persad@gmail.com
SRC0252,315,EVT1133,VIS00229,MC23_L-W-19,Bivalve [biv-3],1,individuals,log × taxon,INCLUDE,,,,,,,,,,,,,,,cherisse.persad@gmail.com
SRC0252,316,EVT1133,VIS00229,MC23_L-G-19,Bivalve [biv-4],3,individuals,log × taxon,INCLUDE,,,,,,,,,,,,,,,cherisse.persad@gmail.com
SRC0252,317,EVT1133,VIS00229,MC23_L-W-4,Bivalve [biv-4],1,individuals,log × taxon,INCLUDE,,,,,,,,,,,,,,,cherisse.persad@gmail.com
SRC0252,318,EVT1133,VIS00229,MC23_L-W-13,Bivalve [biv-4],1,individuals,log × taxon,INCLUDE,,,,,,,,,,,,,,,cherisse.persad@gmail.com
SRC0252,319,EVT1133,VIS00229,MC23_L-G-1,Idas,32,individuals,log × taxon,INCLUDE,,,,,,,,,,,,,,,cherisse.persad@gmail.com
SRC0252,320,EVT1133,VIS00229,MC23_L-G-4,Idas,4,individuals,log × taxon,INCLUDE,,,,,,,,,,,,,,,cherisse.persad@gmail.com
SRC0252,321,EVT1133,VIS00229,MC23_L-G-7,Idas,9,individuals,log × taxon,INCLUDE,,,,,,,,,,,,,,,cherisse.persad@gmail.com
SRC0252,322,EVT1133,VIS00229,MC23_L-G-10,Idas,2,individuals,log × taxon,INCLUDE,,,,,,,,,,,,,,,cherisse.persad@gmail.com
SRC0252,323,EVT1133,VIS00229,MC23_L-G-13,Idas,12,individuals,log × taxon,INCLUDE,,,,,,,,,,,,,,,cherisse.persad@gmail.com
SRC0252,324,EVT1133,VIS00229,MC23_L-G-16,Idas,11,individuals,log × taxon,INCLUDE,,,,,,,,,,,,,,,cherisse.persad@gmail.com
SRC0252,325,EVT1133,VIS00229,MC23_L-G-19,Idas,97,individuals,log × taxon,INCLUDE,,,,,,,,,,,,,,,cherisse.persad@gmail.com
SRC0252,326,EVT1133,VIS00229,MC23_L-G-22,Idas,38,individuals,log × taxon,INCLUDE,,,,,,,,,,,,,,,cherisse.persad@gmail.com
SRC0252,327,EVT1133,VIS00229,MC23_L-G-25,Idas,40,individuals,log × taxon,INCLUDE,,,,,,,,,,,,,,,cherisse.persad@gmail.com
SRC0252,328,EVT1133,VIS00229,MC23_L-G-26,Idas,45,individuals,log × taxon,INCLUDE,,,,,,,,,,,,,,,cherisse.persad@gmail.com
SRC0252,329,EVT1133,VIS00229,MC23_L-G-31,Idas,16,individuals,log × taxon,INCLUDE,,,,,,,,,,,,,,,cherisse.persad@gmail.com
SRC0252,330,EVT1133,VIS00229,MC23_L-G-34,Idas,49,individuals,log × taxon,INCLUDE,,,,,,,,,,,,,,,cherisse.persad@gmail.com
SRC0252,331,EVT1133,VIS00229,MC23_L-W-1,Idas,4,individuals,log × taxon,INCLUDE,,,,,,,,,,,,,,,cherisse.persad@gmail.com
SRC0252,332,EVT1133,VIS00229,MC23_L-W-4,Idas,54,individuals,log × taxon,INCLUDE,,,,,,,,,,,,,,,cherisse.persad@gmail.com
SRC0252,333,EVT1133,VIS00229,MC23_L-W-7,Idas,41,individuals,log × taxon,INCLUDE,,,,,,,,,,,,,,,cherisse.persad@gmail.com
SRC0252,334,EVT1133,VIS00229,MC23_L-W-10,Idas,19,individuals,log × taxon,INCLUDE,,,,,,,,,,,,,,,cherisse.persad@gmail.com
SRC0252,335,EVT1133,VIS00229,MC23_L-W-13,Idas,22,individuals,log × taxon,INCLUDE,,,,,,,,,,,,,,,cherisse.persad@gmail.com
SRC0252,336,EVT1133,VIS00229,MC23_L-W-16,Idas,43,individuals,log × taxon,INCLUDE,,,,,,,,,,,,,,,cherisse.persad@gmail.com
SRC0252,337,EVT1133,VIS00229,MC23_L-W-19,Idas,9,individuals,log × taxon,INCLUDE,,,,,,,,,,,,,,,cherisse.persad@gmail.com
SRC0252,338,EVT1133,VIS00229,MC23_L-W-21,Idas,44,individuals,log × taxon,INCLUDE,,,,,,,,,,,,,,,cherisse.persad@gmail.com
SRC0252,339,EVT1133,VIS00229,MC23_L-W-22,Idas,3,individuals,log × taxon,INCLUDE,,,,,,,,,,,,,,,cherisse.persad@gmail.com
SRC0252,340,EVT1133,VIS00229,MC23_L-W-25,Idas,3,individuals,log × taxon,INCLUDE,,,,,,,,,,,,,,,cherisse.persad@gmail.com
SRC0252,341,EVT1133,VIS00229,MC23_L-W-28,Idas,23,individuals,log × taxon,INCLUDE,,,,,,,,,,,,,,,cherisse.persad@gmail.com
SRC0252,342,EVT1133,VIS00229,MC23_L-W-34,Idas,14,individuals,log × taxon,INCLUDE,,,,,,,,,,,,,,,cherisse.persad@gmail.com
SRC0252,343,EVT1133,VIS00229,MC23_L-W-13,Idas,1,individuals,log × taxon,INCLUDE,,,,,,,,,,,,,,,cherisse.persad@gmail.com
SRC0252,344,EVT1133,VIS00229,MC23_L-G-13,idas-juv,26,individuals,log × taxon,INCLUDE,,,,,,,,,,,,,,,cherisse.persad@gmail.com
SRC0252,345,EVT1133,VIS00229,MC23_L-G-16,idas-juv,47,individuals,log × taxon,INCLUDE,,,,,,,,,,,,,,,cherisse.persad@gmail.com
SRC0252,346,EVT1133,VIS00229,MC23_L-G-34,idas-juv,4,individuals,log × taxon,INCLUDE,,,,,,,,,,,,,,,cherisse.persad@gmail.com
SRC0252,347,EVT1133,VIS00229,MC23_L-W-13,idas-juv,56,individuals,log × taxon,INCLUDE,,,,,,,,,,,,,,,cherisse.persad@gmail.com
SRC0252,348,EVT1133,VIS00229,MC23_L-W-25,idas-juv,11,individuals,log × taxon,INCLUDE,,,,,,,,,,,,,,,cherisse.persad@gmail.com
SRC0252,349,EVT1133,VIS00229,MC23_L-W-34,idas-juv,17,individuals,log × taxon,INCLUDE,,,,,,,,,,,,,,,cherisse.persad@gmail.com
SRC0252,350,EVT1133,VIS00229,MC23_L-G-1,Mollusc [polyplac-1],6,individuals,log × taxon,INCLUDE,,,,,,,,,,,,,,,cherisse.persad@gmail.com
SRC0252,351,EVT1133,VIS00229,MC23_L-G-16,Mollusc [polyplac-1],6,individuals,log × taxon,INCLUDE,,,,,,,,,,,,,,,cherisse.persad@gmail.com
SRC0252,352,EVT1133,VIS00229,MC23_L-G-19,Mollusc [polyplac-1],11,individuals,log × taxon,INCLUDE,,,,,,,,,,,,,,,cherisse.persad@gmail.com
SRC0252,353,EVT1133,VIS00229,MC23_L-G-22,Mollusc [polyplac-1],24,individuals,log × taxon,INCLUDE,,,,,,,,,,,,,,,cherisse.persad@gmail.com
SRC0252,354,EVT1133,VIS00229,MC23_L-G-25,Mollusc [polyplac-1],13,individuals,log × taxon,INCLUDE,,,,,,,,,,,,,,,cherisse.persad@gmail.com
SRC0252,355,EVT1133,VIS00229,MC23_L-G-26,Mollusc [polyplac-1],12,individuals,log × taxon,INCLUDE,,,,,,,,,,,,,,,cherisse.persad@gmail.com
SRC0252,356,EVT1133,VIS00229,MC23_L-G-31,Mollusc [polyplac-1],6,individuals,log × taxon,INCLUDE,,,,,,,,,,,,,,,cherisse.persad@gmail.com
SRC0252,357,EVT1133,VIS00229,MC23_L-G-34,Mollusc [polyplac-1],3,individuals,log × taxon,INCLUDE,,,,,,,,,,,,,,,cherisse.persad@gmail.com
SRC0252,358,EVT1133,VIS00229,MC23_L-W-4,Mollusc [polyplac-1],30,individuals,log × taxon,INCLUDE,,,,,,,,,,,,,,,cherisse.persad@gmail.com
SRC0252,359,EVT1133,VIS00229,MC23_L-W-7,Mollusc [polyplac-1],30,individuals,log × taxon,INCLUDE,,,,,,,,,,,,,,,cherisse.persad@gmail.com
SRC0252,360,EVT1133,VIS00229,MC23_L-W-10,Mollusc [polyplac-1],11,individuals,log × taxon,INCLUDE,,,,,,,,,,,,,,,cherisse.persad@gmail.com
SRC0252,361,EVT1133,VIS00229,MC23_L-W-13,Mollusc [polyplac-1],17,individuals,log × taxon,INCLUDE,,,,,,,,,,,,,,,cherisse.persad@gmail.com
SRC0252,362,EVT1133,VIS00229,MC23_L-W-16,Mollusc [polyplac-1],24,individuals,log × taxon,INCLUDE,,,,,,,,,,,,,,,cherisse.persad@gmail.com
SRC0252,363,EVT1133,VIS00229,MC23_L-W-19,Mollusc [polyplac-1],8,individuals,log × taxon,INCLUDE,,,,,,,,,,,,,,,cherisse.persad@gmail.com
SRC0252,364,EVT1133,VIS00229,MC23_L-W-21,Mollusc [polyplac-1],25,individuals,log × taxon,INCLUDE,,,,,,,,,,,,,,,cherisse.persad@gmail.com
SRC0252,365,EVT1133,VIS00229,MC23_L-W-22,Mollusc [polyplac-1],5,individuals,log × taxon,INCLUDE,,,,,,,,,,,,,,,cherisse.persad@gmail.com
SRC0252,366,EVT1133,VIS00229,MC23_L-W-25,Mollusc [polyplac-1],13,individuals,log × taxon,INCLUDE,,,,,,,,,,,,,,,cherisse.persad@gmail.com
SRC0252,367,EVT1133,VIS00229,MC23_L-W-28,Mollusc [polyplac-1],21,individuals,log × taxon,INCLUDE,,,,,,,,,,,,,,,cherisse.persad@gmail.com
SRC0252,368,EVT1133,VIS00229,MC23_L-W-34,Mollusc [polyplac-1],14,individuals,log × taxon,INCLUDE,,,,,,,,,,,,,,,cherisse.persad@gmail.com
SRC0252,369,EVT1133,VIS00229,MC23_L-G-1,Mollusc [aplac-1],8,individuals,log × taxon,INCLUDE,,,,,,,,,,,,,,,cherisse.persad@gmail.com
SRC0252,370,EVT1133,VIS00229,MC23_L-G-4,Mollusc [aplac-1],12,individuals,log × taxon,INCLUDE,,,,,,,,,,,,,,,cherisse.persad@gmail.com
SRC0252,371,EVT1133,VIS00229,MC23_L-G-7,Mollusc [aplac-1],7,individuals,log × taxon,INCLUDE,,,,,,,,,,,,,,,cherisse.persad@gmail.com
SRC0252,372,EVT1133,VIS00229,MC23_L-G-10,Mollusc [aplac-1],2,individuals,log × taxon,INCLUDE,,,,,,,,,,,,,,,cherisse.persad@gmail.com
SRC0252,373,EVT1133,VIS00229,MC23_L-G-13,Mollusc [aplac-1],5,individuals,log × taxon,INCLUDE,,,,,,,,,,,,,,,cherisse.persad@gmail.com
SRC0252,374,EVT1133,VIS00229,MC23_L-G-16,Mollusc [aplac-1],10,individuals,log × taxon,INCLUDE,,,,,,,,,,,,,,,cherisse.persad@gmail.com
SRC0252,375,EVT1133,VIS00229,MC23_L-G-19,Mollusc [aplac-1],22,individuals,log × taxon,INCLUDE,,,,,,,,,,,,,,,cherisse.persad@gmail.com
SRC0252,376,EVT1133,VIS00229,MC23_L-G-22,Mollusc [aplac-1],8,individuals,log × taxon,INCLUDE,,,,,,,,,,,,,,,cherisse.persad@gmail.com
SRC0252,377,EVT1133,VIS00229,MC23_L-G-25,Mollusc [aplac-1],16,individuals,log × taxon,INCLUDE,,,,,,,,,,,,,,,cherisse.persad@gmail.com
SRC0252,378,EVT1133,VIS00229,MC23_L-G-26,Mollusc [aplac-1],14,individuals,log × taxon,INCLUDE,,,,,,,,,,,,,,,cherisse.persad@gmail.com
SRC0252,379,EVT1133,VIS00229,MC23_L-G-34,Mollusc [aplac-1],1,individuals,log × taxon,INCLUDE,,,,,,,,,,,,,,,cherisse.persad@gmail.com
SRC0252,380,EVT1133,VIS00229,MC23_L-W-4,Mollusc [aplac-1],5,individuals,log × taxon,INCLUDE,,,,,,,,,,,,,,,cherisse.persad@gmail.com
SRC0252,381,EVT1133,VIS00229,MC23_L-W-7,Mollusc [aplac-1],2,individuals,log × taxon,INCLUDE,,,,,,,,,,,,,,,cherisse.persad@gmail.com
SRC0252,382,EVT1133,VIS00229,MC23_L-W-10,Mollusc [aplac-1],1,individuals,log × taxon,INCLUDE,,,,,,,,,,,,,,,cherisse.persad@gmail.com
SRC0252,383,EVT1133,VIS00229,MC23_L-W-13,Mollusc [aplac-1],5,individuals,log × taxon,INCLUDE,,,,,,,,,,,,,,,cherisse.persad@gmail.com
SRC0252,384,EVT1133,VIS00229,MC23_L-W-16,Mollusc [aplac-1],4,individuals,log × taxon,INCLUDE,,,,,,,,,,,,,,,cherisse.persad@gmail.com
SRC0252,385,EVT1133,VIS00229,MC23_L-W-19,Mollusc [aplac-1],1,individuals,log × taxon,INCLUDE,,,,,,,,,,,,,,,cherisse.persad@gmail.com
SRC0252,386,EVT1133,VIS00229,MC23_L-W-21,Mollusc [aplac-1],1,individuals,log × taxon,INCLUDE,,,,,,,,,,,,,,,cherisse.persad@gmail.com
SRC0252,387,EVT1133,VIS00229,MC23_L-W-22,Mollusc [aplac-1],1,individuals,log × taxon,INCLUDE,,,,,,,,,,,,,,,cherisse.persad@gmail.com
SRC0252,388,EVT1133,VIS00229,MC23_L-W-25,Mollusc [aplac-1],1,individuals,log × taxon,INCLUDE,,,,,,,,,,,,,,,cherisse.persad@gmail.com
SRC0252,389,EVT1133,VIS00229,MC23_L-W-28,Mollusc [aplac-1],2,individuals,log × taxon,INCLUDE,,,,,,,,,,,,,,,cherisse.persad@gmail.com
SRC0252,390,EVT1133,VIS00229,MC23_L-W-34,Mollusc [aplac-1],5,individuals,log × taxon,INCLUDE,,,,,,,,,,,,,,,cherisse.persad@gmail.com
SRC0252,391,EVT1133,VIS00229,MC23_L-G-25,Mollusc [aplac-3],1,individuals,log × taxon,INCLUDE,,,,,,,,,,,,,,,cherisse.persad@gmail.com
SRC0252,392,EVT1133,VIS00229,MC23_L-G-26,Polychaeta [poly-2],2,individuals,log × taxon,INCLUDE,,,,,,,,,,,,,,,cherisse.persad@gmail.com
SRC0252,393,EVT1133,VIS00229,MC23_L-G-1,poly-5C,391,individuals,log × taxon,INCLUDE,,,,,,,,,,,,,,,cherisse.persad@gmail.com
SRC0252,394,EVT1133,VIS00229,MC23_L-G-4,poly-5C,193,individuals,log × taxon,INCLUDE,,,,,,,,,,,,,,,cherisse.persad@gmail.com
SRC0252,395,EVT1133,VIS00229,MC23_L-G-7,poly-5C,342,individuals,log × taxon,INCLUDE,,,,,,,,,,,,,,,cherisse.persad@gmail.com
SRC0252,396,EVT1133,VIS00229,MC23_L-G-10,poly-5C,356,individuals,log × taxon,INCLUDE,,,,,,,,,,,,,,,cherisse.persad@gmail.com
SRC0252,397,EVT1133,VIS00229,MC23_L-G-13,poly-5C,288,individuals,log × taxon,INCLUDE,,,,,,,,,,,,,,,cherisse.persad@gmail.com
SRC0252,398,EVT1133,VIS00229,MC23_L-G-16,poly-5C,312,individuals,log × taxon,INCLUDE,,,,,,,,,,,,,,,cherisse.persad@gmail.com
SRC0252,399,EVT1133,VIS00229,MC23_L-G-19,poly-5C,452,individuals,log × taxon,INCLUDE,,,,,,,,,,,,,,,cherisse.persad@gmail.com
SRC0252,400,EVT1133,VIS00229,MC23_L-G-22,poly-5C,460,individuals,log × taxon,INCLUDE,,,,,,,,,,,,,,,cherisse.persad@gmail.com
SRC0252,401,EVT1133,VIS00229,MC23_L-G-25,poly-5C,292,individuals,log × taxon,INCLUDE,,,,,,,,,,,,,,,cherisse.persad@gmail.com
SRC0252,402,EVT1133,VIS00229,MC23_L-G-26,poly-5C,370,individuals,log × taxon,INCLUDE,,,,,,,,,,,,,,,cherisse.persad@gmail.com
SRC0252,403,EVT1133,VIS00229,MC23_L-G-31,poly-5C,395,individuals,log × taxon,INCLUDE,,,,,,,,,,,,,,,cherisse.persad@gmail.com
SRC0252,404,EVT1133,VIS00229,MC23_L-G-34,poly-5C,178,individuals,log × taxon,INCLUDE,,,,,,,,,,,,,,,cherisse.persad@gmail.com
SRC0252,405,EVT1133,VIS00229,MC23_L-W-1,poly-5C,15,individuals,log × taxon,INCLUDE,,,,,,,,,,,,,,,cherisse.persad@gmail.com
SRC0252,406,EVT1133,VIS00229,MC23_L-W-4,poly-5C,54,individuals,log × taxon,INCLUDE,,,,,,,,,,,,,,,cherisse.persad@gmail.com
SRC0252,407,EVT1133,VIS00229,MC23_L-W-7,poly-5C,47,individuals,log × taxon,INCLUDE,,,,,,,,,,,,,,,cherisse.persad@gmail.com
SRC0252,408,EVT1133,VIS00229,MC23_L-W-10,poly-5C,16,individuals,log × taxon,INCLUDE,,,,,,,,,,,,,,,cherisse.persad@gmail.com
SRC0252,409,EVT1133,VIS00229,MC23_L-W-13,poly-5C,45,individuals,log × taxon,INCLUDE,,,,,,,,,,,,,,,cherisse.persad@gmail.com
SRC0252,410,EVT1133,VIS00229,MC23_L-W-16,poly-5C,37,individuals,log × taxon,INCLUDE,,,,,,,,,,,,,,,cherisse.persad@gmail.com
SRC0252,411,EVT1133,VIS00229,MC23_L-W-19,poly-5C,12,individuals,log × taxon,INCLUDE,,,,,,,,,,,,,,,cherisse.persad@gmail.com
SRC0252,412,EVT1133,VIS00229,MC23_L-W-21,poly-5C,50,individuals,log × taxon,INCLUDE,,,,,,,,,,,,,,,cherisse.persad@gmail.com
SRC0252,413,EVT1133,VIS00229,MC23_L-W-22,poly-5C,5,individuals,log × taxon,INCLUDE,,,,,,,,,,,,,,,cherisse.persad@gmail.com
SRC0252,414,EVT1133,VIS00229,MC23_L-W-25,poly-5C,31,individuals,log × taxon,INCLUDE,,,,,,,,,,,,,,,cherisse.persad@gmail.com
SRC0252,415,EVT1133,VIS00229,MC23_L-W-28,poly-5C,34,individuals,log × taxon,INCLUDE,,,,,,,,,,,,,,,cherisse.persad@gmail.com
SRC0252,416,EVT1133,VIS00229,MC23_L-W-34,poly-5C,22,individuals,log × taxon,INCLUDE,,,,,,,,,,,,,,,cherisse.persad@gmail.com
SRC0252,417,EVT1133,VIS00229,MC23_L-G-1,Nereis/Neanthes sp. nov. 1 and sp. nov. 2,51,individuals,log × taxon,INCLUDE,,,,,,,,,,,,,,,cherisse.persad@gmail.com
SRC0252,418,EVT1133,VIS00229,MC23_L-G-4,Nereis/Neanthes sp. nov. 1 and sp. nov. 2,36,individuals,log × taxon,INCLUDE,,,,,,,,,,,,,,,cherisse.persad@gmail.com
SRC0252,419,EVT1133,VIS00229,MC23_L-G-7,Nereis/Neanthes sp. nov. 1 and sp. nov. 2,33,individuals,log × taxon,INCLUDE,,,,,,,,,,,,,,,cherisse.persad@gmail.com
SRC0252,420,EVT1133,VIS00229,MC23_L-G-10,Nereis/Neanthes sp. nov. 1 and sp. nov. 2,49,individuals,log × taxon,INCLUDE,,,,,,,,,,,,,,,cherisse.persad@gmail.com
SRC0252,421,EVT1133,VIS00229,MC23_L-G-13,Nereis/Neanthes sp. nov. 1 and sp. nov. 2,68,individuals,log × taxon,INCLUDE,,,,,,,,,,,,,,,cherisse.persad@gmail.com
SRC0252,422,EVT1133,VIS00229,MC23_L-G-16,Nereis/Neanthes sp. nov. 1 and sp. nov. 2,52,individuals,log × taxon,INCLUDE,,,,,,,,,,,,,,,cherisse.persad@gmail.com
SRC0252,423,EVT1133,VIS00229,MC23_L-G-19,Nereis/Neanthes sp. nov. 1 and sp. nov. 2,40,individuals,log × taxon,INCLUDE,,,,,,,,,,,,,,,cherisse.persad@gmail.com
SRC0252,424,EVT1133,VIS00229,MC23_L-G-22,Nereis/Neanthes sp. nov. 1 and sp. nov. 2,55,individuals,log × taxon,INCLUDE,,,,,,,,,,,,,,,cherisse.persad@gmail.com
SRC0252,425,EVT1133,VIS00229,MC23_L-G-25,Nereis/Neanthes sp. nov. 1 and sp. nov. 2,33,individuals,log × taxon,INCLUDE,,,,,,,,,,,,,,,cherisse.persad@gmail.com
SRC0252,426,EVT1133,VIS00229,MC23_L-G-26,Nereis/Neanthes sp. nov. 1 and sp. nov. 2,44,individuals,log × taxon,INCLUDE,,,,,,,,,,,,,,,cherisse.persad@gmail.com
SRC0252,427,EVT1133,VIS00229,MC23_L-G-31,Nereis/Neanthes sp. nov. 1 and sp. nov. 2,40,individuals,log × taxon,INCLUDE,,,,,,,,,,,,,,,cherisse.persad@gmail.com
SRC0252,428,EVT1133,VIS00229,MC23_L-G-34,Nereis/Neanthes sp. nov. 1 and sp. nov. 2,29,individuals,log × taxon,INCLUDE,,,,,,,,,,,,,,,cherisse.persad@gmail.com
SRC0252,429,EVT1133,VIS00229,MC23_L-W-1,Nereis/Neanthes sp. nov. 1 and sp. nov. 2,34,individuals,log × taxon,INCLUDE,,,,,,,,,,,,,,,cherisse.persad@gmail.com
SRC0252,430,EVT1133,VIS00229,MC23_L-W-4,Nereis/Neanthes sp. nov. 1 and sp. nov. 2,50,individuals,log × taxon,INCLUDE,,,,,,,,,,,,,,,cherisse.persad@gmail.com
SRC0252,431,EVT1133,VIS00229,MC23_L-W-7,Nereis/Neanthes sp. nov. 1 and sp. nov. 2,30,individuals,log × taxon,INCLUDE,,,,,,,,,,,,,,,cherisse.persad@gmail.com
SRC0252,432,EVT1133,VIS00229,MC23_L-W-10,Nereis/Neanthes sp. nov. 1 and sp. nov. 2,50,individuals,log × taxon,INCLUDE,,,,,,,,,,,,,,,cherisse.persad@gmail.com
SRC0252,433,EVT1133,VIS00229,MC23_L-W-13,Nereis/Neanthes sp. nov. 1 and sp. nov. 2,47,individuals,log × taxon,INCLUDE,,,,,,,,,,,,,,,cherisse.persad@gmail.com
SRC0252,434,EVT1133,VIS00229,MC23_L-W-16,Nereis/Neanthes sp. nov. 1 and sp. nov. 2,55,individuals,log × taxon,INCLUDE,,,,,,,,,,,,,,,cherisse.persad@gmail.com
SRC0252,435,EVT1133,VIS00229,MC23_L-W-19,Nereis/Neanthes sp. nov. 1 and sp. nov. 2,22,individuals,log × taxon,INCLUDE,,,,,,,,,,,,,,,cherisse.persad@gmail.com
SRC0252,436,EVT1133,VIS00229,MC23_L-W-21,Nereis/Neanthes sp. nov. 1 and sp. nov. 2,63,individuals,log × taxon,INCLUDE,,,,,,,,,,,,,,,cherisse.persad@gmail.com
SRC0252,437,EVT1133,VIS00229,MC23_L-W-22,Nereis/Neanthes sp. nov. 1 and sp. nov. 2,28,individuals,log × taxon,INCLUDE,,,,,,,,,,,,,,,cherisse.persad@gmail.com
SRC0252,438,EVT1133,VIS00229,MC23_L-W-25,Nereis/Neanthes sp. nov. 1 and sp. nov. 2,29,individuals,log × taxon,INCLUDE,,,,,,,,,,,,,,,cherisse.persad@gmail.com
SRC0252,439,EVT1133,VIS00229,MC23_L-W-28,Nereis/Neanthes sp. nov. 1 and sp. nov. 2,48,individuals,log × taxon,INCLUDE,,,,,,,,,,,,,,,cherisse.persad@gmail.com
SRC0252,440,EVT1133,VIS00229,MC23_L-W-34,Nereis/Neanthes sp. nov. 1 and sp. nov. 2,50,individuals,log × taxon,INCLUDE,,,,,,,,,,,,,,,cherisse.persad@gmail.com
SRC0252,441,EVT1133,VIS00229,MC23_L-G-7,Leocretes,2,individuals,log × taxon,INCLUDE,,,,,,,,,,,,,,,cherisse.persad@gmail.com
SRC0252,442,EVT1133,VIS00229,MC23_L-G-16,Leocretes,3,individuals,log × taxon,INCLUDE,,,,,,,,,,,,,,,cherisse.persad@gmail.com
SRC0252,443,EVT1133,VIS00229,MC23_L-G-26,Leocretes,1,individuals,log × taxon,INCLUDE,,,,,,,,,,,,,,,cherisse.persad@gmail.com
SRC0252,444,EVT1133,VIS00229,MC23_L-G-31,Leocretes,1,individuals,log × taxon,INCLUDE,,,,,,,,,,,,,,,cherisse.persad@gmail.com
SRC0252,445,EVT1133,VIS00229,MC23_L-W-34,Leocretes,1,individuals,log × taxon,INCLUDE,,,,,,,,,,,,,,,cherisse.persad@gmail.com
SRC0252,446,EVT1133,VIS00229,MC23_L-G-1,Capitella spp.,174,individuals,log × taxon,INCLUDE,,,,,,,,,,,,,,,cherisse.persad@gmail.com
SRC0252,447,EVT1133,VIS00229,MC23_L-G-4,Capitella spp.,44,individuals,log × taxon,INCLUDE,,,,,,,,,,,,,,,cherisse.persad@gmail.com
SRC0252,448,EVT1133,VIS00229,MC23_L-G-7,Capitella spp.,215,individuals,log × taxon,INCLUDE,,,,,,,,,,,,,,,cherisse.persad@gmail.com
SRC0252,449,EVT1133,VIS00229,MC23_L-G-10,Capitella spp.,22,individuals,log × taxon,INCLUDE,,,,,,,,,,,,,,,cherisse.persad@gmail.com
SRC0252,450,EVT1133,VIS00229,MC23_L-G-13,Capitella spp.,222,individuals,log × taxon,INCLUDE,,,,,,,,,,,,,,,cherisse.persad@gmail.com
SRC0252,451,EVT1133,VIS00229,MC23_L-G-16,Capitella spp.,80,individuals,log × taxon,INCLUDE,,,,,,,,,,,,,,,cherisse.persad@gmail.com
SRC0252,452,EVT1133,VIS00229,MC23_L-G-19,Capitella spp.,183,individuals,log × taxon,INCLUDE,,,,,,,,,,,,,,,cherisse.persad@gmail.com
SRC0252,453,EVT1133,VIS00229,MC23_L-G-22,Capitella spp.,235,individuals,log × taxon,INCLUDE,,,,,,,,,,,,,,,cherisse.persad@gmail.com
SRC0252,454,EVT1133,VIS00229,MC23_L-G-25,Capitella spp.,298,individuals,log × taxon,INCLUDE,,,,,,,,,,,,,,,cherisse.persad@gmail.com
SRC0252,455,EVT1133,VIS00229,MC23_L-G-26,Capitella spp.,369,individuals,log × taxon,INCLUDE,,,,,,,,,,,,,,,cherisse.persad@gmail.com
SRC0252,456,EVT1133,VIS00229,MC23_L-G-31,Capitella spp.,292,individuals,log × taxon,INCLUDE,,,,,,,,,,,,,,,cherisse.persad@gmail.com
SRC0252,457,EVT1133,VIS00229,MC23_L-G-34,Capitella spp.,174,individuals,log × taxon,INCLUDE,,,,,,,,,,,,,,,cherisse.persad@gmail.com
SRC0252,458,EVT1133,VIS00229,MC23_L-W-1,Capitella spp.,30,individuals,log × taxon,INCLUDE,,,,,,,,,,,,,,,cherisse.persad@gmail.com
SRC0252,459,EVT1133,VIS00229,MC23_L-W-4,Capitella spp.,210,individuals,log × taxon,INCLUDE,,,,,,,,,,,,,,,cherisse.persad@gmail.com
SRC0252,460,EVT1133,VIS00229,MC23_L-W-7,Capitella spp.,158,individuals,log × taxon,INCLUDE,,,,,,,,,,,,,,,cherisse.persad@gmail.com
SRC0252,461,EVT1133,VIS00229,MC23_L-W-10,Capitella spp.,106,individuals,log × taxon,INCLUDE,,,,,,,,,,,,,,,cherisse.persad@gmail.com
SRC0252,462,EVT1133,VIS00229,MC23_L-W-13,Capitella spp.,171,individuals,log × taxon,INCLUDE,,,,,,,,,,,,,,,cherisse.persad@gmail.com
SRC0252,463,EVT1133,VIS00229,MC23_L-W-16,Capitella spp.,82,individuals,log × taxon,INCLUDE,,,,,,,,,,,,,,,cherisse.persad@gmail.com
SRC0252,464,EVT1133,VIS00229,MC23_L-W-19,Capitella spp.,59,individuals,log × taxon,INCLUDE,,,,,,,,,,,,,,,cherisse.persad@gmail.com
SRC0252,465,EVT1133,VIS00229,MC23_L-W-21,Capitella spp.,151,individuals,log × taxon,INCLUDE,,,,,,,,,,,,,,,cherisse.persad@gmail.com
SRC0252,466,EVT1133,VIS00229,MC23_L-W-22,Capitella spp.,93,individuals,log × taxon,INCLUDE,,,,,,,,,,,,,,,cherisse.persad@gmail.com
SRC0252,467,EVT1133,VIS00229,MC23_L-W-25,Capitella spp.,192,individuals,log × taxon,INCLUDE,,,,,,,,,,,,,,,cherisse.persad@gmail.com
SRC0252,468,EVT1133,VIS00229,MC23_L-W-28,Capitella spp.,206,individuals,log × taxon,INCLUDE,,,,,,,,,,,,,,,cherisse.persad@gmail.com
SRC0252,469,EVT1133,VIS00229,MC23_L-W-34,Capitella spp.,110,individuals,log × taxon,INCLUDE,,,,,,,,,,,,,,,cherisse.persad@gmail.com
SRC0252,470,EVT1133,VIS00229,MC23_L-G-1,Polychaeta [poly-11],40,individuals,log × taxon,INCLUDE,,,,,,,,,,,,,,,cherisse.persad@gmail.com
SRC0252,471,EVT1133,VIS00229,MC23_L-G-4,Polychaeta [poly-11],5,individuals,log × taxon,INCLUDE,,,,,,,,,,,,,,,cherisse.persad@gmail.com
SRC0252,472,EVT1133,VIS00229,MC23_L-G-7,Polychaeta [poly-11],13,individuals,log × taxon,INCLUDE,,,,,,,,,,,,,,,cherisse.persad@gmail.com
SRC0252,473,EVT1133,VIS00229,MC23_L-G-10,Polychaeta [poly-11],14,individuals,log × taxon,INCLUDE,,,,,,,,,,,,,,,cherisse.persad@gmail.com
SRC0252,474,EVT1133,VIS00229,MC23_L-G-13,Polychaeta [poly-11],7,individuals,log × taxon,INCLUDE,,,,,,,,,,,,,,,cherisse.persad@gmail.com
SRC0252,475,EVT1133,VIS00229,MC23_L-G-16,Polychaeta [poly-11],2,individuals,log × taxon,INCLUDE,,,,,,,,,,,,,,,cherisse.persad@gmail.com
SRC0252,476,EVT1133,VIS00229,MC23_L-G-19,Polychaeta [poly-11],27,individuals,log × taxon,INCLUDE,,,,,,,,,,,,,,,cherisse.persad@gmail.com
SRC0252,477,EVT1133,VIS00229,MC23_L-G-22,Polychaeta [poly-11],30,individuals,log × taxon,INCLUDE,,,,,,,,,,,,,,,cherisse.persad@gmail.com
SRC0252,478,EVT1133,VIS00229,MC23_L-G-25,Polychaeta [poly-11],43,individuals,log × taxon,INCLUDE,,,,,,,,,,,,,,,cherisse.persad@gmail.com
SRC0252,479,EVT1133,VIS00229,MC23_L-G-26,Polychaeta [poly-11],50,individuals,log × taxon,INCLUDE,,,,,,,,,,,,,,,cherisse.persad@gmail.com
SRC0252,480,EVT1133,VIS00229,MC23_L-G-31,Polychaeta [poly-11],22,individuals,log × taxon,INCLUDE,,,,,,,,,,,,,,,cherisse.persad@gmail.com
SRC0252,481,EVT1133,VIS00229,MC23_L-G-34,Polychaeta [poly-11],27,individuals,log × taxon,INCLUDE,,,,,,,,,,,,,,,cherisse.persad@gmail.com
SRC0252,482,EVT1133,VIS00229,MC23_L-W-4,Polychaeta [poly-11],1,individuals,log × taxon,INCLUDE,,,,,,,,,,,,,,,cherisse.persad@gmail.com
SRC0252,483,EVT1133,VIS00229,MC23_L-W-21,Polychaeta [poly-11],1,individuals,log × taxon,INCLUDE,,,,,,,,,,,,,,,cherisse.persad@gmail.com
SRC0252,484,EVT1133,VIS00229,MC23_L-G-1,Polychaeta [poly-14],4,individuals,log × taxon,INCLUDE,,,,,,,,,,,,,,,cherisse.persad@gmail.com
SRC0252,485,EVT1133,VIS00229,MC23_L-G-7,Polychaeta [poly-14],1,individuals,log × taxon,INCLUDE,,,,,,,,,,,,,,,cherisse.persad@gmail.com
SRC0252,486,EVT1133,VIS00229,MC23_L-G-19,Polychaeta [poly-14],5,individuals,log × taxon,INCLUDE,,,,,,,,,,,,,,,cherisse.persad@gmail.com
SRC0252,487,EVT1133,VIS00229,MC23_L-G-22,Polychaeta [poly-14],4,individuals,log × taxon,INCLUDE,,,,,,,,,,,,,,,cherisse.persad@gmail.com
SRC0252,488,EVT1133,VIS00229,MC23_L-G-25,Polychaeta [poly-14],8,individuals,log × taxon,INCLUDE,,,,,,,,,,,,,,,cherisse.persad@gmail.com
SRC0252,489,EVT1133,VIS00229,MC23_L-G-26,Polychaeta [poly-14],7,individuals,log × taxon,INCLUDE,,,,,,,,,,,,,,,cherisse.persad@gmail.com
SRC0252,490,EVT1133,VIS00229,MC23_L-G-31,Polychaeta [poly-14],1,individuals,log × taxon,INCLUDE,,,,,,,,,,,,,,,cherisse.persad@gmail.com
SRC0252,491,EVT1133,VIS00229,MC23_L-G-34,Polychaeta [poly-14],4,individuals,log × taxon,INCLUDE,,,,,,,,,,,,,,,cherisse.persad@gmail.com
SRC0252,492,EVT1133,VIS00229,MC23_L-W-4,Polychaeta [poly-14],4,individuals,log × taxon,INCLUDE,,,,,,,,,,,,,,,cherisse.persad@gmail.com
SRC0252,493,EVT1133,VIS00229,MC23_L-W-7,Polychaeta [poly-14],2,individuals,log × taxon,INCLUDE,,,,,,,,,,,,,,,cherisse.persad@gmail.com
SRC0252,494,EVT1133,VIS00229,MC23_L-W-10,Polychaeta [poly-14],3,individuals,log × taxon,INCLUDE,,,,,,,,,,,,,,,cherisse.persad@gmail.com
SRC0252,495,EVT1133,VIS00229,MC23_L-W-13,Polychaeta [poly-14],2,individuals,log × taxon,INCLUDE,,,,,,,,,,,,,,,cherisse.persad@gmail.com
SRC0252,496,EVT1133,VIS00229,MC23_L-W-16,Polychaeta [poly-14],2,individuals,log × taxon,INCLUDE,,,,,,,,,,,,,,,cherisse.persad@gmail.com
SRC0252,497,EVT1133,VIS00229,MC23_L-W-19,Polychaeta [poly-14],1,individuals,log × taxon,INCLUDE,,,,,,,,,,,,,,,cherisse.persad@gmail.com
SRC0252,498,EVT1133,VIS00229,MC23_L-W-21,Polychaeta [poly-14],9,individuals,log × taxon,INCLUDE,,,,,,,,,,,,,,,cherisse.persad@gmail.com
SRC0252,499,EVT1133,VIS00229,MC23_L-W-22,Polychaeta [poly-14],1,individuals,log × taxon,INCLUDE,,,,,,,,,,,,,,,cherisse.persad@gmail.com
SRC0252,500,EVT1133,VIS00229,MC23_L-W-25,Polychaeta [poly-14],7,individuals,log × taxon,INCLUDE,,,,,,,,,,,,,,,cherisse.persad@gmail.com
SRC0252,501,EVT1133,VIS00229,MC23_L-W-34,Polychaeta [poly-14],5,individuals,log × taxon,INCLUDE,,,,,,,,,,,,,,,cherisse.persad@gmail.com
SRC0252,502,EVT1133,VIS00229,MC23_L-G-1,Niomache sp. nov.,5,individuals,log × taxon,INCLUDE,,,,,,,,,,,,,,,cherisse.persad@gmail.com
SRC0252,503,EVT1133,VIS00229,MC23_L-G-4,Niomache sp. nov.,12,individuals,log × taxon,INCLUDE,,,,,,,,,,,,,,,cherisse.persad@gmail.com
SRC0252,504,EVT1133,VIS00229,MC23_L-G-7,Niomache sp. nov.,10,individuals,log × taxon,INCLUDE,,,,,,,,,,,,,,,cherisse.persad@gmail.com
SRC0252,505,EVT1133,VIS00229,MC23_L-G-10,Niomache sp. nov.,8,individuals,log × taxon,INCLUDE,,,,,,,,,,,,,,,cherisse.persad@gmail.com
SRC0252,506,EVT1133,VIS00229,MC23_L-G-13,Niomache sp. nov.,15,individuals,log × taxon,INCLUDE,,,,,,,,,,,,,,,cherisse.persad@gmail.com
SRC0252,507,EVT1133,VIS00229,MC23_L-G-16,Niomache sp. nov.,11,individuals,log × taxon,INCLUDE,,,,,,,,,,,,,,,cherisse.persad@gmail.com
SRC0252,508,EVT1133,VIS00229,MC23_L-G-19,Niomache sp. nov.,9,individuals,log × taxon,INCLUDE,,,,,,,,,,,,,,,cherisse.persad@gmail.com
SRC0252,509,EVT1133,VIS00229,MC23_L-G-22,Niomache sp. nov.,11,individuals,log × taxon,INCLUDE,,,,,,,,,,,,,,,cherisse.persad@gmail.com
SRC0252,510,EVT1133,VIS00229,MC23_L-G-25,Niomache sp. nov.,9,individuals,log × taxon,INCLUDE,,,,,,,,,,,,,,,cherisse.persad@gmail.com
SRC0252,511,EVT1133,VIS00229,MC23_L-G-26,Niomache sp. nov.,18,individuals,log × taxon,INCLUDE,,,,,,,,,,,,,,,cherisse.persad@gmail.com
SRC0252,512,EVT1133,VIS00229,MC23_L-G-31,Niomache sp. nov.,15,individuals,log × taxon,INCLUDE,,,,,,,,,,,,,,,cherisse.persad@gmail.com
SRC0252,513,EVT1133,VIS00229,MC23_L-G-34,Niomache sp. nov.,1,individuals,log × taxon,INCLUDE,,,,,,,,,,,,,,,cherisse.persad@gmail.com
SRC0252,514,EVT1133,VIS00229,MC23_L-W-1,Niomache sp. nov.,14,individuals,log × taxon,INCLUDE,,,,,,,,,,,,,,,cherisse.persad@gmail.com
SRC0252,515,EVT1133,VIS00229,MC23_L-W-4,Niomache sp. nov.,30,individuals,log × taxon,INCLUDE,,,,,,,,,,,,,,,cherisse.persad@gmail.com
SRC0252,516,EVT1133,VIS00229,MC23_L-W-7,Niomache sp. nov.,34,individuals,log × taxon,INCLUDE,,,,,,,,,,,,,,,cherisse.persad@gmail.com
SRC0252,517,EVT1133,VIS00229,MC23_L-W-10,Niomache sp. nov.,17,individuals,log × taxon,INCLUDE,,,,,,,,,,,,,,,cherisse.persad@gmail.com
SRC0252,518,EVT1133,VIS00229,MC23_L-W-13,Niomache sp. nov.,27,individuals,log × taxon,INCLUDE,,,,,,,,,,,,,,,cherisse.persad@gmail.com
SRC0252,519,EVT1133,VIS00229,MC23_L-W-16,Niomache sp. nov.,44,individuals,log × taxon,INCLUDE,,,,,,,,,,,,,,,cherisse.persad@gmail.com
SRC0252,520,EVT1133,VIS00229,MC23_L-W-19,Niomache sp. nov.,13,individuals,log × taxon,INCLUDE,,,,,,,,,,,,,,,cherisse.persad@gmail.com
SRC0252,521,EVT1133,VIS00229,MC23_L-W-21,Niomache sp. nov.,27,individuals,log × taxon,INCLUDE,,,,,,,,,,,,,,,cherisse.persad@gmail.com
SRC0252,522,EVT1133,VIS00229,MC23_L-W-22,Niomache sp. nov.,15,individuals,log × taxon,INCLUDE,,,,,,,,,,,,,,,cherisse.persad@gmail.com
SRC0252,523,EVT1133,VIS00229,MC23_L-W-25,Niomache sp. nov.,10,individuals,log × taxon,INCLUDE,,,,,,,,,,,,,,,cherisse.persad@gmail.com
SRC0252,524,EVT1133,VIS00229,MC23_L-W-28,Niomache sp. nov.,42,individuals,log × taxon,INCLUDE,,,,,,,,,,,,,,,cherisse.persad@gmail.com
SRC0252,525,EVT1133,VIS00229,MC23_L-W-34,Niomache sp. nov.,9,individuals,log × taxon,INCLUDE,,,,,,,,,,,,,,,cherisse.persad@gmail.com
SRC0252,526,EVT1133,VIS00229,MC23_L-G-1,Prionospio sp. nov.,7,individuals,log × taxon,INCLUDE,,,,,,,,,,,,,,,cherisse.persad@gmail.com
SRC0252,527,EVT1133,VIS00229,MC23_L-G-4,Prionospio sp. nov.,2,individuals,log × taxon,INCLUDE,,,,,,,,,,,,,,,cherisse.persad@gmail.com
SRC0252,528,EVT1133,VIS00229,MC23_L-G-7,Prionospio sp. nov.,5,individuals,log × taxon,INCLUDE,,,,,,,,,,,,,,,cherisse.persad@gmail.com
SRC0252,529,EVT1133,VIS00229,MC23_L-G-13,Prionospio sp. nov.,5,individuals,log × taxon,INCLUDE,,,,,,,,,,,,,,,cherisse.persad@gmail.com
SRC0252,530,EVT1133,VIS00229,MC23_L-G-19,Prionospio sp. nov.,11,individuals,log × taxon,INCLUDE,,,,,,,,,,,,,,,cherisse.persad@gmail.com
SRC0252,531,EVT1133,VIS00229,MC23_L-G-22,Prionospio sp. nov.,21,individuals,log × taxon,INCLUDE,,,,,,,,,,,,,,,cherisse.persad@gmail.com
SRC0252,532,EVT1133,VIS00229,MC23_L-G-25,Prionospio sp. nov.,11,individuals,log × taxon,INCLUDE,,,,,,,,,,,,,,,cherisse.persad@gmail.com
SRC0252,533,EVT1133,VIS00229,MC23_L-G-26,Prionospio sp. nov.,40,individuals,log × taxon,INCLUDE,,,,,,,,,,,,,,,cherisse.persad@gmail.com
SRC0252,534,EVT1133,VIS00229,MC23_L-G-31,Prionospio sp. nov.,2,individuals,log × taxon,INCLUDE,,,,,,,,,,,,,,,cherisse.persad@gmail.com
SRC0252,535,EVT1133,VIS00229,MC23_L-G-34,Prionospio sp. nov.,32,individuals,log × taxon,INCLUDE,,,,,,,,,,,,,,,cherisse.persad@gmail.com
SRC0252,536,EVT1133,VIS00229,MC23_L-W-4,Prionospio sp. nov.,8,individuals,log × taxon,INCLUDE,,,,,,,,,,,,,,,cherisse.persad@gmail.com
SRC0252,537,EVT1133,VIS00229,MC23_L-W-7,Prionospio sp. nov.,1,individuals,log × taxon,INCLUDE,,,,,,,,,,,,,,,cherisse.persad@gmail.com
SRC0252,538,EVT1133,VIS00229,MC23_L-W-10,Prionospio sp. nov.,5,individuals,log × taxon,INCLUDE,,,,,,,,,,,,,,,cherisse.persad@gmail.com
SRC0252,539,EVT1133,VIS00229,MC23_L-W-13,Prionospio sp. nov.,11,individuals,log × taxon,INCLUDE,,,,,,,,,,,,,,,cherisse.persad@gmail.com
SRC0252,540,EVT1133,VIS00229,MC23_L-W-16,Prionospio sp. nov.,39,individuals,log × taxon,INCLUDE,,,,,,,,,,,,,,,cherisse.persad@gmail.com
SRC0252,541,EVT1133,VIS00229,MC23_L-W-19,Prionospio sp. nov.,5,individuals,log × taxon,INCLUDE,,,,,,,,,,,,,,,cherisse.persad@gmail.com
SRC0252,542,EVT1133,VIS00229,MC23_L-W-21,Prionospio sp. nov.,13,individuals,log × taxon,INCLUDE,,,,,,,,,,,,,,,cherisse.persad@gmail.com
SRC0252,543,EVT1133,VIS00229,MC23_L-W-22,Prionospio sp. nov.,5,individuals,log × taxon,INCLUDE,,,,,,,,,,,,,,,cherisse.persad@gmail.com
SRC0252,544,EVT1133,VIS00229,MC23_L-W-25,Prionospio sp. nov.,14,individuals,log × taxon,INCLUDE,,,,,,,,,,,,,,,cherisse.persad@gmail.com
SRC0252,545,EVT1133,VIS00229,MC23_L-W-28,Prionospio sp. nov.,4,individuals,log × taxon,INCLUDE,,,,,,,,,,,,,,,cherisse.persad@gmail.com
SRC0252,546,EVT1133,VIS00229,MC23_L-W-34,Prionospio sp. nov.,68,individuals,log × taxon,INCLUDE,,,,,,,,,,,,,,,cherisse.persad@gmail.com
SRC0252,547,EVT1133,VIS00229,MC23_L-G-1,Polychaeta [poly-20],36,individuals,log × taxon,INCLUDE,,,,,,,,,,,,,,,cherisse.persad@gmail.com
SRC0252,548,EVT1133,VIS00229,MC23_L-G-4,Polychaeta [poly-20],17,individuals,log × taxon,INCLUDE,,,,,,,,,,,,,,,cherisse.persad@gmail.com
SRC0252,549,EVT1133,VIS00229,MC23_L-G-7,Polychaeta [poly-20],22,individuals,log × taxon,INCLUDE,,,,,,,,,,,,,,,cherisse.persad@gmail.com
SRC0252,550,EVT1133,VIS00229,MC23_L-G-10,Polychaeta [poly-20],2,individuals,log × taxon,INCLUDE,,,,,,,,,,,,,,,cherisse.persad@gmail.com
SRC0252,551,EVT1133,VIS00229,MC23_L-G-13,Polychaeta [poly-20],21,individuals,log × taxon,INCLUDE,,,,,,,,,,,,,,,cherisse.persad@gmail.com
SRC0252,552,EVT1133,VIS00229,MC23_L-G-16,Polychaeta [poly-20],5,individuals,log × taxon,INCLUDE,,,,,,,,,,,,,,,cherisse.persad@gmail.com
SRC0252,553,EVT1133,VIS00229,MC23_L-G-19,Polychaeta [poly-20],86,individuals,log × taxon,INCLUDE,,,,,,,,,,,,,,,cherisse.persad@gmail.com
SRC0252,554,EVT1133,VIS00229,MC23_L-G-22,Polychaeta [poly-20],68,individuals,log × taxon,INCLUDE,,,,,,,,,,,,,,,cherisse.persad@gmail.com
SRC0252,555,EVT1133,VIS00229,MC23_L-G-25,Polychaeta [poly-20],54,individuals,log × taxon,INCLUDE,,,,,,,,,,,,,,,cherisse.persad@gmail.com
SRC0252,556,EVT1133,VIS00229,MC23_L-G-26,Polychaeta [poly-20],88,individuals,log × taxon,INCLUDE,,,,,,,,,,,,,,,cherisse.persad@gmail.com
SRC0252,557,EVT1133,VIS00229,MC23_L-G-31,Polychaeta [poly-20],10,individuals,log × taxon,INCLUDE,,,,,,,,,,,,,,,cherisse.persad@gmail.com
SRC0252,558,EVT1133,VIS00229,MC23_L-G-34,Polychaeta [poly-20],38,individuals,log × taxon,INCLUDE,,,,,,,,,,,,,,,cherisse.persad@gmail.com
SRC0252,559,EVT1133,VIS00229,MC23_L-W-1,Polychaeta [poly-20],4,individuals,log × taxon,INCLUDE,,,,,,,,,,,,,,,cherisse.persad@gmail.com
SRC0252,560,EVT1133,VIS00229,MC23_L-W-4,Polychaeta [poly-20],56,individuals,log × taxon,INCLUDE,,,,,,,,,,,,,,,cherisse.persad@gmail.com
SRC0252,561,EVT1133,VIS00229,MC23_L-W-7,Polychaeta [poly-20],40,individuals,log × taxon,INCLUDE,,,,,,,,,,,,,,,cherisse.persad@gmail.com
SRC0252,562,EVT1133,VIS00229,MC23_L-W-10,Polychaeta [poly-20],22,individuals,log × taxon,INCLUDE,,,,,,,,,,,,,,,cherisse.persad@gmail.com
SRC0252,563,EVT1133,VIS00229,MC23_L-W-13,Polychaeta [poly-20],36,individuals,log × taxon,INCLUDE,,,,,,,,,,,,,,,cherisse.persad@gmail.com
SRC0252,564,EVT1133,VIS00229,MC23_L-W-16,Polychaeta [poly-20],46,individuals,log × taxon,INCLUDE,,,,,,,,,,,,,,,cherisse.persad@gmail.com
SRC0252,565,EVT1133,VIS00229,MC23_L-W-19,Polychaeta [poly-20],21,individuals,log × taxon,INCLUDE,,,,,,,,,,,,,,,cherisse.persad@gmail.com
SRC0252,566,EVT1133,VIS00229,MC23_L-W-21,Polychaeta [poly-20],46,individuals,log × taxon,INCLUDE,,,,,,,,,,,,,,,cherisse.persad@gmail.com
SRC0252,567,EVT1133,VIS00229,MC23_L-W-22,Polychaeta [poly-20],15,individuals,log × taxon,INCLUDE,,,,,,,,,,,,,,,cherisse.persad@gmail.com
SRC0252,568,EVT1133,VIS00229,MC23_L-W-25,Polychaeta [poly-20],27,individuals,log × taxon,INCLUDE,,,,,,,,,,,,,,,cherisse.persad@gmail.com
SRC0252,569,EVT1133,VIS00229,MC23_L-W-28,Polychaeta [poly-20],44,individuals,log × taxon,INCLUDE,,,,,,,,,,,,,,,cherisse.persad@gmail.com
SRC0252,570,EVT1133,VIS00229,MC23_L-W-34,Polychaeta [poly-20],52,individuals,log × taxon,INCLUDE,,,,,,,,,,,,,,,cherisse.persad@gmail.com
SRC0252,571,EVT1133,VIS00229,MC23_L-G-1,Leucia sp. cf. violacea,11,individuals,log × taxon,INCLUDE,,,,,,,,,,,,,,,cherisse.persad@gmail.com
SRC0252,572,EVT1133,VIS00229,MC23_L-G-4,Leucia sp. cf. violacea,14,individuals,log × taxon,INCLUDE,,,,,,,,,,,,,,,cherisse.persad@gmail.com
SRC0252,573,EVT1133,VIS00229,MC23_L-G-7,Leucia sp. cf. violacea,16,individuals,log × taxon,INCLUDE,,,,,,,,,,,,,,,cherisse.persad@gmail.com
SRC0252,574,EVT1133,VIS00229,MC23_L-G-10,Leucia sp. cf. violacea,5,individuals,log × taxon,INCLUDE,,,,,,,,,,,,,,,cherisse.persad@gmail.com
SRC0252,575,EVT1133,VIS00229,MC23_L-G-13,Leucia sp. cf. violacea,16,individuals,log × taxon,INCLUDE,,,,,,,,,,,,,,,cherisse.persad@gmail.com
SRC0252,576,EVT1133,VIS00229,MC23_L-G-16,Leucia sp. cf. violacea,5,individuals,log × taxon,INCLUDE,,,,,,,,,,,,,,,cherisse.persad@gmail.com
SRC0252,577,EVT1133,VIS00229,MC23_L-G-19,Leucia sp. cf. violacea,18,individuals,log × taxon,INCLUDE,,,,,,,,,,,,,,,cherisse.persad@gmail.com
SRC0252,578,EVT1133,VIS00229,MC23_L-G-22,Leucia sp. cf. violacea,14,individuals,log × taxon,INCLUDE,,,,,,,,,,,,,,,cherisse.persad@gmail.com
SRC0252,579,EVT1133,VIS00229,MC23_L-G-25,Leucia sp. cf. violacea,22,individuals,log × taxon,INCLUDE,,,,,,,,,,,,,,,cherisse.persad@gmail.com
SRC0252,580,EVT1133,VIS00229,MC23_L-G-26,Leucia sp. cf. violacea,13,individuals,log × taxon,INCLUDE,,,,,,,,,,,,,,,cherisse.persad@gmail.com
SRC0252,581,EVT1133,VIS00229,MC23_L-G-31,Leucia sp. cf. violacea,8,individuals,log × taxon,INCLUDE,,,,,,,,,,,,,,,cherisse.persad@gmail.com
SRC0252,582,EVT1133,VIS00229,MC23_L-G-34,Leucia sp. cf. violacea,33,individuals,log × taxon,INCLUDE,,,,,,,,,,,,,,,cherisse.persad@gmail.com
SRC0252,583,EVT1133,VIS00229,MC23_L-W-4,Leucia sp. cf. violacea,7,individuals,log × taxon,INCLUDE,,,,,,,,,,,,,,,cherisse.persad@gmail.com
SRC0252,584,EVT1133,VIS00229,MC23_L-W-7,Leucia sp. cf. violacea,13,individuals,log × taxon,INCLUDE,,,,,,,,,,,,,,,cherisse.persad@gmail.com
SRC0252,585,EVT1133,VIS00229,MC23_L-W-10,Leucia sp. cf. violacea,19,individuals,log × taxon,INCLUDE,,,,,,,,,,,,,,,cherisse.persad@gmail.com
SRC0252,586,EVT1133,VIS00229,MC23_L-W-13,Leucia sp. cf. violacea,7,individuals,log × taxon,INCLUDE,,,,,,,,,,,,,,,cherisse.persad@gmail.com
SRC0252,587,EVT1133,VIS00229,MC23_L-W-16,Leucia sp. cf. violacea,8,individuals,log × taxon,INCLUDE,,,,,,,,,,,,,,,cherisse.persad@gmail.com
SRC0252,588,EVT1133,VIS00229,MC23_L-W-19,Leucia sp. cf. violacea,13,individuals,log × taxon,INCLUDE,,,,,,,,,,,,,,,cherisse.persad@gmail.com
SRC0252,589,EVT1133,VIS00229,MC23_L-W-21,Leucia sp. cf. violacea,10,individuals,log × taxon,INCLUDE,,,,,,,,,,,,,,,cherisse.persad@gmail.com
SRC0252,590,EVT1133,VIS00229,MC23_L-W-22,Leucia sp. cf. violacea,2,individuals,log × taxon,INCLUDE,,,,,,,,,,,,,,,cherisse.persad@gmail.com
SRC0252,591,EVT1133,VIS00229,MC23_L-W-25,Leucia sp. cf. violacea,3,individuals,log × taxon,INCLUDE,,,,,,,,,,,,,,,cherisse.persad@gmail.com
SRC0252,592,EVT1133,VIS00229,MC23_L-W-28,Leucia sp. cf. violacea,8,individuals,log × taxon,INCLUDE,,,,,,,,,,,,,,,cherisse.persad@gmail.com
SRC0252,593,EVT1133,VIS00229,MC23_L-W-34,Leucia sp. cf. violacea,21,individuals,log × taxon,INCLUDE,,,,,,,,,,,,,,,cherisse.persad@gmail.com
SRC0252,594,EVT1133,VIS00229,MC23_L-G-1,Sige sp.,6,individuals,log × taxon,INCLUDE,,,,,,,,,,,,,,,cherisse.persad@gmail.com
SRC0252,595,EVT1133,VIS00229,MC23_L-G-4,Sige sp.,3,individuals,log × taxon,INCLUDE,,,,,,,,,,,,,,,cherisse.persad@gmail.com
SRC0252,596,EVT1133,VIS00229,MC23_L-G-7,Sige sp.,1,individuals,log × taxon,INCLUDE,,,,,,,,,,,,,,,cherisse.persad@gmail.com
SRC0252,597,EVT1133,VIS00229,MC23_L-G-10,Sige sp.,1,individuals,log × taxon,INCLUDE,,,,,,,,,,,,,,,cherisse.persad@gmail.com
SRC0252,598,EVT1133,VIS00229,MC23_L-G-13,Sige sp.,7,individuals,log × taxon,INCLUDE,,,,,,,,,,,,,,,cherisse.persad@gmail.com
SRC0252,599,EVT1133,VIS00229,MC23_L-G-16,Sige sp.,8,individuals,log × taxon,INCLUDE,,,,,,,,,,,,,,,cherisse.persad@gmail.com
SRC0252,600,EVT1133,VIS00229,MC23_L-G-19,Sige sp.,11,individuals,log × taxon,INCLUDE,,,,,,,,,,,,,,,cherisse.persad@gmail.com
SRC0252,601,EVT1133,VIS00229,MC23_L-G-22,Sige sp.,12,individuals,log × taxon,INCLUDE,,,,,,,,,,,,,,,cherisse.persad@gmail.com
SRC0252,602,EVT1133,VIS00229,MC23_L-G-25,Sige sp.,12,individuals,log × taxon,INCLUDE,,,,,,,,,,,,,,,cherisse.persad@gmail.com
SRC0252,603,EVT1133,VIS00229,MC23_L-G-26,Sige sp.,10,individuals,log × taxon,INCLUDE,,,,,,,,,,,,,,,cherisse.persad@gmail.com
SRC0252,604,EVT1133,VIS00229,MC23_L-G-31,Sige sp.,1,individuals,log × taxon,INCLUDE,,,,,,,,,,,,,,,cherisse.persad@gmail.com
SRC0252,605,EVT1133,VIS00229,MC23_L-G-34,Sige sp.,19,individuals,log × taxon,INCLUDE,,,,,,,,,,,,,,,cherisse.persad@gmail.com
SRC0252,606,EVT1133,VIS00229,MC23_L-W-4,Sige sp.,3,individuals,log × taxon,INCLUDE,,,,,,,,,,,,,,,cherisse.persad@gmail.com
SRC0252,607,EVT1133,VIS00229,MC23_L-W-7,Sige sp.,5,individuals,log × taxon,INCLUDE,,,,,,,,,,,,,,,cherisse.persad@gmail.com
SRC0252,608,EVT1133,VIS00229,MC23_L-W-10,Sige sp.,2,individuals,log × taxon,INCLUDE,,,,,,,,,,,,,,,cherisse.persad@gmail.com
SRC0252,609,EVT1133,VIS00229,MC23_L-W-13,Sige sp.,12,individuals,log × taxon,INCLUDE,,,,,,,,,,,,,,,cherisse.persad@gmail.com
SRC0252,610,EVT1133,VIS00229,MC23_L-W-16,Sige sp.,8,individuals,log × taxon,INCLUDE,,,,,,,,,,,,,,,cherisse.persad@gmail.com
SRC0252,611,EVT1133,VIS00229,MC23_L-W-19,Sige sp.,5,individuals,log × taxon,INCLUDE,,,,,,,,,,,,,,,cherisse.persad@gmail.com
SRC0252,612,EVT1133,VIS00229,MC23_L-W-21,Sige sp.,1,individuals,log × taxon,INCLUDE,,,,,,,,,,,,,,,cherisse.persad@gmail.com
SRC0252,613,EVT1133,VIS00229,MC23_L-W-22,Sige sp.,1,individuals,log × taxon,INCLUDE,,,,,,,,,,,,,,,cherisse.persad@gmail.com
SRC0252,614,EVT1133,VIS00229,MC23_L-W-25,Sige sp.,1,individuals,log × taxon,INCLUDE,,,,,,,,,,,,,,,cherisse.persad@gmail.com
SRC0252,615,EVT1133,VIS00229,MC23_L-W-28,Sige sp.,3,individuals,log × taxon,INCLUDE,,,,,,,,,,,,,,,cherisse.persad@gmail.com
SRC0252,616,EVT1133,VIS00229,MC23_L-W-34,Sige sp.,7,individuals,log × taxon,INCLUDE,,,,,,,,,,,,,,,cherisse.persad@gmail.com
SRC0252,617,EVT1133,VIS00229,MC23_L-G-7,Polychaeta [poly-26],1,individuals,log × taxon,INCLUDE,,,,,,,,,,,,,,,cherisse.persad@gmail.com
SRC0252,618,EVT1133,VIS00229,MC23_L-G-19,Polychaeta [poly-26],1,individuals,log × taxon,INCLUDE,,,,,,,,,,,,,,,cherisse.persad@gmail.com
SRC0252,619,EVT1133,VIS00229,MC23_L-G-22,Polychaeta [poly-26],2,individuals,log × taxon,INCLUDE,,,,,,,,,,,,,,,cherisse.persad@gmail.com
SRC0252,620,EVT1133,VIS00229,MC23_L-G-25,Polychaeta [poly-26],11,individuals,log × taxon,INCLUDE,,,,,,,,,,,,,,,cherisse.persad@gmail.com
SRC0252,621,EVT1133,VIS00229,MC23_L-W-4,Polychaeta [poly-26],6,individuals,log × taxon,INCLUDE,,,,,,,,,,,,,,,cherisse.persad@gmail.com
SRC0252,622,EVT1133,VIS00229,MC23_L-W-7,Polychaeta [poly-26],9,individuals,log × taxon,INCLUDE,,,,,,,,,,,,,,,cherisse.persad@gmail.com
SRC0252,623,EVT1133,VIS00229,MC23_L-W-10,Polychaeta [poly-26],2,individuals,log × taxon,INCLUDE,,,,,,,,,,,,,,,cherisse.persad@gmail.com
SRC0252,624,EVT1133,VIS00229,MC23_L-W-13,Polychaeta [poly-26],3,individuals,log × taxon,INCLUDE,,,,,,,,,,,,,,,cherisse.persad@gmail.com
SRC0252,625,EVT1133,VIS00229,MC23_L-W-19,Polychaeta [poly-26],2,individuals,log × taxon,INCLUDE,,,,,,,,,,,,,,,cherisse.persad@gmail.com
SRC0252,626,EVT1133,VIS00229,MC23_L-W-21,Polychaeta [poly-26],3,individuals,log × taxon,INCLUDE,,,,,,,,,,,,,,,cherisse.persad@gmail.com
SRC0252,627,EVT1133,VIS00229,MC23_L-W-25,Polychaeta [poly-26],4,individuals,log × taxon,INCLUDE,,,,,,,,,,,,,,,cherisse.persad@gmail.com
SRC0252,628,EVT1133,VIS00229,MC23_L-W-28,Polychaeta [poly-26],2,individuals,log × taxon,INCLUDE,,,,,,,,,,,,,,,cherisse.persad@gmail.com
SRC0252,629,EVT1133,VIS00229,MC23_L-W-34,Polychaeta [poly-26],4,individuals,log × taxon,INCLUDE,,,,,,,,,,,,,,,cherisse.persad@gmail.com
SRC0252,630,EVT1133,VIS00229,MC23_L-G-1,Polychaeta [poly-29],1,individuals,log × taxon,INCLUDE,,,,,,,,,,,,,,,cherisse.persad@gmail.com
SRC0252,631,EVT1133,VIS00229,MC23_L-W-4,Polychaeta [poly-29],2,individuals,log × taxon,INCLUDE,,,,,,,,,,,,,,,cherisse.persad@gmail.com
SRC0252,632,EVT1133,VIS00229,MC23_L-W-7,Polychaeta [poly-29],1,individuals,log × taxon,INCLUDE,,,,,,,,,,,,,,,cherisse.persad@gmail.com
SRC0252,633,EVT1133,VIS00229,MC23_L-W-16,Polychaeta [poly-29],1,individuals,log × taxon,INCLUDE,,,,,,,,,,,,,,,cherisse.persad@gmail.com
SRC0252,634,EVT1133,VIS00229,MC23_L-W-21,Polychaeta [poly-29],1,individuals,log × taxon,INCLUDE,,,,,,,,,,,,,,,cherisse.persad@gmail.com
SRC0252,635,EVT1133,VIS00229,MC23_L-W-22,Polychaeta [poly-29],2,individuals,log × taxon,INCLUDE,,,,,,,,,,,,,,,cherisse.persad@gmail.com
SRC0252,636,EVT1133,VIS00229,MC23_L-W-34,Polychaeta [poly-29],2,individuals,log × taxon,INCLUDE,,,,,,,,,,,,,,,cherisse.persad@gmail.com
SRC0252,637,EVT1133,VIS00229,MC23_L-W-34,Polychaeta [poly-31],1,individuals,log × taxon,INCLUDE,,,,,,,,,,,,,,,cherisse.persad@gmail.com
SRC0252,638,EVT1133,VIS00229,MC23_L-G-4,poly-45,1,individuals,log × taxon,INCLUDE,,,,,,,,,,,,,,,cherisse.persad@gmail.com
SRC0252,639,EVT1133,VIS00229,MC23_L-G-31,poly-45,2,individuals,log × taxon,INCLUDE,,,,,,,,,,,,,,,cherisse.persad@gmail.com
SRC0252,640,EVT1133,VIS00229,MC23_L-G-1,Ophryotrocha sp. nov.,48,individuals,log × taxon,INCLUDE,,,,,,,,,,,,,,,cherisse.persad@gmail.com
SRC0252,641,EVT1133,VIS00229,MC23_L-G-7,Ophryotrocha sp. nov.,15,individuals,log × taxon,INCLUDE,,,,,,,,,,,,,,,cherisse.persad@gmail.com
SRC0252,642,EVT1133,VIS00229,MC23_L-G-13,Ophryotrocha sp. nov.,11,individuals,log × taxon,INCLUDE,,,,,,,,,,,,,,,cherisse.persad@gmail.com
SRC0252,643,EVT1133,VIS00229,MC23_L-G-19,Ophryotrocha sp. nov.,106,individuals,log × taxon,INCLUDE,,,,,,,,,,,,,,,cherisse.persad@gmail.com
SRC0252,644,EVT1133,VIS00229,MC23_L-G-22,Ophryotrocha sp. nov.,41,individuals,log × taxon,INCLUDE,,,,,,,,,,,,,,,cherisse.persad@gmail.com
SRC0252,645,EVT1133,VIS00229,MC23_L-G-25,Ophryotrocha sp. nov.,47,individuals,log × taxon,INCLUDE,,,,,,,,,,,,,,,cherisse.persad@gmail.com
SRC0252,646,EVT1133,VIS00229,MC23_L-G-26,Ophryotrocha sp. nov.,86,individuals,log × taxon,INCLUDE,,,,,,,,,,,,,,,cherisse.persad@gmail.com
SRC0252,647,EVT1133,VIS00229,MC23_L-G-31,Ophryotrocha sp. nov.,16,individuals,log × taxon,INCLUDE,,,,,,,,,,,,,,,cherisse.persad@gmail.com
SRC0252,648,EVT1133,VIS00229,MC23_L-G-34,Ophryotrocha sp. nov.,4,individuals,log × taxon,INCLUDE,,,,,,,,,,,,,,,cherisse.persad@gmail.com
SRC0252,649,EVT1133,VIS00229,MC23_L-W-4,Ophryotrocha sp. nov.,22,individuals,log × taxon,INCLUDE,,,,,,,,,,,,,,,cherisse.persad@gmail.com
SRC0252,650,EVT1133,VIS00229,MC23_L-W-7,Ophryotrocha sp. nov.,93,individuals,log × taxon,INCLUDE,,,,,,,,,,,,,,,cherisse.persad@gmail.com
SRC0252,651,EVT1133,VIS00229,MC23_L-W-10,Ophryotrocha sp. nov.,31,individuals,log × taxon,INCLUDE,,,,,,,,,,,,,,,cherisse.persad@gmail.com
SRC0252,652,EVT1133,VIS00229,MC23_L-W-13,Ophryotrocha sp. nov.,39,individuals,log × taxon,INCLUDE,,,,,,,,,,,,,,,cherisse.persad@gmail.com
SRC0252,653,EVT1133,VIS00229,MC23_L-W-16,Ophryotrocha sp. nov.,38,individuals,log × taxon,INCLUDE,,,,,,,,,,,,,,,cherisse.persad@gmail.com
SRC0252,654,EVT1133,VIS00229,MC23_L-W-19,Ophryotrocha sp. nov.,34,individuals,log × taxon,INCLUDE,,,,,,,,,,,,,,,cherisse.persad@gmail.com
SRC0252,655,EVT1133,VIS00229,MC23_L-W-21,Ophryotrocha sp. nov.,120,individuals,log × taxon,INCLUDE,,,,,,,,,,,,,,,cherisse.persad@gmail.com
SRC0252,656,EVT1133,VIS00229,MC23_L-W-22,Ophryotrocha sp. nov.,24,individuals,log × taxon,INCLUDE,,,,,,,,,,,,,,,cherisse.persad@gmail.com
SRC0252,657,EVT1133,VIS00229,MC23_L-W-25,Ophryotrocha sp. nov.,62,individuals,log × taxon,INCLUDE,,,,,,,,,,,,,,,cherisse.persad@gmail.com
SRC0252,658,EVT1133,VIS00229,MC23_L-W-28,Ophryotrocha sp. nov.,44,individuals,log × taxon,INCLUDE,,,,,,,,,,,,,,,cherisse.persad@gmail.com
SRC0252,659,EVT1133,VIS00229,MC23_L-W-34,Ophryotrocha sp. nov.,134,individuals,log × taxon,INCLUDE,,,,,,,,,,,,,,,cherisse.persad@gmail.com
SRC0252,660,EVT1133,VIS00229,MC23_L-G-1,Polychaeta [poly-51],16,individuals,log × taxon,INCLUDE,,,,,,,,,,,,,,,cherisse.persad@gmail.com
SRC0252,661,EVT1133,VIS00229,MC23_L-G-4,Polychaeta [poly-51],2,individuals,log × taxon,INCLUDE,,,,,,,,,,,,,,,cherisse.persad@gmail.com
SRC0252,662,EVT1133,VIS00229,MC23_L-G-7,Polychaeta [poly-51],4,individuals,log × taxon,INCLUDE,,,,,,,,,,,,,,,cherisse.persad@gmail.com
SRC0252,663,EVT1133,VIS00229,MC23_L-G-13,Polychaeta [poly-51],30,individuals,log × taxon,INCLUDE,,,,,,,,,,,,,,,cherisse.persad@gmail.com
SRC0252,664,EVT1133,VIS00229,MC23_L-G-16,Polychaeta [poly-51],7,individuals,log × taxon,INCLUDE,,,,,,,,,,,,,,,cherisse.persad@gmail.com
SRC0252,665,EVT1133,VIS00229,MC23_L-G-19,Polychaeta [poly-51],12,individuals,log × taxon,INCLUDE,,,,,,,,,,,,,,,cherisse.persad@gmail.com
SRC0252,666,EVT1133,VIS00229,MC23_L-G-22,Polychaeta [poly-51],21,individuals,log × taxon,INCLUDE,,,,,,,,,,,,,,,cherisse.persad@gmail.com
SRC0252,667,EVT1133,VIS00229,MC23_L-G-25,Polychaeta [poly-51],33,individuals,log × taxon,INCLUDE,,,,,,,,,,,,,,,cherisse.persad@gmail.com
SRC0252,668,EVT1133,VIS00229,MC23_L-G-26,Polychaeta [poly-51],18,individuals,log × taxon,INCLUDE,,,,,,,,,,,,,,,cherisse.persad@gmail.com
SRC0252,669,EVT1133,VIS00229,MC23_L-G-31,Polychaeta [poly-51],5,individuals,log × taxon,INCLUDE,,,,,,,,,,,,,,,cherisse.persad@gmail.com
SRC0252,670,EVT1133,VIS00229,MC23_L-G-34,Polychaeta [poly-51],2,individuals,log × taxon,INCLUDE,,,,,,,,,,,,,,,cherisse.persad@gmail.com
SRC0252,671,EVT1133,VIS00229,MC23_L-W-4,Polychaeta [poly-51],10,individuals,log × taxon,INCLUDE,,,,,,,,,,,,,,,cherisse.persad@gmail.com
SRC0252,672,EVT1133,VIS00229,MC23_L-W-7,Polychaeta [poly-51],14,individuals,log × taxon,INCLUDE,,,,,,,,,,,,,,,cherisse.persad@gmail.com
SRC0252,673,EVT1133,VIS00229,MC23_L-W-10,Polychaeta [poly-51],1,individuals,log × taxon,INCLUDE,,,,,,,,,,,,,,,cherisse.persad@gmail.com
SRC0252,674,EVT1133,VIS00229,MC23_L-W-13,Polychaeta [poly-51],11,individuals,log × taxon,INCLUDE,,,,,,,,,,,,,,,cherisse.persad@gmail.com
SRC0252,675,EVT1133,VIS00229,MC23_L-W-16,Polychaeta [poly-51],15,individuals,log × taxon,INCLUDE,,,,,,,,,,,,,,,cherisse.persad@gmail.com
SRC0252,676,EVT1133,VIS00229,MC23_L-W-19,Polychaeta [poly-51],1,individuals,log × taxon,INCLUDE,,,,,,,,,,,,,,,cherisse.persad@gmail.com
SRC0252,677,EVT1133,VIS00229,MC23_L-W-21,Polychaeta [poly-51],6,individuals,log × taxon,INCLUDE,,,,,,,,,,,,,,,cherisse.persad@gmail.com
SRC0252,678,EVT1133,VIS00229,MC23_L-W-28,Polychaeta [poly-51],5,individuals,log × taxon,INCLUDE,,,,,,,,,,,,,,,cherisse.persad@gmail.com
SRC0252,679,EVT1133,VIS00229,MC23_L-W-34,Polychaeta [poly-51],14,individuals,log × taxon,INCLUDE,,,,,,,,,,,,,,,cherisse.persad@gmail.com
SRC0252,680,EVT1133,VIS00229,MC23_L-G-16,Polychaeta [poly-55],1,individuals,log × taxon,INCLUDE,,,,,,,,,,,,,,,cherisse.persad@gmail.com
SRC0252,681,EVT1133,VIS00229,MC23_L-G-1,Cryptonome sp.,7,individuals,log × taxon,INCLUDE,,,,,,,,,,,,,,,cherisse.persad@gmail.com
SRC0252,682,EVT1133,VIS00229,MC23_L-G-4,Cryptonome sp.,1,individuals,log × taxon,INCLUDE,,,,,,,,,,,,,,,cherisse.persad@gmail.com
SRC0252,683,EVT1133,VIS00229,MC23_L-G-7,Cryptonome sp.,2,individuals,log × taxon,INCLUDE,,,,,,,,,,,,,,,cherisse.persad@gmail.com
SRC0252,684,EVT1133,VIS00229,MC23_L-G-10,Cryptonome sp.,10,individuals,log × taxon,INCLUDE,,,,,,,,,,,,,,,cherisse.persad@gmail.com
SRC0252,685,EVT1133,VIS00229,MC23_L-G-13,Cryptonome sp.,19,individuals,log × taxon,INCLUDE,,,,,,,,,,,,,,,cherisse.persad@gmail.com
SRC0252,686,EVT1133,VIS00229,MC23_L-G-16,Cryptonome sp.,11,individuals,log × taxon,INCLUDE,,,,,,,,,,,,,,,cherisse.persad@gmail.com
SRC0252,687,EVT1133,VIS00229,MC23_L-G-19,Cryptonome sp.,10,individuals,log × taxon,INCLUDE,,,,,,,,,,,,,,,cherisse.persad@gmail.com
SRC0252,688,EVT1133,VIS00229,MC23_L-G-22,Cryptonome sp.,7,individuals,log × taxon,INCLUDE,,,,,,,,,,,,,,,cherisse.persad@gmail.com
SRC0252,689,EVT1133,VIS00229,MC23_L-G-25,Cryptonome sp.,8,individuals,log × taxon,INCLUDE,,,,,,,,,,,,,,,cherisse.persad@gmail.com
SRC0252,690,EVT1133,VIS00229,MC23_L-G-26,Cryptonome sp.,11,individuals,log × taxon,INCLUDE,,,,,,,,,,,,,,,cherisse.persad@gmail.com
SRC0252,691,EVT1133,VIS00229,MC23_L-G-31,Cryptonome sp.,8,individuals,log × taxon,INCLUDE,,,,,,,,,,,,,,,cherisse.persad@gmail.com
SRC0252,692,EVT1133,VIS00229,MC23_L-G-34,Cryptonome sp.,18,individuals,log × taxon,INCLUDE,,,,,,,,,,,,,,,cherisse.persad@gmail.com
SRC0252,693,EVT1133,VIS00229,MC23_L-W-1,Cryptonome sp.,2,individuals,log × taxon,INCLUDE,,,,,,,,,,,,,,,cherisse.persad@gmail.com
SRC0252,694,EVT1133,VIS00229,MC23_L-W-4,Cryptonome sp.,14,individuals,log × taxon,INCLUDE,,,,,,,,,,,,,,,cherisse.persad@gmail.com
SRC0252,695,EVT1133,VIS00229,MC23_L-W-7,Cryptonome sp.,5,individuals,log × taxon,INCLUDE,,,,,,,,,,,,,,,cherisse.persad@gmail.com
SRC0252,696,EVT1133,VIS00229,MC23_L-W-10,Cryptonome sp.,7,individuals,log × taxon,INCLUDE,,,,,,,,,,,,,,,cherisse.persad@gmail.com
SRC0252,697,EVT1133,VIS00229,MC23_L-W-13,Cryptonome sp.,3,individuals,log × taxon,INCLUDE,,,,,,,,,,,,,,,cherisse.persad@gmail.com
SRC0252,698,EVT1133,VIS00229,MC23_L-W-16,Cryptonome sp.,7,individuals,log × taxon,INCLUDE,,,,,,,,,,,,,,,cherisse.persad@gmail.com
SRC0252,699,EVT1133,VIS00229,MC23_L-W-19,Cryptonome sp.,1,individuals,log × taxon,INCLUDE,,,,,,,,,,,,,,,cherisse.persad@gmail.com
SRC0252,700,EVT1133,VIS00229,MC23_L-W-21,Cryptonome sp.,7,individuals,log × taxon,INCLUDE,,,,,,,,,,,,,,,cherisse.persad@gmail.com
SRC0252,701,EVT1133,VIS00229,MC23_L-W-22,Cryptonome sp.,3,individuals,log × taxon,INCLUDE,,,,,,,,,,,,,,,cherisse.persad@gmail.com
SRC0252,702,EVT1133,VIS00229,MC23_L-W-25,Cryptonome sp.,3,individuals,log × taxon,INCLUDE,,,,,,,,,,,,,,,cherisse.persad@gmail.com
SRC0252,703,EVT1133,VIS00229,MC23_L-W-28,Cryptonome sp.,10,individuals,log × taxon,INCLUDE,,,,,,,,,,,,,,,cherisse.persad@gmail.com
SRC0252,704,EVT1133,VIS00229,MC23_L-W-34,Cryptonome sp.,5,individuals,log × taxon,INCLUDE,,,,,,,,,,,,,,,cherisse.persad@gmail.com
SRC0252,705,EVT1133,VIS00229,MC23_L-G-13,Polychaeta [poly-62],2,individuals,log × taxon,INCLUDE,,,,,,,,,,,,,,,cherisse.persad@gmail.com
SRC0252,706,EVT1133,VIS00229,MC23_L-G-22,Polychaeta [poly-62],3,individuals,log × taxon,INCLUDE,,,,,,,,,,,,,,,cherisse.persad@gmail.com
SRC0252,707,EVT1133,VIS00229,MC23_L-G-25,Polychaeta [poly-62],1,individuals,log × taxon,INCLUDE,,,,,,,,,,,,,,,cherisse.persad@gmail.com
SRC0252,708,EVT1133,VIS00229,MC23_L-G-31,Polychaeta [poly-62],1,individuals,log × taxon,INCLUDE,,,,,,,,,,,,,,,cherisse.persad@gmail.com
SRC0252,709,EVT1133,VIS00229,MC23_L-W-34,Polychaeta [poly-62],1,individuals,log × taxon,INCLUDE,,,,,,,,,,,,,,,cherisse.persad@gmail.com
SRC0252,710,EVT1133,VIS00229,MC23_L-G-4,poly-63C,1,individuals,log × taxon,INCLUDE,,,,,,,,,,,,,,,cherisse.persad@gmail.com
SRC0252,711,EVT1133,VIS00229,MC23_L-G-7,poly-63C,3,individuals,log × taxon,INCLUDE,,,,,,,,,,,,,,,cherisse.persad@gmail.com
SRC0252,712,EVT1133,VIS00229,MC23_L-G-10,poly-63C,2,individuals,log × taxon,INCLUDE,,,,,,,,,,,,,,,cherisse.persad@gmail.com
SRC0252,713,EVT1133,VIS00229,MC23_L-G-19,poly-63C,2,individuals,log × taxon,INCLUDE,,,,,,,,,,,,,,,cherisse.persad@gmail.com
SRC0252,714,EVT1133,VIS00229,MC23_L-G-22,poly-63C,4,individuals,log × taxon,INCLUDE,,,,,,,,,,,,,,,cherisse.persad@gmail.com
SRC0252,715,EVT1133,VIS00229,MC23_L-G-25,poly-63C,1,individuals,log × taxon,INCLUDE,,,,,,,,,,,,,,,cherisse.persad@gmail.com
SRC0252,716,EVT1133,VIS00229,MC23_L-G-26,poly-63C,7,individuals,log × taxon,INCLUDE,,,,,,,,,,,,,,,cherisse.persad@gmail.com
SRC0252,717,EVT1133,VIS00229,MC23_L-G-31,poly-63C,2,individuals,log × taxon,INCLUDE,,,,,,,,,,,,,,,cherisse.persad@gmail.com
SRC0252,718,EVT1133,VIS00229,MC23_L-G-34,poly-63C,5,individuals,log × taxon,INCLUDE,,,,,,,,,,,,,,,cherisse.persad@gmail.com
SRC0252,719,EVT1133,VIS00229,MC23_L-W-1,poly-63C,1,individuals,log × taxon,INCLUDE,,,,,,,,,,,,,,,cherisse.persad@gmail.com
SRC0252,720,EVT1133,VIS00229,MC23_L-W-4,poly-63C,1,individuals,log × taxon,INCLUDE,,,,,,,,,,,,,,,cherisse.persad@gmail.com
SRC0252,721,EVT1133,VIS00229,MC23_L-W-13,poly-63C,1,individuals,log × taxon,INCLUDE,,,,,,,,,,,,,,,cherisse.persad@gmail.com
SRC0252,722,EVT1133,VIS00229,MC23_L-W-16,poly-63C,7,individuals,log × taxon,INCLUDE,,,,,,,,,,,,,,,cherisse.persad@gmail.com
SRC0252,723,EVT1133,VIS00229,MC23_L-W-19,poly-63C,5,individuals,log × taxon,INCLUDE,,,,,,,,,,,,,,,cherisse.persad@gmail.com
SRC0252,724,EVT1133,VIS00229,MC23_L-W-21,poly-63C,7,individuals,log × taxon,INCLUDE,,,,,,,,,,,,,,,cherisse.persad@gmail.com
SRC0252,725,EVT1133,VIS00229,MC23_L-W-22,poly-63C,3,individuals,log × taxon,INCLUDE,,,,,,,,,,,,,,,cherisse.persad@gmail.com
SRC0252,726,EVT1133,VIS00229,MC23_L-W-25,poly-63C,8,individuals,log × taxon,INCLUDE,,,,,,,,,,,,,,,cherisse.persad@gmail.com
SRC0252,727,EVT1133,VIS00229,MC23_L-W-28,poly-63C,6,individuals,log × taxon,INCLUDE,,,,,,,,,,,,,,,cherisse.persad@gmail.com
SRC0252,728,EVT1133,VIS00229,MC23_L-W-34,poly-63C,4,individuals,log × taxon,INCLUDE,,,,,,,,,,,,,,,cherisse.persad@gmail.com
SRC0252,729,EVT1133,VIS00229,MC23_L-G-1,Polychaeta [poly-68],2,individuals,log × taxon,INCLUDE,,,,,,,,,,,,,,,cherisse.persad@gmail.com
SRC0252,730,EVT1133,VIS00229,MC23_L-G-7,Polychaeta [poly-68],1,individuals,log × taxon,INCLUDE,,,,,,,,,,,,,,,cherisse.persad@gmail.com
SRC0252,731,EVT1133,VIS00229,MC23_L-G-19,Polychaeta [poly-68],5,individuals,log × taxon,INCLUDE,,,,,,,,,,,,,,,cherisse.persad@gmail.com
SRC0252,732,EVT1133,VIS00229,MC23_L-G-22,Polychaeta [poly-68],5,individuals,log × taxon,INCLUDE,,,,,,,,,,,,,,,cherisse.persad@gmail.com
SRC0252,733,EVT1133,VIS00229,MC23_L-G-25,Polychaeta [poly-68],9,individuals,log × taxon,INCLUDE,,,,,,,,,,,,,,,cherisse.persad@gmail.com
SRC0252,734,EVT1133,VIS00229,MC23_L-G-26,Polychaeta [poly-68],10,individuals,log × taxon,INCLUDE,,,,,,,,,,,,,,,cherisse.persad@gmail.com
SRC0252,735,EVT1133,VIS00229,MC23_L-G-31,Polychaeta [poly-68],2,individuals,log × taxon,INCLUDE,,,,,,,,,,,,,,,cherisse.persad@gmail.com
SRC0252,736,EVT1133,VIS00229,MC23_L-W-1,Polychaeta [poly-68],2,individuals,log × taxon,INCLUDE,,,,,,,,,,,,,,,cherisse.persad@gmail.com
SRC0252,737,EVT1133,VIS00229,MC23_L-W-4,Polychaeta [poly-68],29,individuals,log × taxon,INCLUDE,,,,,,,,,,,,,,,cherisse.persad@gmail.com
SRC0252,738,EVT1133,VIS00229,MC23_L-W-7,Polychaeta [poly-68],48,individuals,log × taxon,INCLUDE,,,,,,,,,,,,,,,cherisse.persad@gmail.com
SRC0252,739,EVT1133,VIS00229,MC23_L-W-10,Polychaeta [poly-68],13,individuals,log × taxon,INCLUDE,,,,,,,,,,,,,,,cherisse.persad@gmail.com
SRC0252,740,EVT1133,VIS00229,MC23_L-W-13,Polychaeta [poly-68],18,individuals,log × taxon,INCLUDE,,,,,,,,,,,,,,,cherisse.persad@gmail.com
SRC0252,741,EVT1133,VIS00229,MC23_L-W-16,Polychaeta [poly-68],63,individuals,log × taxon,INCLUDE,,,,,,,,,,,,,,,cherisse.persad@gmail.com
SRC0252,742,EVT1133,VIS00229,MC23_L-W-19,Polychaeta [poly-68],9,individuals,log × taxon,INCLUDE,,,,,,,,,,,,,,,cherisse.persad@gmail.com
SRC0252,743,EVT1133,VIS00229,MC23_L-W-21,Polychaeta [poly-68],38,individuals,log × taxon,INCLUDE,,,,,,,,,,,,,,,cherisse.persad@gmail.com
SRC0252,744,EVT1133,VIS00229,MC23_L-W-22,Polychaeta [poly-68],14,individuals,log × taxon,INCLUDE,,,,,,,,,,,,,,,cherisse.persad@gmail.com
SRC0252,745,EVT1133,VIS00229,MC23_L-W-28,Polychaeta [poly-68],14,individuals,log × taxon,INCLUDE,,,,,,,,,,,,,,,cherisse.persad@gmail.com
SRC0252,746,EVT1133,VIS00229,MC23_L-W-34,Polychaeta [poly-68],2,individuals,log × taxon,INCLUDE,,,,,,,,,,,,,,,cherisse.persad@gmail.com
SRC0252,747,EVT1133,VIS00229,MC23_L-G-1,Polychaeta [poly-79],1,individuals,log × taxon,INCLUDE,,,,,,,,,,,,,,,cherisse.persad@gmail.com
SRC0252,748,EVT1133,VIS00229,MC23_L-G-1,Macellicephala sp.,13,individuals,log × taxon,INCLUDE,,,,,,,,,,,,,,,cherisse.persad@gmail.com
SRC0252,749,EVT1133,VIS00229,MC23_L-G-7,Macellicephala sp.,2,individuals,log × taxon,INCLUDE,,,,,,,,,,,,,,,cherisse.persad@gmail.com
SRC0252,750,EVT1133,VIS00229,MC23_L-G-19,Macellicephala sp.,6,individuals,log × taxon,INCLUDE,,,,,,,,,,,,,,,cherisse.persad@gmail.com
SRC0252,751,EVT1133,VIS00229,MC23_L-G-22,Macellicephala sp.,4,individuals,log × taxon,INCLUDE,,,,,,,,,,,,,,,cherisse.persad@gmail.com
SRC0252,752,EVT1133,VIS00229,MC23_L-G-25,Macellicephala sp.,5,individuals,log × taxon,INCLUDE,,,,,,,,,,,,,,,cherisse.persad@gmail.com
SRC0252,753,EVT1133,VIS00229,MC23_L-G-26,Macellicephala sp.,5,individuals,log × taxon,INCLUDE,,,,,,,,,,,,,,,cherisse.persad@gmail.com
SRC0252,754,EVT1133,VIS00229,MC23_L-G-31,Macellicephala sp.,3,individuals,log × taxon,INCLUDE,,,,,,,,,,,,,,,cherisse.persad@gmail.com
SRC0252,755,EVT1133,VIS00229,MC23_L-W-4,Macellicephala sp.,15,individuals,log × taxon,INCLUDE,,,,,,,,,,,,,,,cherisse.persad@gmail.com
SRC0252,756,EVT1133,VIS00229,MC23_L-W-7,Macellicephala sp.,15,individuals,log × taxon,INCLUDE,,,,,,,,,,,,,,,cherisse.persad@gmail.com
SRC0252,757,EVT1133,VIS00229,MC23_L-W-13,Macellicephala sp.,29,individuals,log × taxon,INCLUDE,,,,,,,,,,,,,,,cherisse.persad@gmail.com
SRC0252,758,EVT1133,VIS00229,MC23_L-W-16,Macellicephala sp.,12,individuals,log × taxon,INCLUDE,,,,,,,,,,,,,,,cherisse.persad@gmail.com
SRC0252,759,EVT1133,VIS00229,MC23_L-W-21,Macellicephala sp.,18,individuals,log × taxon,INCLUDE,,,,,,,,,,,,,,,cherisse.persad@gmail.com
SRC0252,760,EVT1133,VIS00229,MC23_L-W-25,Macellicephala sp.,6,individuals,log × taxon,INCLUDE,,,,,,,,,,,,,,,cherisse.persad@gmail.com
SRC0252,761,EVT1133,VIS00229,MC23_L-W-28,Macellicephala sp.,1,individuals,log × taxon,INCLUDE,,,,,,,,,,,,,,,cherisse.persad@gmail.com
SRC0252,762,EVT1133,VIS00229,MC23_L-W-34,Macellicephala sp.,3,individuals,log × taxon,INCLUDE,,,,,,,,,,,,,,,cherisse.persad@gmail.com
SRC0252,763,EVT1133,VIS00229,MC23_L-G-7,Eunice sp.,1,individuals,log × taxon,INCLUDE,,,,,,,,,,,,,,,cherisse.persad@gmail.com
SRC0252,764,EVT1133,VIS00229,MC23_L-G-10,Eunice sp.,1,individuals,log × taxon,INCLUDE,,,,,,,,,,,,,,,cherisse.persad@gmail.com
SRC0252,765,EVT1133,VIS00229,MC23_L-W-4,Eunice sp.,2,individuals,log × taxon,INCLUDE,,,,,,,,,,,,,,,cherisse.persad@gmail.com
SRC0252,766,EVT1133,VIS00229,MC23_L-W-16,Eunice sp.,1,individuals,log × taxon,INCLUDE,,,,,,,,,,,,,,,cherisse.persad@gmail.com
SRC0252,767,EVT1133,VIS00229,MC23_L-W-19,Eunice sp.,6,individuals,log × taxon,INCLUDE,,,,,,,,,,,,,,,cherisse.persad@gmail.com
SRC0252,768,EVT1133,VIS00229,MC23_L-W-28,Eunice sp.,2,individuals,log × taxon,INCLUDE,,,,,,,,,,,,,,,cherisse.persad@gmail.com
SRC0252,769,EVT1133,VIS00229,MC23_L-W-34,Eunice sp.,1,individuals,log × taxon,INCLUDE,,,,,,,,,,,,,,,cherisse.persad@gmail.com
SRC0252,770,EVT1133,VIS00229,MC23_L-G-1,Vigtorniella sp. nov.,12,individuals,log × taxon,INCLUDE,,,,,,,,,,,,,,,cherisse.persad@gmail.com
SRC0252,771,EVT1133,VIS00229,MC23_L-G-7,Vigtorniella sp. nov.,6,individuals,log × taxon,INCLUDE,,,,,,,,,,,,,,,cherisse.persad@gmail.com
SRC0252,772,EVT1133,VIS00229,MC23_L-G-19,Vigtorniella sp. nov.,46,individuals,log × taxon,INCLUDE,,,,,,,,,,,,,,,cherisse.persad@gmail.com
SRC0252,773,EVT1133,VIS00229,MC23_L-G-22,Vigtorniella sp. nov.,6,individuals,log × taxon,INCLUDE,,,,,,,,,,,,,,,cherisse.persad@gmail.com
SRC0252,774,EVT1133,VIS00229,MC23_L-G-25,Vigtorniella sp. nov.,14,individuals,log × taxon,INCLUDE,,,,,,,,,,,,,,,cherisse.persad@gmail.com
SRC0252,775,EVT1133,VIS00229,MC23_L-G-26,Vigtorniella sp. nov.,13,individuals,log × taxon,INCLUDE,,,,,,,,,,,,,,,cherisse.persad@gmail.com
SRC0252,776,EVT1133,VIS00229,MC23_L-G-31,Vigtorniella sp. nov.,6,individuals,log × taxon,INCLUDE,,,,,,,,,,,,,,,cherisse.persad@gmail.com
SRC0252,777,EVT1133,VIS00229,MC23_L-G-34,Vigtorniella sp. nov.,4,individuals,log × taxon,INCLUDE,,,,,,,,,,,,,,,cherisse.persad@gmail.com
SRC0252,778,EVT1133,VIS00229,MC23_L-W-4,Vigtorniella sp. nov.,8,individuals,log × taxon,INCLUDE,,,,,,,,,,,,,,,cherisse.persad@gmail.com
SRC0252,779,EVT1133,VIS00229,MC23_L-W-7,Vigtorniella sp. nov.,52,individuals,log × taxon,INCLUDE,,,,,,,,,,,,,,,cherisse.persad@gmail.com
SRC0252,780,EVT1133,VIS00229,MC23_L-W-10,Vigtorniella sp. nov.,21,individuals,log × taxon,INCLUDE,,,,,,,,,,,,,,,cherisse.persad@gmail.com
SRC0252,781,EVT1133,VIS00229,MC23_L-W-13,Vigtorniella sp. nov.,54,individuals,log × taxon,INCLUDE,,,,,,,,,,,,,,,cherisse.persad@gmail.com
SRC0252,782,EVT1133,VIS00229,MC23_L-W-16,Vigtorniella sp. nov.,5,individuals,log × taxon,INCLUDE,,,,,,,,,,,,,,,cherisse.persad@gmail.com
SRC0252,783,EVT1133,VIS00229,MC23_L-W-21,Vigtorniella sp. nov.,94,individuals,log × taxon,INCLUDE,,,,,,,,,,,,,,,cherisse.persad@gmail.com
SRC0252,784,EVT1133,VIS00229,MC23_L-W-22,Vigtorniella sp. nov.,9,individuals,log × taxon,INCLUDE,,,,,,,,,,,,,,,cherisse.persad@gmail.com
SRC0252,785,EVT1133,VIS00229,MC23_L-W-25,Vigtorniella sp. nov.,45,individuals,log × taxon,INCLUDE,,,,,,,,,,,,,,,cherisse.persad@gmail.com
SRC0252,786,EVT1133,VIS00229,MC23_L-W-28,Vigtorniella sp. nov.,12,individuals,log × taxon,INCLUDE,,,,,,,,,,,,,,,cherisse.persad@gmail.com
SRC0252,787,EVT1133,VIS00229,MC23_L-W-34,Vigtorniella sp. nov.,425,individuals,log × taxon,INCLUDE,,,,,,,,,,,,,,,cherisse.persad@gmail.com
SRC0252,788,EVT1133,VIS00229,MC23_L-G-19,Polychaeta [poly-91],1,individuals,log × taxon,INCLUDE,,,,,,,,,,,,,,,cherisse.persad@gmail.com
SRC0252,789,EVT1133,VIS00229,MC23_L-G-22,Polychaeta [poly-91],7,individuals,log × taxon,INCLUDE,,,,,,,,,,,,,,,cherisse.persad@gmail.com
SRC0252,790,EVT1133,VIS00229,MC23_L-G-26,Polychaeta [poly-91],4,individuals,log × taxon,INCLUDE,,,,,,,,,,,,,,,cherisse.persad@gmail.com
SRC0252,791,EVT1133,VIS00229,MC23_L-G-31,Polychaeta [poly-91],2,individuals,log × taxon,INCLUDE,,,,,,,,,,,,,,,cherisse.persad@gmail.com
SRC0252,792,EVT1133,VIS00229,MC23_L-W-4,Polychaeta [poly-91],5,individuals,log × taxon,INCLUDE,,,,,,,,,,,,,,,cherisse.persad@gmail.com
SRC0252,793,EVT1133,VIS00229,MC23_L-W-21,Polychaeta [poly-91],9,individuals,log × taxon,INCLUDE,,,,,,,,,,,,,,,cherisse.persad@gmail.com
SRC0252,794,EVT1133,VIS00229,MC23_L-W-25,Polychaeta [poly-91],5,individuals,log × taxon,INCLUDE,,,,,,,,,,,,,,,cherisse.persad@gmail.com
SRC0252,795,EVT1133,VIS00229,MC23_L-G-19,Polychaeta [poly-94],3,individuals,log × taxon,INCLUDE,,,,,,,,,,,,,,,cherisse.persad@gmail.com
SRC0252,796,EVT1133,VIS00229,MC23_L-G-26,Polychaeta [poly-94],2,individuals,log × taxon,INCLUDE,,,,,,,,,,,,,,,cherisse.persad@gmail.com
SRC0252,797,EVT1133,VIS00229,MC23_L-W-21,Polychaeta [poly-94],1,individuals,log × taxon,INCLUDE,,,,,,,,,,,,,,,cherisse.persad@gmail.com
SRC0252,798,EVT1133,VIS00229,MC23_L-W-16,Polychaeta [poly-95],6,individuals,log × taxon,INCLUDE,,,,,,,,,,,,,,,cherisse.persad@gmail.com
SRC0252,799,EVT1133,VIS00229,MC23_L-W-34,Polychaeta [poly-95],1,individuals,log × taxon,INCLUDE,,,,,,,,,,,,,,,cherisse.persad@gmail.com
SRC0252,800,EVT1133,VIS00229,MC23_L-G-1,Acrocirrus or Macrochaeta,1,individuals,log × taxon,INCLUDE,,,,,,,,,,,,,,,cherisse.persad@gmail.com
SRC0252,801,EVT1133,VIS00229,MC23_L-W-34,Acrocirrus or Macrochaeta,1,individuals,log × taxon,INCLUDE,,,,,,,,,,,,,,,cherisse.persad@gmail.com
SRC0252,802,EVT1133,VIS00229,MC23_L-G-19,Polychaeta [poly-97],1,individuals,log × taxon,INCLUDE,,,,,,,,,,,,,,,cherisse.persad@gmail.com
SRC0252,803,EVT1133,VIS00229,MC23_L-G-16,Aonides sp.,5,individuals,log × taxon,INCLUDE,,,,,,,,,,,,,,,cherisse.persad@gmail.com
SRC0252,804,EVT1133,VIS00229,MC23_L-W-1,Aonides sp.,1,individuals,log × taxon,INCLUDE,,,,,,,,,,,,,,,cherisse.persad@gmail.com
SRC0252,805,EVT1133,VIS00229,MC23_L-W-19,Aonides sp.,1,individuals,log × taxon,INCLUDE,,,,,,,,,,,,,,,cherisse.persad@gmail.com
SRC0252,806,EVT1133,VIS00229,MC23_L-W-34,Aonides sp.,6,individuals,log × taxon,INCLUDE,,,,,,,,,,,,,,,cherisse.persad@gmail.com
SRC0252,807,EVT1133,VIS00229,MC23_L-W-13,poly-int,13,individuals,log × taxon,INCLUDE,,,,,,,,,,,,,,,cherisse.persad@gmail.com
SRC0252,808,EVT1133,VIS00229,MC23_L-W-16,poly-int,15,individuals,log × taxon,INCLUDE,,,,,,,,,,,,,,,cherisse.persad@gmail.com
SRC0252,809,EVT1133,VIS00229,MC23_L-W-21,poly-int,17,individuals,log × taxon,INCLUDE,,,,,,,,,,,,,,,cherisse.persad@gmail.com
SRC0252,810,EVT1133,VIS00229,MC23_L-W-22,poly-int,5,individuals,log × taxon,INCLUDE,,,,,,,,,,,,,,,cherisse.persad@gmail.com
SRC0252,811,EVT1133,VIS00229,MC23_L-W-25,poly-int,2,individuals,log × taxon,INCLUDE,,,,,,,,,,,,,,,cherisse.persad@gmail.com
SRC0252,812,EVT1133,VIS00229,MC23_L-W-28,poly-int,37,individuals,log × taxon,INCLUDE,,,,,,,,,,,,,,,cherisse.persad@gmail.com
SRC0252,813,EVT1133,VIS00229,MC23_L-W-34,poly-int,13,individuals,log × taxon,INCLUDE,,,,,,,,,,,,,,,cherisse.persad@gmail.com
SRC0252,814,EVT1133,VIS00229,MC23_L-G-1,Polychaeta [poly-H],213,individuals,log × taxon,INCLUDE,,,,,,,,,,,,,,,cherisse.persad@gmail.com
SRC0252,815,EVT1133,VIS00229,MC23_L-G-4,Polychaeta [poly-H],95,individuals,log × taxon,INCLUDE,,,,,,,,,,,,,,,cherisse.persad@gmail.com
SRC0252,816,EVT1133,VIS00229,MC23_L-G-7,Polychaeta [poly-H],140,individuals,log × taxon,INCLUDE,,,,,,,,,,,,,,,cherisse.persad@gmail.com
SRC0252,817,EVT1133,VIS00229,MC23_L-G-10,Polychaeta [poly-H],32,individuals,log × taxon,INCLUDE,,,,,,,,,,,,,,,cherisse.persad@gmail.com
SRC0252,818,EVT1133,VIS00229,MC23_L-G-13,Polychaeta [poly-H],140,individuals,log × taxon,INCLUDE,,,,,,,,,,,,,,,cherisse.persad@gmail.com
SRC0252,819,EVT1133,VIS00229,MC23_L-G-16,Polychaeta [poly-H],139,individuals,log × taxon,INCLUDE,,,,,,,,,,,,,,,cherisse.persad@gmail.com
SRC0252,820,EVT1133,VIS00229,MC23_L-G-19,Polychaeta [poly-H],326,individuals,log × taxon,INCLUDE,,,,,,,,,,,,,,,cherisse.persad@gmail.com
SRC0252,821,EVT1133,VIS00229,MC23_L-G-22,Polychaeta [poly-H],327,individuals,log × taxon,INCLUDE,,,,,,,,,,,,,,,cherisse.persad@gmail.com
SRC0252,822,EVT1133,VIS00229,MC23_L-G-25,Polychaeta [poly-H],283,individuals,log × taxon,INCLUDE,,,,,,,,,,,,,,,cherisse.persad@gmail.com
SRC0252,823,EVT1133,VIS00229,MC23_L-G-26,Polychaeta [poly-H],244,individuals,log × taxon,INCLUDE,,,,,,,,,,,,,,,cherisse.persad@gmail.com
SRC0252,824,EVT1133,VIS00229,MC23_L-G-31,Polychaeta [poly-H],90,individuals,log × taxon,INCLUDE,,,,,,,,,,,,,,,cherisse.persad@gmail.com
SRC0252,825,EVT1133,VIS00229,MC23_L-G-34,Polychaeta [poly-H],136,individuals,log × taxon,INCLUDE,,,,,,,,,,,,,,,cherisse.persad@gmail.com
SRC0252,826,EVT1133,VIS00229,MC23_L-W-1,Polychaeta [poly-H],25,individuals,log × taxon,INCLUDE,,,,,,,,,,,,,,,cherisse.persad@gmail.com
SRC0252,827,EVT1133,VIS00229,MC23_L-W-4,Polychaeta [poly-H],155,individuals,log × taxon,INCLUDE,,,,,,,,,,,,,,,cherisse.persad@gmail.com
SRC0252,828,EVT1133,VIS00229,MC23_L-W-7,Polychaeta [poly-H],265,individuals,log × taxon,INCLUDE,,,,,,,,,,,,,,,cherisse.persad@gmail.com
SRC0252,829,EVT1133,VIS00229,MC23_L-W-10,Polychaeta [poly-H],216,individuals,log × taxon,INCLUDE,,,,,,,,,,,,,,,cherisse.persad@gmail.com
SRC0252,830,EVT1133,VIS00229,MC23_L-W-13,Polychaeta [poly-H],269,individuals,log × taxon,INCLUDE,,,,,,,,,,,,,,,cherisse.persad@gmail.com
SRC0252,831,EVT1133,VIS00229,MC23_L-W-16,Polychaeta [poly-H],277,individuals,log × taxon,INCLUDE,,,,,,,,,,,,,,,cherisse.persad@gmail.com
SRC0252,832,EVT1133,VIS00229,MC23_L-W-19,Polychaeta [poly-H],211,individuals,log × taxon,INCLUDE,,,,,,,,,,,,,,,cherisse.persad@gmail.com
SRC0252,833,EVT1133,VIS00229,MC23_L-W-21,Polychaeta [poly-H],370,individuals,log × taxon,INCLUDE,,,,,,,,,,,,,,,cherisse.persad@gmail.com
SRC0252,834,EVT1133,VIS00229,MC23_L-W-22,Polychaeta [poly-H],94,individuals,log × taxon,INCLUDE,,,,,,,,,,,,,,,cherisse.persad@gmail.com
SRC0252,835,EVT1133,VIS00229,MC23_L-W-25,Polychaeta [poly-H],192,individuals,log × taxon,INCLUDE,,,,,,,,,,,,,,,cherisse.persad@gmail.com
SRC0252,836,EVT1133,VIS00229,MC23_L-W-28,Polychaeta [poly-H],188,individuals,log × taxon,INCLUDE,,,,,,,,,,,,,,,cherisse.persad@gmail.com
SRC0252,837,EVT1133,VIS00229,MC23_L-W-34,Polychaeta [poly-H],496,individuals,log × taxon,INCLUDE,,,,,,,,,,,,,,,cherisse.persad@gmail.com
SRC0252,838,EVT1133,VIS00229,MC23_L-G-1,poly-unid,24,individuals,log × taxon,INCLUDE,,,,,,,,,,,,,,,cherisse.persad@gmail.com
SRC0252,839,EVT1133,VIS00229,MC23_L-G-7,poly-unid,29,individuals,log × taxon,INCLUDE,,,,,,,,,,,,,,,cherisse.persad@gmail.com
SRC0252,840,EVT1133,VIS00229,MC23_L-G-13,poly-unid,12,individuals,log × taxon,INCLUDE,,,,,,,,,,,,,,,cherisse.persad@gmail.com
SRC0252,841,EVT1133,VIS00229,MC23_L-G-16,poly-unid,2,individuals,log × taxon,INCLUDE,,,,,,,,,,,,,,,cherisse.persad@gmail.com
SRC0252,842,EVT1133,VIS00229,MC23_L-G-19,poly-unid,55,individuals,log × taxon,INCLUDE,,,,,,,,,,,,,,,cherisse.persad@gmail.com
SRC0252,843,EVT1133,VIS00229,MC23_L-G-22,poly-unid,36,individuals,log × taxon,INCLUDE,,,,,,,,,,,,,,,cherisse.persad@gmail.com
SRC0252,844,EVT1133,VIS00229,MC23_L-G-25,poly-unid,48,individuals,log × taxon,INCLUDE,,,,,,,,,,,,,,,cherisse.persad@gmail.com
SRC0252,845,EVT1133,VIS00229,MC23_L-G-26,poly-unid,38,individuals,log × taxon,INCLUDE,,,,,,,,,,,,,,,cherisse.persad@gmail.com
SRC0252,846,EVT1133,VIS00229,MC23_L-G-31,poly-unid,28,individuals,log × taxon,INCLUDE,,,,,,,,,,,,,,,cherisse.persad@gmail.com
SRC0252,847,EVT1133,VIS00229,MC23_L-G-34,poly-unid,29,individuals,log × taxon,INCLUDE,,,,,,,,,,,,,,,cherisse.persad@gmail.com
SRC0252,848,EVT1133,VIS00229,MC23_L-W-1,poly-unid,5,individuals,log × taxon,INCLUDE,,,,,,,,,,,,,,,cherisse.persad@gmail.com
SRC0252,849,EVT1133,VIS00229,MC23_L-W-4,poly-unid,43,individuals,log × taxon,INCLUDE,,,,,,,,,,,,,,,cherisse.persad@gmail.com
SRC0252,850,EVT1133,VIS00229,MC23_L-W-7,poly-unid,58,individuals,log × taxon,INCLUDE,,,,,,,,,,,,,,,cherisse.persad@gmail.com
SRC0252,851,EVT1133,VIS00229,MC23_L-W-10,poly-unid,34,individuals,log × taxon,INCLUDE,,,,,,,,,,,,,,,cherisse.persad@gmail.com
SRC0252,852,EVT1133,VIS00229,MC23_L-W-13,poly-unid,95,individuals,log × taxon,INCLUDE,,,,,,,,,,,,,,,cherisse.persad@gmail.com
SRC0252,853,EVT1133,VIS00229,MC23_L-W-16,poly-unid,63,individuals,log × taxon,INCLUDE,,,,,,,,,,,,,,,cherisse.persad@gmail.com
SRC0252,854,EVT1133,VIS00229,MC23_L-W-21,poly-unid,71,individuals,log × taxon,INCLUDE,,,,,,,,,,,,,,,cherisse.persad@gmail.com
SRC0252,855,EVT1133,VIS00229,MC23_L-W-25,poly-unid,70,individuals,log × taxon,INCLUDE,,,,,,,,,,,,,,,cherisse.persad@gmail.com
SRC0252,856,EVT1133,VIS00229,MC23_L-W-28,poly-unid,49,individuals,log × taxon,INCLUDE,,,,,,,,,,,,,,,cherisse.persad@gmail.com
SRC0252,857,EVT1133,VIS00229,MC23_L-W-34,poly-unid,52,individuals,log × taxon,INCLUDE,,,,,,,,,,,,,,,cherisse.persad@gmail.com
SRC0252,858,EVT1133,VIS00229,MC23_L-W-19,Worms [oli-1],1,individuals,log × taxon,INCLUDE,,,,,,,,,,,,,,,cherisse.persad@gmail.com
SRC0252,859,EVT1133,VIS00229,MC23_L-G-1,Phascolosoma c.f. turnerae,16,individuals,log × taxon,INCLUDE,,,,,,,,,,,,,,,cherisse.persad@gmail.com
SRC0252,860,EVT1133,VIS00229,MC23_L-G-4,Phascolosoma c.f. turnerae,2,individuals,log × taxon,INCLUDE,,,,,,,,,,,,,,,cherisse.persad@gmail.com
SRC0252,861,EVT1133,VIS00229,MC23_L-G-7,Phascolosoma c.f. turnerae,19,individuals,log × taxon,INCLUDE,,,,,,,,,,,,,,,cherisse.persad@gmail.com
SRC0252,862,EVT1133,VIS00229,MC23_L-G-13,Phascolosoma c.f. turnerae,28,individuals,log × taxon,INCLUDE,,,,,,,,,,,,,,,cherisse.persad@gmail.com
SRC0252,863,EVT1133,VIS00229,MC23_L-G-16,Phascolosoma c.f. turnerae,43,individuals,log × taxon,INCLUDE,,,,,,,,,,,,,,,cherisse.persad@gmail.com
SRC0252,864,EVT1133,VIS00229,MC23_L-G-19,Phascolosoma c.f. turnerae,34,individuals,log × taxon,INCLUDE,,,,,,,,,,,,,,,cherisse.persad@gmail.com
SRC0252,865,EVT1133,VIS00229,MC23_L-G-22,Phascolosoma c.f. turnerae,66,individuals,log × taxon,INCLUDE,,,,,,,,,,,,,,,cherisse.persad@gmail.com
SRC0252,866,EVT1133,VIS00229,MC23_L-G-25,Phascolosoma c.f. turnerae,88,individuals,log × taxon,INCLUDE,,,,,,,,,,,,,,,cherisse.persad@gmail.com
SRC0252,867,EVT1133,VIS00229,MC23_L-G-26,Phascolosoma c.f. turnerae,52,individuals,log × taxon,INCLUDE,,,,,,,,,,,,,,,cherisse.persad@gmail.com
SRC0252,868,EVT1133,VIS00229,MC23_L-G-31,Phascolosoma c.f. turnerae,14,individuals,log × taxon,INCLUDE,,,,,,,,,,,,,,,cherisse.persad@gmail.com
SRC0252,869,EVT1133,VIS00229,MC23_L-G-34,Phascolosoma c.f. turnerae,16,individuals,log × taxon,INCLUDE,,,,,,,,,,,,,,,cherisse.persad@gmail.com
SRC0252,870,EVT1133,VIS00229,MC23_L-W-1,Phascolosoma c.f. turnerae,8,individuals,log × taxon,INCLUDE,,,,,,,,,,,,,,,cherisse.persad@gmail.com
SRC0252,871,EVT1133,VIS00229,MC23_L-W-4,Phascolosoma c.f. turnerae,46,individuals,log × taxon,INCLUDE,,,,,,,,,,,,,,,cherisse.persad@gmail.com
SRC0252,872,EVT1133,VIS00229,MC23_L-W-7,Phascolosoma c.f. turnerae,34,individuals,log × taxon,INCLUDE,,,,,,,,,,,,,,,cherisse.persad@gmail.com
SRC0252,873,EVT1133,VIS00229,MC23_L-W-10,Phascolosoma c.f. turnerae,42,individuals,log × taxon,INCLUDE,,,,,,,,,,,,,,,cherisse.persad@gmail.com
SRC0252,874,EVT1133,VIS00229,MC23_L-W-13,Phascolosoma c.f. turnerae,52,individuals,log × taxon,INCLUDE,,,,,,,,,,,,,,,cherisse.persad@gmail.com
SRC0252,875,EVT1133,VIS00229,MC23_L-W-16,Phascolosoma c.f. turnerae,61,individuals,log × taxon,INCLUDE,,,,,,,,,,,,,,,cherisse.persad@gmail.com
SRC0252,876,EVT1133,VIS00229,MC23_L-W-19,Phascolosoma c.f. turnerae,15,individuals,log × taxon,INCLUDE,,,,,,,,,,,,,,,cherisse.persad@gmail.com
SRC0252,877,EVT1133,VIS00229,MC23_L-W-21,Phascolosoma c.f. turnerae,73,individuals,log × taxon,INCLUDE,,,,,,,,,,,,,,,cherisse.persad@gmail.com
SRC0252,878,EVT1133,VIS00229,MC23_L-W-22,Phascolosoma c.f. turnerae,16,individuals,log × taxon,INCLUDE,,,,,,,,,,,,,,,cherisse.persad@gmail.com
SRC0252,879,EVT1133,VIS00229,MC23_L-W-25,Phascolosoma c.f. turnerae,20,individuals,log × taxon,INCLUDE,,,,,,,,,,,,,,,cherisse.persad@gmail.com
SRC0252,880,EVT1133,VIS00229,MC23_L-W-28,Phascolosoma c.f. turnerae,51,individuals,log × taxon,INCLUDE,,,,,,,,,,,,,,,cherisse.persad@gmail.com
SRC0252,881,EVT1133,VIS00229,MC23_L-W-34,Phascolosoma c.f. turnerae,46,individuals,log × taxon,INCLUDE,,,,,,,,,,,,,,,cherisse.persad@gmail.com
SRC0252,882,EVT1133,VIS00229,MC23_L-G-10,Worms [ech-1],1,individuals,log × taxon,INCLUDE,,,,,,,,,,,,,,,cherisse.persad@gmail.com
SRC0252,883,EVT1133,VIS00229,MC23_L-G-4,Polychaeta [sib-1],1,individuals,log × taxon,INCLUDE,,,,,,,,,,,,,,,cherisse.persad@gmail.com
SRC0252,884,EVT1133,VIS00229,MC23_L-G-13,Polychaeta [sib-1],1,individuals,log × taxon,INCLUDE,,,,,,,,,,,,,,,cherisse.persad@gmail.com
SRC0252,885,EVT1133,VIS00229,MC23_L-G-19,Polychaeta [sib-1],10,individuals,log × taxon,INCLUDE,,,,,,,,,,,,,,,cherisse.persad@gmail.com
SRC0252,886,EVT1133,VIS00229,MC23_L-G-22,Polychaeta [sib-1],10,individuals,log × taxon,INCLUDE,,,,,,,,,,,,,,,cherisse.persad@gmail.com
SRC0252,887,EVT1133,VIS00229,MC23_L-G-25,Polychaeta [sib-1],10,individuals,log × taxon,INCLUDE,,,,,,,,,,,,,,,cherisse.persad@gmail.com
SRC0252,888,EVT1133,VIS00229,MC23_L-G-26,Polychaeta [sib-1],10,individuals,log × taxon,INCLUDE,,,,,,,,,,,,,,,cherisse.persad@gmail.com
SRC0252,889,EVT1133,VIS00229,MC23_L-G-31,Polychaeta [sib-1],10,individuals,log × taxon,INCLUDE,,,,,,,,,,,,,,,cherisse.persad@gmail.com
SRC0252,890,EVT1133,VIS00229,MC23_L-G-34,Polychaeta [sib-1],10,individuals,log × taxon,INCLUDE,,,,,,,,,,,,,,,cherisse.persad@gmail.com
SRC0252,891,EVT1133,VIS00229,MC23_L-W-1,Polychaeta [sib-1],10,individuals,log × taxon,INCLUDE,,,,,,,,,,,,,,,cherisse.persad@gmail.com
SRC0252,892,EVT1133,VIS00229,MC23_L-W-4,Polychaeta [sib-1],1000,individuals,log × taxon,INCLUDE,,,,,,,,,,,,,,,cherisse.persad@gmail.com
SRC0252,893,EVT1133,VIS00229,MC23_L-W-7,Polychaeta [sib-1],100,individuals,log × taxon,INCLUDE,,,,,,,,,,,,,,,cherisse.persad@gmail.com
SRC0252,894,EVT1133,VIS00229,MC23_L-W-10,Polychaeta [sib-1],1000,individuals,log × taxon,INCLUDE,,,,,,,,,,,,,,,cherisse.persad@gmail.com
SRC0252,895,EVT1133,VIS00229,MC23_L-W-13,Polychaeta [sib-1],100,individuals,log × taxon,INCLUDE,,,,,,,,,,,,,,,cherisse.persad@gmail.com
SRC0252,896,EVT1133,VIS00229,MC23_L-W-16,Polychaeta [sib-1],1000,individuals,log × taxon,INCLUDE,,,,,,,,,,,,,,,cherisse.persad@gmail.com
SRC0252,897,EVT1133,VIS00229,MC23_L-W-19,Polychaeta [sib-1],1000,individuals,log × taxon,INCLUDE,,,,,,,,,,,,,,,cherisse.persad@gmail.com
SRC0252,898,EVT1133,VIS00229,MC23_L-W-21,Polychaeta [sib-1],1000,individuals,log × taxon,INCLUDE,,,,,,,,,,,,,,,cherisse.persad@gmail.com
SRC0252,899,EVT1133,VIS00229,MC23_L-W-22,Polychaeta [sib-1],1000,individuals,log × taxon,INCLUDE,,,,,,,,,,,,,,,cherisse.persad@gmail.com
SRC0252,900,EVT1133,VIS00229,MC23_L-W-25,Polychaeta [sib-1],1000,individuals,log × taxon,INCLUDE,,,,,,,,,,,,,,,cherisse.persad@gmail.com
SRC0252,901,EVT1133,VIS00229,MC23_L-W-28,Polychaeta [sib-1],1000,individuals,log × taxon,INCLUDE,,,,,,,,,,,,,,,cherisse.persad@gmail.com
SRC0252,902,EVT1133,VIS00229,MC23_L-W-34,Polychaeta [sib-1],200,individuals,log × taxon,INCLUDE,,,,,,,,,,,,,,,cherisse.persad@gmail.com
SRC0252,903,EVT1133,VIS00229,MC23_L-G-1,Worms [nem-1],29,individuals,log × taxon,INCLUDE,,,,,,,,,,,,,,,cherisse.persad@gmail.com
SRC0252,904,EVT1133,VIS00229,MC23_L-G-4,Worms [nem-1],16,individuals,log × taxon,INCLUDE,,,,,,,,,,,,,,,cherisse.persad@gmail.com
SRC0252,905,EVT1133,VIS00229,MC23_L-G-7,Worms [nem-1],9,individuals,log × taxon,INCLUDE,,,,,,,,,,,,,,,cherisse.persad@gmail.com
SRC0252,906,EVT1133,VIS00229,MC23_L-G-10,Worms [nem-1],5,individuals,log × taxon,INCLUDE,,,,,,,,,,,,,,,cherisse.persad@gmail.com
SRC0252,907,EVT1133,VIS00229,MC23_L-G-13,Worms [nem-1],16,individuals,log × taxon,INCLUDE,,,,,,,,,,,,,,,cherisse.persad@gmail.com
SRC0252,908,EVT1133,VIS00229,MC23_L-G-16,Worms [nem-1],2,individuals,log × taxon,INCLUDE,,,,,,,,,,,,,,,cherisse.persad@gmail.com
SRC0252,909,EVT1133,VIS00229,MC23_L-G-19,Worms [nem-1],31,individuals,log × taxon,INCLUDE,,,,,,,,,,,,,,,cherisse.persad@gmail.com
SRC0252,910,EVT1133,VIS00229,MC23_L-G-22,Worms [nem-1],24,individuals,log × taxon,INCLUDE,,,,,,,,,,,,,,,cherisse.persad@gmail.com
SRC0252,911,EVT1133,VIS00229,MC23_L-G-25,Worms [nem-1],23,individuals,log × taxon,INCLUDE,,,,,,,,,,,,,,,cherisse.persad@gmail.com
SRC0252,912,EVT1133,VIS00229,MC23_L-G-26,Worms [nem-1],36,individuals,log × taxon,INCLUDE,,,,,,,,,,,,,,,cherisse.persad@gmail.com
SRC0252,913,EVT1133,VIS00229,MC23_L-G-31,Worms [nem-1],17,individuals,log × taxon,INCLUDE,,,,,,,,,,,,,,,cherisse.persad@gmail.com
SRC0252,914,EVT1133,VIS00229,MC23_L-G-34,Worms [nem-1],9,individuals,log × taxon,INCLUDE,,,,,,,,,,,,,,,cherisse.persad@gmail.com
SRC0252,915,EVT1133,VIS00229,MC23_L-W-1,Worms [nem-1],3,individuals,log × taxon,INCLUDE,,,,,,,,,,,,,,,cherisse.persad@gmail.com
SRC0252,916,EVT1133,VIS00229,MC23_L-W-4,Worms [nem-1],5,individuals,log × taxon,INCLUDE,,,,,,,,,,,,,,,cherisse.persad@gmail.com
SRC0252,917,EVT1133,VIS00229,MC23_L-W-7,Worms [nem-1],6,individuals,log × taxon,INCLUDE,,,,,,,,,,,,,,,cherisse.persad@gmail.com
SRC0252,918,EVT1133,VIS00229,MC23_L-W-10,Worms [nem-1],6,individuals,log × taxon,INCLUDE,,,,,,,,,,,,,,,cherisse.persad@gmail.com
SRC0252,919,EVT1133,VIS00229,MC23_L-W-13,Worms [nem-1],12,individuals,log × taxon,INCLUDE,,,,,,,,,,,,,,,cherisse.persad@gmail.com
SRC0252,920,EVT1133,VIS00229,MC23_L-W-16,Worms [nem-1],14,individuals,log × taxon,INCLUDE,,,,,,,,,,,,,,,cherisse.persad@gmail.com
SRC0252,921,EVT1133,VIS00229,MC23_L-W-19,Worms [nem-1],10,individuals,log × taxon,INCLUDE,,,,,,,,,,,,,,,cherisse.persad@gmail.com
SRC0252,922,EVT1133,VIS00229,MC23_L-W-21,Worms [nem-1],16,individuals,log × taxon,INCLUDE,,,,,,,,,,,,,,,cherisse.persad@gmail.com
SRC0252,923,EVT1133,VIS00229,MC23_L-W-25,Worms [nem-1],5,individuals,log × taxon,INCLUDE,,,,,,,,,,,,,,,cherisse.persad@gmail.com
SRC0252,924,EVT1133,VIS00229,MC23_L-W-28,Worms [nem-1],5,individuals,log × taxon,INCLUDE,,,,,,,,,,,,,,,cherisse.persad@gmail.com
SRC0252,925,EVT1133,VIS00229,MC23_L-W-34,Worms [nem-1],6,individuals,log × taxon,INCLUDE,,,,,,,,,,,,,,,cherisse.persad@gmail.com
SRC0252,926,EVT1133,VIS00229,MC23_L-G-1,Platyhelminth [platy-1],171,individuals,log × taxon,INCLUDE,,,,,,,,,,,,,,,cherisse.persad@gmail.com
SRC0252,927,EVT1133,VIS00229,MC23_L-G-4,Platyhelminth [platy-1],110,individuals,log × taxon,INCLUDE,,,,,,,,,,,,,,,cherisse.persad@gmail.com
SRC0252,928,EVT1133,VIS00229,MC23_L-G-7,Platyhelminth [platy-1],89,individuals,log × taxon,INCLUDE,,,,,,,,,,,,,,,cherisse.persad@gmail.com
SRC0252,929,EVT1133,VIS00229,MC23_L-G-10,Platyhelminth [platy-1],89,individuals,log × taxon,INCLUDE,,,,,,,,,,,,,,,cherisse.persad@gmail.com
SRC0252,930,EVT1133,VIS00229,MC23_L-G-13,Platyhelminth [platy-1],107,individuals,log × taxon,INCLUDE,,,,,,,,,,,,,,,cherisse.persad@gmail.com
SRC0252,931,EVT1133,VIS00229,MC23_L-G-16,Platyhelminth [platy-1],74,individuals,log × taxon,INCLUDE,,,,,,,,,,,,,,,cherisse.persad@gmail.com
SRC0252,932,EVT1133,VIS00229,MC23_L-G-19,Platyhelminth [platy-1],168,individuals,log × taxon,INCLUDE,,,,,,,,,,,,,,,cherisse.persad@gmail.com
SRC0252,933,EVT1133,VIS00229,MC23_L-G-22,Platyhelminth [platy-1],112,individuals,log × taxon,INCLUDE,,,,,,,,,,,,,,,cherisse.persad@gmail.com
SRC0252,934,EVT1133,VIS00229,MC23_L-G-25,Platyhelminth [platy-1],101,individuals,log × taxon,INCLUDE,,,,,,,,,,,,,,,cherisse.persad@gmail.com
SRC0252,935,EVT1133,VIS00229,MC23_L-G-26,Platyhelminth [platy-1],196,individuals,log × taxon,INCLUDE,,,,,,,,,,,,,,,cherisse.persad@gmail.com
SRC0252,936,EVT1133,VIS00229,MC23_L-G-31,Platyhelminth [platy-1],105,individuals,log × taxon,INCLUDE,,,,,,,,,,,,,,,cherisse.persad@gmail.com
SRC0252,937,EVT1133,VIS00229,MC23_L-G-34,Platyhelminth [platy-1],77,individuals,log × taxon,INCLUDE,,,,,,,,,,,,,,,cherisse.persad@gmail.com
SRC0252,938,EVT1133,VIS00229,MC23_L-W-1,Platyhelminth [platy-1],7,individuals,log × taxon,INCLUDE,,,,,,,,,,,,,,,cherisse.persad@gmail.com
SRC0252,939,EVT1133,VIS00229,MC23_L-W-4,Platyhelminth [platy-1],38,individuals,log × taxon,INCLUDE,,,,,,,,,,,,,,,cherisse.persad@gmail.com
SRC0252,940,EVT1133,VIS00229,MC23_L-W-7,Platyhelminth [platy-1],34,individuals,log × taxon,INCLUDE,,,,,,,,,,,,,,,cherisse.persad@gmail.com
SRC0252,941,EVT1133,VIS00229,MC23_L-W-10,Platyhelminth [platy-1],6,individuals,log × taxon,INCLUDE,,,,,,,,,,,,,,,cherisse.persad@gmail.com
SRC0252,942,EVT1133,VIS00229,MC23_L-W-13,Platyhelminth [platy-1],31,individuals,log × taxon,INCLUDE,,,,,,,,,,,,,,,cherisse.persad@gmail.com
SRC0252,943,EVT1133,VIS00229,MC23_L-W-16,Platyhelminth [platy-1],26,individuals,log × taxon,INCLUDE,,,,,,,,,,,,,,,cherisse.persad@gmail.com
SRC0252,944,EVT1133,VIS00229,MC23_L-W-19,Platyhelminth [platy-1],25,individuals,log × taxon,INCLUDE,,,,,,,,,,,,,,,cherisse.persad@gmail.com
SRC0252,945,EVT1133,VIS00229,MC23_L-W-21,Platyhelminth [platy-1],28,individuals,log × taxon,INCLUDE,,,,,,,,,,,,,,,cherisse.persad@gmail.com
SRC0252,946,EVT1133,VIS00229,MC23_L-W-25,Platyhelminth [platy-1],22,individuals,log × taxon,INCLUDE,,,,,,,,,,,,,,,cherisse.persad@gmail.com
SRC0252,947,EVT1133,VIS00229,MC23_L-W-28,Platyhelminth [platy-1],33,individuals,log × taxon,INCLUDE,,,,,,,,,,,,,,,cherisse.persad@gmail.com
SRC0252,948,EVT1133,VIS00229,MC23_L-W-34,Platyhelminth [platy-1],63,individuals,log × taxon,INCLUDE,,,,,,,,,,,,,,,cherisse.persad@gmail.com
SRC0252,949,EVT1133,VIS00229,MC23_L-G-1,Caymanostella,1,individuals,log × taxon,INCLUDE,,,,,,,,,,,,,,,cherisse.persad@gmail.com
SRC0252,950,EVT1133,VIS00229,MC23_L-G-25,Caymanostella,4,individuals,log × taxon,INCLUDE,,,,,,,,,,,,,,,cherisse.persad@gmail.com
SRC0252,951,EVT1133,VIS00229,MC23_L-G-26,Caymanostella,2,individuals,log × taxon,INCLUDE,,,,,,,,,,,,,,,cherisse.persad@gmail.com
SRC0252,952,EVT1133,VIS00229,MC23_L-W-16,Caymanostella,1,individuals,log × taxon,INCLUDE,,,,,,,,,,,,,,,cherisse.persad@gmail.com
SRC0252,953,EVT1133,VIS00229,MC23_L-W-34,Caymanostella,1,individuals,log × taxon,INCLUDE,,,,,,,,,,,,,,,cherisse.persad@gmail.com
SRC0252,954,EVT1133,VIS00229,MC23_L-G-7,Echinoderm [ophi-1],2,individuals,log × taxon,INCLUDE,,,,,,,,,,,,,,,cherisse.persad@gmail.com
SRC0252,955,EVT1133,VIS00229,MC23_L-G-16,Echinoderm [ophi-1],1,individuals,log × taxon,INCLUDE,,,,,,,,,,,,,,,cherisse.persad@gmail.com
SRC0252,956,EVT1133,VIS00229,MC23_L-G-19,Echinoderm [ophi-1],1,individuals,log × taxon,INCLUDE,,,,,,,,,,,,,,,cherisse.persad@gmail.com
SRC0252,957,EVT1133,VIS00229,MC23_L-G-26,Echinoderm [ophi-1],1,individuals,log × taxon,INCLUDE,,,,,,,,,,,,,,,cherisse.persad@gmail.com
SRC0252,958,EVT1133,VIS00229,MC23_L-W-10,Echinoderm [ophi-1],1,individuals,log × taxon,INCLUDE,,,,,,,,,,,,,,,cherisse.persad@gmail.com
SRC0252,959,EVT1133,VIS00229,MC23_L-W-16,Echinoderm [ophi-1],3,individuals,log × taxon,INCLUDE,,,,,,,,,,,,,,,cherisse.persad@gmail.com
SRC0252,960,EVT1133,VIS00229,MC23_L-W-21,Echinoderm [ophi-1],1,individuals,log × taxon,INCLUDE,,,,,,,,,,,,,,,cherisse.persad@gmail.com
SRC0252,961,EVT1133,VIS00229,MC23_L-W-25,Echinoderm [ophi-1],1,individuals,log × taxon,INCLUDE,,,,,,,,,,,,,,,cherisse.persad@gmail.com
SRC0252,962,EVT1133,VIS00229,MC23_L-G-19,Echinoderm [ophi-2],2,individuals,log × taxon,INCLUDE,,,,,,,,,,,,,,,cherisse.persad@gmail.com
SRC0252,963,EVT1133,VIS00229,MC23_L-W-13,Echinoderm [ophi-2],2,individuals,log × taxon,INCLUDE,,,,,,,,,,,,,,,cherisse.persad@gmail.com
SRC0252,964,EVT1133,VIS00229,MC23_L-G-13,Echinoderm [ophi-3],2,individuals,log × taxon,INCLUDE,,,,,,,,,,,,,,,cherisse.persad@gmail.com
SRC0252,965,EVT1133,VIS00229,MC23_L-G-34,Echinoderm [ophi-3],1,individuals,log × taxon,INCLUDE,,,,,,,,,,,,,,,cherisse.persad@gmail.com
SRC0252,966,EVT1133,VIS00229,MC23_L-G-13,Echinoderm [holo-2],1,individuals,log × taxon,INCLUDE,,,,,,,,,,,,,,,cherisse.persad@gmail.com
SRC0252,967,EVT1133,VIS00229,MC23_L-G-26,Echinoderm [holo-2],1,individuals,log × taxon,INCLUDE,,,,,,,,,,,,,,,cherisse.persad@gmail.com
SRC0252,968,EVT1133,VIS00229,MC23_L-W-1,Echinoderm [holo-2],1,individuals,log × taxon,INCLUDE,,,,,,,,,,,,,,,cherisse.persad@gmail.com
SRC0252,969,EVT1133,VIS00229,MC23_L-W-7,Echinoderm [holo-2],1,individuals,log × taxon,INCLUDE,,,,,,,,,,,,,,,cherisse.persad@gmail.com
SRC0252,970,EVT1133,VIS00229,MC23_L-W-21,Echinoderm [holo-2],4,individuals,log × taxon,INCLUDE,,,,,,,,,,,,,,,cherisse.persad@gmail.com
SRC0252,971,EVT1133,VIS00229,MC23_L-W-25,Echinoderm [holo-2],1,individuals,log × taxon,INCLUDE,,,,,,,,,,,,,,,cherisse.persad@gmail.com
SRC0252,972,EVT1133,VIS00229,MC23_L-W-28,Echinoderm [holo-2],1,individuals,log × taxon,INCLUDE,,,,,,,,,,,,,,,cherisse.persad@gmail.com
SRC0252,973,EVT1133,VIS00229,MC23_L-W-4,Echinoderm [holo-5],1,individuals,log × taxon,INCLUDE,,,,,,,,,,,,,,,cherisse.persad@gmail.com
SRC0252,974,EVT1133,VIS00229,MC23_L-G-19,holo-juv,1,individuals,log × taxon,INCLUDE,,,,,,,,,,,,,,,cherisse.persad@gmail.com
SRC0252,975,EVT1133,VIS00229,MC23_L-G-25,holo-juv,3,individuals,log × taxon,INCLUDE,,,,,,,,,,,,,,,cherisse.persad@gmail.com
SRC0252,976,EVT1133,VIS00229,MC23_L-W-13,holo-juv,1,individuals,log × taxon,INCLUDE,,,,,,,,,,,,,,,cherisse.persad@gmail.com
SRC0252,977,EVT1133,VIS00229,MC23_L-W-16,holo-juv,5,individuals,log × taxon,INCLUDE,,,,,,,,,,,,,,,cherisse.persad@gmail.com
SRC0252,978,EVT1133,VIS00229,MC23_L-G-19,holo-unid,1,individuals,log × taxon,INCLUDE,,,,,,,,,,,,,,,cherisse.persad@gmail.com
SRC0252,979,EVT1133,VIS00229,MC23_L-W-16,holo-unid,1,individuals,log × taxon,INCLUDE,,,,,,,,,,,,,,,cherisse.persad@gmail.com
SRC0252,980,EVT1133,VIS00229,MC23_L-G-1,Cnidaria [hyd-2],1,individuals,log × taxon,INCLUDE,,,,,,,,,,,,,,,cherisse.persad@gmail.com
SRC0252,981,EVT1133,VIS00229,MC23_L-G-16,Cnidaria [hyd-2],1,individuals,log × taxon,INCLUDE,,,,,,,,,,,,,,,cherisse.persad@gmail.com
SRC0252,982,EVT1133,VIS00229,MC23_L-W-10,Cnidaria [hyd-2],1,individuals,log × taxon,INCLUDE,,,,,,,,,,,,,,,cherisse.persad@gmail.com
SRC0252,983,EVT1133,VIS00229,MC23_L-W-13,Cnidaria [hyd-2],1,individuals,log × taxon,INCLUDE,,,,,,,,,,,,,,,cherisse.persad@gmail.com
SRC0252,984,EVT1133,VIS00229,MC23_L-W-28,Cnidaria [hyd-2],10,individuals,log × taxon,INCLUDE,,,,,,,,,,,,,,,cherisse.persad@gmail.com
SRC0252,985,EVT1133,VIS00229,MC23_L-G-1,Cnidaria [hyd-3],10,individuals,log × taxon,INCLUDE,,,,,,,,,,,,,,,cherisse.persad@gmail.com
SRC0252,986,EVT1133,VIS00229,MC23_L-G-13,Cnidaria [hyd-3],1000,individuals,log × taxon,INCLUDE,,,,,,,,,,,,,,,cherisse.persad@gmail.com
SRC0252,987,EVT1133,VIS00229,MC23_L-G-16,Cnidaria [hyd-3],10,individuals,log × taxon,INCLUDE,,,,,,,,,,,,,,,cherisse.persad@gmail.com
SRC0252,988,EVT1133,VIS00229,MC23_L-G-19,Cnidaria [hyd-3],1000,individuals,log × taxon,INCLUDE,,,,,,,,,,,,,,,cherisse.persad@gmail.com
SRC0252,989,EVT1133,VIS00229,MC23_L-G-22,Cnidaria [hyd-3],100,individuals,log × taxon,INCLUDE,,,,,,,,,,,,,,,cherisse.persad@gmail.com
SRC0252,990,EVT1133,VIS00229,MC23_L-G-25,Cnidaria [hyd-3],1000,individuals,log × taxon,INCLUDE,,,,,,,,,,,,,,,cherisse.persad@gmail.com
SRC0252,991,EVT1133,VIS00229,MC23_L-G-26,Cnidaria [hyd-3],100,individuals,log × taxon,INCLUDE,,,,,,,,,,,,,,,cherisse.persad@gmail.com
SRC0252,992,EVT1133,VIS00229,MC23_L-G-31,Cnidaria [hyd-3],100,individuals,log × taxon,INCLUDE,,,,,,,,,,,,,,,cherisse.persad@gmail.com
SRC0252,993,EVT1133,VIS00229,MC23_L-G-34,Cnidaria [hyd-3],1000,individuals,log × taxon,INCLUDE,,,,,,,,,,,,,,,cherisse.persad@gmail.com
SRC0252,994,EVT1133,VIS00229,MC23_L-W-4,Cnidaria [hyd-3],10,individuals,log × taxon,INCLUDE,,,,,,,,,,,,,,,cherisse.persad@gmail.com
SRC0252,995,EVT1133,VIS00229,MC23_L-W-7,Cnidaria [hyd-3],10,individuals,log × taxon,INCLUDE,,,,,,,,,,,,,,,cherisse.persad@gmail.com
SRC0252,996,EVT1133,VIS00229,MC23_L-W-10,Cnidaria [hyd-3],1,individuals,log × taxon,INCLUDE,,,,,,,,,,,,,,,cherisse.persad@gmail.com
SRC0252,997,EVT1133,VIS00229,MC23_L-W-13,Cnidaria [hyd-3],10,individuals,log × taxon,INCLUDE,,,,,,,,,,,,,,,cherisse.persad@gmail.com
SRC0252,998,EVT1133,VIS00229,MC23_L-W-16,Cnidaria [hyd-3],10,individuals,log × taxon,INCLUDE,,,,,,,,,,,,,,,cherisse.persad@gmail.com
SRC0252,999,EVT1133,VIS00229,MC23_L-W-21,Cnidaria [hyd-3],1,individuals,log × taxon,INCLUDE,,,,,,,,,,,,,,,cherisse.persad@gmail.com
SRC0252,1000,EVT1133,VIS00229,MC23_L-W-28,Cnidaria [hyd-3],100,individuals,log × taxon,INCLUDE,,,,,,,,,,,,,,,cherisse.persad@gmail.com
SRC0252,1001,EVT1133,VIS00229,MC23_L-G-22,mys-1,1,individuals,log × taxon,INCLUDE,,,,,,,,,,,,,,,cherisse.persad@gmail.com
SRC0252,1002,EVT1133,VIS00229,MC23_L-W-19,mys-1,1,individuals,log × taxon,INCLUDE,,,,,,,,,,,,,,,cherisse.persad@gmail.com
SRC0252,1003,EVT1133,VIS00229,MC23_L-G-7,Crustacean [tan-1],1,individuals,log × taxon,INCLUDE,,,,,,,,,,,,,,,cherisse.persad@gmail.com
SRC0252,1004,EVT1133,VIS00229,MC23_L-G-13,Crustacean [tan-1],1,individuals,log × taxon,INCLUDE,,,,,,,,,,,,,,,cherisse.persad@gmail.com
SRC0252,1005,EVT1133,VIS00229,MC23_L-G-16,Crustacean [tan-1],1,individuals,log × taxon,INCLUDE,,,,,,,,,,,,,,,cherisse.persad@gmail.com
SRC0252,1006,EVT1133,VIS00229,MC23_L-G-19,Crustacean [tan-1],4,individuals,log × taxon,INCLUDE,,,,,,,,,,,,,,,cherisse.persad@gmail.com
SRC0252,1007,EVT1133,VIS00229,MC23_L-G-34,Crustacean [tan-1],1,individuals,log × taxon,INCLUDE,,,,,,,,,,,,,,,cherisse.persad@gmail.com
SRC0252,1008,EVT1133,VIS00229,MC23_L-W-13,Crustacean [tan-1],1,individuals,log × taxon,INCLUDE,,,,,,,,,,,,,,,cherisse.persad@gmail.com
SRC0252,1009,EVT1133,VIS00229,MC23_L-W-16,Crustacean [tan-1],1,individuals,log × taxon,INCLUDE,,,,,,,,,,,,,,,cherisse.persad@gmail.com
SRC0252,1010,EVT1133,VIS00229,MC23_L-W-19,Crustacean [tan-1],1,individuals,log × taxon,INCLUDE,,,,,,,,,,,,,,,cherisse.persad@gmail.com
SRC0252,1011,EVT1133,VIS00229,MC23_L-W-28,Crustacean [tan-1],1,individuals,log × taxon,INCLUDE,,,,,,,,,,,,,,,cherisse.persad@gmail.com
SRC0252,1012,EVT1133,VIS00229,MC23_L-G-1,Mesotanais sp. 2,2,individuals,log × taxon,INCLUDE,,,,,,,,,,,,,,,cherisse.persad@gmail.com
SRC0252,1013,EVT1133,VIS00229,MC23_L-G-7,Mesotanais sp. 2,4,individuals,log × taxon,INCLUDE,,,,,,,,,,,,,,,cherisse.persad@gmail.com
SRC0252,1014,EVT1133,VIS00229,MC23_L-G-13,Mesotanais sp. 2,2,individuals,log × taxon,INCLUDE,,,,,,,,,,,,,,,cherisse.persad@gmail.com
SRC0252,1015,EVT1133,VIS00229,MC23_L-G-16,Mesotanais sp. 2,6,individuals,log × taxon,INCLUDE,,,,,,,,,,,,,,,cherisse.persad@gmail.com
SRC0252,1016,EVT1133,VIS00229,MC23_L-G-19,Mesotanais sp. 2,1,individuals,log × taxon,INCLUDE,,,,,,,,,,,,,,,cherisse.persad@gmail.com
SRC0252,1017,EVT1133,VIS00229,MC23_L-G-22,Mesotanais sp. 2,7,individuals,log × taxon,INCLUDE,,,,,,,,,,,,,,,cherisse.persad@gmail.com
SRC0252,1018,EVT1133,VIS00229,MC23_L-G-25,Mesotanais sp. 2,3,individuals,log × taxon,INCLUDE,,,,,,,,,,,,,,,cherisse.persad@gmail.com
SRC0252,1019,EVT1133,VIS00229,MC23_L-G-26,Mesotanais sp. 2,1,individuals,log × taxon,INCLUDE,,,,,,,,,,,,,,,cherisse.persad@gmail.com
SRC0252,1020,EVT1133,VIS00229,MC23_L-G-31,Mesotanais sp. 2,1,individuals,log × taxon,INCLUDE,,,,,,,,,,,,,,,cherisse.persad@gmail.com
SRC0252,1021,EVT1133,VIS00229,MC23_L-G-34,Mesotanais sp. 2,1,individuals,log × taxon,INCLUDE,,,,,,,,,,,,,,,cherisse.persad@gmail.com
SRC0252,1022,EVT1133,VIS00229,MC23_L-W-4,Mesotanais sp. 2,1,individuals,log × taxon,INCLUDE,,,,,,,,,,,,,,,cherisse.persad@gmail.com
SRC0252,1023,EVT1133,VIS00229,MC23_L-W-10,Mesotanais sp. 2,13,individuals,log × taxon,INCLUDE,,,,,,,,,,,,,,,cherisse.persad@gmail.com
SRC0252,1024,EVT1133,VIS00229,MC23_L-W-21,Mesotanais sp. 2,1,individuals,log × taxon,INCLUDE,,,,,,,,,,,,,,,cherisse.persad@gmail.com
SRC0252,1025,EVT1133,VIS00229,MC23_L-W-22,Mesotanais sp. 2,3,individuals,log × taxon,INCLUDE,,,,,,,,,,,,,,,cherisse.persad@gmail.com
SRC0252,1026,EVT1133,VIS00229,MC23_L-W-25,Mesotanais sp. 2,1,individuals,log × taxon,INCLUDE,,,,,,,,,,,,,,,cherisse.persad@gmail.com
SRC0252,1027,EVT1133,VIS00229,MC23_L-W-28,Mesotanais sp. 2,1,individuals,log × taxon,INCLUDE,,,,,,,,,,,,,,,cherisse.persad@gmail.com
SRC0252,1028,EVT1133,VIS00229,MC23_L-G-7,Crustacean [tan-5],1,individuals,log × taxon,INCLUDE,,,,,,,,,,,,,,,cherisse.persad@gmail.com
SRC0252,1029,EVT1133,VIS00229,MC23_L-G-4,Valettiopsis lincolni,3,individuals,log × taxon,INCLUDE,,,,,,,,,,,,,,,cherisse.persad@gmail.com
SRC0252,1030,EVT1133,VIS00229,MC23_L-G-7,Valettiopsis lincolni,13,individuals,log × taxon,INCLUDE,,,,,,,,,,,,,,,cherisse.persad@gmail.com
SRC0252,1031,EVT1133,VIS00229,MC23_L-G-13,Valettiopsis lincolni,6,individuals,log × taxon,INCLUDE,,,,,,,,,,,,,,,cherisse.persad@gmail.com
SRC0252,1032,EVT1133,VIS00229,MC23_L-G-16,Valettiopsis lincolni,7,individuals,log × taxon,INCLUDE,,,,,,,,,,,,,,,cherisse.persad@gmail.com
SRC0252,1033,EVT1133,VIS00229,MC23_L-G-19,Valettiopsis lincolni,3,individuals,log × taxon,INCLUDE,,,,,,,,,,,,,,,cherisse.persad@gmail.com
SRC0252,1034,EVT1133,VIS00229,MC23_L-G-22,Valettiopsis lincolni,17,individuals,log × taxon,INCLUDE,,,,,,,,,,,,,,,cherisse.persad@gmail.com
SRC0252,1035,EVT1133,VIS00229,MC23_L-G-25,Valettiopsis lincolni,68,individuals,log × taxon,INCLUDE,,,,,,,,,,,,,,,cherisse.persad@gmail.com
SRC0252,1036,EVT1133,VIS00229,MC23_L-G-31,Valettiopsis lincolni,26,individuals,log × taxon,INCLUDE,,,,,,,,,,,,,,,cherisse.persad@gmail.com
SRC0252,1037,EVT1133,VIS00229,MC23_L-G-34,Valettiopsis lincolni,74,individuals,log × taxon,INCLUDE,,,,,,,,,,,,,,,cherisse.persad@gmail.com
SRC0252,1038,EVT1133,VIS00229,MC23_L-W-1,Valettiopsis lincolni,3,individuals,log × taxon,INCLUDE,,,,,,,,,,,,,,,cherisse.persad@gmail.com
SRC0252,1039,EVT1133,VIS00229,MC23_L-W-7,Valettiopsis lincolni,3,individuals,log × taxon,INCLUDE,,,,,,,,,,,,,,,cherisse.persad@gmail.com
SRC0252,1040,EVT1133,VIS00229,MC23_L-W-10,Valettiopsis lincolni,4,individuals,log × taxon,INCLUDE,,,,,,,,,,,,,,,cherisse.persad@gmail.com
SRC0252,1041,EVT1133,VIS00229,MC23_L-W-13,Valettiopsis lincolni,55,individuals,log × taxon,INCLUDE,,,,,,,,,,,,,,,cherisse.persad@gmail.com
SRC0252,1042,EVT1133,VIS00229,MC23_L-W-16,Valettiopsis lincolni,3,individuals,log × taxon,INCLUDE,,,,,,,,,,,,,,,cherisse.persad@gmail.com
SRC0252,1043,EVT1133,VIS00229,MC23_L-W-19,Valettiopsis lincolni,40,individuals,log × taxon,INCLUDE,,,,,,,,,,,,,,,cherisse.persad@gmail.com
SRC0252,1044,EVT1133,VIS00229,MC23_L-W-22,Valettiopsis lincolni,259,individuals,log × taxon,INCLUDE,,,,,,,,,,,,,,,cherisse.persad@gmail.com
SRC0252,1045,EVT1133,VIS00229,MC23_L-W-25,Valettiopsis lincolni,451,individuals,log × taxon,INCLUDE,,,,,,,,,,,,,,,cherisse.persad@gmail.com
SRC0252,1046,EVT1133,VIS00229,MC23_L-W-28,Valettiopsis lincolni,3,individuals,log × taxon,INCLUDE,,,,,,,,,,,,,,,cherisse.persad@gmail.com
SRC0252,1047,EVT1133,VIS00229,MC23_L-W-34,Valettiopsis lincolni,20,individuals,log × taxon,INCLUDE,,,,,,,,,,,,,,,cherisse.persad@gmail.com
SRC0252,1048,EVT1133,VIS00229,MC23_L-G-1,Paronesimoides sp. aff. voightae,13,individuals,log × taxon,INCLUDE,,,,,,,,,,,,,,,cherisse.persad@gmail.com
SRC0252,1049,EVT1133,VIS00229,MC23_L-G-4,Paronesimoides sp. aff. voightae,3,individuals,log × taxon,INCLUDE,,,,,,,,,,,,,,,cherisse.persad@gmail.com
SRC0252,1050,EVT1133,VIS00229,MC23_L-G-7,Paronesimoides sp. aff. voightae,3,individuals,log × taxon,INCLUDE,,,,,,,,,,,,,,,cherisse.persad@gmail.com
SRC0252,1051,EVT1133,VIS00229,MC23_L-G-10,Paronesimoides sp. aff. voightae,16,individuals,log × taxon,INCLUDE,,,,,,,,,,,,,,,cherisse.persad@gmail.com
SRC0252,1052,EVT1133,VIS00229,MC23_L-G-13,Paronesimoides sp. aff. voightae,23,individuals,log × taxon,INCLUDE,,,,,,,,,,,,,,,cherisse.persad@gmail.com
SRC0252,1053,EVT1133,VIS00229,MC23_L-G-16,Paronesimoides sp. aff. voightae,8,individuals,log × taxon,INCLUDE,,,,,,,,,,,,,,,cherisse.persad@gmail.com
SRC0252,1054,EVT1133,VIS00229,MC23_L-G-19,Paronesimoides sp. aff. voightae,50,individuals,log × taxon,INCLUDE,,,,,,,,,,,,,,,cherisse.persad@gmail.com
SRC0252,1055,EVT1133,VIS00229,MC23_L-G-22,Paronesimoides sp. aff. voightae,341,individuals,log × taxon,INCLUDE,,,,,,,,,,,,,,,cherisse.persad@gmail.com
SRC0252,1056,EVT1133,VIS00229,MC23_L-G-25,Paronesimoides sp. aff. voightae,78,individuals,log × taxon,INCLUDE,,,,,,,,,,,,,,,cherisse.persad@gmail.com
SRC0252,1057,EVT1133,VIS00229,MC23_L-G-26,Paronesimoides sp. aff. voightae,123,individuals,log × taxon,INCLUDE,,,,,,,,,,,,,,,cherisse.persad@gmail.com
SRC0252,1058,EVT1133,VIS00229,MC23_L-G-31,Paronesimoides sp. aff. voightae,51,individuals,log × taxon,INCLUDE,,,,,,,,,,,,,,,cherisse.persad@gmail.com
SRC0252,1059,EVT1133,VIS00229,MC23_L-G-34,Paronesimoides sp. aff. voightae,59,individuals,log × taxon,INCLUDE,,,,,,,,,,,,,,,cherisse.persad@gmail.com
SRC0252,1060,EVT1133,VIS00229,MC23_L-W-1,Paronesimoides sp. aff. voightae,2,individuals,log × taxon,INCLUDE,,,,,,,,,,,,,,,cherisse.persad@gmail.com
SRC0252,1061,EVT1133,VIS00229,MC23_L-W-4,Paronesimoides sp. aff. voightae,45,individuals,log × taxon,INCLUDE,,,,,,,,,,,,,,,cherisse.persad@gmail.com
SRC0252,1062,EVT1133,VIS00229,MC23_L-W-7,Paronesimoides sp. aff. voightae,40,individuals,log × taxon,INCLUDE,,,,,,,,,,,,,,,cherisse.persad@gmail.com
SRC0252,1063,EVT1133,VIS00229,MC23_L-W-10,Paronesimoides sp. aff. voightae,2,individuals,log × taxon,INCLUDE,,,,,,,,,,,,,,,cherisse.persad@gmail.com
SRC0252,1064,EVT1133,VIS00229,MC23_L-W-13,Paronesimoides sp. aff. voightae,29,individuals,log × taxon,INCLUDE,,,,,,,,,,,,,,,cherisse.persad@gmail.com
SRC0252,1065,EVT1133,VIS00229,MC23_L-W-16,Paronesimoides sp. aff. voightae,128,individuals,log × taxon,INCLUDE,,,,,,,,,,,,,,,cherisse.persad@gmail.com
SRC0252,1066,EVT1133,VIS00229,MC23_L-W-19,Paronesimoides sp. aff. voightae,7,individuals,log × taxon,INCLUDE,,,,,,,,,,,,,,,cherisse.persad@gmail.com
SRC0252,1067,EVT1133,VIS00229,MC23_L-W-21,Paronesimoides sp. aff. voightae,27,individuals,log × taxon,INCLUDE,,,,,,,,,,,,,,,cherisse.persad@gmail.com
SRC0252,1068,EVT1133,VIS00229,MC23_L-W-22,Paronesimoides sp. aff. voightae,8,individuals,log × taxon,INCLUDE,,,,,,,,,,,,,,,cherisse.persad@gmail.com
SRC0252,1069,EVT1133,VIS00229,MC23_L-W-25,Paronesimoides sp. aff. voightae,85,individuals,log × taxon,INCLUDE,,,,,,,,,,,,,,,cherisse.persad@gmail.com
SRC0252,1070,EVT1133,VIS00229,MC23_L-W-28,Paronesimoides sp. aff. voightae,12,individuals,log × taxon,INCLUDE,,,,,,,,,,,,,,,cherisse.persad@gmail.com
SRC0252,1071,EVT1133,VIS00229,MC23_L-W-34,Paronesimoides sp. aff. voightae,6,individuals,log × taxon,INCLUDE,,,,,,,,,,,,,,,cherisse.persad@gmail.com
SRC0252,1072,EVT1133,VIS00229,MC23_L-G-22,Leptamphopus sp. nov. aff. fragilis,1,individuals,log × taxon,INCLUDE,,,,,,,,,,,,,,,cherisse.persad@gmail.com
SRC0252,1073,EVT1133,VIS00229,MC23_L-G-25,Leptamphopus sp. nov. aff. fragilis,1,individuals,log × taxon,INCLUDE,,,,,,,,,,,,,,,cherisse.persad@gmail.com
SRC0252,1074,EVT1133,VIS00229,MC23_L-G-26,Leptamphopus sp. nov. aff. fragilis,7,individuals,log × taxon,INCLUDE,,,,,,,,,,,,,,,cherisse.persad@gmail.com
SRC0252,1075,EVT1133,VIS00229,MC23_L-W-7,Leptamphopus sp. nov. aff. fragilis,14,individuals,log × taxon,INCLUDE,,,,,,,,,,,,,,,cherisse.persad@gmail.com
SRC0252,1076,EVT1133,VIS00229,MC23_L-W-13,Leptamphopus sp. nov. aff. fragilis,25,individuals,log × taxon,INCLUDE,,,,,,,,,,,,,,,cherisse.persad@gmail.com
SRC0252,1077,EVT1133,VIS00229,MC23_L-W-25,Leptamphopus sp. nov. aff. fragilis,1,individuals,log × taxon,INCLUDE,,,,,,,,,,,,,,,cherisse.persad@gmail.com
SRC0252,1078,EVT1133,VIS00229,MC23_L-W-28,Leptamphopus sp. nov. aff. fragilis,1,individuals,log × taxon,INCLUDE,,,,,,,,,,,,,,,cherisse.persad@gmail.com
SRC0252,1079,EVT1133,VIS00229,MC23_L-G-26,Crustacean [amph-10],1,individuals,log × taxon,INCLUDE,,,,,,,,,,,,,,,cherisse.persad@gmail.com
SRC0252,1080,EVT1133,VIS00229,MC23_L-G-19,Crustacean [amph-11],1,individuals,log × taxon,INCLUDE,,,,,,,,,,,,,,,cherisse.persad@gmail.com
SRC0252,1081,EVT1133,VIS00229,MC23_L-W-28,Crustacean [amph-12],1,individuals,log × taxon,INCLUDE,,,,,,,,,,,,,,,cherisse.persad@gmail.com
SRC0252,1082,EVT1133,VIS00229,MC23_L-G-26,Crustacean [amph-13],1,individuals,log × taxon,INCLUDE,,,,,,,,,,,,,,,cherisse.persad@gmail.com
SRC0252,1083,EVT1133,VIS00229,MC23_L-G-19,amph-unid,2,individuals,log × taxon,INCLUDE,,,,,,,,,,,,,,,cherisse.persad@gmail.com
SRC0252,1084,EVT1133,VIS00229,MC23_L-G-22,amph-unid,8,individuals,log × taxon,INCLUDE,,,,,,,,,,,,,,,cherisse.persad@gmail.com
SRC0252,1085,EVT1133,VIS00229,MC23_L-G-25,amph-unid,3,individuals,log × taxon,INCLUDE,,,,,,,,,,,,,,,cherisse.persad@gmail.com
SRC0252,1086,EVT1133,VIS00229,MC23_L-G-26,amph-unid,6,individuals,log × taxon,INCLUDE,,,,,,,,,,,,,,,cherisse.persad@gmail.com
SRC0252,1087,EVT1133,VIS00229,MC23_L-W-13,amph-unid,1,individuals,log × taxon,INCLUDE,,,,,,,,,,,,,,,cherisse.persad@gmail.com
SRC0252,1088,EVT1133,VIS00229,MC23_L-W-21,amph-unid,4,individuals,log × taxon,INCLUDE,,,,,,,,,,,,,,,cherisse.persad@gmail.com
SRC0252,1089,EVT1133,VIS00229,MC23_L-W-22,amph-unid,7,individuals,log × taxon,INCLUDE,,,,,,,,,,,,,,,cherisse.persad@gmail.com
SRC0252,1090,EVT1133,VIS00229,MC23_L-W-25,amph-unid,10,individuals,log × taxon,INCLUDE,,,,,,,,,,,,,,,cherisse.persad@gmail.com
SRC0252,1091,EVT1133,VIS00229,MC23_L-W-28,amph-unid,2,individuals,log × taxon,INCLUDE,,,,,,,,,,,,,,,cherisse.persad@gmail.com
SRC0252,1092,EVT1133,VIS00229,MC23_L-W-16,deca-unid,1,individuals,log × taxon,INCLUDE,,,,,,,,,,,,,,,cherisse.persad@gmail.com
SRC0252,1093,EVT1133,VIS00229,MC23_L-G-1,Munidopsis geyeri,7,individuals,log × taxon,INCLUDE,,,,,,,,,,,,,,,cherisse.persad@gmail.com
SRC0252,1094,EVT1133,VIS00229,MC23_L-G-4,Munidopsis geyeri,9,individuals,log × taxon,INCLUDE,,,,,,,,,,,,,,,cherisse.persad@gmail.com
SRC0252,1095,EVT1133,VIS00229,MC23_L-G-7,Munidopsis geyeri,14,individuals,log × taxon,INCLUDE,,,,,,,,,,,,,,,cherisse.persad@gmail.com
SRC0252,1096,EVT1133,VIS00229,MC23_L-G-10,Munidopsis geyeri,5,individuals,log × taxon,INCLUDE,,,,,,,,,,,,,,,cherisse.persad@gmail.com
SRC0252,1097,EVT1133,VIS00229,MC23_L-G-13,Munidopsis geyeri,7,individuals,log × taxon,INCLUDE,,,,,,,,,,,,,,,cherisse.persad@gmail.com
SRC0252,1098,EVT1133,VIS00229,MC23_L-G-16,Munidopsis geyeri,1,individuals,log × taxon,INCLUDE,,,,,,,,,,,,,,,cherisse.persad@gmail.com
SRC0252,1099,EVT1133,VIS00229,MC23_L-G-19,Munidopsis geyeri,9,individuals,log × taxon,INCLUDE,,,,,,,,,,,,,,,cherisse.persad@gmail.com
SRC0252,1100,EVT1133,VIS00229,MC23_L-G-22,Munidopsis geyeri,9,individuals,log × taxon,INCLUDE,,,,,,,,,,,,,,,cherisse.persad@gmail.com
SRC0252,1101,EVT1133,VIS00229,MC23_L-G-25,Munidopsis geyeri,17,individuals,log × taxon,INCLUDE,,,,,,,,,,,,,,,cherisse.persad@gmail.com
SRC0252,1102,EVT1133,VIS00229,MC23_L-G-26,Munidopsis geyeri,10,individuals,log × taxon,INCLUDE,,,,,,,,,,,,,,,cherisse.persad@gmail.com
SRC0252,1103,EVT1133,VIS00229,MC23_L-G-31,Munidopsis geyeri,14,individuals,log × taxon,INCLUDE,,,,,,,,,,,,,,,cherisse.persad@gmail.com
SRC0252,1104,EVT1133,VIS00229,MC23_L-G-34,Munidopsis geyeri,17,individuals,log × taxon,INCLUDE,,,,,,,,,,,,,,,cherisse.persad@gmail.com
SRC0252,1105,EVT1133,VIS00229,MC23_L-W-1,Munidopsis geyeri,6,individuals,log × taxon,INCLUDE,,,,,,,,,,,,,,,cherisse.persad@gmail.com
SRC0252,1106,EVT1133,VIS00229,MC23_L-W-4,Munidopsis geyeri,4,individuals,log × taxon,INCLUDE,,,,,,,,,,,,,,,cherisse.persad@gmail.com
SRC0252,1107,EVT1133,VIS00229,MC23_L-W-7,Munidopsis geyeri,13,individuals,log × taxon,INCLUDE,,,,,,,,,,,,,,,cherisse.persad@gmail.com
SRC0252,1108,EVT1133,VIS00229,MC23_L-W-10,Munidopsis geyeri,10,individuals,log × taxon,INCLUDE,,,,,,,,,,,,,,,cherisse.persad@gmail.com
SRC0252,1109,EVT1133,VIS00229,MC23_L-W-13,Munidopsis geyeri,7,individuals,log × taxon,INCLUDE,,,,,,,,,,,,,,,cherisse.persad@gmail.com
SRC0252,1110,EVT1133,VIS00229,MC23_L-W-16,Munidopsis geyeri,12,individuals,log × taxon,INCLUDE,,,,,,,,,,,,,,,cherisse.persad@gmail.com
SRC0252,1111,EVT1133,VIS00229,MC23_L-W-19,Munidopsis geyeri,16,individuals,log × taxon,INCLUDE,,,,,,,,,,,,,,,cherisse.persad@gmail.com
SRC0252,1112,EVT1133,VIS00229,MC23_L-W-21,Munidopsis geyeri,14,individuals,log × taxon,INCLUDE,,,,,,,,,,,,,,,cherisse.persad@gmail.com
SRC0252,1113,EVT1133,VIS00229,MC23_L-W-22,Munidopsis geyeri,17,individuals,log × taxon,INCLUDE,,,,,,,,,,,,,,,cherisse.persad@gmail.com
SRC0252,1114,EVT1133,VIS00229,MC23_L-W-25,Munidopsis geyeri,20,individuals,log × taxon,INCLUDE,,,,,,,,,,,,,,,cherisse.persad@gmail.com
SRC0252,1115,EVT1133,VIS00229,MC23_L-W-28,Munidopsis geyeri,21,individuals,log × taxon,INCLUDE,,,,,,,,,,,,,,,cherisse.persad@gmail.com
SRC0252,1116,EVT1133,VIS00229,MC23_L-W-34,Munidopsis geyeri,16,individuals,log × taxon,INCLUDE,,,,,,,,,,,,,,,cherisse.persad@gmail.com
SRC0252,1117,EVT1133,VIS00229,MC23_L-G-1,Zoromunna sp. nov.,43,individuals,log × taxon,INCLUDE,,,,,,,,,,,,,,,cherisse.persad@gmail.com
SRC0252,1118,EVT1133,VIS00229,MC23_L-G-4,Zoromunna sp. nov.,7,individuals,log × taxon,INCLUDE,,,,,,,,,,,,,,,cherisse.persad@gmail.com
SRC0252,1119,EVT1133,VIS00229,MC23_L-G-7,Zoromunna sp. nov.,41,individuals,log × taxon,INCLUDE,,,,,,,,,,,,,,,cherisse.persad@gmail.com
SRC0252,1120,EVT1133,VIS00229,MC23_L-G-13,Zoromunna sp. nov.,104,individuals,log × taxon,INCLUDE,,,,,,,,,,,,,,,cherisse.persad@gmail.com
SRC0252,1121,EVT1133,VIS00229,MC23_L-G-16,Zoromunna sp. nov.,27,individuals,log × taxon,INCLUDE,,,,,,,,,,,,,,,cherisse.persad@gmail.com
SRC0252,1122,EVT1133,VIS00229,MC23_L-G-19,Zoromunna sp. nov.,168,individuals,log × taxon,INCLUDE,,,,,,,,,,,,,,,cherisse.persad@gmail.com
SRC0252,1123,EVT1133,VIS00229,MC23_L-G-22,Zoromunna sp. nov.,2,individuals,log × taxon,INCLUDE,,,,,,,,,,,,,,,cherisse.persad@gmail.com
SRC0252,1124,EVT1133,VIS00229,MC23_L-G-25,Zoromunna sp. nov.,47,individuals,log × taxon,INCLUDE,,,,,,,,,,,,,,,cherisse.persad@gmail.com
SRC0252,1125,EVT1133,VIS00229,MC23_L-G-26,Zoromunna sp. nov.,206,individuals,log × taxon,INCLUDE,,,,,,,,,,,,,,,cherisse.persad@gmail.com
SRC0252,1126,EVT1133,VIS00229,MC23_L-G-34,Zoromunna sp. nov.,352,individuals,log × taxon,INCLUDE,,,,,,,,,,,,,,,cherisse.persad@gmail.com
SRC0252,1127,EVT1133,VIS00229,MC23_L-W-1,Zoromunna sp. nov.,2,individuals,log × taxon,INCLUDE,,,,,,,,,,,,,,,cherisse.persad@gmail.com
SRC0252,1128,EVT1133,VIS00229,MC23_L-W-16,Zoromunna sp. nov.,3,individuals,log × taxon,INCLUDE,,,,,,,,,,,,,,,cherisse.persad@gmail.com
SRC0252,1129,EVT1133,VIS00229,MC23_L-W-28,Zoromunna sp. nov.,1,individuals,log × taxon,INCLUDE,,,,,,,,,,,,,,,cherisse.persad@gmail.com
SRC0252,1130,EVT1133,VIS00229,MC23_L-W-34,Zoromunna sp. nov.,20,individuals,log × taxon,INCLUDE,,,,,,,,,,,,,,,cherisse.persad@gmail.com
SRC0252,1131,EVT1133,VIS00229,MC23_L-G-1,aff. Notoxenoides gen. et sp. nov.,2,individuals,log × taxon,INCLUDE,,,,,,,,,,,,,,,cherisse.persad@gmail.com
SRC0252,1132,EVT1133,VIS00229,MC23_L-G-4,aff. Notoxenoides gen. et sp. nov.,1,individuals,log × taxon,INCLUDE,,,,,,,,,,,,,,,cherisse.persad@gmail.com
SRC0252,1133,EVT1133,VIS00229,MC23_L-G-7,aff. Notoxenoides gen. et sp. nov.,19,individuals,log × taxon,INCLUDE,,,,,,,,,,,,,,,cherisse.persad@gmail.com
SRC0252,1134,EVT1133,VIS00229,MC23_L-G-10,aff. Notoxenoides gen. et sp. nov.,2,individuals,log × taxon,INCLUDE,,,,,,,,,,,,,,,cherisse.persad@gmail.com
SRC0252,1135,EVT1133,VIS00229,MC23_L-G-13,aff. Notoxenoides gen. et sp. nov.,2,individuals,log × taxon,INCLUDE,,,,,,,,,,,,,,,cherisse.persad@gmail.com
SRC0252,1136,EVT1133,VIS00229,MC23_L-G-16,aff. Notoxenoides gen. et sp. nov.,7,individuals,log × taxon,INCLUDE,,,,,,,,,,,,,,,cherisse.persad@gmail.com
SRC0252,1137,EVT1133,VIS00229,MC23_L-G-19,aff. Notoxenoides gen. et sp. nov.,26,individuals,log × taxon,INCLUDE,,,,,,,,,,,,,,,cherisse.persad@gmail.com
SRC0252,1138,EVT1133,VIS00229,MC23_L-G-22,aff. Notoxenoides gen. et sp. nov.,29,individuals,log × taxon,INCLUDE,,,,,,,,,,,,,,,cherisse.persad@gmail.com
SRC0252,1139,EVT1133,VIS00229,MC23_L-G-25,aff. Notoxenoides gen. et sp. nov.,5,individuals,log × taxon,INCLUDE,,,,,,,,,,,,,,,cherisse.persad@gmail.com
SRC0252,1140,EVT1133,VIS00229,MC23_L-G-26,aff. Notoxenoides gen. et sp. nov.,11,individuals,log × taxon,INCLUDE,,,,,,,,,,,,,,,cherisse.persad@gmail.com
SRC0252,1141,EVT1133,VIS00229,MC23_L-G-31,aff. Notoxenoides gen. et sp. nov.,5,individuals,log × taxon,INCLUDE,,,,,,,,,,,,,,,cherisse.persad@gmail.com
SRC0252,1142,EVT1133,VIS00229,MC23_L-G-34,aff. Notoxenoides gen. et sp. nov.,18,individuals,log × taxon,INCLUDE,,,,,,,,,,,,,,,cherisse.persad@gmail.com
SRC0252,1143,EVT1133,VIS00229,MC23_L-W-4,aff. Notoxenoides gen. et sp. nov.,8,individuals,log × taxon,INCLUDE,,,,,,,,,,,,,,,cherisse.persad@gmail.com
SRC0252,1144,EVT1133,VIS00229,MC23_L-W-7,aff. Notoxenoides gen. et sp. nov.,11,individuals,log × taxon,INCLUDE,,,,,,,,,,,,,,,cherisse.persad@gmail.com
SRC0252,1145,EVT1133,VIS00229,MC23_L-W-10,aff. Notoxenoides gen. et sp. nov.,26,individuals,log × taxon,INCLUDE,,,,,,,,,,,,,,,cherisse.persad@gmail.com
SRC0252,1146,EVT1133,VIS00229,MC23_L-W-13,aff. Notoxenoides gen. et sp. nov.,26,individuals,log × taxon,INCLUDE,,,,,,,,,,,,,,,cherisse.persad@gmail.com
SRC0252,1147,EVT1133,VIS00229,MC23_L-W-16,aff. Notoxenoides gen. et sp. nov.,6,individuals,log × taxon,INCLUDE,,,,,,,,,,,,,,,cherisse.persad@gmail.com
SRC0252,1148,EVT1133,VIS00229,MC23_L-W-19,aff. Notoxenoides gen. et sp. nov.,17,individuals,log × taxon,INCLUDE,,,,,,,,,,,,,,,cherisse.persad@gmail.com
SRC0252,1149,EVT1133,VIS00229,MC23_L-W-21,aff. Notoxenoides gen. et sp. nov.,92,individuals,log × taxon,INCLUDE,,,,,,,,,,,,,,,cherisse.persad@gmail.com
SRC0252,1150,EVT1133,VIS00229,MC23_L-W-22,aff. Notoxenoides gen. et sp. nov.,7,individuals,log × taxon,INCLUDE,,,,,,,,,,,,,,,cherisse.persad@gmail.com
SRC0252,1151,EVT1133,VIS00229,MC23_L-W-25,aff. Notoxenoides gen. et sp. nov.,15,individuals,log × taxon,INCLUDE,,,,,,,,,,,,,,,cherisse.persad@gmail.com
SRC0252,1152,EVT1133,VIS00229,MC23_L-W-28,aff. Notoxenoides gen. et sp. nov.,47,individuals,log × taxon,INCLUDE,,,,,,,,,,,,,,,cherisse.persad@gmail.com
SRC0252,1153,EVT1133,VIS00229,MC23_L-W-34,aff. Notoxenoides gen. et sp. nov.,26,individuals,log × taxon,INCLUDE,,,,,,,,,,,,,,,cherisse.persad@gmail.com
SRC0252,1154,EVT1133,VIS00229,MC23_L-G-1,Crustacean [iso-4],2,individuals,log × taxon,INCLUDE,,,,,,,,,,,,,,,cherisse.persad@gmail.com
SRC0252,1155,EVT1133,VIS00229,MC23_L-G-7,Crustacean [iso-4],2,individuals,log × taxon,INCLUDE,,,,,,,,,,,,,,,cherisse.persad@gmail.com
SRC0252,1156,EVT1133,VIS00229,MC23_L-G-13,Crustacean [iso-4],3,individuals,log × taxon,INCLUDE,,,,,,,,,,,,,,,cherisse.persad@gmail.com
SRC0252,1157,EVT1133,VIS00229,MC23_L-G-16,Crustacean [iso-4],7,individuals,log × taxon,INCLUDE,,,,,,,,,,,,,,,cherisse.persad@gmail.com
SRC0252,1158,EVT1133,VIS00229,MC23_L-G-19,Crustacean [iso-4],7,individuals,log × taxon,INCLUDE,,,,,,,,,,,,,,,cherisse.persad@gmail.com
SRC0252,1159,EVT1133,VIS00229,MC23_L-G-22,Crustacean [iso-4],21,individuals,log × taxon,INCLUDE,,,,,,,,,,,,,,,cherisse.persad@gmail.com
SRC0252,1160,EVT1133,VIS00229,MC23_L-G-25,Crustacean [iso-4],54,individuals,log × taxon,INCLUDE,,,,,,,,,,,,,,,cherisse.persad@gmail.com
SRC0252,1161,EVT1133,VIS00229,MC23_L-G-26,Crustacean [iso-4],3,individuals,log × taxon,INCLUDE,,,,,,,,,,,,,,,cherisse.persad@gmail.com
SRC0252,1162,EVT1133,VIS00229,MC23_L-G-34,Crustacean [iso-4],20,individuals,log × taxon,INCLUDE,,,,,,,,,,,,,,,cherisse.persad@gmail.com
SRC0252,1163,EVT1133,VIS00229,MC23_L-W-4,Crustacean [iso-4],1,individuals,log × taxon,INCLUDE,,,,,,,,,,,,,,,cherisse.persad@gmail.com
SRC0252,1164,EVT1133,VIS00229,MC23_L-W-7,Crustacean [iso-4],4,individuals,log × taxon,INCLUDE,,,,,,,,,,,,,,,cherisse.persad@gmail.com
SRC0252,1165,EVT1133,VIS00229,MC23_L-W-13,Crustacean [iso-4],25,individuals,log × taxon,INCLUDE,,,,,,,,,,,,,,,cherisse.persad@gmail.com
SRC0252,1166,EVT1133,VIS00229,MC23_L-W-16,Crustacean [iso-4],3,individuals,log × taxon,INCLUDE,,,,,,,,,,,,,,,cherisse.persad@gmail.com
SRC0252,1167,EVT1133,VIS00229,MC23_L-W-21,Crustacean [iso-4],2,individuals,log × taxon,INCLUDE,,,,,,,,,,,,,,,cherisse.persad@gmail.com
SRC0252,1168,EVT1133,VIS00229,MC23_L-W-22,Crustacean [iso-4],21,individuals,log × taxon,INCLUDE,,,,,,,,,,,,,,,cherisse.persad@gmail.com
SRC0252,1169,EVT1133,VIS00229,MC23_L-W-25,Crustacean [iso-4],78,individuals,log × taxon,INCLUDE,,,,,,,,,,,,,,,cherisse.persad@gmail.com
SRC0252,1170,EVT1133,VIS00229,MC23_L-W-28,Crustacean [iso-4],3,individuals,log × taxon,INCLUDE,,,,,,,,,,,,,,,cherisse.persad@gmail.com
SRC0252,1171,EVT1133,VIS00229,MC23_L-W-34,Crustacean [iso-4],7,individuals,log × taxon,INCLUDE,,,,,,,,,,,,,,,cherisse.persad@gmail.com
SRC0252,1172,EVT1133,VIS00229,MC23_L-G-25,Janiralata sp. nov.,113,individuals,log × taxon,INCLUDE,,,,,,,,,,,,,,,cherisse.persad@gmail.com
SRC0252,1173,EVT1133,VIS00229,MC23_L-G-26,Janiralata sp. nov.,1,individuals,log × taxon,INCLUDE,,,,,,,,,,,,,,,cherisse.persad@gmail.com
SRC0252,1174,EVT1133,VIS00229,MC23_L-G-19,Eurycope sp. Nov.,1,individuals,log × taxon,INCLUDE,,,,,,,,,,,,,,,cherisse.persad@gmail.com
SRC0252,1175,EVT1133,VIS00229,MC23_L-G-22,Eurycope sp. Nov.,1,individuals,log × taxon,INCLUDE,,,,,,,,,,,,,,,cherisse.persad@gmail.com
SRC0252,1176,EVT1133,VIS00229,MC23_L-W-21,Eurycope sp. Nov.,1,individuals,log × taxon,INCLUDE,,,,,,,,,,,,,,,cherisse.persad@gmail.com
SRC0252,1177,EVT1133,VIS00229,MC23_L-G-22,iso-unid,1,individuals,log × taxon,INCLUDE,,,,,,,,,,,,,,,cherisse.persad@gmail.com
SRC0252,1178,EVT1133,VIS00229,MC23_L-G-1,Cnidaria [anem-1],73,individuals,log × taxon,INCLUDE,,,,,,,,,,,,,,,cherisse.persad@gmail.com
SRC0252,1179,EVT1133,VIS00229,MC23_L-G-4,Cnidaria [anem-1],13,individuals,log × taxon,INCLUDE,,,,,,,,,,,,,,,cherisse.persad@gmail.com
SRC0252,1180,EVT1133,VIS00229,MC23_L-G-7,Cnidaria [anem-1],24,individuals,log × taxon,INCLUDE,,,,,,,,,,,,,,,cherisse.persad@gmail.com
SRC0252,1181,EVT1133,VIS00229,MC23_L-G-10,Cnidaria [anem-1],7,individuals,log × taxon,INCLUDE,,,,,,,,,,,,,,,cherisse.persad@gmail.com
SRC0252,1182,EVT1133,VIS00229,MC23_L-G-13,Cnidaria [anem-1],54,individuals,log × taxon,INCLUDE,,,,,,,,,,,,,,,cherisse.persad@gmail.com
SRC0252,1183,EVT1133,VIS00229,MC23_L-G-16,Cnidaria [anem-1],82,individuals,log × taxon,INCLUDE,,,,,,,,,,,,,,,cherisse.persad@gmail.com
SRC0252,1184,EVT1133,VIS00229,MC23_L-G-19,Cnidaria [anem-1],89,individuals,log × taxon,INCLUDE,,,,,,,,,,,,,,,cherisse.persad@gmail.com
SRC0252,1185,EVT1133,VIS00229,MC23_L-G-22,Cnidaria [anem-1],263,individuals,log × taxon,INCLUDE,,,,,,,,,,,,,,,cherisse.persad@gmail.com
SRC0252,1186,EVT1133,VIS00229,MC23_L-G-25,Cnidaria [anem-1],161,individuals,log × taxon,INCLUDE,,,,,,,,,,,,,,,cherisse.persad@gmail.com
SRC0252,1187,EVT1133,VIS00229,MC23_L-G-26,Cnidaria [anem-1],256,individuals,log × taxon,INCLUDE,,,,,,,,,,,,,,,cherisse.persad@gmail.com
SRC0252,1188,EVT1133,VIS00229,MC23_L-G-31,Cnidaria [anem-1],115,individuals,log × taxon,INCLUDE,,,,,,,,,,,,,,,cherisse.persad@gmail.com
SRC0252,1189,EVT1133,VIS00229,MC23_L-G-34,Cnidaria [anem-1],36,individuals,log × taxon,INCLUDE,,,,,,,,,,,,,,,cherisse.persad@gmail.com
SRC0252,1190,EVT1133,VIS00229,MC23_L-W-1,Cnidaria [anem-1],48,individuals,log × taxon,INCLUDE,,,,,,,,,,,,,,,cherisse.persad@gmail.com
SRC0252,1191,EVT1133,VIS00229,MC23_L-W-4,Cnidaria [anem-1],154,individuals,log × taxon,INCLUDE,,,,,,,,,,,,,,,cherisse.persad@gmail.com
SRC0252,1192,EVT1133,VIS00229,MC23_L-W-7,Cnidaria [anem-1],260,individuals,log × taxon,INCLUDE,,,,,,,,,,,,,,,cherisse.persad@gmail.com
SRC0252,1193,EVT1133,VIS00229,MC23_L-W-10,Cnidaria [anem-1],114,individuals,log × taxon,INCLUDE,,,,,,,,,,,,,,,cherisse.persad@gmail.com
SRC0252,1194,EVT1133,VIS00229,MC23_L-W-13,Cnidaria [anem-1],128,individuals,log × taxon,INCLUDE,,,,,,,,,,,,,,,cherisse.persad@gmail.com
SRC0252,1195,EVT1133,VIS00229,MC23_L-W-16,Cnidaria [anem-1],117,individuals,log × taxon,INCLUDE,,,,,,,,,,,,,,,cherisse.persad@gmail.com
SRC0252,1196,EVT1133,VIS00229,MC23_L-W-19,Cnidaria [anem-1],63,individuals,log × taxon,INCLUDE,,,,,,,,,,,,,,,cherisse.persad@gmail.com
SRC0252,1197,EVT1133,VIS00229,MC23_L-W-21,Cnidaria [anem-1],135,individuals,log × taxon,INCLUDE,,,,,,,,,,,,,,,cherisse.persad@gmail.com
SRC0252,1198,EVT1133,VIS00229,MC23_L-W-22,Cnidaria [anem-1],64,individuals,log × taxon,INCLUDE,,,,,,,,,,,,,,,cherisse.persad@gmail.com
SRC0252,1199,EVT1133,VIS00229,MC23_L-W-25,Cnidaria [anem-1],74,individuals,log × taxon,INCLUDE,,,,,,,,,,,,,,,cherisse.persad@gmail.com
SRC0252,1200,EVT1133,VIS00229,MC23_L-W-28,Cnidaria [anem-1],164,individuals,log × taxon,INCLUDE,,,,,,,,,,,,,,,cherisse.persad@gmail.com
SRC0252,1201,EVT1133,VIS00229,MC23_L-W-34,Cnidaria [anem-1],42,individuals,log × taxon,INCLUDE,,,,,,,,,,,,,,,cherisse.persad@gmail.com
SRC0252,1202,EVT1133,VIS00229,MC23_L-G-22,Actinoscyphia,1,individuals,log × taxon,INCLUDE,,,,,,,,,,,,,,,cherisse.persad@gmail.com
SRC0252,1203,EVT1133,VIS00229,MC23_L-W-13,Actinoscyphia,1,individuals,log × taxon,INCLUDE,,,,,,,,,,,,,,,cherisse.persad@gmail.com
SRC0252,1204,EVT1133,VIS00229,MC23_L-W-4,Sponge [por-1],1,individuals,log × taxon,INCLUDE,,,,,,,,,,,,,,,cherisse.persad@gmail.com
SRC0252,1205,EVT1133,VIS00229,MC23_L-W-34,Sponge [por-1],1,individuals,log × taxon,INCLUDE,,,,,,,,,,,,,,,cherisse.persad@gmail.com
SRC0252,1206,EVT1133,VIS00229,MC23_L-W-28,Echinoderm [echn-1],1,individuals,log × taxon,INCLUDE,,,,,,,,,,,,,,,cherisse.persad@gmail.com
SRC0252,1207,EVT1133,VIS00229,MC23_L-W-16,Brachiopod [brach-1],1,individuals,log × taxon,INCLUDE,,,,,,,,,,,,,,,cherisse.persad@gmail.com
SRC0252,1208,EVT1133,VIS00229,MC23_L-G-13,scaph-1,1,individuals,log × taxon,INCLUDE,,,,,,,,,,,,,,,cherisse.persad@gmail.com
SRC0252,1209,EVT1133,VIS00229,MC23_L-G-25,scaph-1,2,individuals,log × taxon,INCLUDE,,,,,,,,,,,,,,,cherisse.persad@gmail.com
SRC0252,1210,EVT1133,VIS00229,MC23_L-W-4,scaph-1,1,individuals,log × taxon,INCLUDE,,,,,,,,,,,,,,,cherisse.persad@gmail.com
SRC0252,1211,EVT1133,VIS00229,MC23_L-W-10,Crustacean [barn-1],1,individuals,log × taxon,INCLUDE,,,,,,,,,,,,,,,cherisse.persad@gmail.com
SRC0256,1,EVT1124,VIS00180,MC26_L-Y-31,Xyloredo sp. 1,1,individuals,log × taxon,INCLUDE,,,,,,,,,,,,,,,cherisse.persad@gmail.com
SRC0256,2,EVT1124,VIS00180,MC26_L-Y-25,Xyloredo sp. 1,606,individuals,log × taxon,INCLUDE,,,,,,,,,,,,,,,cherisse.persad@gmail.com
SRC0256,3,EVT1124,VIS00180,MC26_L-Y-27,Xyloredo sp. 1,1189,individuals,log × taxon,INCLUDE,,,,,,,,,,,,,,,cherisse.persad@gmail.com
SRC0256,4,EVT1124,VIS00180,MC26_L-Y-9,Xyloredo sp. 1,220,individuals,log × taxon,INCLUDE,,,,,,,,,,,,,,,cherisse.persad@gmail.com
SRC0256,5,EVT1124,VIS00180,MC26_L-Y-11,Xyloredo sp. 1,1438,individuals,log × taxon,INCLUDE,,,,,,,,,,,,,,,cherisse.persad@gmail.com
SRC0256,6,EVT1124,VIS00180,MC26_L-Y-43,Xyloredo sp. 1,1,individuals,log × taxon,INCLUDE,,,,,,,,,,,,,,,cherisse.persad@gmail.com
SRC0256,7,EVT1124,VIS00180,MC26_L-Y-1,Xyloredo sp. 1,205,individuals,log × taxon,INCLUDE,,,,,,,,,,,,,,,cherisse.persad@gmail.com
SRC0256,8,EVT1124,VIS00181,MC26_L-Y-2,Xyloredo sp. 1,79,individuals,log × taxon,INCLUDE,,,,,,,,,,,,,,,cherisse.persad@gmail.com
SRC0256,9,EVT1124,VIS00180,MC26_L-Y-3,Xyloredo sp. 1,581,individuals,log × taxon,INCLUDE,,,,,,,,,,,,,,,cherisse.persad@gmail.com
SRC0256,10,EVT1124,VIS00181,MC26_L-Y-6,Xyloredo sp. 1,256,individuals,log × taxon,INCLUDE,,,,,,,,,,,,,,,cherisse.persad@gmail.com
SRC0256,11,EVT1124,VIS00180,MC26_L-Y-7,Xyloredo sp. 1,1686,individuals,log × taxon,INCLUDE,,,,,,,,,,,,,,,cherisse.persad@gmail.com
SRC0256,12,EVT1124,VIS00181,MC26_L-Y-8,Xyloredo sp. 1,721,individuals,log × taxon,INCLUDE,,,,,,,,,,,,,,,cherisse.persad@gmail.com
SRC0256,13,EVT1124,VIS00181,MC26_L-Y-10,Xyloredo sp. 1,176,individuals,log × taxon,INCLUDE,,,,,,,,,,,,,,,cherisse.persad@gmail.com
SRC0256,14,EVT1124,VIS00181,MC26_L-Y-12,Xyloredo sp. 1,457,individuals,log × taxon,INCLUDE,,,,,,,,,,,,,,,cherisse.persad@gmail.com
SRC0256,15,EVT1124,VIS00180,MC26_L-Y-13,Xyloredo sp. 1,4,individuals,log × taxon,INCLUDE,,,,,,,,,,,,,,,cherisse.persad@gmail.com
SRC0256,16,EVT1124,VIS00181,MC26_L-Y-14,Xyloredo sp. 1,52,individuals,log × taxon,INCLUDE,,,,,,,,,,,,,,,cherisse.persad@gmail.com
SRC0256,17,EVT1124,VIS00180,MC26_L-Y-15,Xyloredo sp. 1,21,individuals,log × taxon,INCLUDE,,,,,,,,,,,,,,,cherisse.persad@gmail.com
SRC0256,18,EVT1124,VIS00181,MC26_L-Y-16,Xyloredo sp. 1,5,individuals,log × taxon,INCLUDE,,,,,,,,,,,,,,,cherisse.persad@gmail.com
SRC0256,19,EVT1124,VIS00180,MC26_L-Y-17,Xyloredo sp. 1,10,individuals,log × taxon,INCLUDE,,,,,,,,,,,,,,,cherisse.persad@gmail.com
SRC0256,20,EVT1124,VIS00181,MC26_L-Y-18,Xyloredo sp. 1,7,individuals,log × taxon,INCLUDE,,,,,,,,,,,,,,,cherisse.persad@gmail.com
SRC0256,21,EVT1124,VIS00180,MC26_L-Y-19,Xyloredo sp. 1,16,individuals,log × taxon,INCLUDE,,,,,,,,,,,,,,,cherisse.persad@gmail.com
SRC0256,22,EVT1124,VIS00181,MC26_L-Y-20,Xyloredo sp. 1,43,individuals,log × taxon,INCLUDE,,,,,,,,,,,,,,,cherisse.persad@gmail.com
SRC0256,23,EVT1124,VIS00180,MC26_L-Y-21,Xyloredo sp. 1,6,individuals,log × taxon,INCLUDE,,,,,,,,,,,,,,,cherisse.persad@gmail.com
SRC0256,24,EVT1124,VIS00181,MC26_L-Y-22,Xyloredo sp. 1,1,individuals,log × taxon,INCLUDE,,,,,,,,,,,,,,,cherisse.persad@gmail.com
SRC0256,25,EVT1124,VIS00180,MC26_L-Y-23,Xyloredo sp. 1,732,individuals,log × taxon,INCLUDE,,,,,,,,,,,,,,,cherisse.persad@gmail.com
SRC0256,26,EVT1124,VIS00181,MC26_L-Y-24,Xyloredo sp. 1,2,individuals,log × taxon,INCLUDE,,,,,,,,,,,,,,,cherisse.persad@gmail.com
SRC0256,27,EVT1124,VIS00181,MC26_L-Y-26,Xyloredo sp. 1,205,individuals,log × taxon,INCLUDE,,,,,,,,,,,,,,,cherisse.persad@gmail.com
SRC0256,28,EVT1124,VIS00181,MC26_L-Y-28,Xyloredo sp. 1,230,individuals,log × taxon,INCLUDE,,,,,,,,,,,,,,,cherisse.persad@gmail.com
SRC0256,29,EVT1124,VIS00181,MC26_L-Y-30,Xyloredo sp. 1,1,individuals,log × taxon,INCLUDE,,,,,,,,,,,,,,,cherisse.persad@gmail.com
SRC0256,30,EVT1124,VIS00181,MC26_L-Y-32,Xyloredo sp. 1,5,individuals,log × taxon,INCLUDE,,,,,,,,,,,,,,,cherisse.persad@gmail.com
SRC0256,31,EVT1124,VIS00180,MC26_L-Y-33,Xyloredo sp. 1,6,individuals,log × taxon,INCLUDE,,,,,,,,,,,,,,,cherisse.persad@gmail.com
SRC0256,32,EVT1124,VIS00181,MC26_L-Y-34,Xyloredo sp. 1,1,individuals,log × taxon,INCLUDE,,,,,,,,,,,,,,,cherisse.persad@gmail.com
SRC0256,33,EVT1124,VIS00180,MC26_L-Y-35,Xyloredo sp. 1,80,individuals,log × taxon,INCLUDE,,,,,,,,,,,,,,,cherisse.persad@gmail.com
SRC0256,34,EVT1124,VIS00181,MC26_L-Y-36,Xyloredo sp. 1,24,individuals,log × taxon,INCLUDE,,,,,,,,,,,,,,,cherisse.persad@gmail.com
SRC0256,35,EVT1124,VIS00181,MC26_L-Y-38,Xyloredo sp. 1,21,individuals,log × taxon,INCLUDE,,,,,,,,,,,,,,,cherisse.persad@gmail.com
SRC0256,36,EVT1124,VIS00180,MC26_L-Y-39,Xyloredo sp. 1,3,individuals,log × taxon,INCLUDE,,,,,,,,,,,,,,,cherisse.persad@gmail.com
SRC0256,37,EVT1124,VIS00181,MC26_L-Y-40,Xyloredo sp. 1,27,individuals,log × taxon,INCLUDE,,,,,,,,,,,,,,,cherisse.persad@gmail.com
SRC0256,38,EVT1124,VIS00181,MC26_L-Y-42,Xyloredo sp. 1,2,individuals,log × taxon,INCLUDE,,,,,,,,,,,,,,,cherisse.persad@gmail.com
SRC0256,39,EVT1133,VIS00229,MC26_L-G-34,Xyloredo sp. 1,1011,individuals,log × taxon,INCLUDE,,,,,,,,,,,,,,,cherisse.persad@gmail.com
SRC0256,40,EVT1133,VIS00229,MC26_L-G-31,Xyloredo sp. 1,425,individuals,log × taxon,INCLUDE,,,,,,,,,,,,,,,cherisse.persad@gmail.com
SRC0256,41,EVT1133,VIS00229,MC26_L-G-13,Xyloredo sp. 1,333,individuals,log × taxon,INCLUDE,,,,,,,,,,,,,,,cherisse.persad@gmail.com
SRC0256,42,EVT1133,VIS00229,MC26_L-G-4,Xyloredo sp. 1,135,individuals,log × taxon,INCLUDE,,,,,,,,,,,,,,,cherisse.persad@gmail.com
SRC0256,43,EVT1133,VIS00229,MC26_L-G-7,Xyloredo sp. 1,120,individuals,log × taxon,INCLUDE,,,,,,,,,,,,,,,cherisse.persad@gmail.com
SRC0256,44,EVT1133,VIS00229,MC26_L-G-16,Xyloredo sp. 1,168,individuals,log × taxon,INCLUDE,,,,,,,,,,,,,,,cherisse.persad@gmail.com
SRC0256,45,EVT1133,VIS00229,MC26_L-G-1,Xyloredo sp. 1,115,individuals,log × taxon,INCLUDE,,,,,,,,,,,,,,,cherisse.persad@gmail.com
SRC0256,46,EVT1133,VIS00229,MC26_L-G-22,Xyloredo sp. 1,261,individuals,log × taxon,INCLUDE,,,,,,,,,,,,,,,cherisse.persad@gmail.com
SRC0256,47,EVT1133,VIS00229,MC26_L-G-25,Xyloredo sp. 1,269,individuals,log × taxon,INCLUDE,,,,,,,,,,,,,,,cherisse.persad@gmail.com
SRC0256,48,EVT1133,VIS00229,MC26_L-G-26,Xyloredo sp. 1,396,individuals,log × taxon,INCLUDE,,,,,,,,,,,,,,,cherisse.persad@gmail.com
SRC0256,49,EVT1133,VIS00229,MC26_L-G-19,Xyloredo sp. 1,244,individuals,log × taxon,INCLUDE,,,,,,,,,,,,,,,cherisse.persad@gmail.com
SRC0256,50,EVT1133,VIS00229,MC26_L-G-10,Xyloredo sp. 1,172,individuals,log × taxon,INCLUDE,,,,,,,,,,,,,,,cherisse.persad@gmail.com
SRC0256,51,EVT1133,VIS00229,MC26_L-W-34,Xyloredo sp. 1,475,individuals,log × taxon,INCLUDE,,,,,,,,,,,,,,,cherisse.persad@gmail.com
SRC0256,52,EVT1133,VIS00229,MC26_L-W-19,Xyloredo sp. 1,292,individuals,log × taxon,INCLUDE,,,,,,,,,,,,,,,cherisse.persad@gmail.com
SRC0256,53,EVT1133,VIS00229,MC26_L-W-1,Xyloredo sp. 1,109,individuals,log × taxon,INCLUDE,,,,,,,,,,,,,,,cherisse.persad@gmail.com
SRC0256,54,EVT1133,VIS00229,MC26_L-W-22,Xyloredo sp. 1,222,individuals,log × taxon,INCLUDE,,,,,,,,,,,,,,,cherisse.persad@gmail.com
SRC0256,55,EVT1133,VIS00229,MC26_L-W-10,Xyloredo sp. 1,70,individuals,log × taxon,INCLUDE,,,,,,,,,,,,,,,cherisse.persad@gmail.com
SRC0256,56,EVT1133,VIS00229,MC26_L-W-7,Xyloredo sp. 1,216,individuals,log × taxon,INCLUDE,,,,,,,,,,,,,,,cherisse.persad@gmail.com
SRC0256,57,EVT1133,VIS00229,MC26_L-W-4,Xyloredo sp. 1,476,individuals,log × taxon,INCLUDE,,,,,,,,,,,,,,,cherisse.persad@gmail.com
SRC0256,58,EVT1133,VIS00229,MC26_L-W-16,Xyloredo sp. 1,413,individuals,log × taxon,INCLUDE,,,,,,,,,,,,,,,cherisse.persad@gmail.com
SRC0256,59,EVT1133,VIS00229,MC26_L-W-28,Xyloredo sp. 1,539,individuals,log × taxon,INCLUDE,,,,,,,,,,,,,,,cherisse.persad@gmail.com
SRC0256,60,EVT1133,VIS00229,MC26_L-W-13,Xyloredo sp. 1,432,individuals,log × taxon,INCLUDE,,,,,,,,,,,,,,,cherisse.persad@gmail.com
SRC0256,61,EVT1133,VIS00229,MC26_L-W-25,Xyloredo sp. 1,395,individuals,log × taxon,INCLUDE,,,,,,,,,,,,,,,cherisse.persad@gmail.com
SRC0256,62,EVT1133,VIS00229,MC26_L-W-21,Xyloredo sp. 1,592,individuals,log × taxon,INCLUDE,,,,,,,,,,,,,,,cherisse.persad@gmail.com
SRC0256,63,EVT1124,VIS00180,MC26_L-Y-25,Abditoconus cf. brava,22,individuals,log × taxon,INCLUDE,,,,,,,,,,,,,,,cherisse.persad@gmail.com
SRC0256,64,EVT1124,VIS00180,MC26_L-Y-27,Abditoconus cf. brava,53,individuals,log × taxon,INCLUDE,,,,,,,,,,,,,,,cherisse.persad@gmail.com
SRC0256,65,EVT1124,VIS00180,MC26_L-Y-9,Abditoconus cf. brava,5,individuals,log × taxon,INCLUDE,,,,,,,,,,,,,,,cherisse.persad@gmail.com
SRC0256,66,EVT1124,VIS00180,MC26_L-Y-11,Abditoconus cf. brava,5,individuals,log × taxon,INCLUDE,,,,,,,,,,,,,,,cherisse.persad@gmail.com
SRC0256,67,EVT1124,VIS00180,MC26_L-Y-1,Abditoconus cf. brava,6,individuals,log × taxon,INCLUDE,,,,,,,,,,,,,,,cherisse.persad@gmail.com
SRC0256,68,EVT1124,VIS00181,MC26_L-Y-2,Abditoconus cf. brava,33,individuals,log × taxon,INCLUDE,,,,,,,,,,,,,,,cherisse.persad@gmail.com
SRC0256,69,EVT1124,VIS00180,MC26_L-Y-3,Abditoconus cf. brava,3,individuals,log × taxon,INCLUDE,,,,,,,,,,,,,,,cherisse.persad@gmail.com
SRC0256,70,EVT1124,VIS00181,MC26_L-Y-10,Abditoconus cf. brava,52,individuals,log × taxon,INCLUDE,,,,,,,,,,,,,,,cherisse.persad@gmail.com
SRC0256,71,EVT1124,VIS00181,MC26_L-Y-12,Abditoconus cf. brava,93,individuals,log × taxon,INCLUDE,,,,,,,,,,,,,,,cherisse.persad@gmail.com
SRC0256,72,EVT1124,VIS00181,MC26_L-Y-26,Abditoconus cf. brava,58,individuals,log × taxon,INCLUDE,,,,,,,,,,,,,,,cherisse.persad@gmail.com
SRC0256,73,EVT1124,VIS00181,MC26_L-Y-28,Abditoconus cf. brava,91,individuals,log × taxon,INCLUDE,,,,,,,,,,,,,,,cherisse.persad@gmail.com
SRC0256,74,EVT1133,VIS00229,MC26_L-G-34,Abditoconus cf. brava,97,individuals,log × taxon,INCLUDE,,,,,,,,,,,,,,,cherisse.persad@gmail.com
SRC0256,75,EVT1133,VIS00229,MC26_L-G-31,Abditoconus cf. brava,535,individuals,log × taxon,INCLUDE,,,,,,,,,,,,,,,cherisse.persad@gmail.com
SRC0256,76,EVT1133,VIS00229,MC26_L-G-13,Abditoconus cf. brava,16,individuals,log × taxon,INCLUDE,,,,,,,,,,,,,,,cherisse.persad@gmail.com
SRC0256,77,EVT1133,VIS00229,MC26_L-G-4,Abditoconus cf. brava,11,individuals,log × taxon,INCLUDE,,,,,,,,,,,,,,,cherisse.persad@gmail.com
SRC0256,78,EVT1133,VIS00229,MC26_L-G-7,Abditoconus cf. brava,46,individuals,log × taxon,INCLUDE,,,,,,,,,,,,,,,cherisse.persad@gmail.com
SRC0256,79,EVT1133,VIS00229,MC26_L-G-16,Abditoconus cf. brava,28,individuals,log × taxon,INCLUDE,,,,,,,,,,,,,,,cherisse.persad@gmail.com
SRC0256,80,EVT1133,VIS00229,MC26_L-G-1,Abditoconus cf. brava,36,individuals,log × taxon,INCLUDE,,,,,,,,,,,,,,,cherisse.persad@gmail.com
SRC0256,81,EVT1133,VIS00229,MC26_L-G-22,Abditoconus cf. brava,26,individuals,log × taxon,INCLUDE,,,,,,,,,,,,,,,cherisse.persad@gmail.com
SRC0256,82,EVT1133,VIS00229,MC26_L-G-25,Abditoconus cf. brava,110,individuals,log × taxon,INCLUDE,,,,,,,,,,,,,,,cherisse.persad@gmail.com
SRC0256,83,EVT1133,VIS00229,MC26_L-G-26,Abditoconus cf. brava,190,individuals,log × taxon,INCLUDE,,,,,,,,,,,,,,,cherisse.persad@gmail.com
SRC0256,84,EVT1133,VIS00229,MC26_L-G-19,Abditoconus cf. brava,37,individuals,log × taxon,INCLUDE,,,,,,,,,,,,,,,cherisse.persad@gmail.com
SRC0256,85,EVT1133,VIS00229,MC26_L-G-10,Abditoconus cf. brava,51,individuals,log × taxon,INCLUDE,,,,,,,,,,,,,,,cherisse.persad@gmail.com
SRC0256,86,EVT1124,VIS00180,MC26_L-Y-25,Spiniapex sp. 3,415,individuals,log × taxon,INCLUDE,,,,,,,,,,,,,,,cherisse.persad@gmail.com
SRC0256,87,EVT1124,VIS00180,MC26_L-Y-27,Spiniapex sp. 3,278,individuals,log × taxon,INCLUDE,,,,,,,,,,,,,,,cherisse.persad@gmail.com
SRC0256,88,EVT1124,VIS00180,MC26_L-Y-9,Spiniapex sp. 3,46,individuals,log × taxon,INCLUDE,,,,,,,,,,,,,,,cherisse.persad@gmail.com
SRC0256,89,EVT1124,VIS00180,MC26_L-Y-11,Spiniapex sp. 3,146,individuals,log × taxon,INCLUDE,,,,,,,,,,,,,,,cherisse.persad@gmail.com
SRC0256,90,EVT1124,VIS00180,MC26_L-Y-41,Spiniapex sp. 3,1,individuals,log × taxon,INCLUDE,,,,,,,,,,,,,,,cherisse.persad@gmail.com
SRC0256,91,EVT1124,VIS00180,MC26_L-Y-1,Spiniapex sp. 3,66,individuals,log × taxon,INCLUDE,,,,,,,,,,,,,,,cherisse.persad@gmail.com
SRC0256,92,EVT1124,VIS00181,MC26_L-Y-2,Spiniapex sp. 3,62,individuals,log × taxon,INCLUDE,,,,,,,,,,,,,,,cherisse.persad@gmail.com
SRC0256,93,EVT1124,VIS00180,MC26_L-Y-3,Spiniapex sp. 3,53,individuals,log × taxon,INCLUDE,,,,,,,,,,,,,,,cherisse.persad@gmail.com
SRC0256,94,EVT1124,VIS00181,MC26_L-Y-6,Spiniapex sp. 3,180,individuals,log × taxon,INCLUDE,,,,,,,,,,,,,,,cherisse.persad@gmail.com
SRC0256,95,EVT1124,VIS00180,MC26_L-Y-7,Spiniapex sp. 3,337,individuals,log × taxon,INCLUDE,,,,,,,,,,,,,,,cherisse.persad@gmail.com
SRC0256,96,EVT1124,VIS00181,MC26_L-Y-8,Spiniapex sp. 3,150,individuals,log × taxon,INCLUDE,,,,,,,,,,,,,,,cherisse.persad@gmail.com
SRC0256,97,EVT1124,VIS00181,MC26_L-Y-10,Spiniapex sp. 3,89,individuals,log × taxon,INCLUDE,,,,,,,,,,,,,,,cherisse.persad@gmail.com
SRC0256,98,EVT1124,VIS00181,MC26_L-Y-12,Spiniapex sp. 3,25,individuals,log × taxon,INCLUDE,,,,,,,,,,,,,,,cherisse.persad@gmail.com
SRC0256,99,EVT1124,VIS00180,MC26_L-Y-13,Spiniapex sp. 3,2,individuals,log × taxon,INCLUDE,,,,,,,,,,,,,,,cherisse.persad@gmail.com
SRC0256,100,EVT1124,VIS00181,MC26_L-Y-14,Spiniapex sp. 3,8,individuals,log × taxon,INCLUDE,,,,,,,,,,,,,,,cherisse.persad@gmail.com
SRC0256,101,EVT1124,VIS00180,MC26_L-Y-15,Spiniapex sp. 3,1,individuals,log × taxon,INCLUDE,,,,,,,,,,,,,,,cherisse.persad@gmail.com
SRC0256,102,EVT1124,VIS00181,MC26_L-Y-16,Spiniapex sp. 3,1,individuals,log × taxon,INCLUDE,,,,,,,,,,,,,,,cherisse.persad@gmail.com
SRC0256,103,EVT1124,VIS00180,MC26_L-Y-17,Spiniapex sp. 3,3,individuals,log × taxon,INCLUDE,,,,,,,,,,,,,,,cherisse.persad@gmail.com
SRC0256,104,EVT1124,VIS00181,MC26_L-Y-18,Spiniapex sp. 3,8,individuals,log × taxon,INCLUDE,,,,,,,,,,,,,,,cherisse.persad@gmail.com
SRC0256,105,EVT1124,VIS00180,MC26_L-Y-19,Spiniapex sp. 3,1,individuals,log × taxon,INCLUDE,,,,,,,,,,,,,,,cherisse.persad@gmail.com
SRC0256,106,EVT1124,VIS00181,MC26_L-Y-20,Spiniapex sp. 3,4,individuals,log × taxon,INCLUDE,,,,,,,,,,,,,,,cherisse.persad@gmail.com
SRC0256,107,EVT1124,VIS00180,MC26_L-Y-21,Spiniapex sp. 3,24,individuals,log × taxon,INCLUDE,,,,,,,,,,,,,,,cherisse.persad@gmail.com
SRC0256,108,EVT1124,VIS00181,MC26_L-Y-22,Spiniapex sp. 3,23,individuals,log × taxon,INCLUDE,,,,,,,,,,,,,,,cherisse.persad@gmail.com
SRC0256,109,EVT1124,VIS00180,MC26_L-Y-23,Spiniapex sp. 3,294,individuals,log × taxon,INCLUDE,,,,,,,,,,,,,,,cherisse.persad@gmail.com
SRC0256,110,EVT1124,VIS00181,MC26_L-Y-24,Spiniapex sp. 3,10,individuals,log × taxon,INCLUDE,,,,,,,,,,,,,,,cherisse.persad@gmail.com
SRC0256,111,EVT1124,VIS00181,MC26_L-Y-26,Spiniapex sp. 3,103,individuals,log × taxon,INCLUDE,,,,,,,,,,,,,,,cherisse.persad@gmail.com
SRC0256,112,EVT1124,VIS00181,MC26_L-Y-28,Spiniapex sp. 3,219,individuals,log × taxon,INCLUDE,,,,,,,,,,,,,,,cherisse.persad@gmail.com
SRC0256,113,EVT1124,VIS00181,MC26_L-Y-30,Spiniapex sp. 3,2,individuals,log × taxon,INCLUDE,,,,,,,,,,,,,,,cherisse.persad@gmail.com
SRC0256,114,EVT1124,VIS00181,MC26_L-Y-32,Spiniapex sp. 3,2,individuals,log × taxon,INCLUDE,,,,,,,,,,,,,,,cherisse.persad@gmail.com
SRC0256,115,EVT1124,VIS00180,MC26_L-Y-35,Spiniapex sp. 3,1,individuals,log × taxon,INCLUDE,,,,,,,,,,,,,,,cherisse.persad@gmail.com
SRC0256,116,EVT1124,VIS00181,MC26_L-Y-38,Spiniapex sp. 3,8,individuals,log × taxon,INCLUDE,,,,,,,,,,,,,,,cherisse.persad@gmail.com
SRC0256,117,EVT1124,VIS00180,MC26_L-Y-39,Spiniapex sp. 3,4,individuals,log × taxon,INCLUDE,,,,,,,,,,,,,,,cherisse.persad@gmail.com
SRC0256,118,EVT1124,VIS00181,MC26_L-Y-40,Spiniapex sp. 3,29,individuals,log × taxon,INCLUDE,,,,,,,,,,,,,,,cherisse.persad@gmail.com
SRC0256,119,EVT1124,VIS00181,MC26_L-Y-42,Spiniapex sp. 3,13,individuals,log × taxon,INCLUDE,,,,,,,,,,,,,,,cherisse.persad@gmail.com
SRC0256,120,EVT1133,VIS00229,MC26_L-G-34,Spiniapex sp. 3,62,individuals,log × taxon,INCLUDE,,,,,,,,,,,,,,,cherisse.persad@gmail.com
SRC0256,121,EVT1133,VIS00229,MC26_L-G-31,Spiniapex sp. 3,90,individuals,log × taxon,INCLUDE,,,,,,,,,,,,,,,cherisse.persad@gmail.com
SRC0256,122,EVT1133,VIS00229,MC26_L-G-13,Spiniapex sp. 3,22,individuals,log × taxon,INCLUDE,,,,,,,,,,,,,,,cherisse.persad@gmail.com
SRC0256,123,EVT1133,VIS00229,MC26_L-G-4,Spiniapex sp. 3,9,individuals,log × taxon,INCLUDE,,,,,,,,,,,,,,,cherisse.persad@gmail.com
SRC0256,124,EVT1133,VIS00229,MC26_L-G-7,Spiniapex sp. 3,50,individuals,log × taxon,INCLUDE,,,,,,,,,,,,,,,cherisse.persad@gmail.com
SRC0256,125,EVT1133,VIS00229,MC26_L-G-16,Spiniapex sp. 3,32,individuals,log × taxon,INCLUDE,,,,,,,,,,,,,,,cherisse.persad@gmail.com
SRC0256,126,EVT1133,VIS00229,MC26_L-G-1,Spiniapex sp. 3,25,individuals,log × taxon,INCLUDE,,,,,,,,,,,,,,,cherisse.persad@gmail.com
SRC0256,127,EVT1133,VIS00229,MC26_L-G-22,Spiniapex sp. 3,31,individuals,log × taxon,INCLUDE,,,,,,,,,,,,,,,cherisse.persad@gmail.com
SRC0256,128,EVT1133,VIS00229,MC26_L-G-25,Spiniapex sp. 3,42,individuals,log × taxon,INCLUDE,,,,,,,,,,,,,,,cherisse.persad@gmail.com
SRC0256,129,EVT1133,VIS00229,MC26_L-G-26,Spiniapex sp. 3,82,individuals,log × taxon,INCLUDE,,,,,,,,,,,,,,,cherisse.persad@gmail.com
SRC0256,130,EVT1133,VIS00229,MC26_L-G-19,Spiniapex sp. 3,83,individuals,log × taxon,INCLUDE,,,,,,,,,,,,,,,cherisse.persad@gmail.com
SRC0256,131,EVT1133,VIS00229,MC26_L-G-10,Spiniapex sp. 3,53,individuals,log × taxon,INCLUDE,,,,,,,,,,,,,,,cherisse.persad@gmail.com
SRC0256,132,EVT1133,VIS00229,MC26_L-W-34,Spiniapex sp. 3,288,individuals,log × taxon,INCLUDE,,,,,,,,,,,,,,,cherisse.persad@gmail.com
SRC0256,133,EVT1133,VIS00229,MC26_L-W-19,Spiniapex sp. 3,86,individuals,log × taxon,INCLUDE,,,,,,,,,,,,,,,cherisse.persad@gmail.com
SRC0256,134,EVT1133,VIS00229,MC26_L-W-1,Spiniapex sp. 3,67,individuals,log × taxon,INCLUDE,,,,,,,,,,,,,,,cherisse.persad@gmail.com
SRC0256,135,EVT1133,VIS00229,MC26_L-W-22,Spiniapex sp. 3,54,individuals,log × taxon,INCLUDE,,,,,,,,,,,,,,,cherisse.persad@gmail.com
SRC0256,136,EVT1133,VIS00229,MC26_L-W-10,Spiniapex sp. 3,36,individuals,log × taxon,INCLUDE,,,,,,,,,,,,,,,cherisse.persad@gmail.com
SRC0256,137,EVT1133,VIS00229,MC26_L-W-7,Spiniapex sp. 3,233,individuals,log × taxon,INCLUDE,,,,,,,,,,,,,,,cherisse.persad@gmail.com
SRC0256,138,EVT1133,VIS00229,MC26_L-W-4,Spiniapex sp. 3,231,individuals,log × taxon,INCLUDE,,,,,,,,,,,,,,,cherisse.persad@gmail.com
SRC0256,139,EVT1133,VIS00229,MC26_L-W-16,Spiniapex sp. 3,183,individuals,log × taxon,INCLUDE,,,,,,,,,,,,,,,cherisse.persad@gmail.com
SRC0256,140,EVT1133,VIS00229,MC26_L-W-28,Spiniapex sp. 3,260,individuals,log × taxon,INCLUDE,,,,,,,,,,,,,,,cherisse.persad@gmail.com
SRC0256,141,EVT1133,VIS00229,MC26_L-W-13,Spiniapex sp. 3,335,individuals,log × taxon,INCLUDE,,,,,,,,,,,,,,,cherisse.persad@gmail.com
SRC0256,142,EVT1133,VIS00229,MC26_L-W-25,Spiniapex sp. 3,189,individuals,log × taxon,INCLUDE,,,,,,,,,,,,,,,cherisse.persad@gmail.com
SRC0256,143,EVT1133,VIS00229,MC26_L-W-21,Spiniapex sp. 3,165,individuals,log × taxon,INCLUDE,,,,,,,,,,,,,,,cherisse.persad@gmail.com
SRC0256,144,EVT1124,VIS00180,MC26_L-Y-31,Xylopholas sp. 5,646,individuals,log × taxon,INCLUDE,,,,,,,,,,,,,,,cherisse.persad@gmail.com
SRC0256,145,EVT1124,VIS00180,MC26_L-Y-29,Xylopholas sp. 5,295,individuals,log × taxon,INCLUDE,,,,,,,,,,,,,,,cherisse.persad@gmail.com
SRC0256,146,EVT1124,VIS00180,MC26_L-Y-11,Xylopholas sp. 5,4,individuals,log × taxon,INCLUDE,,,,,,,,,,,,,,,cherisse.persad@gmail.com
SRC0256,147,EVT1124,VIS00181,MC26_L-Y-2,Xylopholas sp. 5,3,individuals,log × taxon,INCLUDE,,,,,,,,,,,,,,,cherisse.persad@gmail.com
SRC0256,148,EVT1124,VIS00180,MC26_L-Y-7,Xylopholas sp. 5,5,individuals,log × taxon,INCLUDE,,,,,,,,,,,,,,,cherisse.persad@gmail.com
SRC0256,149,EVT1124,VIS00181,MC26_L-Y-18,Xylopholas sp. 5,371,individuals,log × taxon,INCLUDE,,,,,,,,,,,,,,,cherisse.persad@gmail.com
SRC0256,150,EVT1124,VIS00180,MC26_L-Y-19,Xylopholas sp. 5,81,individuals,log × taxon,INCLUDE,,,,,,,,,,,,,,,cherisse.persad@gmail.com
SRC0256,151,EVT1124,VIS00181,MC26_L-Y-20,Xylopholas sp. 5,23,individuals,log × taxon,INCLUDE,,,,,,,,,,,,,,,cherisse.persad@gmail.com
SRC0256,152,EVT1124,VIS00181,MC26_L-Y-30,Xylopholas sp. 5,543,individuals,log × taxon,INCLUDE,,,,,,,,,,,,,,,cherisse.persad@gmail.com
SRC0256,153,EVT1124,VIS00181,MC26_L-Y-32,Xylopholas sp. 5,293,individuals,log × taxon,INCLUDE,,,,,,,,,,,,,,,cherisse.persad@gmail.com
SRC0256,154,EVT1124,VIS00181,MC26_L-Y-40,Xylopholas sp. 5,8,individuals,log × taxon,INCLUDE,,,,,,,,,,,,,,,cherisse.persad@gmail.com
SRC0256,155,EVT1133,VIS00229,MC26_L-G-34,Xylopholas sp. 5,2,individuals,log × taxon,INCLUDE,,,,,,,,,,,,,,,cherisse.persad@gmail.com
SRC0256,156,EVT1133,VIS00229,MC26_L-G-22,Xylopholas sp. 5,2,individuals,log × taxon,INCLUDE,,,,,,,,,,,,,,,cherisse.persad@gmail.com
SRC0256,157,EVT1133,VIS00229,MC26_L-G-19,Xylopholas sp. 5,1,individuals,log × taxon,INCLUDE,,,,,,,,,,,,,,,cherisse.persad@gmail.com
SRC0256,158,EVT1124,VIS00180,MC26_L-Y-25,Bankia sp. 7,5,individuals,log × taxon,INCLUDE,,,,,,,,,,,,,,,cherisse.persad@gmail.com
SRC0256,159,EVT1124,VIS00180,MC26_L-Y-27,Bankia sp. 7,15,individuals,log × taxon,INCLUDE,,,,,,,,,,,,,,,cherisse.persad@gmail.com
SRC0256,160,EVT1124,VIS00180,MC26_L-Y-11,Bankia sp. 7,1,individuals,log × taxon,INCLUDE,,,,,,,,,,,,,,,cherisse.persad@gmail.com
SRC0256,161,EVT1124,VIS00180,MC26_L-Y-1,Bankia sp. 7,2,individuals,log × taxon,INCLUDE,,,,,,,,,,,,,,,cherisse.persad@gmail.com
SRC0256,162,EVT1124,VIS00181,MC26_L-Y-2,Bankia sp. 7,9,individuals,log × taxon,INCLUDE,,,,,,,,,,,,,,,cherisse.persad@gmail.com
SRC0256,163,EVT1124,VIS00180,MC26_L-Y-3,Bankia sp. 7,1,individuals,log × taxon,INCLUDE,,,,,,,,,,,,,,,cherisse.persad@gmail.com
SRC0256,164,EVT1124,VIS00181,MC26_L-Y-6,Bankia sp. 7,1,individuals,log × taxon,INCLUDE,,,,,,,,,,,,,,,cherisse.persad@gmail.com
SRC0256,165,EVT1124,VIS00180,MC26_L-Y-7,Bankia sp. 7,3,individuals,log × taxon,INCLUDE,,,,,,,,,,,,,,,cherisse.persad@gmail.com
SRC0256,166,EVT1124,VIS00181,MC26_L-Y-8,Bankia sp. 7,3,individuals,log × taxon,INCLUDE,,,,,,,,,,,,,,,cherisse.persad@gmail.com
SRC0256,167,EVT1124,VIS00181,MC26_L-Y-10,Bankia sp. 7,3,individuals,log × taxon,INCLUDE,,,,,,,,,,,,,,,cherisse.persad@gmail.com
SRC0256,168,EVT1124,VIS00181,MC26_L-Y-12,Bankia sp. 7,2,individuals,log × taxon,INCLUDE,,,,,,,,,,,,,,,cherisse.persad@gmail.com
SRC0256,169,EVT1124,VIS00180,MC26_L-Y-23,Bankia sp. 7,3,individuals,log × taxon,INCLUDE,,,,,,,,,,,,,,,cherisse.persad@gmail.com
SRC0256,170,EVT1124,VIS00181,MC26_L-Y-26,Bankia sp. 7,3,individuals,log × taxon,INCLUDE,,,,,,,,,,,,,,,cherisse.persad@gmail.com
SRC0256,171,EVT1124,VIS00181,MC26_L-Y-28,Bankia sp. 7,7,individuals,log × taxon,INCLUDE,,,,,,,,,,,,,,,cherisse.persad@gmail.com
SRC0256,172,EVT1124,VIS00181,MC26_L-Y-38,Bankia sp. 7,2,individuals,log × taxon,INCLUDE,,,,,,,,,,,,,,,cherisse.persad@gmail.com
SRC0256,173,EVT1133,VIS00229,MC26_L-G-31,Bankia sp. 7,1,individuals,log × taxon,INCLUDE,,,,,,,,,,,,,,,cherisse.persad@gmail.com
SRC0256,174,EVT1133,VIS00229,MC26_L-G-26,Bankia sp. 7,1,individuals,log × taxon,INCLUDE,,,,,,,,,,,,,,,cherisse.persad@gmail.com
SRC0256,175,EVT1133,VIS00229,MC26_L-G-10,Xylophaga sp. 9,1,individuals,log × taxon,INCLUDE,,,,,,,,,,,,,,,cherisse.persad@gmail.com
SRC0256,176,EVT1124,VIS00180,MC26_L-Y-25,Xylonora sp. 10,27,individuals,log × taxon,INCLUDE,,,,,,,,,,,,,,,cherisse.persad@gmail.com
SRC0256,177,EVT1124,VIS00180,MC26_L-Y-27,Xylonora sp. 10,10,individuals,log × taxon,INCLUDE,,,,,,,,,,,,,,,cherisse.persad@gmail.com
SRC0256,178,EVT1124,VIS00180,MC26_L-Y-9,Xylonora sp. 10,1,individuals,log × taxon,INCLUDE,,,,,,,,,,,,,,,cherisse.persad@gmail.com
SRC0256,179,EVT1124,VIS00180,MC26_L-Y-11,Xylonora sp. 10,3,individuals,log × taxon,INCLUDE,,,,,,,,,,,,,,,cherisse.persad@gmail.com
SRC0256,180,EVT1124,VIS00181,MC26_L-Y-2,Xylonora sp. 10,2,individuals,log × taxon,INCLUDE,,,,,,,,,,,,,,,cherisse.persad@gmail.com
SRC0256,181,EVT1124,VIS00181,MC26_L-Y-6,Xylonora sp. 10,3,individuals,log × taxon,INCLUDE,,,,,,,,,,,,,,,cherisse.persad@gmail.com
SRC0256,182,EVT1124,VIS00180,MC26_L-Y-7,Xylonora sp. 10,26,individuals,log × taxon,INCLUDE,,,,,,,,,,,,,,,cherisse.persad@gmail.com
SRC0256,183,EVT1124,VIS00181,MC26_L-Y-8,Xylonora sp. 10,1,individuals,log × taxon,INCLUDE,,,,,,,,,,,,,,,cherisse.persad@gmail.com
SRC0256,184,EVT1124,VIS00181,MC26_L-Y-16,Xylonora sp. 10,1,individuals,log × taxon,INCLUDE,,,,,,,,,,,,,,,cherisse.persad@gmail.com
SRC0256,185,EVT1124,VIS00180,MC26_L-Y-17,Xylonora sp. 10,1,individuals,log × taxon,INCLUDE,,,,,,,,,,,,,,,cherisse.persad@gmail.com
SRC0256,186,EVT1124,VIS00180,MC26_L-Y-23,Xylonora sp. 10,12,individuals,log × taxon,INCLUDE,,,,,,,,,,,,,,,cherisse.persad@gmail.com
SRC0256,187,EVT1124,VIS00181,MC26_L-Y-26,Xylonora sp. 10,4,individuals,log × taxon,INCLUDE,,,,,,,,,,,,,,,cherisse.persad@gmail.com
SRC0256,188,EVT1124,VIS00180,MC26_L-Y-39,Xylonora sp. 10,1,individuals,log × taxon,INCLUDE,,,,,,,,,,,,,,,cherisse.persad@gmail.com
SRC0256,189,EVT1133,VIS00229,MC26_L-G-34,Xylonora sp. 10,19,individuals,log × taxon,INCLUDE,,,,,,,,,,,,,,,cherisse.persad@gmail.com
SRC0256,190,EVT1133,VIS00229,MC26_L-G-31,Xylonora sp. 10,62,individuals,log × taxon,INCLUDE,,,,,,,,,,,,,,,cherisse.persad@gmail.com
SRC0256,191,EVT1133,VIS00229,MC26_L-G-13,Xylonora sp. 10,27,individuals,log × taxon,INCLUDE,,,,,,,,,,,,,,,cherisse.persad@gmail.com
SRC0256,192,EVT1133,VIS00229,MC26_L-G-4,Xylonora sp. 10,6,individuals,log × taxon,INCLUDE,,,,,,,,,,,,,,,cherisse.persad@gmail.com
SRC0256,193,EVT1133,VIS00229,MC26_L-G-7,Xylonora sp. 10,51,individuals,log × taxon,INCLUDE,,,,,,,,,,,,,,,cherisse.persad@gmail.com
SRC0256,194,EVT1133,VIS00229,MC26_L-G-16,Xylonora sp. 10,87,individuals,log × taxon,INCLUDE,,,,,,,,,,,,,,,cherisse.persad@gmail.com
SRC0256,195,EVT1133,VIS00229,MC26_L-G-1,Xylonora sp. 10,39,individuals,log × taxon,INCLUDE,,,,,,,,,,,,,,,cherisse.persad@gmail.com
SRC0256,196,EVT1133,VIS00229,MC26_L-G-22,Xylonora sp. 10,152,individuals,log × taxon,INCLUDE,,,,,,,,,,,,,,,cherisse.persad@gmail.com
SRC0256,197,EVT1133,VIS00229,MC26_L-G-25,Xylonora sp. 10,111,individuals,log × taxon,INCLUDE,,,,,,,,,,,,,,,cherisse.persad@gmail.com
SRC0256,198,EVT1133,VIS00229,MC26_L-G-26,Xylonora sp. 10,71,individuals,log × taxon,INCLUDE,,,,,,,,,,,,,,,cherisse.persad@gmail.com
SRC0256,199,EVT1133,VIS00229,MC26_L-G-19,Xylonora sp. 10,13,individuals,log × taxon,INCLUDE,,,,,,,,,,,,,,,cherisse.persad@gmail.com
SRC0256,200,EVT1133,VIS00229,MC26_L-G-10,Xylonora sp. 10,8,individuals,log × taxon,INCLUDE,,,,,,,,,,,,,,,cherisse.persad@gmail.com
SRC0256,201,EVT1133,VIS00229,MC26_L-W-7,Xylonora sp. 10,6,individuals,log × taxon,INCLUDE,,,,,,,,,,,,,,,cherisse.persad@gmail.com
SRC0256,202,EVT1133,VIS00229,MC26_L-W-21,Xylonora sp. 10,3,individuals,log × taxon,INCLUDE,,,,,,,,,,,,,,,cherisse.persad@gmail.com
SRC0256,203,EVT1124,VIS00180,MC26_L-Y-25,Xylophagidae sp. 11,1,individuals,log × taxon,INCLUDE,,,,,,,,,,,,,,,cherisse.persad@gmail.com
SRC0256,204,EVT1124,VIS00180,MC26_L-Y-27,Xylophagidae sp. 11,2,individuals,log × taxon,INCLUDE,,,,,,,,,,,,,,,cherisse.persad@gmail.com
SRC0256,205,EVT1124,VIS00180,MC26_L-Y-11,Xylophagidae sp. 11,1,individuals,log × taxon,INCLUDE,,,,,,,,,,,,,,,cherisse.persad@gmail.com
SRC0256,206,EVT1133,VIS00229,MC26_L-G-34,Xylophagidae sp. 11,58,individuals,log × taxon,INCLUDE,,,,,,,,,,,,,,,cherisse.persad@gmail.com
SRC0256,207,EVT1133,VIS00229,MC26_L-G-31,Xylophagidae sp. 11,188,individuals,log × taxon,INCLUDE,,,,,,,,,,,,,,,cherisse.persad@gmail.com
SRC0256,208,EVT1133,VIS00229,MC26_L-G-13,Xylophagidae sp. 11,5,individuals,log × taxon,INCLUDE,,,,,,,,,,,,,,,cherisse.persad@gmail.com
SRC0256,209,EVT1133,VIS00229,MC26_L-G-4,Xylophagidae sp. 11,6,individuals,log × taxon,INCLUDE,,,,,,,,,,,,,,,cherisse.persad@gmail.com
SRC0256,210,EVT1133,VIS00229,MC26_L-G-7,Xylophagidae sp. 11,43,individuals,log × taxon,INCLUDE,,,,,,,,,,,,,,,cherisse.persad@gmail.com
SRC0256,211,EVT1133,VIS00229,MC26_L-G-16,Xylophagidae sp. 11,31,individuals,log × taxon,INCLUDE,,,,,,,,,,,,,,,cherisse.persad@gmail.com
SRC0256,212,EVT1133,VIS00229,MC26_L-G-1,Xylophagidae sp. 11,24,individuals,log × taxon,INCLUDE,,,,,,,,,,,,,,,cherisse.persad@gmail.com
SRC0256,213,EVT1133,VIS00229,MC26_L-G-22,Xylophagidae sp. 11,9,individuals,log × taxon,INCLUDE,,,,,,,,,,,,,,,cherisse.persad@gmail.com
SRC0256,214,EVT1133,VIS00229,MC26_L-G-25,Xylophagidae sp. 11,81,individuals,log × taxon,INCLUDE,,,,,,,,,,,,,,,cherisse.persad@gmail.com
SRC0256,215,EVT1133,VIS00229,MC26_L-G-26,Xylophagidae sp. 11,53,individuals,log × taxon,INCLUDE,,,,,,,,,,,,,,,cherisse.persad@gmail.com
SRC0256,216,EVT1133,VIS00229,MC26_L-G-19,Xylophagidae sp. 11,16,individuals,log × taxon,INCLUDE,,,,,,,,,,,,,,,cherisse.persad@gmail.com
SRC0256,217,EVT1133,VIS00229,MC26_L-G-10,Xylophagidae sp. 11,14,individuals,log × taxon,INCLUDE,,,,,,,,,,,,,,,cherisse.persad@gmail.com
SRC0256,218,EVT1133,VIS00229,MC26_L-W-34,Xylophagidae sp. 11,132,individuals,log × taxon,INCLUDE,,,,,,,,,,,,,,,cherisse.persad@gmail.com
SRC0256,219,EVT1133,VIS00229,MC26_L-W-19,Xylophagidae sp. 11,1,individuals,log × taxon,INCLUDE,,,,,,,,,,,,,,,cherisse.persad@gmail.com
SRC0256,220,EVT1133,VIS00229,MC26_L-W-1,Xylophagidae sp. 11,1,individuals,log × taxon,INCLUDE,,,,,,,,,,,,,,,cherisse.persad@gmail.com
SRC0256,221,EVT1133,VIS00229,MC26_L-W-10,Xylophagidae sp. 11,10,individuals,log × taxon,INCLUDE,,,,,,,,,,,,,,,cherisse.persad@gmail.com
SRC0256,222,EVT1133,VIS00229,MC26_L-W-7,Xylophagidae sp. 11,11,individuals,log × taxon,INCLUDE,,,,,,,,,,,,,,,cherisse.persad@gmail.com
SRC0256,223,EVT1133,VIS00229,MC26_L-W-4,Xylophagidae sp. 11,2,individuals,log × taxon,INCLUDE,,,,,,,,,,,,,,,cherisse.persad@gmail.com
SRC0256,224,EVT1133,VIS00229,MC26_L-W-28,Xylophagidae sp. 11,21,individuals,log × taxon,INCLUDE,,,,,,,,,,,,,,,cherisse.persad@gmail.com
SRC0256,225,EVT1133,VIS00229,MC26_L-W-13,Xylophagidae sp. 11,2,individuals,log × taxon,INCLUDE,,,,,,,,,,,,,,,cherisse.persad@gmail.com
SRC0256,226,EVT1133,VIS00229,MC26_L-W-21,Xylophagidae sp. 11,1,individuals,log × taxon,INCLUDE,,,,,,,,,,,,,,,cherisse.persad@gmail.com
SRC0256,227,EVT1124,VIS00180,MC26_L-Y-25,Xylonora sp. 12,4,individuals,log × taxon,INCLUDE,,,,,,,,,,,,,,,cherisse.persad@gmail.com
SRC0256,228,EVT1124,VIS00180,MC26_L-Y-27,Xylonora sp. 12,4,individuals,log × taxon,INCLUDE,,,,,,,,,,,,,,,cherisse.persad@gmail.com
SRC0256,229,EVT1124,VIS00180,MC26_L-Y-9,Xylonora sp. 12,7,individuals,log × taxon,INCLUDE,,,,,,,,,,,,,,,cherisse.persad@gmail.com
SRC0256,230,EVT1124,VIS00180,MC26_L-Y-11,Xylonora sp. 12,1,individuals,log × taxon,INCLUDE,,,,,,,,,,,,,,,cherisse.persad@gmail.com
SRC0256,231,EVT1124,VIS00181,MC26_L-Y-2,Xylonora sp. 12,4,individuals,log × taxon,INCLUDE,,,,,,,,,,,,,,,cherisse.persad@gmail.com
SRC0256,232,EVT1124,VIS00181,MC26_L-Y-6,Xylonora sp. 12,3,individuals,log × taxon,INCLUDE,,,,,,,,,,,,,,,cherisse.persad@gmail.com
SRC0256,233,EVT1124,VIS00180,MC26_L-Y-7,Xylonora sp. 12,8,individuals,log × taxon,INCLUDE,,,,,,,,,,,,,,,cherisse.persad@gmail.com
SRC0256,234,EVT1124,VIS00181,MC26_L-Y-8,Xylonora sp. 12,1,individuals,log × taxon,INCLUDE,,,,,,,,,,,,,,,cherisse.persad@gmail.com
SRC0256,235,EVT1124,VIS00181,MC26_L-Y-10,Xylonora sp. 12,1,individuals,log × taxon,INCLUDE,,,,,,,,,,,,,,,cherisse.persad@gmail.com
SRC0256,236,EVT1124,VIS00181,MC26_L-Y-12,Xylonora sp. 12,2,individuals,log × taxon,INCLUDE,,,,,,,,,,,,,,,cherisse.persad@gmail.com
SRC0256,237,EVT1124,VIS00180,MC26_L-Y-13,Xylonora sp. 12,1,individuals,log × taxon,INCLUDE,,,,,,,,,,,,,,,cherisse.persad@gmail.com
SRC0256,238,EVT1124,VIS00181,MC26_L-Y-14,Xylonora sp. 12,1,individuals,log × taxon,INCLUDE,,,,,,,,,,,,,,,cherisse.persad@gmail.com
SRC0256,239,EVT1124,VIS00180,MC26_L-Y-19,Xylonora sp. 12,2,individuals,log × taxon,INCLUDE,,,,,,,,,,,,,,,cherisse.persad@gmail.com
SRC0256,240,EVT1124,VIS00181,MC26_L-Y-20,Xylonora sp. 12,2,individuals,log × taxon,INCLUDE,,,,,,,,,,,,,,,cherisse.persad@gmail.com
SRC0256,241,EVT1124,VIS00181,MC26_L-Y-26,Xylonora sp. 12,1,individuals,log × taxon,INCLUDE,,,,,,,,,,,,,,,cherisse.persad@gmail.com
SRC0256,242,EVT1124,VIS00181,MC26_L-Y-28,Xylonora sp. 12,2,individuals,log × taxon,INCLUDE,,,,,,,,,,,,,,,cherisse.persad@gmail.com
SRC0256,243,EVT1124,VIS00181,MC26_L-Y-32,Xylonora sp. 12,4,individuals,log × taxon,INCLUDE,,,,,,,,,,,,,,,cherisse.persad@gmail.com
SRC0256,244,EVT1124,VIS00180,MC26_L-Y-33,Xylonora sp. 12,1,individuals,log × taxon,INCLUDE,,,,,,,,,,,,,,,cherisse.persad@gmail.com
SRC0256,245,EVT1124,VIS00181,MC26_L-Y-40,Xylonora sp. 12,2,individuals,log × taxon,INCLUDE,,,,,,,,,,,,,,,cherisse.persad@gmail.com
SRC0256,246,EVT1133,VIS00229,MC26_L-G-31,Xylonora sp. 12,25,individuals,log × taxon,INCLUDE,,,,,,,,,,,,,,,cherisse.persad@gmail.com
SRC0256,247,EVT1133,VIS00229,MC26_L-G-13,Xylonora sp. 12,11,individuals,log × taxon,INCLUDE,,,,,,,,,,,,,,,cherisse.persad@gmail.com
SRC0256,248,EVT1133,VIS00229,MC26_L-G-4,Xylonora sp. 12,8,individuals,log × taxon,INCLUDE,,,,,,,,,,,,,,,cherisse.persad@gmail.com
SRC0256,249,EVT1133,VIS00229,MC26_L-G-7,Xylonora sp. 12,4,individuals,log × taxon,INCLUDE,,,,,,,,,,,,,,,cherisse.persad@gmail.com
SRC0256,250,EVT1133,VIS00229,MC26_L-G-1,Xylonora sp. 12,7,individuals,log × taxon,INCLUDE,,,,,,,,,,,,,,,cherisse.persad@gmail.com
SRC0256,251,EVT1133,VIS00229,MC26_L-G-22,Xylonora sp. 12,7,individuals,log × taxon,INCLUDE,,,,,,,,,,,,,,,cherisse.persad@gmail.com
SRC0256,252,EVT1133,VIS00229,MC26_L-G-25,Xylonora sp. 12,7,individuals,log × taxon,INCLUDE,,,,,,,,,,,,,,,cherisse.persad@gmail.com
SRC0256,253,EVT1133,VIS00229,MC26_L-G-26,Xylonora sp. 12,7,individuals,log × taxon,INCLUDE,,,,,,,,,,,,,,,cherisse.persad@gmail.com
SRC0256,254,EVT1133,VIS00229,MC26_L-G-19,Xylonora sp. 12,5,individuals,log × taxon,INCLUDE,,,,,,,,,,,,,,,cherisse.persad@gmail.com
SRC0256,255,EVT1133,VIS00229,MC26_L-W-34,Xylonora sp. 12,2,individuals,log × taxon,INCLUDE,,,,,,,,,,,,,,,cherisse.persad@gmail.com
SRC0256,256,EVT1133,VIS00229,MC26_L-W-4,Xylonora sp. 12,1,individuals,log × taxon,INCLUDE,,,,,,,,,,,,,,,cherisse.persad@gmail.com
SRC0256,257,EVT1133,VIS00229,MC26_L-W-13,Xylonora sp. 12,1,individuals,log × taxon,INCLUDE,,,,,,,,,,,,,,,cherisse.persad@gmail.com
SRC0256,258,EVT1133,VIS00229,MC26_L-W-21,Xylonora sp. 12,1,individuals,log × taxon,INCLUDE,,,,,,,,,,,,,,,cherisse.persad@gmail.com
SRC0256,259,EVT1133,VIS00229,MC26_L-G-34,Xylonora sp. 13,3,individuals,log × taxon,INCLUDE,,,,,,,,,,,,,,,cherisse.persad@gmail.com
SRC0256,260,EVT1124,VIS00180,MC26_L-Y-5,Xylonora sp. AC78,3,individuals,log × taxon,INCLUDE,,,,,,,,,,,,,,,cherisse.persad@gmail.com
SRC0256,261,EVT1124,VIS00180,MC26_L-Y-13,Xylonora sp. AC78,1,individuals,log × taxon,INCLUDE,,,,,,,,,,,,,,,cherisse.persad@gmail.com
SRC0256,262,EVT1124,VIS00180,MC26_L-Y-21,Xylonora sp. AC78,4,individuals,log × taxon,INCLUDE,,,,,,,,,,,,,,,cherisse.persad@gmail.com
SRC0256,263,EVT1133,VIS00229,MC26_L-G-31,Xylonora sp. AC78,1,individuals,log × taxon,INCLUDE,,,,,,,,,,,,,,,cherisse.persad@gmail.com
SRC0256,264,EVT1133,VIS00229,MC26_L-G-25,Xylonora sp. AC78,7,individuals,log × taxon,INCLUDE,,,,,,,,,,,,,,,cherisse.persad@gmail.com
SRC0256,265,EVT1124,VIS00181,MC26_L-Y-10,Xylophagidae sp. 16,1,individuals,log × taxon,INCLUDE,,,,,,,,,,,,,,,cherisse.persad@gmail.com
SRC0256,266,EVT1124,VIS00180,MC26_L-Y-39,Xylophagidae sp. 16,1,individuals,log × taxon,INCLUDE,,,,,,,,,,,,,,,cherisse.persad@gmail.com
SRC0256,267,EVT1133,VIS00229,MC26_L-W-10,Xylophagidae sp. 16,68,individuals,log × taxon,INCLUDE,,,,,,,,,,,,,,,cherisse.persad@gmail.com
SRC0255,1,,,,,,,faunal density,INCLUDE,,,,,,,,,,,,,,,cherisse.persad@gmail.com
SRC0255,2,,,,,,,faunal density,INCLUDE,,,,,,,,,,,,,,,cherisse.persad@gmail.com
SRC0255,3,,,,,,,faunal density,INCLUDE,,,,,,,,,,,,,,,cherisse.persad@gmail.com
SRC0255,4,,,,,,,faunal density,INCLUDE,,,,,,,,,,,,,,,cherisse.persad@gmail.com
SRC0255,5,,,,,,,faunal density,INCLUDE,,,,,,,,,,,,,,,cherisse.persad@gmail.com
SRC0255,6,,,,,,,faunal density,INCLUDE,,,,,,,,,,,,,,,cherisse.persad@gmail.com
SRC0255,7,,,,,,,faunal density,INCLUDE,,,,,,,,,,,,,,,cherisse.persad@gmail.com
SRC0255,8,,,,,,,faunal density,INCLUDE,,,,,,,,,,,,,,,cherisse.persad@gmail.com
SRC0255,9,,,,,,,faunal density,INCLUDE,,,,,,,,,,,,,,,cherisse.persad@gmail.com
SRC0255,10,,,,,,,faunal density,INCLUDE,,,,,,,,,,,,,,,cherisse.persad@gmail.com
SRC0255,11,,,,,,,faunal density,INCLUDE,,,,,,,,,,,,,,,cherisse.persad@gmail.com
SRC0255,12,,,,,,,faunal density,INCLUDE,,,,,,,,,,,,,,,cherisse.persad@gmail.com
SRC0255,13,,,,,,,faunal density,INCLUDE,,,,,,,,,,,,,,,cherisse.persad@gmail.com
SRC0255,14,,,,,,,faunal density,INCLUDE,,,,,,,,,,,,,,,cherisse.persad@gmail.com
SRC0255,15,,,,,,,faunal density,INCLUDE,,,,,,,,,,,,,,,cherisse.persad@gmail.com
SRC0255,16,,,,,,,faunal density,INCLUDE,,,,,,,,,,,,,,,cherisse.persad@gmail.com
SRC0255,17,,,,,,,faunal density,INCLUDE,,,,,,,,,,,,,,,cherisse.persad@gmail.com
SRC0255,18,,,,,,,faunal density,INCLUDE,,,,,,,,,,,,,,,cherisse.persad@gmail.com
SRC0255,19,,,,,,,faunal density,INCLUDE,,,,,,,,,,,,,,,cherisse.persad@gmail.com
SRC0255,20,,,,,,,faunal density,INCLUDE,,,,,,,,,,,,,,,cherisse.persad@gmail.com
SRC0255,21,,,,,,,faunal density,INCLUDE,,,,,,,,,,,,,,,cherisse.persad@gmail.com
SRC0255,22,,,,,,,faunal density,INCLUDE,,,,,,,,,,,,,,,cherisse.persad@gmail.com
SRC0255,23,,,,,,,faunal density,INCLUDE,,,,,,,,,,,,,,,cherisse.persad@gmail.com
SRC0255,24,,,,,,,faunal density,INCLUDE,,,,,,,,,,,,,,,cherisse.persad@gmail.com
SRC0255,25,,,,,,,faunal density,INCLUDE,,,,,,,,,,,,,,,cherisse.persad@gmail.com
SRC0255,26,,,,,,,faunal density,INCLUDE,,,,,,,,,,,,,,,cherisse.persad@gmail.com
SRC0255,27,,,,,,,faunal density,INCLUDE,,,,,,,,,,,,,,,cherisse.persad@gmail.com
SRC0255,28,,,,,,,faunal density,INCLUDE,,,,,,,,,,,,,,,cherisse.persad@gmail.com
SRC0255,29,,,,,,,faunal density,INCLUDE,,,,,,,,,,,,,,,cherisse.persad@gmail.com
SRC0255,30,,,,,,,faunal density,INCLUDE,,,,,,,,,,,,,,,cherisse.persad@gmail.com
SRC0255,31,,,,,,,faunal density,INCLUDE,,,,,,,,,,,,,,,cherisse.persad@gmail.com
SRC0255,32,,,,,,,faunal density,INCLUDE,,,,,,,,,,,,,,,cherisse.persad@gmail.com
SRC0255,33,,,,,,,faunal density,INCLUDE,,,,,,,,,,,,,,,cherisse.persad@gmail.com
SRC0255,34,,,,,,,faunal density,INCLUDE,,,,,,,,,,,,,,,cherisse.persad@gmail.com
SRC0255,35,,,,,,,faunal density,INCLUDE,,,,,,,,,,,,,,,cherisse.persad@gmail.com
SRC0255,36,,,,,,,faunal density,INCLUDE,,,,,,,,,,,,,,,cherisse.persad@gmail.com
SRC0255,37,,,,,,,faunal density,INCLUDE,,,,,,,,,,,,,,,cherisse.persad@gmail.com
SRC0255,38,,,,,,,faunal density,INCLUDE,,,,,,,,,,,,,,,cherisse.persad@gmail.com
SRC0255,39,,,,,,,faunal density,INCLUDE,,,,,,,,,,,,,,,cherisse.persad@gmail.com
SRC0255,40,,,,,,,faunal density,INCLUDE,,,,,,,,,,,,,,,cherisse.persad@gmail.com
SRC0255,41,,,,,,,faunal density,INCLUDE,,,,,,,,,,,,,,,cherisse.persad@gmail.com
SRC0255,42,,,,,,,faunal density,INCLUDE,,,,,,,,,,,,,,,cherisse.persad@gmail.com
SRC0255,43,,,,,,,faunal density,INCLUDE,,,,,,,,,,,,,,,cherisse.persad@gmail.com
SRC0255,44,,,,,,,faunal density,INCLUDE,,,,,,,,,,,,,,,cherisse.persad@gmail.com
SRC0255,45,,,,,,,faunal density,INCLUDE,,,,,,,,,,,,,,,cherisse.persad@gmail.com
SRC0255,46,,,,,,,faunal density,INCLUDE,,,,,,,,,,,,,,,cherisse.persad@gmail.com
SRC0255,47,,,,,,,faunal density,INCLUDE,,,,,,,,,,,,,,,cherisse.persad@gmail.com
SRC0258,1,,,,,,,source-specific occurrence,INCLUDE,,,,,,,,,,,,,,,cherisse.persad@gmail.com
SRC0258,2,,,,,,,source-specific occurrence,INCLUDE,,,,,,,,,,,,,,,cherisse.persad@gmail.com
SRC0258,3,,,,,,,source-specific occurrence,INCLUDE,,,,,,,,,,,,,,,cherisse.persad@gmail.com
SRC0258,4,,,,,,,source-specific occurrence,INCLUDE,,,,,,,,,,,,,,,cherisse.persad@gmail.com
SRC0258,5,,,,,,,source-specific occurrence,INCLUDE,,,,,,,,,,,,,,,cherisse.persad@gmail.com
SRC0258,6,,,,,,,source-specific occurrence,INCLUDE,,,,,,,,,,,,,,,cherisse.persad@gmail.com
SRC0258,7,,,,,,,source-specific occurrence,INCLUDE,,,,,,,,,,,,,,,cherisse.persad@gmail.com
SRC0258,8,,,,,,,source-specific occurrence,INCLUDE,,,,,,,,,,,,,,,cherisse.persad@gmail.com
SRC0258,9,,,,,,,source-specific occurrence,INCLUDE,,,,,,,,,,,,,,,cherisse.persad@gmail.com
SRC0258,10,,,,,,,source-specific occurrence,INCLUDE,,,,,,,,,,,,,,,cherisse.persad@gmail.com
SRC0258,11,,,,,,,source-specific occurrence,INCLUDE,,,,,,,,,,,,,,,cherisse.persad@gmail.com
SRC0258,12,,,,,,,source-specific occurrence,INCLUDE,,,,,,,,,,,,,,,cherisse.persad@gmail.com
SRC0258,13,,,,,,,source-specific occurrence,INCLUDE,,,,,,,,,,,,,,,cherisse.persad@gmail.com
SRC0258,14,,,,,,,source-specific occurrence,INCLUDE,,,,,,,,,,,,,,,cherisse.persad@gmail.com
SRC0258,15,,,,,,,source-specific occurrence,INCLUDE,,,,,,,,,,,,,,,cherisse.persad@gmail.com
SRC0258,16,,,,,,,source-specific occurrence,INCLUDE,,,,,,,,,,,,,,,cherisse.persad@gmail.com
SRC0258,17,,,,,,,source-specific occurrence,INCLUDE,,,,,,,,,,,,,,,cherisse.persad@gmail.com
SRC0258,18,,,,,,,source-specific occurrence,INCLUDE,,,,,,,,,,,,,,,cherisse.persad@gmail.com
SRC0258,19,,,,,,,source-specific occurrence,INCLUDE,,,,,,,,,,,,,,,cherisse.persad@gmail.com
SRC0258,20,,,,,,,source-specific occurrence,INCLUDE,,,,,,,,,,,,,,,cherisse.persad@gmail.com
SRC0258,21,,,,,,,source-specific occurrence,INCLUDE,,,,,,,,,,,,,,,cherisse.persad@gmail.com
SRC0258,22,,,,,,,source-specific occurrence,INCLUDE,,,,,,,,,,,,,,,cherisse.persad@gmail.com
SRC0258,23,,,,,,,source-specific occurrence,INCLUDE,,,,,,,,,,,,,,,cherisse.persad@gmail.com
SRC0258,24,,,,,,,source-specific occurrence,INCLUDE,,,,,,,,,,,,,,,cherisse.persad@gmail.com
SRC0258,25,,,,,,,source-specific occurrence,INCLUDE,,,,,,,,,,,,,,,cherisse.persad@gmail.com
SRC0258,26,,,,,,,source-specific occurrence,INCLUDE,,,,,,,,,,,,,,,cherisse.persad@gmail.com
SRC0258,27,,,,,,,source-specific occurrence,INCLUDE,,,,,,,,,,,,,,,cherisse.persad@gmail.com
SRC0258,28,,,,,,,source-specific occurrence,INCLUDE,,,,,,,,,,,,,,,cherisse.persad@gmail.com
SRC0258,29,,,,,,,source-specific occurrence,INCLUDE,,,,,,,,,,,,,,,cherisse.persad@gmail.com
SRC0258,30,,,,,,,source-specific occurrence,INCLUDE,,,,,,,,,,,,,,,cherisse.persad@gmail.com
SRC0258,31,,,,,,,source-specific occurrence,INCLUDE,,,,,,,,,,,,,,,cherisse.persad@gmail.com
SRC0258,32,,,,,,,source-specific occurrence,INCLUDE,,,,,,,,,,,,,,,cherisse.persad@gmail.com
SRC0258,33,,,,,,,source-specific occurrence,INCLUDE,,,,,,,,,,,,,,,cherisse.persad@gmail.com
SRC0258,34,,,,,,,source-specific occurrence,INCLUDE,,,,,,,,,,,,,,,cherisse.persad@gmail.com
SRC0258,35,,,,,,,source-specific occurrence,INCLUDE,,,,,,,,,,,,,,,cherisse.persad@gmail.com
SRC0258,36,,,,,,,source-specific occurrence,INCLUDE,,,,,,,,,,,,,,,cherisse.persad@gmail.com
SRC0258,37,,,,,,,source-specific occurrence,INCLUDE,,,,,,,,,,,,,,,cherisse.persad@gmail.com
SRC0258,38,,,,,,,source-specific occurrence,INCLUDE,,,,,,,,,,,,,,,cherisse.persad@gmail.com
SRC0258,39,,,,,,,source-specific occurrence,INCLUDE,,,,,,,,,,,,,,,cherisse.persad@gmail.com
SRC0258,40,,,,,,,source-specific occurrence,INCLUDE,,,,,,,,,,,,,,,cherisse.persad@gmail.com
SRC0258,41,,,,,,,source-specific occurrence,INCLUDE,,,,,,,,,,,,,,,cherisse.persad@gmail.com
SRC0258,42,,,,,,,source-specific occurrence,INCLUDE,,,,,,,,,,,,,,,cherisse.persad@gmail.com
SRC0258,43,,,,,,,source-specific occurrence,INCLUDE,,,,,,,,,,,,,,,cherisse.persad@gmail.com
SRC0258,44,,,,,,,source-specific occurrence,INCLUDE,,,,,,,,,,,,,,,cherisse.persad@gmail.com
SRC0258,45,,,,,,,source-specific occurrence,INCLUDE,,,,,,,,,,,,,,,cherisse.persad@gmail.com
SRC0258,46,,,,,,,source-specific occurrence,INCLUDE,,,,,,,,,,,,,,,cherisse.persad@gmail.com
SRC0258,47,,,,,,,source-specific occurrence,INCLUDE,,,,,,,,,,,,,,,cherisse.persad@gmail.com
SRC0258,48,,,,,,,source-specific occurrence,INCLUDE,,,,,,,,,,,,,,,cherisse.persad@gmail.com
SRC0258,49,,,,,,,source-specific occurrence,INCLUDE,,,,,,,,,,,,,,,cherisse.persad@gmail.com
SRC0258,50,,,,,,,source-specific occurrence,INCLUDE,,,,,,,,,,,,,,,cherisse.persad@gmail.com
SRC0258,51,,,,,,,source-specific occurrence,INCLUDE,,,,,,,,,,,,,,,cherisse.persad@gmail.com
SRC0258,52,,,,,,,source-specific occurrence,INCLUDE,,,,,,,,,,,,,,,cherisse.persad@gmail.com
SRC0251,1,EVT1132,,,Pericelis nivea sp. nov.,2,individuals,source-specific occurrence,INCLUDE,,,,,,,,,,,,,,,cherisse.persad@gmail.com
SRC0259,1,,,,,,,source-specific occurrence,EXCLUDE,,,,,,,,,,,,,,,cherisse.persad@gmail.com
SRC0259,2,,,,,,,source-specific occurrence,EXCLUDE,,,,,,,,,,,,,,,cherisse.persad@gmail.com
SRC0239,1,EVT1123,VIS00179,,,,,source-specific occurrence,INCLUDE,,,,,,,,,,,,,,,cherisse.persad@gmail.com
SRC0239,2,EVT1123,VIS00179,,,,,source-specific occurrence,INCLUDE,,,,,,,,,,,,,,,cherisse.persad@gmail.com
SRC0239,3,EVT1123,VIS00179,,,,,source-specific occurrence,INCLUDE,,,,,,,,,,,,,,,cherisse.persad@gmail.com
SRC0239,4,EVT1123,VIS00179,,,,,source-specific occurrence,INCLUDE,,,,,,,,,,,,,,,cherisse.persad@gmail.com
SRC0211,1,EVT0971,,REP_H844; REP_P845; REP_P846,Lacydonia shohoensis,3,specimens,source-specific occurrence,INCLUDE,,,,,,,,,,,,,,,cherisse.persad@gmail.com
SRC0211,2,EVT0971,,,wood-boring bivalves,,,source-specific occurrence,INCLUDE,,,,,,,,,,,,,,,cherisse.persad@gmail.com
SRC0211,3,EVT0971,,,Amphipoda,,,source-specific occurrence,INCLUDE,,,,,,,,,,,,,,,cherisse.persad@gmail.com
SRC0211,4,EVT0971,,,Munidopsidae / munidopsids,,,source-specific occurrence,INCLUDE,,,,,,,,,,,,,,,cherisse.persad@gmail.com
SRC0211,5,EVT0971,,,Asteroidea,,,source-specific occurrence,INCLUDE,,,,,,,,,,,,,,,cherisse.persad@gmail.com
SRC0211,6,EVT0971,,,Echinoidea,,,source-specific occurrence,INCLUDE,,,,,,,,,,,,,,,cherisse.persad@gmail.com
SRC0211,7,EVT0971,,,Holothuroidea,,,source-specific occurrence,INCLUDE,,,,,,,,,,,,,,,cherisse.persad@gmail.com
SRC0211,8,EVT0971,,,Ophiuroidea,,,source-specific occurrence,INCLUDE,,,,,,,,,,,,,,,cherisse.persad@gmail.com
SRC0211,9,EVT0971,,,Holothuroidea,,,source-specific occurrence,INCLUDE,,,,,,,,,,,,,,,cherisse.persad@gmail.com
SRC0246,1,,,,Sirsoe alphacrucis,,,source-specific occurrence,INCLUDE,,,,,,,,,,,,,,,cherisse.persad@gmail.com
SRC0246,2,,,,Osedax frankpressi,,,source-specific occurrence,INCLUDE,,,,,,,,,,,,,,,cherisse.persad@gmail.com
SRC0246,3,,,,Sirsoe yokosuka,,,source-specific occurrence,INCLUDE,,,,,,,,,,,,,,,cherisse.persad@gmail.com
SRC0246,4,,,,Lindaspio sp.,,,source-specific occurrence,INCLUDE,,,,,,,,,,,,,,,cherisse.persad@gmail.com
SRC0246,5,,,,Prionospio sp.,,,source-specific occurrence,INCLUDE,,,,,,,,,,,,,,,cherisse.persad@gmail.com
SRC0246,6,,,,Osedax braziliensis,,,source-specific occurrence,INCLUDE,,,,,,,,,,,,,,,cherisse.persad@gmail.com
SRC0246,7,,,,Osedax sp. 'BioSuor-1',,,source-specific occurrence,INCLUDE,,,,,,,,,,,,,,,cherisse.persad@gmail.com
SRC0246,8,,,,Pleijelius sp. 1,,,source-specific occurrence,INCLUDE,,,,,,,,,,,,,,,cherisse.persad@gmail.com
SRC0246,9,,,,Ophryotrocha sp. 1,,,source-specific occurrence,INCLUDE,,,,,,,,,,,,,,,cherisse.persad@gmail.com
SRC0246,10,,,,Amphinomidae sp.,,,source-specific occurrence,INCLUDE,,,,,,,,,,,,,,,cherisse.persad@gmail.com
SRC0246,11,,,,Microphthalmus sp.,,,source-specific occurrence,INCLUDE,,,,,,,,,,,,,,,cherisse.persad@gmail.com
SRC0246,12,,,,Ophryotrocha sp. 3,,,source-specific occurrence,INCLUDE,,,,,,,,,,,,,,,cherisse.persad@gmail.com
SRC0246,13,,,,Valvatidae sp.,,,source-specific occurrence,INCLUDE,,,,,,,,,,,,,,,cherisse.persad@gmail.com
SRC0264,Excel row 2,EVT0005,VIS00186,,,1491,m,author-supplied station environmental metadata,INCLUDE,ES1500,station metadata,,,,,,,,-21.450139,-39.8965,1491,3.58,34.76,cherisse.persad@gmail.com
SRC0264,Excel row 3,EVT0006,VIS00187,,,3322,m,author-supplied station environmental metadata,INCLUDE,ES3300,station metadata,,,,,,,,-22.840861,-38.416333,3322,2.42,34.9,cherisse.persad@gmail.com
SRC0264,Excel row 4,EVT0004,VIS00188,,,3285,m,author-supplied station environmental metadata,INCLUDE,RJ3300,station metadata,,,,,,,,-25.338333,-39.641194,3285,2.45,34.91,cherisse.persad@gmail.com
SRC0264,Excel row 5,EVT0002,VIS00185,,,1508,m,author-supplied station environmental metadata,INCLUDE,SP1500,station metadata,,,,,,,,-25.894,-45.034833,1508,3.64,34.67,cherisse.persad@gmail.com
SRC0264,Excel row 6,EVT0003,VIS00189,,,3358,m,author-supplied station environmental metadata,INCLUDE,SP3300,station metadata,,,,,,,,-28.028444,-43.529667,3358,1.03,34.75,cherisse.persad@gmail.com
SRC0246,Fig. 4 heatmap — SP1500 — Ophryotrocha sp. 2,EVT0002,VIS00185,SP1500 analyzed bone quarter,Ophryotrocha sp. 2,Fig. 4 density class: ≥3 ind./100 cm³,published figure/table evidence,published whale-bone occurrence / density class,INCLUDE,,,,,,,,,,,,,,,cherisse.persad@gmail.com
SRC0246,Fig. 4 heatmap — SP1500 — Sirsoe alphacrucis,EVT0002,VIS00185,SP1500 analyzed bone quarter,Sirsoe alphacrucis,Fig. 4 density class: ≥8 ind./100 cm³,published figure/table evidence,published whale-bone occurrence / density class,INCLUDE,,,,,,,,,,,,,,,cherisse.persad@gmail.com
SRC0246,Fig. 4 heatmap — ES1500 — Sirsoe alphacrucis,EVT0005,VIS00186,ES1500 analyzed bone quarter,Sirsoe alphacrucis,Fig. 4 density class: ≥8 ind./100 cm³,published figure/table evidence,published whale-bone occurrence / density class,INCLUDE,,,,,,,,,,,,,,,cherisse.persad@gmail.com
SRC0246,Fig. 4 heatmap — SP1500 — Osedax frankpressi,EVT0002,VIS00185,SP1500 analyzed bone quarter,Osedax frankpressi,Fig. 4 density class: ≥8 ind./100 cm³,published figure/table evidence,published whale-bone occurrence / density class,INCLUDE,,,,,,,,,,,,,,,cherisse.persad@gmail.com
SRC0246,Fig. 4 heatmap — ES1500 — Osedax frankpressi,EVT0005,VIS00186,ES1500 analyzed bone quarter,Osedax frankpressi,Fig. 4 density class: ≥3 ind./100 cm³,published figure/table evidence,published whale-bone occurrence / density class,INCLUDE,,,,,,,,,,,,,,,cherisse.persad@gmail.com
SRC0246,Fig. 4 heatmap — SP1500 — Amphinomidae sp.,EVT0002,VIS00185,SP1500 analyzed bone quarter,Amphinomidae sp.,Fig. 4 density class: ≥1 ind./100 cm³,published figure/table evidence,published whale-bone occurrence / density class,INCLUDE,,,,,,,,,,,,,,,cherisse.persad@gmail.com
SRC0246,Fig. 4 heatmap — ES1500 — Amphinomidae sp.,EVT0005,VIS00186,ES1500 analyzed bone quarter,Amphinomidae sp.,Fig. 4 density class: ≥3 ind./100 cm³,published figure/table evidence,published whale-bone occurrence / density class,INCLUDE,,,,,,,,,,,,,,,cherisse.persad@gmail.com
SRC0246,Fig. 4 heatmap — ES3300 — Amphinomidae sp.,EVT0006,VIS00187,ES3300 analyzed bone quarter,Amphinomidae sp.,Fig. 4 density class: >0 ind./100 cm³,published figure/table evidence,published whale-bone occurrence / density class,INCLUDE,,,,,,,,,,,,,,,cherisse.persad@gmail.com
SRC0246,Fig. 4 heatmap — ES1500 — Hesionidae n.i.,EVT0005,VIS00186,ES1500 analyzed bone quarter,Hesionidae n.i.,Fig. 4 density class: ≥1 ind./100 cm³,published figure/table evidence,published whale-bone occurrence / density class,INCLUDE,,,,,,,,,,,,,,,cherisse.persad@gmail.com
SRC0246,Fig. 4 heatmap — ES1500 — Microphthalmus sp.,EVT0005,VIS00186,ES1500 analyzed bone quarter,Microphthalmus sp.,Fig. 4 density class: ≥3 ind./100 cm³,published figure/table evidence,published whale-bone occurrence / density class,INCLUDE,,,,,,,,,,,,,,,cherisse.persad@gmail.com
SRC0246,Fig. 4 heatmap — ES3300 — Microphthalmus sp.,EVT0006,VIS00187,ES3300 analyzed bone quarter,Microphthalmus sp.,Fig. 4 density class: >0 ind./100 cm³,published figure/table evidence,published whale-bone occurrence / density class,INCLUDE,,,,,,,,,,,,,,,cherisse.persad@gmail.com
SRC0246,Fig. 4 heatmap — RJ3300 — Sirsoe sirikos,EVT0004,VIS00188,RJ3300 analyzed bone quarter,Sirsoe sirikos,Fig. 4 density class: >0 ind./100 cm³,published figure/table evidence,published whale-bone occurrence / density class,INCLUDE,,,,,,,,,,,,,,,cherisse.persad@gmail.com
SRC0246,Fig. 4 heatmap — SP1500 — Capitella spp.,EVT0002,VIS00185,SP1500 analyzed bone quarter,Capitella spp.,Fig. 4 density class: ≥30 ind./100 cm³,published figure/table evidence,published whale-bone occurrence / density class,INCLUDE,,,,,,,,,,,,,,,cherisse.persad@gmail.com
SRC0246,Fig. 4 heatmap — ES1500 — Capitella spp.,EVT0005,VIS00186,ES1500 analyzed bone quarter,Capitella spp.,Fig. 4 density class: ≥30 ind./100 cm³,published figure/table evidence,published whale-bone occurrence / density class,INCLUDE,,,,,,,,,,,,,,,cherisse.persad@gmail.com
SRC0246,Fig. 4 heatmap — ES3300 — Capitella spp.,EVT0006,VIS00187,ES3300 analyzed bone quarter,Capitella spp.,Fig. 4 density class: ≥8 ind./100 cm³,published figure/table evidence,published whale-bone occurrence / density class,INCLUDE,,,,,,,,,,,,,,,cherisse.persad@gmail.com
SRC0246,Fig. 4 heatmap — RJ3300 — Capitella spp.,EVT0004,VIS00188,RJ3300 analyzed bone quarter,Capitella spp.,Fig. 4 density class: ≥3 ind./100 cm³,published figure/table evidence,published whale-bone occurrence / density class,INCLUDE,,,,,,,,,,,,,,,cherisse.persad@gmail.com
SRC0246,Fig. 4 heatmap — SP3300 — Capitella spp.,EVT0003,VIS00189,SP3300 analyzed bone quarter,Capitella spp.,Fig. 4 density class: ≥3 ind./100 cm³,published figure/table evidence,published whale-bone occurrence / density class,INCLUDE,,,,,,,,,,,,,,,cherisse.persad@gmail.com
SRC0246,Fig. 4 heatmap — ES1500 — Pleijelius sp.,EVT0005,VIS00186,ES1500 analyzed bone quarter,Pleijelius sp.,Fig. 4 density class: ≥1 ind./100 cm³,published figure/table evidence,published whale-bone occurrence / density class,INCLUDE,,,,,,,,,,,,,,,cherisse.persad@gmail.com
SRC0246,Fig. 4 heatmap — ES3300 — Pleijelius sp.,EVT0006,VIS00187,ES3300 analyzed bone quarter,Pleijelius sp.,Fig. 4 density class: >0 ind./100 cm³,published figure/table evidence,published whale-bone occurrence / density class,INCLUDE,,,,,,,,,,,,,,,cherisse.persad@gmail.com
SRC0246,Fig. 4 heatmap — RJ3300 — Pleijelius sp.,EVT0004,VIS00188,RJ3300 analyzed bone quarter,Pleijelius sp.,Fig. 4 density class: >0 ind./100 cm³,published figure/table evidence,published whale-bone occurrence / density class,INCLUDE,,,,,,,,,,,,,,,cherisse.persad@gmail.com
SRC0246,Fig. 4 heatmap — ES1500 — Ophryotrocha sp. 1,EVT0005,VIS00186,ES1500 analyzed bone quarter,Ophryotrocha sp. 1,Fig. 4 density class: ≥8 ind./100 cm³,published figure/table evidence,published whale-bone occurrence / density class,INCLUDE,,,,,,,,,,,,,,,cherisse.persad@gmail.com
SRC0246,Fig. 4 heatmap — ES3300 — Ophryotrocha sp. 1,EVT0006,VIS00187,ES3300 analyzed bone quarter,Ophryotrocha sp. 1,Fig. 4 density class: ≥3 ind./100 cm³,published figure/table evidence,published whale-bone occurrence / density class,INCLUDE,,,,,,,,,,,,,,,cherisse.persad@gmail.com
SRC0246,Fig. 4 heatmap — RJ3300 — Ophryotrocha sp. 1,EVT0004,VIS00188,RJ3300 analyzed bone quarter,Ophryotrocha sp. 1,Fig. 4 density class: ≥3 ind./100 cm³,published figure/table evidence,published whale-bone occurrence / density class,INCLUDE,,,,,,,,,,,,,,,cherisse.persad@gmail.com
SRC0246,Fig. 4 heatmap — SP1500 — Paramytha sp.,EVT0002,VIS00185,SP1500 analyzed bone quarter,Paramytha sp.,Fig. 4 density class: ≥1 ind./100 cm³,published figure/table evidence,published whale-bone occurrence / density class,INCLUDE,,,,,,,,,,,,,,,cherisse.persad@gmail.com
SRC0246,Fig. 4 heatmap — ES1500 — Paramytha sp.,EVT0005,VIS00186,ES1500 analyzed bone quarter,Paramytha sp.,Fig. 4 density class: ≥3 ind./100 cm³,published figure/table evidence,published whale-bone occurrence / density class,INCLUDE,,,,,,,,,,,,,,,cherisse.persad@gmail.com
SRC0246,Fig. 4 heatmap — ES3300 — Paramytha sp.,EVT0006,VIS00187,ES3300 analyzed bone quarter,Paramytha sp.,Fig. 4 density class: ≥8 ind./100 cm³,published figure/table evidence,published whale-bone occurrence / density class,INCLUDE,,,,,,,,,,,,,,,cherisse.persad@gmail.com
SRC0246,Fig. 4 heatmap — RJ3300 — Paramytha sp.,EVT0004,VIS00188,RJ3300 analyzed bone quarter,Paramytha sp.,Fig. 4 density class: ≥3 ind./100 cm³,published figure/table evidence,published whale-bone occurrence / density class,INCLUDE,,,,,,,,,,,,,,,cherisse.persad@gmail.com
SRC0246,Fig. 4 heatmap — SP3300 — Paramytha sp.,EVT0003,VIS00189,SP3300 analyzed bone quarter,Paramytha sp.,Fig. 4 density class: ≥1 ind./100 cm³,published figure/table evidence,published whale-bone occurrence / density class,INCLUDE,,,,,,,,,,,,,,,cherisse.persad@gmail.com
SRC0246,Fig. 4 heatmap — ES1500 — Sirsoe balaenophila,EVT0005,VIS00186,ES1500 analyzed bone quarter,Sirsoe balaenophila,Fig. 4 density class: >0 ind./100 cm³,published figure/table evidence,published whale-bone occurrence / density class,INCLUDE,,,,,,,,,,,,,,,cherisse.persad@gmail.com
SRC0246,Fig. 4 heatmap — RJ3300 — Sirsoe balaenophila,EVT0004,VIS00188,RJ3300 analyzed bone quarter,Sirsoe balaenophila,Fig. 4 density class: >0 ind./100 cm³,published figure/table evidence,published whale-bone occurrence / density class,INCLUDE,,,,,,,,,,,,,,,cherisse.persad@gmail.com
SRC0246,Fig. 4 heatmap — ES3300 — Sirsoe yokosuka,EVT0006,VIS00187,ES3300 analyzed bone quarter,Sirsoe yokosuka,Fig. 4 density class: ≥1 ind./100 cm³,published figure/table evidence,published whale-bone occurrence / density class,INCLUDE,,,,,,,,,,,,,,,cherisse.persad@gmail.com
SRC0246,Fig. 4 heatmap — RJ3300 — Sirsoe yokosuka,EVT0004,VIS00188,RJ3300 analyzed bone quarter,Sirsoe yokosuka,Fig. 4 density class: ≥3 ind./100 cm³,published figure/table evidence,published whale-bone occurrence / density class,INCLUDE,,,,,,,,,,,,,,,cherisse.persad@gmail.com
SRC0246,Fig. 4 heatmap — SP3300 — Sirsoe yokosuka,EVT0003,VIS00189,SP3300 analyzed bone quarter,Sirsoe yokosuka,Fig. 4 density class: ≥3 ind./100 cm³,published figure/table evidence,published whale-bone occurrence / density class,INCLUDE,,,,,,,,,,,,,,,cherisse.persad@gmail.com
SRC0246,Fig. 4 heatmap — ES3300 — Osedax spp.,EVT0006,VIS00187,ES3300 analyzed bone quarter,Osedax spp.,Fig. 4 density class: >0 ind./100 cm³,published figure/table evidence,published whale-bone occurrence / density class,INCLUDE,,,,,,,,,,,,,,,cherisse.persad@gmail.com
SRC0246,Fig. 4 heatmap — RJ3300 — Osedax spp.,EVT0004,VIS00188,RJ3300 analyzed bone quarter,Osedax spp.,Fig. 4 density class: >0 ind./100 cm³,published figure/table evidence,published whale-bone occurrence / density class,INCLUDE,,,,,,,,,,,,,,,cherisse.persad@gmail.com
SRC0246,Fig. 4 heatmap — SP3300 — Osedax spp.,EVT0003,VIS00189,SP3300 analyzed bone quarter,Osedax spp.,Fig. 4 density class: ≥3 ind./100 cm³,published figure/table evidence,published whale-bone occurrence / density class,INCLUDE,,,,,,,,,,,,,,,cherisse.persad@gmail.com
SRC0246,Fig. 4 heatmap — RJ3300 — Ophryotrocha sp. 3,EVT0004,VIS00188,RJ3300 analyzed bone quarter,Ophryotrocha sp. 3,Fig. 4 density class: ≥8 ind./100 cm³,published figure/table evidence,published whale-bone occurrence / density class,INCLUDE,,,,,,,,,,,,,,,cherisse.persad@gmail.com
SRC0246,Fig. 4 heatmap — SP3300 — Ophryotrocha sp. 3,EVT0003,VIS00189,SP3300 analyzed bone quarter,Ophryotrocha sp. 3,Fig. 4 density class: ≥3 ind./100 cm³,published figure/table evidence,published whale-bone occurrence / density class,INCLUDE,,,,,,,,,,,,,,,cherisse.persad@gmail.com
SRC0246,Fig. 4 heatmap — RJ3300 — Valvatidae sp.,EVT0004,VIS00188,RJ3300 analyzed bone quarter,Valvatidae sp.,Fig. 4 density class: >0 ind./100 cm³,published figure/table evidence,published whale-bone occurrence / density class,INCLUDE,,,,,,,,,,,,,,,cherisse.persad@gmail.com
SRC0246,Fig. 4 heatmap — SP3300 — Valvatidae sp.,EVT0003,VIS00189,SP3300 analyzed bone quarter,Valvatidae sp.,Fig. 4 density class: ≥1 ind./100 cm³,published figure/table evidence,published whale-bone occurrence / density class,INCLUDE,,,,,,,,,,,,,,,cherisse.persad@gmail.com
SRC0246,Fig. 4 heatmap — SP3300 — Lindaspio sp.,EVT0003,VIS00189,SP3300 analyzed bone quarter,Lindaspio sp.,Fig. 4 density class: ≥1 ind./100 cm³,published figure/table evidence,published whale-bone occurrence / density class,INCLUDE,,,,,,,,,,,,,,,cherisse.persad@gmail.com
SRC0246,Fig. 4 heatmap — SP3300 — Osedax braziliensis,EVT0003,VIS00189,SP3300 analyzed bone quarter,Osedax braziliensis,Fig. 4 density class: >0 ind./100 cm³,published figure/table evidence,published whale-bone occurrence / density class,INCLUDE,,,,,,,,,,,,,,,cherisse.persad@gmail.com
SRC0246,Fig. 4 heatmap — SP3300 — Osedax 'BioSuOr-1',EVT0003,VIS00189,SP3300 analyzed bone quarter,Osedax 'BioSuOr-1',Fig. 4 density class: ≥3 ind./100 cm³,published figure/table evidence,published whale-bone occurrence / density class,INCLUDE,,,,,,,,,,,,,,,cherisse.persad@gmail.com
SRC0246,Fig. 4 heatmap — SP3300 — Prionospio sp.,EVT0003,VIS00189,SP3300 analyzed bone quarter,Prionospio sp.,Fig. 4 density class: >0 ind./100 cm³,published figure/table evidence,published whale-bone occurrence / density class,INCLUDE,,,,,,,,,,,,,,,cherisse.persad@gmail.com
SRC0264,Excel row 2,EVT0005,VIS00186,,Abyssochrysos sp.,1,individual count (N.),author-supplied quantitative occurrence,INCLUDE,ES1500,Whale Bone,-,Abyssochrysos,Abyssochrysos sp.,Abyssochrysos sp.,1,18.51851851851852,0.018214936247723135,21°27'00.5,39°53'47.4,1491,3.58,34.76,cherisse.persad@gmail.com
SRC0264,Excel row 3,EVT0005,VIS00186,,Abyssochrysos sp.,1,individual count (N.),author-supplied quantitative occurrence,INCLUDE,ES1500,Whale Bone,-,Abyssochrysos,Abyssochrysos sp.,Abyssochrysos sp.,1,18.51851851851852,0.018214936247723135,21°27'00.5,39°53'47.4,1491,3.58,34.76,cherisse.persad@gmail.com
SRC0264,Excel row 4,EVT0005,VIS00186,,Abyssochrysos sp.,1,individual count (N.),author-supplied quantitative occurrence,INCLUDE,ES1500,Whale Bone,-,Abyssochrysos,Abyssochrysos sp.,Abyssochrysos sp.,1,18.51851851851852,0.018214936247723135,21°27'00.5,39°53'47.4,1491,3.58,34.76,cherisse.persad@gmail.com
SRC0264,Excel row 5,EVT0005,VIS00186,,Abyssochrysos sp.,6,individual count (N.),author-supplied quantitative occurrence,INCLUDE,ES1500,Whale Bone,-,Abyssochrysos,Abyssochrysos sp.,Abyssochrysos sp.,6,111.11111111111111,0.1092896174863388,21°27'00.5,39°53'47.4,1491,3.58,34.76,cherisse.persad@gmail.com
SRC0264,Excel row 6,EVT0002,VIS00185,,Abyssochrysos sp.,12,individual count (N.),author-supplied quantitative occurrence,INCLUDE,SP1500,Whale Bone,-,Abyssochrysos,Abyssochrysos sp.,Abyssochrysos sp.,12,230.76923076923077,0.2286149742808154,25°53'38.4,45°02'05.4,1508,3.64,34.67,cherisse.persad@gmail.com
SRC0264,Excel row 7,EVT0002,VIS00185,,Abyssochrysos sp.,19,individual count (N.),author-supplied quantitative occurrence,INCLUDE,SP1500,Whale Bone,-,Abyssochrysos,Abyssochrysos sp.,Abyssochrysos sp.,19,365.3846153846154,0.3619737092779577,25°53'38.4,45°02'05.4,1508,3.64,34.67,cherisse.persad@gmail.com
SRC0264,Excel row 8,EVT1157,VIS00234,,Abyssochrysos sp.,1,individual count (N.),author-supplied quantitative occurrence,INCLUDE,ES3300,Wood Parcels,-,Abyssochrysos,Abyssochrysos sp.,Abyssochrysos sp.,1,20,0.01984914648670107,22°50'27.1,38°24'58.8,3322,2.42,34.9,cherisse.persad@gmail.com
SRC0264,Excel row 9,EVT1155,VIS00232,,Abyssochrysos sp.,1,individual count (N.),author-supplied quantitative occurrence,INCLUDE,RJ3300,Wood Parcels,-,Abyssochrysos,Abyssochrysos sp.,Abyssochrysos sp.,1,45.45454545454546,0.04553734061930783,25°20'18,39°38'28.3,3285,2.45,34.91,cherisse.persad@gmail.com
SRC0264,Excel row 10,EVT0005,VIS00186,,Alvinocaris muricola,3,individual count (N.),author-supplied quantitative occurrence,INCLUDE,ES1500,Whale Bone,Alvinocarididae,Alvinocaris,Alvinocaris muricola,Alvinocaris muricola,3,55.55555555555556,0.0546448087431694,21°27'00.5,39°53'47.4,1491,3.58,34.76,cherisse.persad@gmail.com
SRC0264,Excel row 11,EVT0005,VIS00186,,Alvinocaris muricola,5,individual count (N.),author-supplied quantitative occurrence,INCLUDE,ES1500,Whale Bone,Alvinocarididae,Alvinocaris,Alvinocaris muricola,Alvinocaris muricola,5,92.5925925925926,0.09107468123861567,21°27'00.5,39°53'47.4,1491,3.58,34.76,cherisse.persad@gmail.com
SRC0264,Excel row 12,EVT0004,VIS00188,,Alvinocaris muricola,2,individual count (N.),author-supplied quantitative occurrence,INCLUDE,RJ3300,Whale Bone,Alvinocarididae,Alvinocaris,Alvinocaris muricola,Alvinocaris muricola,2,41.666666666666664,0.0413393964448119,25°20'18,39°38'28.3,3285,2.45,34.91,cherisse.persad@gmail.com
SRC0264,Excel row 13,EVT1156,VIS00233,,Alvinocaris muricola,1,individual count (N.),author-supplied quantitative occurrence,INCLUDE,ES1500,Wood Parcels,Alvinocarididae,Alvinocaris,Alvinocaris muricola,Alvinocaris muricola,1,25,0.024807740014884644,21°27'00.5,39°53'47.4,1491,3.58,34.76,cherisse.persad@gmail.com
SRC0264,Excel row 14,EVT1156,VIS00233,,Amphilochidae sp.,1,individual count (N.),author-supplied quantitative occurrence,INCLUDE,ES1500,Wood Parcels,Amphilochidae,-,Amphilochidae sp.,Amphilochidae sp.,1,25,0.024807740014884644,21°27'00.5,39°53'47.4,1491,3.58,34.76,cherisse.persad@gmail.com
SRC0264,Excel row 15,EVT1157,VIS00234,,Amphilochidae sp.,1,individual count (N.),author-supplied quantitative occurrence,INCLUDE,ES3300,Wood Parcels,Amphilochidae,-,Amphilochidae sp.,Amphilochidae sp.,1,20,0.01984914648670107,22°50'27.1,38°24'58.8,3322,2.42,34.9,cherisse.persad@gmail.com
SRC0264,Excel row 16,EVT0005,VIS00186,,Amphinomidae sp. 1,24,individual count (N.),author-supplied quantitative occurrence,INCLUDE,ES1500,Whale Bone,Amphinomidae,-,Amphinomidae sp. 1,Amphinomidae sp. 1,24,444.44444444444446,0.4371584699453552,21°27'00.5,39°53'47.4,1491,3.58,34.76,cherisse.persad@gmail.com
SRC0264,Excel row 17,EVT0006,VIS00187,,Amphinomidae sp. 1,1,individual count (N.),author-supplied quantitative occurrence,INCLUDE,ES3300,Whale Bone,Amphinomidae,-,Amphinomidae sp. 1,Amphinomidae sp. 1,1,35.714285714285715,0.03526093088857546,22°50'27.1,38°24'58.8,3322,2.42,34.9,cherisse.persad@gmail.com
SRC0264,Excel row 18,EVT0002,VIS00185,,Amphinomidae sp. 1,4,individual count (N.),author-supplied quantitative occurrence,INCLUDE,SP1500,Whale Bone,Amphinomidae,-,Amphinomidae sp. 1,Amphinomidae sp. 1,4,76.92307692307692,0.07620499142693846,25°53'38.4,45°02'05.4,1508,3.64,34.67,cherisse.persad@gmail.com
SRC0264,Excel row 19,EVT0004,VIS00188,,Ampithoidae sp.1,5,individual count (N.),author-supplied quantitative occurrence,INCLUDE,RJ3300,Whale Bone,Amphitoidae,-,Ampithoidae sp.1,Ampithoidae sp.1,5,104.16666666666667,0.10334849111202976,25°20'18,39°38'28.3,3285,2.45,34.91,cherisse.persad@gmail.com
SRC0264,Excel row 20,EVT1157,VIS00234,,Ampithoidae sp.1,1,individual count (N.),author-supplied quantitative occurrence,INCLUDE,ES3300,Wood Parcels,Amphitoidae,-,Ampithoidae sp.1,Ampithoidae sp.1,1,20,0.01984914648670107,22°50'27.1,38°24'58.8,3322,2.42,34.9,cherisse.persad@gmail.com
SRC0264,Excel row 21,EVT1155,VIS00232,,Ampithoidae sp.1,9,individual count (N.),author-supplied quantitative occurrence,INCLUDE,RJ3300,Wood Parcels,Amphitoidae,-,Ampithoidae sp.1,Ampithoidae sp.1,9,409.0909090909091,0.4098360655737705,25°20'18,39°38'28.3,3285,2.45,34.91,cherisse.persad@gmail.com
SRC0264,Excel row 22,EVT1156,VIS00233,,Ampithoidae sp.2,8,individual count (N.),author-supplied quantitative occurrence,INCLUDE,ES1500,Wood Parcels,Amphitoidae,-,Ampithoidae sp.2,Ampithoidae sp.2,8,200,0.19846192011907715,21°27'00.5,39°53'47.4,1491,3.58,34.76,cherisse.persad@gmail.com
SRC0264,Excel row 23,EVT1155,VIS00232,,Ampithoidae sp.2,1,individual count (N.),author-supplied quantitative occurrence,INCLUDE,RJ3300,Wood Parcels,Amphitoidae,-,Ampithoidae sp.2,Ampithoidae sp.2,1,45.45454545454546,0.04553734061930783,25°20'18,39°38'28.3,3285,2.45,34.91,cherisse.persad@gmail.com
SRC0264,Excel row 24,EVT0004,VIS00188,,Ampithoidae sp.3,1,individual count (N.),author-supplied quantitative occurrence,INCLUDE,RJ3300,Whale Bone,Amphitoidae,-,Ampithoidae sp.3,Ampithoidae sp.3,1,20.833333333333332,0.02066969822240595,25°20'18,39°38'28.3,3285,2.45,34.91,cherisse.persad@gmail.com
SRC0264,Excel row 25,EVT0004,VIS00188,,Anthuroidea sp. 1,1,individual count (N.),author-supplied quantitative occurrence,INCLUDE,RJ3300,Whale Bone,-,-,Anthuroidea sp. 1,Anthuroidea sp. 1,1,20.833333333333332,0.02066969822240595,25°20'18,39°38'28.3,3285,2.45,34.91,cherisse.persad@gmail.com
SRC0264,Excel row 26,EVT1155,VIS00232,,Aoridae sp.,1,individual count (N.),author-supplied quantitative occurrence,INCLUDE,RJ3300,Wood Parcels,Aoridae,-,Aoridae sp.,Aoridae sp.,1,45.45454545454546,0.04553734061930783,25°20'18,39°38'28.3,3285,2.45,34.91,cherisse.persad@gmail.com
SRC0264,Excel row 27,EVT0003,VIS00189,,Apseudomorpha sp.,1,individual count (N.),author-supplied quantitative occurrence,INCLUDE,SP3300,Whale Bone,Metapseudidae,Apseudomorpha,Apseudomorpha sp.,Apseudomorpha sp.,1,19.607843137254903,0.019425019425019428,28°01'42.4,43°31'46.8,3358,1.03,34.75,cherisse.persad@gmail.com
SRC0264,Excel row 28,EVT0005,VIS00186,,Asellota sp.1,1,individual count (N.),author-supplied quantitative occurrence,INCLUDE,ES1500,Whale Bone,-,-,Asellota sp.1,Asellota sp.1,1,18.51851851851852,0.018214936247723135,21°27'00.5,39°53'47.4,1491,3.58,34.76,cherisse.persad@gmail.com
SRC0264,Excel row 29,EVT0005,VIS00186,,Asellota sp.1,4,individual count (N.),author-supplied quantitative occurrence,INCLUDE,ES1500,Whale Bone,-,-,Asellota sp.1,Asellota sp.1,4,74.07407407407408,0.07285974499089254,21°27'00.5,39°53'47.4,1491,3.58,34.76,cherisse.persad@gmail.com
SRC0264,Excel row 30,EVT0005,VIS00186,,Asellota sp.1,6,individual count (N.),author-supplied quantitative occurrence,INCLUDE,ES1500,Whale Bone,-,-,Asellota sp.1,Asellota sp.1,6,111.11111111111111,0.1092896174863388,21°27'00.5,39°53'47.4,1491,3.58,34.76,cherisse.persad@gmail.com
SRC0264,Excel row 31,EVT0004,VIS00188,,Asellota sp.1,2,individual count (N.),author-supplied quantitative occurrence,INCLUDE,RJ3300,Whale Bone,-,-,Asellota sp.1,Asellota sp.1,2,41.666666666666664,0.0413393964448119,25°20'18,39°38'28.3,3285,2.45,34.91,cherisse.persad@gmail.com
SRC0264,Excel row 32,EVT0004,VIS00188,,Asellota sp.1,3,individual count (N.),author-supplied quantitative occurrence,INCLUDE,RJ3300,Whale Bone,-,-,Asellota sp.1,Asellota sp.1,3,62.5,0.06200909466721786,25°20'18,39°38'28.3,3285,2.45,34.91,cherisse.persad@gmail.com
SRC0264,Excel row 33,EVT0004,VIS00188,,Asellota sp.1,14,individual count (N.),author-supplied quantitative occurrence,INCLUDE,RJ3300,Whale Bone,-,-,Asellota sp.1,Asellota sp.1,14,291.6666666666667,0.28937577511368334,25°20'18,39°38'28.3,3285,2.45,34.91,cherisse.persad@gmail.com
SRC0264,Excel row 34,EVT1156,VIS00233,,Asellota sp.1,4,individual count (N.),author-supplied quantitative occurrence,INCLUDE,ES1500,Wood Parcels,-,-,Asellota sp.1,Asellota sp.1,4,100,0.09923096005953858,21°27'00.5,39°53'47.4,1491,3.58,34.76,cherisse.persad@gmail.com
SRC0264,Excel row 35,EVT1156,VIS00233,,Asellota sp.1,5,individual count (N.),author-supplied quantitative occurrence,INCLUDE,ES1500,Wood Parcels,-,-,Asellota sp.1,Asellota sp.1,5,125,0.12403870007442322,21°27'00.5,39°53'47.4,1491,3.58,34.76,cherisse.persad@gmail.com
SRC0264,Excel row 36,EVT1156,VIS00233,,Asellota sp.1,12,individual count (N.),author-supplied quantitative occurrence,INCLUDE,ES1500,Wood Parcels,-,-,Asellota sp.1,Asellota sp.1,12,300,0.2976928801786157,21°27'00.5,39°53'47.4,1491,3.58,34.76,cherisse.persad@gmail.com
SRC0264,Excel row 37,EVT1155,VIS00232,,Asellota sp.1,1,individual count (N.),author-supplied quantitative occurrence,INCLUDE,RJ3300,Wood Parcels,-,-,Asellota sp.1,Asellota sp.1,1,45.45454545454546,0.04553734061930783,25°20'18,39°38'28.3,3285,2.45,34.91,cherisse.persad@gmail.com
SRC0264,Excel row 38,EVT1155,VIS00232,,Asellota sp.1,2,individual count (N.),author-supplied quantitative occurrence,INCLUDE,RJ3300,Wood Parcels,-,-,Asellota sp.1,Asellota sp.1,2,90.90909090909092,0.09107468123861566,25°20'18,39°38'28.3,3285,2.45,34.91,cherisse.persad@gmail.com
SRC0264,Excel row 39,EVT1155,VIS00232,,Asellota sp.1,3,individual count (N.),author-supplied quantitative occurrence,INCLUDE,RJ3300,Wood Parcels,-,-,Asellota sp.1,Asellota sp.1,3,136.36363636363637,0.13661202185792348,25°20'18,39°38'28.3,3285,2.45,34.91,cherisse.persad@gmail.com
SRC0264,Excel row 40,EVT0005,VIS00186,,Asellota sp.2,3,individual count (N.),author-supplied quantitative occurrence,INCLUDE,ES1500,Whale Bone,-,-,Asellota sp.2,Asellota sp.2,3,55.55555555555556,0.0546448087431694,21°27'00.5,39°53'47.4,1491,3.58,34.76,cherisse.persad@gmail.com
SRC0264,Excel row 41,EVT1156,VIS00233,,Asellota sp.2,1,individual count (N.),author-supplied quantitative occurrence,INCLUDE,ES1500,Wood Parcels,-,-,Asellota sp.2,Asellota sp.2,1,25,0.024807740014884644,21°27'00.5,39°53'47.4,1491,3.58,34.76,cherisse.persad@gmail.com
SRC0264,Excel row 42,EVT0004,VIS00188,,Asellota sp.3,6,individual count (N.),author-supplied quantitative occurrence,INCLUDE,RJ3300,Whale Bone,-,-,Asellota sp.3,Asellota sp.3,6,125,0.12401818933443572,25°20'18,39°38'28.3,3285,2.45,34.91,cherisse.persad@gmail.com
SRC0264,Excel row 43,EVT0004,VIS00188,,Asellota sp.3,7,individual count (N.),author-supplied quantitative occurrence,INCLUDE,RJ3300,Whale Bone,-,-,Asellota sp.3,Asellota sp.3,7,145.83333333333334,0.14468788755684167,25°20'18,39°38'28.3,3285,2.45,34.91,cherisse.persad@gmail.com
SRC0264,Excel row 44,EVT1157,VIS00234,,Asellota sp.3,1,individual count (N.),author-supplied quantitative occurrence,INCLUDE,ES3300,Wood Parcels,-,-,Asellota sp.3,Asellota sp.3,1,20,0.01984914648670107,22°50'27.1,38°24'58.8,3322,2.42,34.9,cherisse.persad@gmail.com
SRC0264,Excel row 45,EVT1155,VIS00232,,Asellota sp.3,1,individual count (N.),author-supplied quantitative occurrence,INCLUDE,RJ3300,Wood Parcels,-,-,Asellota sp.3,Asellota sp.3,1,45.45454545454546,0.04553734061930783,25°20'18,39°38'28.3,3285,2.45,34.91,cherisse.persad@gmail.com
SRC0264,Excel row 46,EVT1155,VIS00232,,Asellota sp.3,2,individual count (N.),author-supplied quantitative occurrence,INCLUDE,RJ3300,Wood Parcels,-,-,Asellota sp.3,Asellota sp.3,2,90.90909090909092,0.09107468123861566,25°20'18,39°38'28.3,3285,2.45,34.91,cherisse.persad@gmail.com
SRC0264,Excel row 47,EVT0005,VIS00186,,Capitella spp,1386,individual count (N.),author-supplied quantitative occurrence,INCLUDE,ES1500,Whale Bone,Capitellidae,Capitella,Capitella spp,Capitella spp,1386,25666.666666666668,25.245901639344265,21°27'00.5,39°53'47.4,1491,3.58,34.76,cherisse.persad@gmail.com
SRC0264,Excel row 48,EVT0006,VIS00187,,Capitella spp,38,individual count (N.),author-supplied quantitative occurrence,INCLUDE,ES3300,Whale Bone,Capitellidae,Capitella,Capitella spp,Capitella spp,38,1357.142857142857,1.3399153737658676,22°50'27.1,38°24'58.8,3322,2.42,34.9,cherisse.persad@gmail.com
SRC0264,Excel row 49,EVT0004,VIS00188,,Capitella spp,20,individual count (N.),author-supplied quantitative occurrence,INCLUDE,RJ3300,Whale Bone,Capitellidae,Capitella,Capitella spp,Capitella spp,20,416.6666666666667,0.41339396444811904,25°20'18,39°38'28.3,3285,2.45,34.91,cherisse.persad@gmail.com
SRC0264,Excel row 50,EVT0002,VIS00185,,Capitella spp,247,individual count (N.),author-supplied quantitative occurrence,INCLUDE,SP1500,Whale Bone,Capitellidae,Capitella,Capitella spp,Capitella spp,247,4750,4.70565822061345,25°53'38.4,45°02'05.4,1508,3.64,34.67,cherisse.persad@gmail.com
SRC0264,Excel row 51,EVT0003,VIS00189,,Capitella spp,18,individual count (N.),author-supplied quantitative occurrence,INCLUDE,SP3300,Whale Bone,Capitellidae,Capitella,Capitella spp,Capitella spp,18,352.94117647058823,0.3496503496503497,28°01'42.4,43°31'46.8,3358,1.03,34.75,cherisse.persad@gmail.com
SRC0264,Excel row 52,EVT1156,VIS00233,,Capitella spp,81,individual count (N.),author-supplied quantitative occurrence,INCLUDE,ES1500,Wood Parcels,Capitellidae,Capitella,Capitella spp,Capitella spp,81,2025,2.009426941205656,21°27'00.5,39°53'47.4,1491,3.58,34.76,cherisse.persad@gmail.com
SRC0264,Excel row 53,EVT1157,VIS00234,,Capitella spp,40,individual count (N.),author-supplied quantitative occurrence,INCLUDE,ES3300,Wood Parcels,Capitellidae,Capitella,Capitella spp,Capitella spp,40,800,0.7939658594680429,22°50'27.1,38°24'58.8,3322,2.42,34.9,cherisse.persad@gmail.com
SRC0264,Excel row 54,EVT1155,VIS00232,,Capitella spp,12,individual count (N.),author-supplied quantitative occurrence,INCLUDE,RJ3300,Wood Parcels,Capitellidae,Capitella,Capitella spp,Capitella spp,12,545.4545454545455,0.5464480874316939,25°20'18,39°38'28.3,3285,2.45,34.91,cherisse.persad@gmail.com
SRC0264,Excel row 55,EVT1153,VIS00230,,Capitella spp,75,individual count (N.),author-supplied quantitative occurrence,INCLUDE,SP1500,Wood Parcels,Capitellidae,Capitella,Capitella spp,Capitella spp,75,5000,4.934210526315789,25°53'38.4,45°02'05.4,1508,3.64,34.67,cherisse.persad@gmail.com
SRC0264,Excel row 56,EVT1154,VIS00231,,Capitella spp,54,individual count (N.),author-supplied quantitative occurrence,INCLUDE,SP3300,Wood Parcels,Capitellidae,Capitella,Capitella spp,Capitella spp,54,2160,2.168674698795181,28°01'42.4,43°31'46.8,3358,1.03,34.75,cherisse.persad@gmail.com
SRC0264,Excel row 57,EVT0005,VIS00186,,Cirripedia sp.1,2,individual count (N.),author-supplied quantitative occurrence,INCLUDE,ES1500,Whale Bone,-,-,Cirripedia sp.1,Cirripedia sp.1,2,37.03703703703704,0.03642987249544627,21°27'00.5,39°53'47.4,1491,3.58,34.76,cherisse.persad@gmail.com
SRC0264,Excel row 58,EVT0006,VIS00187,,Cirripedia sp.1,1,individual count (N.),author-supplied quantitative occurrence,INCLUDE,ES3300,Whale Bone,-,-,Cirripedia sp.1,Cirripedia sp.1,1,35.714285714285715,0.03526093088857546,22°50'27.1,38°24'58.8,3322,2.42,34.9,cherisse.persad@gmail.com
SRC0264,Excel row 59,EVT0006,VIS00187,,Cirripedia sp.1,3,individual count (N.),author-supplied quantitative occurrence,INCLUDE,ES3300,Whale Bone,-,-,Cirripedia sp.1,Cirripedia sp.1,3,107.14285714285714,0.10578279266572638,22°50'27.1,38°24'58.8,3322,2.42,34.9,cherisse.persad@gmail.com
SRC0264,Excel row 60,EVT1157,VIS00234,,Cirripedia sp.1,1,individual count (N.),author-supplied quantitative occurrence,INCLUDE,ES3300,Wood Parcels,-,-,Cirripedia sp.1,Cirripedia sp.1,1,20,0.01984914648670107,22°50'27.1,38°24'58.8,3322,2.42,34.9,cherisse.persad@gmail.com
SRC0264,Excel row 61,EVT1157,VIS00234,,Cirripedia sp.1,1,individual count (N.),author-supplied quantitative occurrence,INCLUDE,ES3300,Wood Parcels,-,-,Cirripedia sp.1,Cirripedia sp.1,1,20,0.01984914648670107,22°50'27.1,38°24'58.8,3322,2.42,34.9,cherisse.persad@gmail.com
SRC0264,Excel row 62,EVT1155,VIS00232,,Columbellidae sp.,1,individual count (N.),author-supplied quantitative occurrence,INCLUDE,RJ3300,Wood Parcels,Columbellidae,-,Columbellidae sp.,Columbellidae sp.,1,45.45454545454546,0.04553734061930783,25°20'18,39°38'28.3,3285,2.45,34.91,cherisse.persad@gmail.com
SRC0264,Excel row 63,EVT0006,VIS00187,,Cordesia atlantica,12,individual count (N.),author-supplied quantitative occurrence,INCLUDE,ES3300,Whale Bone,Provannidae,Cordesia,Cordesia atlantica,Cordesia atlantica,12,428.57142857142856,0.4231311706629055,22°50'27.1,38°24'58.8,3322,2.42,34.9,cherisse.persad@gmail.com
SRC0264,Excel row 64,EVT0006,VIS00187,,Cordesia atlantica,32,individual count (N.),author-supplied quantitative occurrence,INCLUDE,ES3300,Whale Bone,Provannidae,Cordesia,Cordesia atlantica,Cordesia atlantica,32,1142.857142857143,1.1283497884344147,22°50'27.1,38°24'58.8,3322,2.42,34.9,cherisse.persad@gmail.com
SRC0264,Excel row 65,EVT0004,VIS00188,,Cordesia atlantica,2,individual count (N.),author-supplied quantitative occurrence,INCLUDE,RJ3300,Whale Bone,Provannidae,Cordesia,Cordesia atlantica,Cordesia atlantica,2,41.666666666666664,0.0413393964448119,25°20'18,39°38'28.3,3285,2.45,34.91,cherisse.persad@gmail.com
SRC0264,Excel row 66,EVT0004,VIS00188,,Cordesia atlantica,4,individual count (N.),author-supplied quantitative occurrence,INCLUDE,RJ3300,Whale Bone,Provannidae,Cordesia,Cordesia atlantica,Cordesia atlantica,4,83.33333333333333,0.0826787928896238,25°20'18,39°38'28.3,3285,2.45,34.91,cherisse.persad@gmail.com
SRC0264,Excel row 67,EVT0004,VIS00188,,Cordesia atlantica,5,individual count (N.),author-supplied quantitative occurrence,INCLUDE,RJ3300,Whale Bone,Provannidae,Cordesia,Cordesia atlantica,Cordesia atlantica,5,104.16666666666667,0.10334849111202976,25°20'18,39°38'28.3,3285,2.45,34.91,cherisse.persad@gmail.com
SRC0264,Excel row 68,EVT0004,VIS00188,,Cordesia atlantica,7,individual count (N.),author-supplied quantitative occurrence,INCLUDE,RJ3300,Whale Bone,Provannidae,Cordesia,Cordesia atlantica,Cordesia atlantica,7,145.83333333333334,0.14468788755684167,25°20'18,39°38'28.3,3285,2.45,34.91,cherisse.persad@gmail.com
SRC0264,Excel row 69,EVT0003,VIS00189,,Cordesia atlantica,2,individual count (N.),author-supplied quantitative occurrence,INCLUDE,SP3300,Whale Bone,Provannidae,Cordesia,Cordesia atlantica,Cordesia atlantica,2,39.21568627450981,0.038850038850038855,28°01'42.4,43°31'46.8,3358,1.03,34.75,cherisse.persad@gmail.com
SRC0264,Excel row 70,EVT1157,VIS00234,,Cordesia atlantica,2,individual count (N.),author-supplied quantitative occurrence,INCLUDE,ES3300,Wood Parcels,Provannidae,Cordesia,Cordesia atlantica,Cordesia atlantica,2,40,0.03969829297340214,22°50'27.1,38°24'58.8,3322,2.42,34.9,cherisse.persad@gmail.com
SRC0264,Excel row 71,EVT1157,VIS00234,,Cordesia atlantica,11,individual count (N.),author-supplied quantitative occurrence,INCLUDE,ES3300,Wood Parcels,Provannidae,Cordesia,Cordesia atlantica,Cordesia atlantica,11,220,0.21834061135371177,22°50'27.1,38°24'58.8,3322,2.42,34.9,cherisse.persad@gmail.com
SRC0264,Excel row 72,EVT1157,VIS00234,,Cordesia atlantica,27,individual count (N.),author-supplied quantitative occurrence,INCLUDE,ES3300,Wood Parcels,Provannidae,Cordesia,Cordesia atlantica,Cordesia atlantica,27,540,0.5359269551409289,22°50'27.1,38°24'58.8,3322,2.42,34.9,cherisse.persad@gmail.com
SRC0264,Excel row 73,EVT1157,VIS00234,,Cordesia atlantica,51,individual count (N.),author-supplied quantitative occurrence,INCLUDE,ES3300,Wood Parcels,Provannidae,Cordesia,Cordesia atlantica,Cordesia atlantica,51,1020,1.0123064708217546,22°50'27.1,38°24'58.8,3322,2.42,34.9,cherisse.persad@gmail.com
SRC0264,Excel row 74,EVT1155,VIS00232,,Cordesia atlantica,4,individual count (N.),author-supplied quantitative occurrence,INCLUDE,RJ3300,Wood Parcels,Provannidae,Cordesia,Cordesia atlantica,Cordesia atlantica,4,181.81818181818184,0.18214936247723132,25°20'18,39°38'28.3,3285,2.45,34.91,cherisse.persad@gmail.com
SRC0264,Excel row 75,EVT1155,VIS00232,,Cordesia atlantica,21,individual count (N.),author-supplied quantitative occurrence,INCLUDE,RJ3300,Wood Parcels,Provannidae,Cordesia,Cordesia atlantica,Cordesia atlantica,21,954.5454545454546,0.9562841530054644,25°20'18,39°38'28.3,3285,2.45,34.91,cherisse.persad@gmail.com
SRC0264,Excel row 76,EVT1155,VIS00232,,Cordesia atlantica,30,individual count (N.),author-supplied quantitative occurrence,INCLUDE,RJ3300,Wood Parcels,Provannidae,Cordesia,Cordesia atlantica,Cordesia atlantica,30,1363.6363636363637,1.366120218579235,25°20'18,39°38'28.3,3285,2.45,34.91,cherisse.persad@gmail.com
SRC0264,Excel row 77,EVT1155,VIS00232,,Cordesia atlantica,81,individual count (N.),author-supplied quantitative occurrence,INCLUDE,RJ3300,Wood Parcels,Provannidae,Cordesia,Cordesia atlantica,Cordesia atlantica,81,3681.818181818182,3.6885245901639343,25°20'18,39°38'28.3,3285,2.45,34.91,cherisse.persad@gmail.com
SRC0264,Excel row 78,EVT1154,VIS00231,,Cordesia atlantica,1,individual count (N.),author-supplied quantitative occurrence,INCLUDE,SP3300,Wood Parcels,Provannidae,Cordesia,Cordesia atlantica,Cordesia atlantica,1,40,0.040160642570281124,28°01'42.4,43°31'46.8,3358,1.03,34.75,cherisse.persad@gmail.com
SRC0264,Excel row 79,EVT1154,VIS00231,,Cordesia atlantica,2,individual count (N.),author-supplied quantitative occurrence,INCLUDE,SP3300,Wood Parcels,Provannidae,Cordesia,Cordesia atlantica,Cordesia atlantica,2,80,0.08032128514056225,28°01'42.4,43°31'46.8,3358,1.03,34.75,cherisse.persad@gmail.com
SRC0264,Excel row 80,EVT0005,VIS00186,,Corophiidae sp.,5,individual count (N.),author-supplied quantitative occurrence,INCLUDE,ES1500,Whale Bone,Corophiidae,-,Corophiidae sp.,Corophiidae sp.,5,92.5925925925926,0.09107468123861567,21°27'00.5,39°53'47.4,1491,3.58,34.76,cherisse.persad@gmail.com
SRC0264,Excel row 81,EVT0004,VIS00188,,Cryptoniscidae sp.,1,individual count (N.),author-supplied quantitative occurrence,INCLUDE,RJ3300,Whale Bone,-,-,Cryptoniscidae sp.,Cryptoniscidae sp.,1,20.833333333333332,0.02066969822240595,25°20'18,39°38'28.3,3285,2.45,34.91,cherisse.persad@gmail.com
SRC0264,Excel row 82,EVT1156,VIS00233,,Cryptonome barbada,268,individual count (N.),author-supplied quantitative occurrence,INCLUDE,ES1500,Wood Parcels,Amphinomidae,Cryptonome,Cryptonome barbada,Cryptonome barbada,268,6700,6.648474323989084,21°27'00.5,39°53'47.4,1491,3.58,34.76,cherisse.persad@gmail.com
SRC0264,Excel row 83,EVT1153,VIS00230,,Cryptonome barbada,25,individual count (N.),author-supplied quantitative occurrence,INCLUDE,SP1500,Wood Parcels,Amphinomidae,Cryptonome,Cryptonome barbada,Cryptonome barbada,25,1666.6666666666667,1.6447368421052633,25°53'38.4,45°02'05.4,1508,3.64,34.67,cherisse.persad@gmail.com
SRC0264,Excel row 84,EVT1154,VIS00231,,Cryptonome barbada,29,individual count (N.),author-supplied quantitative occurrence,INCLUDE,SP3300,Wood Parcels,Amphinomidae,Cryptonome,Cryptonome barbada,Cryptonome barbada,29,1160,1.1646586345381527,28°01'42.4,43°31'46.8,3358,1.03,34.75,cherisse.persad@gmail.com
SRC0264,Excel row 85,EVT0005,VIS00186,,Cumacea sp.1,2,individual count (N.),author-supplied quantitative occurrence,INCLUDE,ES1500,Whale Bone,-,-,Cumacea sp.1,Cumacea sp.1,2,37.03703703703704,0.03642987249544627,21°27'00.5,39°53'47.4,1491,3.58,34.76,cherisse.persad@gmail.com
SRC0264,Excel row 86,EVT1155,VIS00232,,Cumacea sp.2,1,individual count (N.),author-supplied quantitative occurrence,INCLUDE,RJ3300,Wood Parcels,-,-,Cumacea sp.2,Cumacea sp.2,1,45.45454545454546,0.04553734061930783,25°20'18,39°38'28.3,3285,2.45,34.91,cherisse.persad@gmail.com
SRC0264,Excel row 87,EVT0005,VIS00186,,Dexaminidae sp.1,1,individual count (N.),author-supplied quantitative occurrence,INCLUDE,ES1500,Whale Bone,Dexaminidae,-,Dexaminidae sp.1,Dexaminidae sp.1,1,18.51851851851852,0.018214936247723135,21°27'00.5,39°53'47.4,1491,3.58,34.76,cherisse.persad@gmail.com
SRC0264,Excel row 88,EVT0004,VIS00188,,Dexaminidae sp.2,1,individual count (N.),author-supplied quantitative occurrence,INCLUDE,RJ3300,Whale Bone,Dexaminidae,-,Dexaminidae sp.2,Dexaminidae sp.2,1,20.833333333333332,0.02066969822240595,25°20'18,39°38'28.3,3285,2.45,34.91,cherisse.persad@gmail.com
SRC0264,Excel row 89,EVT1155,VIS00232,,Dexaminidae sp.2,1,individual count (N.),author-supplied quantitative occurrence,INCLUDE,RJ3300,Wood Parcels,Dexaminidae,-,Dexaminidae sp.2,Dexaminidae sp.2,1,45.45454545454546,0.04553734061930783,25°20'18,39°38'28.3,3285,2.45,34.91,cherisse.persad@gmail.com
SRC0264,Excel row 90,EVT1155,VIS00232,,Dexaminidae sp.2,1,individual count (N.),author-supplied quantitative occurrence,INCLUDE,RJ3300,Wood Parcels,Dexaminidae,-,Dexaminidae sp.2,Dexaminidae sp.2,1,45.45454545454546,0.04553734061930783,25°20'18,39°38'28.3,3285,2.45,34.91,cherisse.persad@gmail.com
SRC0264,Excel row 91,EVT1155,VIS00232,,Dexaminidae sp.3,1,individual count (N.),author-supplied quantitative occurrence,INCLUDE,RJ3300,Wood Parcels,Dexaminidae,-,Dexaminidae sp.3,Dexaminidae sp.3,1,45.45454545454546,0.04553734061930783,25°20'18,39°38'28.3,3285,2.45,34.91,cherisse.persad@gmail.com
SRC0264,Excel row 92,EVT1155,VIS00232,,Dexaminidae sp.4,4,individual count (N.),author-supplied quantitative occurrence,INCLUDE,RJ3300,Wood Parcels,Dexaminidae,-,Dexaminidae sp.4,Dexaminidae sp.4,4,181.81818181818184,0.18214936247723132,25°20'18,39°38'28.3,3285,2.45,34.91,cherisse.persad@gmail.com
SRC0264,Excel row 93,EVT0006,VIS00187,,Echinoidea sp.,1,individual count (N.),author-supplied quantitative occurrence,INCLUDE,ES3300,Whale Bone,-,-,Echinoidea sp.,Echinoidea sp.,1,35.714285714285715,0.03526093088857546,22°50'27.1,38°24'58.8,3322,2.42,34.9,cherisse.persad@gmail.com
SRC0264,Excel row 94,EVT0006,VIS00187,,Echinoidea sp.,2,individual count (N.),author-supplied quantitative occurrence,INCLUDE,ES3300,Whale Bone,-,-,Echinoidea sp.,Echinoidea sp.,2,71.42857142857143,0.07052186177715092,22°50'27.1,38°24'58.8,3322,2.42,34.9,cherisse.persad@gmail.com
SRC0264,Excel row 95,EVT0004,VIS00188,,Echinoidea sp.,9,individual count (N.),author-supplied quantitative occurrence,INCLUDE,RJ3300,Whale Bone,-,-,Echinoidea sp.,Echinoidea sp.,9,187.5,0.18602728400165355,25°20'18,39°38'28.3,3285,2.45,34.91,cherisse.persad@gmail.com
SRC0264,Excel row 96,EVT0004,VIS00188,,Echinoidea sp.,18,individual count (N.),author-supplied quantitative occurrence,INCLUDE,RJ3300,Whale Bone,-,-,Echinoidea sp.,Echinoidea sp.,18,375,0.3720545680033071,25°20'18,39°38'28.3,3285,2.45,34.91,cherisse.persad@gmail.com
SRC0264,Excel row 97,EVT0003,VIS00189,,Echinoidea sp.,2,individual count (N.),author-supplied quantitative occurrence,INCLUDE,SP3300,Whale Bone,-,-,Echinoidea sp.,Echinoidea sp.,2,39.21568627450981,0.038850038850038855,28°01'42.4,43°31'46.8,3358,1.03,34.75,cherisse.persad@gmail.com
SRC0264,Excel row 98,EVT0003,VIS00189,,Echinoidea sp.,3,individual count (N.),author-supplied quantitative occurrence,INCLUDE,SP3300,Whale Bone,-,-,Echinoidea sp.,Echinoidea sp.,3,58.82352941176471,0.05827505827505828,28°01'42.4,43°31'46.8,3358,1.03,34.75,cherisse.persad@gmail.com
SRC0264,Excel row 99,EVT1155,VIS00232,,Echinoidea sp.,1,individual count (N.),author-supplied quantitative occurrence,INCLUDE,RJ3300,Wood Parcels,-,-,Echinoidea sp.,Echinoidea sp.,1,45.45454545454546,0.04553734061930783,25°20'18,39°38'28.3,3285,2.45,34.91,cherisse.persad@gmail.com
SRC0264,Excel row 100,EVT1155,VIS00232,,Echinoidea sp.,2,individual count (N.),author-supplied quantitative occurrence,INCLUDE,RJ3300,Wood Parcels,-,-,Echinoidea sp.,Echinoidea sp.,2,90.90909090909092,0.09107468123861566,25°20'18,39°38'28.3,3285,2.45,34.91,cherisse.persad@gmail.com
SRC0264,Excel row 101,EVT1154,VIS00231,,Echinoidea sp.,1,individual count (N.),author-supplied quantitative occurrence,INCLUDE,SP3300,Wood Parcels,-,-,Echinoidea sp.,Echinoidea sp.,1,40,0.040160642570281124,28°01'42.4,43°31'46.8,3358,1.03,34.75,cherisse.persad@gmail.com
SRC0264,Excel row 102,EVT0002,VIS00185,,Eulimidae sp.,1,individual count (N.),author-supplied quantitative occurrence,INCLUDE,SP1500,Whale Bone,Eulimidae,-,Eulimidae sp.,Eulimidae sp.,1,19.23076923076923,0.019051247856734614,25°53'38.4,45°02'05.4,1508,3.64,34.67,cherisse.persad@gmail.com
SRC0264,Excel row 103,EVT1156,VIS00233,,Eusiridae sp.,6,individual count (N.),author-supplied quantitative occurrence,INCLUDE,ES1500,Wood Parcels,Eusiridae,-,Eusiridae sp.,Eusiridae sp.,6,150,0.14884644008930786,21°27'00.5,39°53'47.4,1491,3.58,34.76,cherisse.persad@gmail.com
SRC0264,Excel row 104,EVT0005,VIS00186,,Hesionidae n.i/juv,8,individual count (N.),author-supplied quantitative occurrence,INCLUDE,ES1500,Whale Bone,Hesionidae,-,Hesionidae n.i/juv,Hesionidae n.i/juv,8,148.14814814814815,0.14571948998178508,21°27'00.5,39°53'47.4,1491,3.58,34.76,cherisse.persad@gmail.com
SRC0264,Excel row 105,EVT0005,VIS00186,,Hyalogyrina rissoella,6,individual count (N.),author-supplied quantitative occurrence,INCLUDE,ES1500,Whale Bone,Hyalogyrinidae,Hyalogyrina,Hyalogyrina rissoella,Hyalogyrina rissoella,6,111.11111111111111,0.1092896174863388,21°27'00.5,39°53'47.4,1491,3.58,34.76,cherisse.persad@gmail.com
SRC0264,Excel row 106,EVT0005,VIS00186,,Hyalogyrina rissoella,39,individual count (N.),author-supplied quantitative occurrence,INCLUDE,ES1500,Whale Bone,Hyalogyrinidae,Hyalogyrina,Hyalogyrina rissoella,Hyalogyrina rissoella,39,722.2222222222223,0.7103825136612022,21°27'00.5,39°53'47.4,1491,3.58,34.76,cherisse.persad@gmail.com
SRC0264,Excel row 107,EVT0005,VIS00186,,Hyalogyrina rissoella,93,individual count (N.),author-supplied quantitative occurrence,INCLUDE,ES1500,Whale Bone,Hyalogyrinidae,Hyalogyrina,Hyalogyrina rissoella,Hyalogyrina rissoella,93,1722.2222222222222,1.6939890710382515,21°27'00.5,39°53'47.4,1491,3.58,34.76,cherisse.persad@gmail.com
SRC0264,Excel row 108,EVT0005,VIS00186,,Hyalogyrina rissoella,801,individual count (N.),author-supplied quantitative occurrence,INCLUDE,ES1500,Whale Bone,Hyalogyrinidae,Hyalogyrina,Hyalogyrina rissoella,Hyalogyrina rissoella,801,14833.333333333334,14.59016393442623,21°27'00.5,39°53'47.4,1491,3.58,34.76,cherisse.persad@gmail.com
SRC0264,Excel row 109,EVT0006,VIS00187,,Hyalogyrina rissoella,74,individual count (N.),author-supplied quantitative occurrence,INCLUDE,ES3300,Whale Bone,Hyalogyrinidae,Hyalogyrina,Hyalogyrina rissoella,Hyalogyrina rissoella,74,2642.8571428571427,2.609308885754584,22°50'27.1,38°24'58.8,3322,2.42,34.9,cherisse.persad@gmail.com
SRC0264,Excel row 110,EVT0004,VIS00188,,Hyalogyrina rissoella,1,individual count (N.),author-supplied quantitative occurrence,INCLUDE,RJ3300,Whale Bone,Hyalogyrinidae,Hyalogyrina,Hyalogyrina rissoella,Hyalogyrina rissoella,1,20.833333333333332,0.02066969822240595,25°20'18,39°38'28.3,3285,2.45,34.91,cherisse.persad@gmail.com
SRC0264,Excel row 111,EVT0004,VIS00188,,Hyalogyrina rissoella,28,individual count (N.),author-supplied quantitative occurrence,INCLUDE,RJ3300,Whale Bone,Hyalogyrinidae,Hyalogyrina,Hyalogyrina rissoella,Hyalogyrina rissoella,28,583.3333333333334,0.5787515502273667,25°20'18,39°38'28.3,3285,2.45,34.91,cherisse.persad@gmail.com
SRC0264,Excel row 112,EVT0004,VIS00188,,Hyalogyrina rissoella,59,individual count (N.),author-supplied quantitative occurrence,INCLUDE,RJ3300,Whale Bone,Hyalogyrinidae,Hyalogyrina,Hyalogyrina rissoella,Hyalogyrina rissoella,59,1229.1666666666667,1.2195121951219512,25°20'18,39°38'28.3,3285,2.45,34.91,cherisse.persad@gmail.com
SRC0264,Excel row 113,EVT0002,VIS00185,,Hyalogyrina rissoella,3,individual count (N.),author-supplied quantitative occurrence,INCLUDE,SP1500,Whale Bone,Hyalogyrinidae,Hyalogyrina,Hyalogyrina rissoella,Hyalogyrina rissoella,3,57.69230769230769,0.05715374357020385,25°53'38.4,45°02'05.4,1508,3.64,34.67,cherisse.persad@gmail.com
SRC0264,Excel row 114,EVT0002,VIS00185,,Hyalogyrina rissoella,3,individual count (N.),author-supplied quantitative occurrence,INCLUDE,SP1500,Whale Bone,Hyalogyrinidae,Hyalogyrina,Hyalogyrina rissoella,Hyalogyrina rissoella,3,57.69230769230769,0.05715374357020385,25°53'38.4,45°02'05.4,1508,3.64,34.67,cherisse.persad@gmail.com
SRC0264,Excel row 115,EVT0002,VIS00185,,Hyalogyrina rissoella,5,individual count (N.),author-supplied quantitative occurrence,INCLUDE,SP1500,Whale Bone,Hyalogyrinidae,Hyalogyrina,Hyalogyrina rissoella,Hyalogyrina rissoella,5,96.15384615384616,0.09525623928367308,25°53'38.4,45°02'05.4,1508,3.64,34.67,cherisse.persad@gmail.com
SRC0264,Excel row 116,EVT0003,VIS00189,,Hyalogyrina rissoella,162,individual count (N.),author-supplied quantitative occurrence,INCLUDE,SP3300,Whale Bone,Hyalogyrinidae,Hyalogyrina,Hyalogyrina rissoella,Hyalogyrina rissoella,162,3176.470588235294,3.146853146853147,28°01'42.4,43°31'46.8,3358,1.03,34.75,cherisse.persad@gmail.com
SRC0264,Excel row 117,EVT0003,VIS00189,,Hyalogyrina rissoella,164,individual count (N.),author-supplied quantitative occurrence,INCLUDE,SP3300,Whale Bone,Hyalogyrinidae,Hyalogyrina,Hyalogyrina rissoella,Hyalogyrina rissoella,164,3215.686274509804,3.185703185703186,28°01'42.4,43°31'46.8,3358,1.03,34.75,cherisse.persad@gmail.com
SRC0264,Excel row 118,EVT0003,VIS00189,,Hyalogyrina rissoella,186,individual count (N.),author-supplied quantitative occurrence,INCLUDE,SP3300,Whale Bone,Hyalogyrinidae,Hyalogyrina,Hyalogyrina rissoella,Hyalogyrina rissoella,186,3647.058823529412,3.613053613053613,28°01'42.4,43°31'46.8,3358,1.03,34.75,cherisse.persad@gmail.com
SRC0264,Excel row 119,EVT0003,VIS00189,,Hyalogyrina rissoella,1971,individual count (N.),author-supplied quantitative occurrence,INCLUDE,SP3300,Whale Bone,Hyalogyrinidae,Hyalogyrina,Hyalogyrina rissoella,Hyalogyrina rissoella,1971,38647.05882352941,38.28671328671329,28°01'42.4,43°31'46.8,3358,1.03,34.75,cherisse.persad@gmail.com
SRC0264,Excel row 120,EVT1155,VIS00232,,Hyalogyrina rissoella,3,individual count (N.),author-supplied quantitative occurrence,INCLUDE,RJ3300,Wood Parcels,Hyalogyrinidae,Hyalogyrina,Hyalogyrina rissoella,Hyalogyrina rissoella,3,136.36363636363637,0.13661202185792348,25°20'18,39°38'28.3,3285,2.45,34.91,cherisse.persad@gmail.com
SRC0264,Excel row 121,EVT1154,VIS00231,,Hyalogyrina rissoella,1,individual count (N.),author-supplied quantitative occurrence,INCLUDE,SP3300,Wood Parcels,Hyalogyrinidae,Hyalogyrina,Hyalogyrina rissoella,Hyalogyrina rissoella,1,40,0.040160642570281124,28°01'42.4,43°31'46.8,3358,1.03,34.75,cherisse.persad@gmail.com
SRC0264,Excel row 122,EVT1154,VIS00231,,Hyalogyrina rissoella,2,individual count (N.),author-supplied quantitative occurrence,INCLUDE,SP3300,Wood Parcels,Hyalogyrinidae,Hyalogyrina,Hyalogyrina rissoella,Hyalogyrina rissoella,2,80,0.08032128514056225,28°01'42.4,43°31'46.8,3358,1.03,34.75,cherisse.persad@gmail.com
SRC0264,Excel row 123,EVT1154,VIS00231,,Hyalogyrina rissoella,11,individual count (N.),author-supplied quantitative occurrence,INCLUDE,SP3300,Wood Parcels,Hyalogyrinidae,Hyalogyrina,Hyalogyrina rissoella,Hyalogyrina rissoella,11,440,0.44176706827309237,28°01'42.4,43°31'46.8,3358,1.03,34.75,cherisse.persad@gmail.com
SRC0264,Excel row 124,EVT0005,VIS00186,,Hyperiidae sp.1,1,individual count (N.),author-supplied quantitative occurrence,INCLUDE,ES1500,Whale Bone,Hyperiidae,-,Hyperiidae sp.1,Hyperiidae sp.1,1,18.51851851851852,0.018214936247723135,21°27'00.5,39°53'47.4,1491,3.58,34.76,cherisse.persad@gmail.com
SRC0264,Excel row 125,EVT1155,VIS00232,,Hyperiidae sp.2,1,individual count (N.),author-supplied quantitative occurrence,INCLUDE,RJ3300,Wood Parcels,Hyperiidae,-,Hyperiidae sp.2,Hyperiidae sp.2,1,45.45454545454546,0.04553734061930783,25°20'18,39°38'28.3,3285,2.45,34.91,cherisse.persad@gmail.com
SRC0264,Excel row 126,EVT0005,VIS00186,,Idas sp.1,3,individual count (N.),author-supplied quantitative occurrence,INCLUDE,ES1500,Whale Bone,Mytilidae,Idas,Idas sp.1,Idas sp.1,3,55.55555555555556,0.0546448087431694,21°27'00.5,39°53'47.4,1491,3.58,34.76,cherisse.persad@gmail.com
SRC0264,Excel row 127,EVT0002,VIS00185,,Idas sp.1,13,individual count (N.),author-supplied quantitative occurrence,INCLUDE,SP1500,Whale Bone,Mytilidae,Idas,Idas sp.1,Idas sp.1,13,250,0.24766622213755,25°53'38.4,45°02'05.4,1508,3.64,34.67,cherisse.persad@gmail.com
SRC0264,Excel row 128,EVT1156,VIS00233,,Idas sp.1,1,individual count (N.),author-supplied quantitative occurrence,INCLUDE,ES1500,Wood Parcels,Mytilidae,Idas,Idas sp.1,Idas sp.1,1,25,0.024807740014884644,21°27'00.5,39°53'47.4,1491,3.58,34.76,cherisse.persad@gmail.com
SRC0264,Excel row 129,EVT1156,VIS00233,,Idas sp.1,4,individual count (N.),author-supplied quantitative occurrence,INCLUDE,ES1500,Wood Parcels,Mytilidae,Idas,Idas sp.1,Idas sp.1,4,100,0.09923096005953858,21°27'00.5,39°53'47.4,1491,3.58,34.76,cherisse.persad@gmail.com
SRC0264,Excel row 130,EVT1156,VIS00233,,Idas sp.1,6,individual count (N.),author-supplied quantitative occurrence,INCLUDE,ES1500,Wood Parcels,Mytilidae,Idas,Idas sp.1,Idas sp.1,6,150,0.14884644008930786,21°27'00.5,39°53'47.4,1491,3.58,34.76,cherisse.persad@gmail.com
SRC0264,Excel row 131,EVT0003,VIS00189,,Idas sp.2,35,individual count (N.),author-supplied quantitative occurrence,INCLUDE,SP3300,Whale Bone,Mytilidae,Idas,Idas sp.2,Idas sp.2,35,686.2745098039217,0.6798756798756799,28°01'42.4,43°31'46.8,3358,1.03,34.75,cherisse.persad@gmail.com
SRC0264,Excel row 132,EVT0005,VIS00186,,Idas sp.3,7,individual count (N.),author-supplied quantitative occurrence,INCLUDE,ES1500,Whale Bone,Mytilidae,Idas,Idas sp.3,Idas sp.3,7,129.62962962962962,0.12750455373406194,21°27'00.5,39°53'47.4,1491,3.58,34.76,cherisse.persad@gmail.com
SRC0264,Excel row 133,EVT0003,VIS00189,,Idas sp.3,2,individual count (N.),author-supplied quantitative occurrence,INCLUDE,SP3300,Whale Bone,Mytilidae,Idas,Idas sp.3,Idas sp.3,2,39.21568627450981,0.038850038850038855,28°01'42.4,43°31'46.8,3358,1.03,34.75,cherisse.persad@gmail.com
SRC0264,Excel row 134,EVT0003,VIS00189,,Idas sp.3,4,individual count (N.),author-supplied quantitative occurrence,INCLUDE,SP3300,Whale Bone,Mytilidae,Idas,Idas sp.3,Idas sp.3,4,78.43137254901961,0.07770007770007771,28°01'42.4,43°31'46.8,3358,1.03,34.75,cherisse.persad@gmail.com
SRC0264,Excel row 135,EVT1156,VIS00233,,Idas sp.3,1,individual count (N.),author-supplied quantitative occurrence,INCLUDE,ES1500,Wood Parcels,Mytilidae,Idas,Idas sp.3,Idas sp.3,1,25,0.024807740014884644,21°27'00.5,39°53'47.4,1491,3.58,34.76,cherisse.persad@gmail.com
SRC0264,Excel row 136,EVT0003,VIS00189,,Idas sp.4,4,individual count (N.),author-supplied quantitative occurrence,INCLUDE,SP3300,Whale Bone,Mytilidae,Idas,Idas sp.4,Idas sp.4,4,78.43137254901961,0.07770007770007771,28°01'42.4,43°31'46.8,3358,1.03,34.75,cherisse.persad@gmail.com
SRC0264,Excel row 137,EVT1156,VIS00233,,Idas sp.4,1,individual count (N.),author-supplied quantitative occurrence,INCLUDE,ES1500,Wood Parcels,Mytilidae,Idas,Idas sp.4,Idas sp.4,1,25,0.024807740014884644,21°27'00.5,39°53'47.4,1491,3.58,34.76,cherisse.persad@gmail.com
SRC0264,Excel row 138,EVT1156,VIS00233,,Idas sp.4,1,individual count (N.),author-supplied quantitative occurrence,INCLUDE,ES1500,Wood Parcels,Mytilidae,Idas,Idas sp.4,Idas sp.4,1,25,0.024807740014884644,21°27'00.5,39°53'47.4,1491,3.58,34.76,cherisse.persad@gmail.com
SRC0264,Excel row 139,EVT1156,VIS00233,,Idas sp.4,1,individual count (N.),author-supplied quantitative occurrence,INCLUDE,ES1500,Wood Parcels,Mytilidae,Idas,Idas sp.4,Idas sp.4,1,25,0.024807740014884644,21°27'00.5,39°53'47.4,1491,3.58,34.76,cherisse.persad@gmail.com
SRC0264,Excel row 140,EVT1156,VIS00233,,Idas sp.4,1,individual count (N.),author-supplied quantitative occurrence,INCLUDE,ES1500,Wood Parcels,Mytilidae,Idas,Idas sp.4,Idas sp.4,1,25,0.024807740014884644,21°27'00.5,39°53'47.4,1491,3.58,34.76,cherisse.persad@gmail.com
SRC0264,Excel row 141,EVT1156,VIS00233,,Idas sp.4,2,individual count (N.),author-supplied quantitative occurrence,INCLUDE,ES1500,Wood Parcels,Mytilidae,Idas,Idas sp.4,Idas sp.4,2,50,0.04961548002976929,21°27'00.5,39°53'47.4,1491,3.58,34.76,cherisse.persad@gmail.com
SRC0264,Excel row 142,EVT0003,VIS00189,,Iphimediidae sp.,1,individual count (N.),author-supplied quantitative occurrence,INCLUDE,SP3300,Whale Bone,Iphimediidae,-,Iphimediidae sp.,Iphimediidae sp.,1,19.607843137254903,0.019425019425019428,28°01'42.4,43°31'46.8,3358,1.03,34.75,cherisse.persad@gmail.com
SRC0264,Excel row 143,EVT0006,VIS00187,,Isaeidae sp.,1,individual count (N.),author-supplied quantitative occurrence,INCLUDE,ES3300,Whale Bone,Isaeidae,-,Isaeidae sp.,Isaeidae sp.,1,35.714285714285715,0.03526093088857546,22°50'27.1,38°24'58.8,3322,2.42,34.9,cherisse.persad@gmail.com
SRC0264,Excel row 144,EVT1155,VIS00232,,Isopoda sp.,1,individual count (N.),author-supplied quantitative occurrence,INCLUDE,RJ3300,Wood Parcels,-,-,Isopoda sp.,Isopoda sp.,1,45.45454545454546,0.04553734061930783,25°20'18,39°38'28.3,3285,2.45,34.91,cherisse.persad@gmail.com
SRC0264,Excel row 145,EVT1155,VIS00232,,Janiridae spp.,1,individual count (N.),author-supplied quantitative occurrence,INCLUDE,RJ3300,Wood Parcels,Janiridae,-,Janiridae spp.,Janiridae spp.,1,45.45454545454546,0.04553734061930783,25°20'18,39°38'28.3,3285,2.45,34.91,cherisse.persad@gmail.com
SRC0264,Excel row 146,EVT0003,VIS00189,,Lindaspio sp. 1,7,individual count (N.),author-supplied quantitative occurrence,INCLUDE,SP3300,Whale Bone,Spionidae,Lindaspio,Lindaspio sp. 1,Lindaspio sp. 1,7,137.2549019607843,0.135975135975136,28°01'42.4,43°31'46.8,3358,1.03,34.75,cherisse.persad@gmail.com
SRC0264,Excel row 147,EVT0005,VIS00186,,Lower Heterobranchia sp.1,1,individual count (N.),author-supplied quantitative occurrence,INCLUDE,ES1500,Whale Bone,-,-,Lower Heterobranchia sp.1,Lower Heterobranchia sp.1,1,18.51851851851852,0.018214936247723135,21°27'00.5,39°53'47.4,1491,3.58,34.76,cherisse.persad@gmail.com
SRC0264,Excel row 148,EVT0005,VIS00186,,Lower Heterobranchia sp.1,2,individual count (N.),author-supplied quantitative occurrence,INCLUDE,ES1500,Whale Bone,-,-,Lower Heterobranchia sp.1,Lower Heterobranchia sp.1,2,37.03703703703704,0.03642987249544627,21°27'00.5,39°53'47.4,1491,3.58,34.76,cherisse.persad@gmail.com
SRC0264,Excel row 149,EVT0006,VIS00187,,Lower Heterobranchia sp.1,3,individual count (N.),author-supplied quantitative occurrence,INCLUDE,ES3300,Whale Bone,-,-,Lower Heterobranchia sp.1,Lower Heterobranchia sp.1,3,107.14285714285714,0.10578279266572638,22°50'27.1,38°24'58.8,3322,2.42,34.9,cherisse.persad@gmail.com
SRC0264,Excel row 150,EVT0004,VIS00188,,Lower Heterobranchia sp.1,1,individual count (N.),author-supplied quantitative occurrence,INCLUDE,RJ3300,Whale Bone,-,-,Lower Heterobranchia sp.1,Lower Heterobranchia sp.1,1,20.833333333333332,0.02066969822240595,25°20'18,39°38'28.3,3285,2.45,34.91,cherisse.persad@gmail.com
SRC0264,Excel row 151,EVT0002,VIS00185,,Lower Heterobranchia sp.1,1,individual count (N.),author-supplied quantitative occurrence,INCLUDE,SP1500,Whale Bone,-,-,Lower Heterobranchia sp.1,Lower Heterobranchia sp.1,1,19.23076923076923,0.019051247856734614,25°53'38.4,45°02'05.4,1508,3.64,34.67,cherisse.persad@gmail.com
SRC0264,Excel row 152,EVT0003,VIS00189,,Lower Heterobranchia sp.1,4,individual count (N.),author-supplied quantitative occurrence,INCLUDE,SP3300,Whale Bone,-,-,Lower Heterobranchia sp.1,Lower Heterobranchia sp.1,4,78.43137254901961,0.07770007770007771,28°01'42.4,43°31'46.8,3358,1.03,34.75,cherisse.persad@gmail.com
SRC0264,Excel row 153,EVT1156,VIS00233,,Lower Heterobranchia sp.1,2,individual count (N.),author-supplied quantitative occurrence,INCLUDE,ES1500,Wood Parcels,-,-,Lower Heterobranchia sp.1,Lower Heterobranchia sp.1,2,50,0.04961548002976929,21°27'00.5,39°53'47.4,1491,3.58,34.76,cherisse.persad@gmail.com
SRC0264,Excel row 154,EVT1156,VIS00233,,Lower Heterobranchia sp.1,8,individual count (N.),author-supplied quantitative occurrence,INCLUDE,ES1500,Wood Parcels,-,-,Lower Heterobranchia sp.1,Lower Heterobranchia sp.1,8,200,0.19846192011907715,21°27'00.5,39°53'47.4,1491,3.58,34.76,cherisse.persad@gmail.com
SRC0264,Excel row 155,EVT1156,VIS00233,,Lower Heterobranchia sp.1,12,individual count (N.),author-supplied quantitative occurrence,INCLUDE,ES1500,Wood Parcels,-,-,Lower Heterobranchia sp.1,Lower Heterobranchia sp.1,12,300,0.2976928801786157,21°27'00.5,39°53'47.4,1491,3.58,34.76,cherisse.persad@gmail.com
SRC0264,Excel row 156,EVT1156,VIS00233,,Lower Heterobranchia sp.1,16,individual count (N.),author-supplied quantitative occurrence,INCLUDE,ES1500,Wood Parcels,-,-,Lower Heterobranchia sp.1,Lower Heterobranchia sp.1,16,400,0.3969238402381543,21°27'00.5,39°53'47.4,1491,3.58,34.76,cherisse.persad@gmail.com
SRC0264,Excel row 157,EVT1157,VIS00234,,Lower Heterobranchia sp.1,1,individual count (N.),author-supplied quantitative occurrence,INCLUDE,ES3300,Wood Parcels,-,-,Lower Heterobranchia sp.1,Lower Heterobranchia sp.1,1,20,0.01984914648670107,22°50'27.1,38°24'58.8,3322,2.42,34.9,cherisse.persad@gmail.com
SRC0264,Excel row 158,EVT1157,VIS00234,,Lower Heterobranchia sp.1,1,individual count (N.),author-supplied quantitative occurrence,INCLUDE,ES3300,Wood Parcels,-,-,Lower Heterobranchia sp.1,Lower Heterobranchia sp.1,1,20,0.01984914648670107,22°50'27.1,38°24'58.8,3322,2.42,34.9,cherisse.persad@gmail.com
SRC0264,Excel row 159,EVT1155,VIS00232,,Lower Heterobranchia sp.1,3,individual count (N.),author-supplied quantitative occurrence,INCLUDE,RJ3300,Wood Parcels,-,-,Lower Heterobranchia sp.1,Lower Heterobranchia sp.1,3,136.36363636363637,0.13661202185792348,25°20'18,39°38'28.3,3285,2.45,34.91,cherisse.persad@gmail.com
SRC0264,Excel row 160,EVT1154,VIS00231,,Lower Heterobranchia sp.1,1,individual count (N.),author-supplied quantitative occurrence,INCLUDE,SP3300,Wood Parcels,-,-,Lower Heterobranchia sp.1,Lower Heterobranchia sp.1,1,40,0.040160642570281124,28°01'42.4,43°31'46.8,3358,1.03,34.75,cherisse.persad@gmail.com
SRC0264,Excel row 161,EVT1154,VIS00231,,Lower Heterobranchia sp.1,1,individual count (N.),author-supplied quantitative occurrence,INCLUDE,SP3300,Wood Parcels,-,-,Lower Heterobranchia sp.1,Lower Heterobranchia sp.1,1,40,0.040160642570281124,28°01'42.4,43°31'46.8,3358,1.03,34.75,cherisse.persad@gmail.com
SRC0264,Excel row 162,EVT1154,VIS00231,,Lower Heterobranchia sp.1,4,individual count (N.),author-supplied quantitative occurrence,INCLUDE,SP3300,Wood Parcels,-,-,Lower Heterobranchia sp.1,Lower Heterobranchia sp.1,4,160,0.1606425702811245,28°01'42.4,43°31'46.8,3358,1.03,34.75,cherisse.persad@gmail.com
SRC0264,Excel row 163,EVT1154,VIS00231,,Lower Heterobranchia sp.1,4,individual count (N.),author-supplied quantitative occurrence,INCLUDE,SP3300,Wood Parcels,-,-,Lower Heterobranchia sp.1,Lower Heterobranchia sp.1,4,160,0.1606425702811245,28°01'42.4,43°31'46.8,3358,1.03,34.75,cherisse.persad@gmail.com
SRC0264,Excel row 164,EVT0004,VIS00188,,Lower Heterobranchia sp.2,2,individual count (N.),author-supplied quantitative occurrence,INCLUDE,RJ3300,Whale Bone,-,-,Lower Heterobranchia sp.2,Lower Heterobranchia sp.2,2,41.666666666666664,0.0413393964448119,25°20'18,39°38'28.3,3285,2.45,34.91,cherisse.persad@gmail.com
SRC0264,Excel row 165,EVT0003,VIS00189,,Lower Heterobranchia sp.2,7,individual count (N.),author-supplied quantitative occurrence,INCLUDE,SP3300,Whale Bone,-,-,Lower Heterobranchia sp.2,Lower Heterobranchia sp.2,7,137.2549019607843,0.135975135975136,28°01'42.4,43°31'46.8,3358,1.03,34.75,cherisse.persad@gmail.com
SRC0264,Excel row 166,EVT0005,VIS00186,,Lusitanops cingulatus,1,individual count (N.),author-supplied quantitative occurrence,INCLUDE,ES1500,Whale Bone,Raphitomidae,Lusitanops,Lusitanops cingulatus,Lusitanops cingulatus,1,18.51851851851852,0.018214936247723135,21°27'00.5,39°53'47.4,1491,3.58,34.76,cherisse.persad@gmail.com
SRC0264,Excel row 167,EVT0005,VIS00186,,Lusitanops cingulatus,2,individual count (N.),author-supplied quantitative occurrence,INCLUDE,ES1500,Whale Bone,Raphitomidae,Lusitanops,Lusitanops cingulatus,Lusitanops cingulatus,2,37.03703703703704,0.03642987249544627,21°27'00.5,39°53'47.4,1491,3.58,34.76,cherisse.persad@gmail.com
SRC0264,Excel row 168,EVT0005,VIS00186,,Lusitanops cingulatus,2,individual count (N.),author-supplied quantitative occurrence,INCLUDE,ES1500,Whale Bone,Raphitomidae,Lusitanops,Lusitanops cingulatus,Lusitanops cingulatus,2,37.03703703703704,0.03642987249544627,21°27'00.5,39°53'47.4,1491,3.58,34.76,cherisse.persad@gmail.com
SRC0264,Excel row 169,EVT0006,VIS00187,,Lusitanops cingulatus,2,individual count (N.),author-supplied quantitative occurrence,INCLUDE,ES3300,Whale Bone,Raphitomidae,Lusitanops,Lusitanops cingulatus,Lusitanops cingulatus,2,71.42857142857143,0.07052186177715092,22°50'27.1,38°24'58.8,3322,2.42,34.9,cherisse.persad@gmail.com
SRC0264,Excel row 170,EVT0006,VIS00187,,Lusitanops cingulatus,2,individual count (N.),author-supplied quantitative occurrence,INCLUDE,ES3300,Whale Bone,Raphitomidae,Lusitanops,Lusitanops cingulatus,Lusitanops cingulatus,2,71.42857142857143,0.07052186177715092,22°50'27.1,38°24'58.8,3322,2.42,34.9,cherisse.persad@gmail.com
SRC0264,Excel row 171,EVT0006,VIS00187,,Lusitanops cingulatus,11,individual count (N.),author-supplied quantitative occurrence,INCLUDE,ES3300,Whale Bone,Raphitomidae,Lusitanops,Lusitanops cingulatus,Lusitanops cingulatus,11,392.85714285714283,0.38787023977433005,22°50'27.1,38°24'58.8,3322,2.42,34.9,cherisse.persad@gmail.com
SRC0264,Excel row 172,EVT0004,VIS00188,,Lusitanops cingulatus,1,individual count (N.),author-supplied quantitative occurrence,INCLUDE,RJ3300,Whale Bone,Raphitomidae,Lusitanops,Lusitanops cingulatus,Lusitanops cingulatus,1,20.833333333333332,0.02066969822240595,25°20'18,39°38'28.3,3285,2.45,34.91,cherisse.persad@gmail.com
SRC0264,Excel row 173,EVT0004,VIS00188,,Lusitanops cingulatus,3,individual count (N.),author-supplied quantitative occurrence,INCLUDE,RJ3300,Whale Bone,Raphitomidae,Lusitanops,Lusitanops cingulatus,Lusitanops cingulatus,3,62.5,0.06200909466721786,25°20'18,39°38'28.3,3285,2.45,34.91,cherisse.persad@gmail.com
SRC0264,Excel row 174,EVT0004,VIS00188,,Lusitanops cingulatus,6,individual count (N.),author-supplied quantitative occurrence,INCLUDE,RJ3300,Whale Bone,Raphitomidae,Lusitanops,Lusitanops cingulatus,Lusitanops cingulatus,6,125,0.12401818933443572,25°20'18,39°38'28.3,3285,2.45,34.91,cherisse.persad@gmail.com
SRC0264,Excel row 175,EVT0004,VIS00188,,Lusitanops cingulatus,6,individual count (N.),author-supplied quantitative occurrence,INCLUDE,RJ3300,Whale Bone,Raphitomidae,Lusitanops,Lusitanops cingulatus,Lusitanops cingulatus,6,125,0.12401818933443572,25°20'18,39°38'28.3,3285,2.45,34.91,cherisse.persad@gmail.com
SRC0264,Excel row 176,EVT0004,VIS00188,,Lusitanops cingulatus,15,individual count (N.),author-supplied quantitative occurrence,INCLUDE,RJ3300,Whale Bone,Raphitomidae,Lusitanops,Lusitanops cingulatus,Lusitanops cingulatus,15,312.5,0.3100454733360893,25°20'18,39°38'28.3,3285,2.45,34.91,cherisse.persad@gmail.com
SRC0264,Excel row 177,EVT0002,VIS00185,,Lusitanops cingulatus,1,individual count (N.),author-supplied quantitative occurrence,INCLUDE,SP1500,Whale Bone,Raphitomidae,Lusitanops,Lusitanops cingulatus,Lusitanops cingulatus,1,19.23076923076923,0.019051247856734614,25°53'38.4,45°02'05.4,1508,3.64,34.67,cherisse.persad@gmail.com
SRC0264,Excel row 178,EVT0003,VIS00189,,Lusitanops cingulatus,3,individual count (N.),author-supplied quantitative occurrence,INCLUDE,SP3300,Whale Bone,Raphitomidae,Lusitanops,Lusitanops cingulatus,Lusitanops cingulatus,3,58.82352941176471,0.05827505827505828,28°01'42.4,43°31'46.8,3358,1.03,34.75,cherisse.persad@gmail.com
SRC0264,Excel row 179,EVT0003,VIS00189,,Lusitanops cingulatus,6,individual count (N.),author-supplied quantitative occurrence,INCLUDE,SP3300,Whale Bone,Raphitomidae,Lusitanops,Lusitanops cingulatus,Lusitanops cingulatus,6,117.64705882352942,0.11655011655011656,28°01'42.4,43°31'46.8,3358,1.03,34.75,cherisse.persad@gmail.com
SRC0264,Excel row 180,EVT0003,VIS00189,,Lusitanops cingulatus,17,individual count (N.),author-supplied quantitative occurrence,INCLUDE,SP3300,Whale Bone,Raphitomidae,Lusitanops,Lusitanops cingulatus,Lusitanops cingulatus,17,333.33333333333337,0.33022533022533024,28°01'42.4,43°31'46.8,3358,1.03,34.75,cherisse.persad@gmail.com
SRC0264,Excel row 181,EVT0003,VIS00189,,Lusitanops cingulatus,58,individual count (N.),author-supplied quantitative occurrence,INCLUDE,SP3300,Whale Bone,Raphitomidae,Lusitanops,Lusitanops cingulatus,Lusitanops cingulatus,58,1137.2549019607843,1.1266511266511268,28°01'42.4,43°31'46.8,3358,1.03,34.75,cherisse.persad@gmail.com
SRC0264,Excel row 182,EVT1156,VIS00233,,Lusitanops cingulatus,1,individual count (N.),author-supplied quantitative occurrence,INCLUDE,ES1500,Wood Parcels,Raphitomidae,Lusitanops,Lusitanops cingulatus,Lusitanops cingulatus,1,25,0.024807740014884644,21°27'00.5,39°53'47.4,1491,3.58,34.76,cherisse.persad@gmail.com
SRC0264,Excel row 183,EVT1156,VIS00233,,Lusitanops cingulatus,1,individual count (N.),author-supplied quantitative occurrence,INCLUDE,ES1500,Wood Parcels,Raphitomidae,Lusitanops,Lusitanops cingulatus,Lusitanops cingulatus,1,25,0.024807740014884644,21°27'00.5,39°53'47.4,1491,3.58,34.76,cherisse.persad@gmail.com
SRC0264,Excel row 184,EVT1156,VIS00233,,Lusitanops cingulatus,2,individual count (N.),author-supplied quantitative occurrence,INCLUDE,ES1500,Wood Parcels,Raphitomidae,Lusitanops,Lusitanops cingulatus,Lusitanops cingulatus,2,50,0.04961548002976929,21°27'00.5,39°53'47.4,1491,3.58,34.76,cherisse.persad@gmail.com
SRC0264,Excel row 185,EVT1156,VIS00233,,Lusitanops cingulatus,2,individual count (N.),author-supplied quantitative occurrence,INCLUDE,ES1500,Wood Parcels,Raphitomidae,Lusitanops,Lusitanops cingulatus,Lusitanops cingulatus,2,50,0.04961548002976929,21°27'00.5,39°53'47.4,1491,3.58,34.76,cherisse.persad@gmail.com
SRC0264,Excel row 186,EVT1156,VIS00233,,Lusitanops cingulatus,3,individual count (N.),author-supplied quantitative occurrence,INCLUDE,ES1500,Wood Parcels,Raphitomidae,Lusitanops,Lusitanops cingulatus,Lusitanops cingulatus,3,75,0.07442322004465393,21°27'00.5,39°53'47.4,1491,3.58,34.76,cherisse.persad@gmail.com
SRC0264,Excel row 187,EVT1157,VIS00234,,Lusitanops cingulatus,1,individual count (N.),author-supplied quantitative occurrence,INCLUDE,ES3300,Wood Parcels,Raphitomidae,Lusitanops,Lusitanops cingulatus,Lusitanops cingulatus,1,20,0.01984914648670107,22°50'27.1,38°24'58.8,3322,2.42,34.9,cherisse.persad@gmail.com
SRC0264,Excel row 188,EVT1157,VIS00234,,Lusitanops cingulatus,1,individual count (N.),author-supplied quantitative occurrence,INCLUDE,ES3300,Wood Parcels,Raphitomidae,Lusitanops,Lusitanops cingulatus,Lusitanops cingulatus,1,20,0.01984914648670107,22°50'27.1,38°24'58.8,3322,2.42,34.9,cherisse.persad@gmail.com
SRC0264,Excel row 189,EVT1157,VIS00234,,Lusitanops cingulatus,2,individual count (N.),author-supplied quantitative occurrence,INCLUDE,ES3300,Wood Parcels,Raphitomidae,Lusitanops,Lusitanops cingulatus,Lusitanops cingulatus,2,40,0.03969829297340214,22°50'27.1,38°24'58.8,3322,2.42,34.9,cherisse.persad@gmail.com
SRC0264,Excel row 190,EVT1155,VIS00232,,Lusitanops cingulatus,3,individual count (N.),author-supplied quantitative occurrence,INCLUDE,RJ3300,Wood Parcels,Raphitomidae,Lusitanops,Lusitanops cingulatus,Lusitanops cingulatus,3,136.36363636363637,0.13661202185792348,25°20'18,39°38'28.3,3285,2.45,34.91,cherisse.persad@gmail.com
SRC0264,Excel row 191,EVT1155,VIS00232,,Lusitanops cingulatus,4,individual count (N.),author-supplied quantitative occurrence,INCLUDE,RJ3300,Wood Parcels,Raphitomidae,Lusitanops,Lusitanops cingulatus,Lusitanops cingulatus,4,181.81818181818184,0.18214936247723132,25°20'18,39°38'28.3,3285,2.45,34.91,cherisse.persad@gmail.com
SRC0264,Excel row 192,EVT1155,VIS00232,,Lusitanops cingulatus,10,individual count (N.),author-supplied quantitative occurrence,INCLUDE,RJ3300,Wood Parcels,Raphitomidae,Lusitanops,Lusitanops cingulatus,Lusitanops cingulatus,10,454.54545454545456,0.4553734061930783,25°20'18,39°38'28.3,3285,2.45,34.91,cherisse.persad@gmail.com
SRC0264,Excel row 193,EVT1155,VIS00232,,Lusitanops cingulatus,20,individual count (N.),author-supplied quantitative occurrence,INCLUDE,RJ3300,Wood Parcels,Raphitomidae,Lusitanops,Lusitanops cingulatus,Lusitanops cingulatus,20,909.0909090909091,0.9107468123861566,25°20'18,39°38'28.3,3285,2.45,34.91,cherisse.persad@gmail.com
SRC0264,Excel row 194,EVT1154,VIS00231,,Lusitanops cingulatus,1,individual count (N.),author-supplied quantitative occurrence,INCLUDE,SP3300,Wood Parcels,Raphitomidae,Lusitanops,Lusitanops cingulatus,Lusitanops cingulatus,1,40,0.040160642570281124,28°01'42.4,43°31'46.8,3358,1.03,34.75,cherisse.persad@gmail.com
SRC0264,Excel row 195,EVT1154,VIS00231,,Lusitanops cingulatus,2,individual count (N.),author-supplied quantitative occurrence,INCLUDE,SP3300,Wood Parcels,Raphitomidae,Lusitanops,Lusitanops cingulatus,Lusitanops cingulatus,2,80,0.08032128514056225,28°01'42.4,43°31'46.8,3358,1.03,34.75,cherisse.persad@gmail.com
SRC0264,Excel row 196,EVT1154,VIS00231,,Lusitanops cingulatus,3,individual count (N.),author-supplied quantitative occurrence,INCLUDE,SP3300,Wood Parcels,Raphitomidae,Lusitanops,Lusitanops cingulatus,Lusitanops cingulatus,3,120,0.12048192771084339,28°01'42.4,43°31'46.8,3358,1.03,34.75,cherisse.persad@gmail.com
SRC0264,Excel row 197,EVT1154,VIS00231,,Lusitanops cingulatus,6,individual count (N.),author-supplied quantitative occurrence,INCLUDE,SP3300,Wood Parcels,Raphitomidae,Lusitanops,Lusitanops cingulatus,Lusitanops cingulatus,6,240,0.24096385542168677,28°01'42.4,43°31'46.8,3358,1.03,34.75,cherisse.persad@gmail.com
SRC0264,Excel row 198,EVT0005,VIS00186,,Lysianassidae sp.1,2,individual count (N.),author-supplied quantitative occurrence,INCLUDE,ES1500,Whale Bone,Lysianassidae,-,Lysianassidae sp.1,Lysianassidae sp.1,2,37.03703703703704,0.03642987249544627,21°27'00.5,39°53'47.4,1491,3.58,34.76,cherisse.persad@gmail.com
SRC0264,Excel row 199,EVT1156,VIS00233,,Lysianassidae sp.2,9,individual count (N.),author-supplied quantitative occurrence,INCLUDE,ES1500,Wood Parcels,Lysianassidae,-,Lysianassidae sp.2,Lysianassidae sp.2,9,225,0.2232696601339618,21°27'00.5,39°53'47.4,1491,3.58,34.76,cherisse.persad@gmail.com
SRC0264,Excel row 200,EVT1155,VIS00232,,Lysianassidae sp.2,2,individual count (N.),author-supplied quantitative occurrence,INCLUDE,RJ3300,Wood Parcels,Lysianassidae,-,Lysianassidae sp.2,Lysianassidae sp.2,2,90.90909090909092,0.09107468123861566,25°20'18,39°38'28.3,3285,2.45,34.91,cherisse.persad@gmail.com
SRC0264,Excel row 201,EVT1154,VIS00231,,Lysianassidae sp.2,3,individual count (N.),author-supplied quantitative occurrence,INCLUDE,SP3300,Wood Parcels,Lysianassidae,-,Lysianassidae sp.2,Lysianassidae sp.2,3,120,0.12048192771084339,28°01'42.4,43°31'46.8,3358,1.03,34.75,cherisse.persad@gmail.com
SRC0264,Excel row 202,EVT1155,VIS00232,,Melitidae sp.,3,individual count (N.),author-supplied quantitative occurrence,INCLUDE,RJ3300,Wood Parcels,Melitidae,-,Melitidae sp.,Melitidae sp.,3,136.36363636363637,0.13661202185792348,25°20'18,39°38'28.3,3285,2.45,34.91,cherisse.persad@gmail.com
SRC0264,Excel row 203,EVT1154,VIS00231,,Melitidae sp.,4,individual count (N.),author-supplied quantitative occurrence,INCLUDE,SP3300,Wood Parcels,Melitidae,-,Melitidae sp.,Melitidae sp.,4,160,0.1606425702811245,28°01'42.4,43°31'46.8,3358,1.03,34.75,cherisse.persad@gmail.com
SRC0264,Excel row 204,EVT0005,VIS00186,,Microphthalmus sp. 1,29,individual count (N.),author-supplied quantitative occurrence,INCLUDE,ES1500,Whale Bone,Microphthalmidae,-,Microphthalmus sp. 1,Microphthalmus sp. 1,29,537.0370370370371,0.5282331511839709,21°27'00.5,39°53'47.4,1491,3.58,34.76,cherisse.persad@gmail.com
SRC0264,Excel row 205,EVT0006,VIS00187,,Microphthalmus sp. 1,4,individual count (N.),author-supplied quantitative occurrence,INCLUDE,ES3300,Whale Bone,Microphthalmidae,-,Microphthalmus sp. 1,Microphthalmus sp. 1,4,142.85714285714286,0.14104372355430184,22°50'27.1,38°24'58.8,3322,2.42,34.9,cherisse.persad@gmail.com
SRC0264,Excel row 206,EVT0005,VIS00186,,Munidopsis sp.1,9,individual count (N.),author-supplied quantitative occurrence,INCLUDE,ES1500,Whale Bone,Munidopsidae,Munidopsis,Munidopsis sp.1,Munidopsis sp.1,9,166.66666666666666,0.1639344262295082,21°27'00.5,39°53'47.4,1491,3.58,34.76,cherisse.persad@gmail.com
SRC0264,Excel row 207,EVT0005,VIS00186,,Munidopsis sp.1,12,individual count (N.),author-supplied quantitative occurrence,INCLUDE,ES1500,Whale Bone,Munidopsidae,Munidopsis,Munidopsis sp.1,Munidopsis sp.1,12,222.22222222222223,0.2185792349726776,21°27'00.5,39°53'47.4,1491,3.58,34.76,cherisse.persad@gmail.com
SRC0264,Excel row 208,EVT0005,VIS00186,,Munidopsis sp.1,23,individual count (N.),author-supplied quantitative occurrence,INCLUDE,ES1500,Whale Bone,Munidopsidae,Munidopsis,Munidopsis sp.1,Munidopsis sp.1,23,425.9259259259259,0.41894353369763204,21°27'00.5,39°53'47.4,1491,3.58,34.76,cherisse.persad@gmail.com
SRC0264,Excel row 209,EVT0006,VIS00187,,Munidopsis sp.1,3,individual count (N.),author-supplied quantitative occurrence,INCLUDE,ES3300,Whale Bone,Munidopsidae,Munidopsis,Munidopsis sp.1,Munidopsis sp.1,3,107.14285714285714,0.10578279266572638,22°50'27.1,38°24'58.8,3322,2.42,34.9,cherisse.persad@gmail.com
SRC0264,Excel row 210,EVT0004,VIS00188,,Munidopsis sp.1,4,individual count (N.),author-supplied quantitative occurrence,INCLUDE,RJ3300,Whale Bone,Munidopsidae,Munidopsis,Munidopsis sp.1,Munidopsis sp.1,4,83.33333333333333,0.0826787928896238,25°20'18,39°38'28.3,3285,2.45,34.91,cherisse.persad@gmail.com
SRC0264,Excel row 211,EVT0003,VIS00189,,Munidopsis sp.1,2,individual count (N.),author-supplied quantitative occurrence,INCLUDE,SP3300,Whale Bone,Munidopsidae,Munidopsis,Munidopsis sp.1,Munidopsis sp.1,2,39.21568627450981,0.038850038850038855,28°01'42.4,43°31'46.8,3358,1.03,34.75,cherisse.persad@gmail.com
SRC0264,Excel row 212,EVT0003,VIS00189,,Munidopsis sp.1,3,individual count (N.),author-supplied quantitative occurrence,INCLUDE,SP3300,Whale Bone,Munidopsidae,Munidopsis,Munidopsis sp.1,Munidopsis sp.1,3,58.82352941176471,0.05827505827505828,28°01'42.4,43°31'46.8,3358,1.03,34.75,cherisse.persad@gmail.com
SRC0264,Excel row 213,EVT0003,VIS00189,,Munidopsis sp.1,6,individual count (N.),author-supplied quantitative occurrence,INCLUDE,SP3300,Whale Bone,Munidopsidae,Munidopsis,Munidopsis sp.1,Munidopsis sp.1,6,117.64705882352942,0.11655011655011656,28°01'42.4,43°31'46.8,3358,1.03,34.75,cherisse.persad@gmail.com
SRC0264,Excel row 214,EVT1156,VIS00233,,Munidopsis sp.1,5,individual count (N.),author-supplied quantitative occurrence,INCLUDE,ES1500,Wood Parcels,Munidopsidae,Munidopsis,Munidopsis sp.1,Munidopsis sp.1,5,125,0.12403870007442322,21°27'00.5,39°53'47.4,1491,3.58,34.76,cherisse.persad@gmail.com
SRC0264,Excel row 215,EVT1156,VIS00233,,Munidopsis sp.1,14,individual count (N.),author-supplied quantitative occurrence,INCLUDE,ES1500,Wood Parcels,Munidopsidae,Munidopsis,Munidopsis sp.1,Munidopsis sp.1,14,350,0.347308360208385,21°27'00.5,39°53'47.4,1491,3.58,34.76,cherisse.persad@gmail.com
SRC0264,Excel row 216,EVT1157,VIS00234,,Munidopsis sp.1,1,individual count (N.),author-supplied quantitative occurrence,INCLUDE,ES3300,Wood Parcels,Munidopsidae,Munidopsis,Munidopsis sp.1,Munidopsis sp.1,1,20,0.01984914648670107,22°50'27.1,38°24'58.8,3322,2.42,34.9,cherisse.persad@gmail.com
SRC0264,Excel row 217,EVT1157,VIS00234,,Munidopsis sp.1,2,individual count (N.),author-supplied quantitative occurrence,INCLUDE,ES3300,Wood Parcels,Munidopsidae,Munidopsis,Munidopsis sp.1,Munidopsis sp.1,2,40,0.03969829297340214,22°50'27.1,38°24'58.8,3322,2.42,34.9,cherisse.persad@gmail.com
SRC0264,Excel row 218,EVT1155,VIS00232,,Munidopsis sp.1,2,individual count (N.),author-supplied quantitative occurrence,INCLUDE,RJ3300,Wood Parcels,Munidopsidae,Munidopsis,Munidopsis sp.1,Munidopsis sp.1,2,90.90909090909092,0.09107468123861566,25°20'18,39°38'28.3,3285,2.45,34.91,cherisse.persad@gmail.com
SRC0264,Excel row 219,EVT1155,VIS00232,,Munidopsis sp.1,3,individual count (N.),author-supplied quantitative occurrence,INCLUDE,RJ3300,Wood Parcels,Munidopsidae,Munidopsis,Munidopsis sp.1,Munidopsis sp.1,3,136.36363636363637,0.13661202185792348,25°20'18,39°38'28.3,3285,2.45,34.91,cherisse.persad@gmail.com
SRC0264,Excel row 220,EVT1154,VIS00231,,Munidopsis sp.1,1,individual count (N.),author-supplied quantitative occurrence,INCLUDE,SP3300,Wood Parcels,Munidopsidae,Munidopsis,Munidopsis sp.1,Munidopsis sp.1,1,40,0.040160642570281124,28°01'42.4,43°31'46.8,3358,1.03,34.75,cherisse.persad@gmail.com
SRC0264,Excel row 221,EVT1154,VIS00231,,Munidopsis sp.1,2,individual count (N.),author-supplied quantitative occurrence,INCLUDE,SP3300,Wood Parcels,Munidopsidae,Munidopsis,Munidopsis sp.1,Munidopsis sp.1,2,80,0.08032128514056225,28°01'42.4,43°31'46.8,3358,1.03,34.75,cherisse.persad@gmail.com
SRC0264,Excel row 222,EVT1154,VIS00231,,Munidopsis sp.1,3,individual count (N.),author-supplied quantitative occurrence,INCLUDE,SP3300,Wood Parcels,Munidopsidae,Munidopsis,Munidopsis sp.1,Munidopsis sp.1,3,120,0.12048192771084339,28°01'42.4,43°31'46.8,3358,1.03,34.75,cherisse.persad@gmail.com
SRC0264,Excel row 223,EVT0006,VIS00187,,Munidopsis sp.2,1,individual count (N.),author-supplied quantitative occurrence,INCLUDE,ES3300,Whale Bone,Munidopsidae,Munidopsis,Munidopsis sp.2,Munidopsis sp.2,1,35.714285714285715,0.03526093088857546,22°50'27.1,38°24'58.8,3322,2.42,34.9,cherisse.persad@gmail.com
SRC0264,Excel row 224,EVT0006,VIS00187,,Munidopsis sp.2,10,individual count (N.),author-supplied quantitative occurrence,INCLUDE,ES3300,Whale Bone,Munidopsidae,Munidopsis,Munidopsis sp.2,Munidopsis sp.2,10,357.1428571428571,0.3526093088857546,22°50'27.1,38°24'58.8,3322,2.42,34.9,cherisse.persad@gmail.com
SRC0264,Excel row 225,EVT0004,VIS00188,,Munidopsis sp.2,6,individual count (N.),author-supplied quantitative occurrence,INCLUDE,RJ3300,Whale Bone,Munidopsidae,Munidopsis,Munidopsis sp.2,Munidopsis sp.2,6,125,0.12401818933443572,25°20'18,39°38'28.3,3285,2.45,34.91,cherisse.persad@gmail.com
SRC0264,Excel row 226,EVT0004,VIS00188,,Munidopsis sp.2,33,individual count (N.),author-supplied quantitative occurrence,INCLUDE,RJ3300,Whale Bone,Munidopsidae,Munidopsis,Munidopsis sp.2,Munidopsis sp.2,33,687.5,0.6821000413393964,25°20'18,39°38'28.3,3285,2.45,34.91,cherisse.persad@gmail.com
SRC0264,Excel row 227,EVT0004,VIS00188,,Munidopsis sp.2,46,individual count (N.),author-supplied quantitative occurrence,INCLUDE,RJ3300,Whale Bone,Munidopsidae,Munidopsis,Munidopsis sp.2,Munidopsis sp.2,46,958.3333333333333,0.9508061182306737,25°20'18,39°38'28.3,3285,2.45,34.91,cherisse.persad@gmail.com
SRC0264,Excel row 228,EVT1157,VIS00234,,Munidopsis sp.2,2,individual count (N.),author-supplied quantitative occurrence,INCLUDE,ES3300,Wood Parcels,Munidopsidae,Munidopsis,Munidopsis sp.2,Munidopsis sp.2,2,40,0.03969829297340214,22°50'27.1,38°24'58.8,3322,2.42,34.9,cherisse.persad@gmail.com
SRC0264,Excel row 229,EVT1157,VIS00234,,Munidopsis sp.2,2,individual count (N.),author-supplied quantitative occurrence,INCLUDE,ES3300,Wood Parcels,Munidopsidae,Munidopsis,Munidopsis sp.2,Munidopsis sp.2,2,40,0.03969829297340214,22°50'27.1,38°24'58.8,3322,2.42,34.9,cherisse.persad@gmail.com
SRC0264,Excel row 230,EVT1155,VIS00232,,Munidopsis sp.2,1,individual count (N.),author-supplied quantitative occurrence,INCLUDE,RJ3300,Wood Parcels,Munidopsidae,Munidopsis,Munidopsis sp.2,Munidopsis sp.2,1,45.45454545454546,0.04553734061930783,25°20'18,39°38'28.3,3285,2.45,34.91,cherisse.persad@gmail.com
SRC0264,Excel row 231,EVT1155,VIS00232,,Munidopsis sp.2,2,individual count (N.),author-supplied quantitative occurrence,INCLUDE,RJ3300,Wood Parcels,Munidopsidae,Munidopsis,Munidopsis sp.2,Munidopsis sp.2,2,90.90909090909092,0.09107468123861566,25°20'18,39°38'28.3,3285,2.45,34.91,cherisse.persad@gmail.com
SRC0264,Excel row 232,EVT1154,VIS00231,,Munidopsis sp.2,2,individual count (N.),author-supplied quantitative occurrence,INCLUDE,SP3300,Wood Parcels,Munidopsidae,Munidopsis,Munidopsis sp.2,Munidopsis sp.2,2,80,0.08032128514056225,28°01'42.4,43°31'46.8,3358,1.03,34.75,cherisse.persad@gmail.com
SRC0264,Excel row 233,EVT0004,VIS00188,,Munidopsis sp.3,4,individual count (N.),author-supplied quantitative occurrence,INCLUDE,RJ3300,Whale Bone,Munidopsidae,Munidopsis,Munidopsis sp.3,Munidopsis sp.3,4,83.33333333333333,0.0826787928896238,25°20'18,39°38'28.3,3285,2.45,34.91,cherisse.persad@gmail.com
SRC0264,Excel row 234,EVT0004,VIS00188,,Munidopsis sp.3,17,individual count (N.),author-supplied quantitative occurrence,INCLUDE,RJ3300,Whale Bone,Munidopsidae,Munidopsis,Munidopsis sp.3,Munidopsis sp.3,17,354.1666666666667,0.35138486978090117,25°20'18,39°38'28.3,3285,2.45,34.91,cherisse.persad@gmail.com
SRC0264,Excel row 235,EVT0004,VIS00188,,Munidopsis sp.3,32,individual count (N.),author-supplied quantitative occurrence,INCLUDE,RJ3300,Whale Bone,Munidopsidae,Munidopsis,Munidopsis sp.3,Munidopsis sp.3,32,666.6666666666666,0.6614303431169904,25°20'18,39°38'28.3,3285,2.45,34.91,cherisse.persad@gmail.com
SRC0264,Excel row 236,EVT1157,VIS00234,,Munidopsis sp.3,1,individual count (N.),author-supplied quantitative occurrence,INCLUDE,ES3300,Wood Parcels,Munidopsidae,Munidopsis,Munidopsis sp.3,Munidopsis sp.3,1,20,0.01984914648670107,22°50'27.1,38°24'58.8,3322,2.42,34.9,cherisse.persad@gmail.com
SRC0264,Excel row 237,EVT1157,VIS00234,,Munidopsis sp.3,2,individual count (N.),author-supplied quantitative occurrence,INCLUDE,ES3300,Wood Parcels,Munidopsidae,Munidopsis,Munidopsis sp.3,Munidopsis sp.3,2,40,0.03969829297340214,22°50'27.1,38°24'58.8,3322,2.42,34.9,cherisse.persad@gmail.com
SRC0264,Excel row 238,EVT1155,VIS00232,,Munidopsis sp.3,3,individual count (N.),author-supplied quantitative occurrence,INCLUDE,RJ3300,Wood Parcels,Munidopsidae,Munidopsis,Munidopsis sp.3,Munidopsis sp.3,3,136.36363636363637,0.13661202185792348,25°20'18,39°38'28.3,3285,2.45,34.91,cherisse.persad@gmail.com
SRC0264,Excel row 239,EVT1155,VIS00232,,Munidopsis sp.3,5,individual count (N.),author-supplied quantitative occurrence,INCLUDE,RJ3300,Wood Parcels,Munidopsidae,Munidopsis,Munidopsis sp.3,Munidopsis sp.3,5,227.27272727272728,0.22768670309653916,25°20'18,39°38'28.3,3285,2.45,34.91,cherisse.persad@gmail.com
SRC0264,Excel row 240,EVT1155,VIS00232,,Munidopsis sp.3,10,individual count (N.),author-supplied quantitative occurrence,INCLUDE,RJ3300,Wood Parcels,Munidopsidae,Munidopsis,Munidopsis sp.3,Munidopsis sp.3,10,454.54545454545456,0.4553734061930783,25°20'18,39°38'28.3,3285,2.45,34.91,cherisse.persad@gmail.com
SRC0264,Excel row 241,EVT1154,VIS00231,,Munidopsis sp.3,1,individual count (N.),author-supplied quantitative occurrence,INCLUDE,SP3300,Wood Parcels,Munidopsidae,Munidopsis,Munidopsis sp.3,Munidopsis sp.3,1,40,0.040160642570281124,28°01'42.4,43°31'46.8,3358,1.03,34.75,cherisse.persad@gmail.com
SRC0264,Excel row 242,EVT1156,VIS00233,,Nereis sp. 1,2,individual count (N.),author-supplied quantitative occurrence,INCLUDE,ES1500,Wood Parcels,Nereididae,Nereis,Nereis sp. 1,Nereis sp. 1,2,50,0.04961548002976929,21°27'00.5,39°53'47.4,1491,3.58,34.76,cherisse.persad@gmail.com
SRC0264,Excel row 243,EVT1153,VIS00230,,Nereis sp. 1,2,individual count (N.),author-supplied quantitative occurrence,INCLUDE,SP1500,Wood Parcels,Nereididae,Nereis,Nereis sp. 1,Nereis sp. 1,2,133.33333333333334,0.13157894736842105,25°53'38.4,45°02'05.4,1508,3.64,34.67,cherisse.persad@gmail.com
SRC0264,Excel row 244,EVT1156,VIS00233,,Nereis sp. 2,1,individual count (N.),author-supplied quantitative occurrence,INCLUDE,ES1500,Wood Parcels,Nereididae,Nereis,Nereis sp. 2,Nereis sp. 2,1,25,0.024807740014884644,21°27'00.5,39°53'47.4,1491,3.58,34.76,cherisse.persad@gmail.com
SRC0264,Excel row 245,EVT1157,VIS00234,,Ophiactidae sp. 01,1,individual count (N.),author-supplied quantitative occurrence,INCLUDE,ES3300,Wood Parcels,Ophiactidae,-,-,Ophiactidae sp. 01,1,20,0.01984914648670107,22°50'27.1,38°24'58.8,3322,2.42,34.9,cherisse.persad@gmail.com
SRC0264,Excel row 246,EVT1155,VIS00232,,Ophiactidae sp. 01,14,individual count (N.),author-supplied quantitative occurrence,INCLUDE,RJ3300,Wood Parcels,Ophiactidae,-,-,Ophiactidae sp. 01,14,636.3636363636364,0.6375227686703097,25°20'18,39°38'28.3,3285,2.45,34.91,cherisse.persad@gmail.com
SRC0264,Excel row 247,EVT1154,VIS00231,,Ophiactidae sp. 01,7,individual count (N.),author-supplied quantitative occurrence,INCLUDE,SP3300,Wood Parcels,Ophiactidae,-,-,Ophiactidae sp. 01,7,280,0.28112449799196787,28°01'42.4,43°31'46.8,3358,1.03,34.75,cherisse.persad@gmail.com
SRC0264,Excel row 248,EVT0005,VIS00186,,Ophiuroidea sp.,2,individual count (N.),author-supplied quantitative occurrence,INCLUDE,ES1500,Whale Bone,-,-,Ophiuroidea sp.,Ophiuroidea sp.,2,37.03703703703704,0.03642987249544627,21°27'00.5,39°53'47.4,1491,3.58,34.76,cherisse.persad@gmail.com
SRC0264,Excel row 249,EVT0004,VIS00188,,Ophiuroidea sp.,5,individual count (N.),author-supplied quantitative occurrence,INCLUDE,RJ3300,Whale Bone,-,-,Ophiuroidea sp.,Ophiuroidea sp.,5,104.16666666666667,0.10334849111202976,25°20'18,39°38'28.3,3285,2.45,34.91,cherisse.persad@gmail.com
SRC0264,Excel row 250,EVT0003,VIS00189,,Ophiuroidea sp.,1,individual count (N.),author-supplied quantitative occurrence,INCLUDE,SP3300,Whale Bone,-,-,Ophiuroidea sp.,Ophiuroidea sp.,1,19.607843137254903,0.019425019425019428,28°01'42.4,43°31'46.8,3358,1.03,34.75,cherisse.persad@gmail.com
SRC0264,Excel row 251,EVT1156,VIS00233,,Ophiuroidea sp.,3,individual count (N.),author-supplied quantitative occurrence,INCLUDE,ES1500,Wood Parcels,-,-,Ophiuroidea sp.,Ophiuroidea sp.,3,75,0.07442322004465393,21°27'00.5,39°53'47.4,1491,3.58,34.76,cherisse.persad@gmail.com
SRC0264,Excel row 252,EVT1157,VIS00234,,Ophiuroidea sp.,2,individual count (N.),author-supplied quantitative occurrence,INCLUDE,ES3300,Wood Parcels,-,-,Ophiuroidea sp.,Ophiuroidea sp.,2,40,0.03969829297340214,22°50'27.1,38°24'58.8,3322,2.42,34.9,cherisse.persad@gmail.com
SRC0264,Excel row 253,EVT1155,VIS00232,,Ophiuroidea sp.,6,individual count (N.),author-supplied quantitative occurrence,INCLUDE,RJ3300,Wood Parcels,-,-,Ophiuroidea sp.,Ophiuroidea sp.,6,272.72727272727275,0.27322404371584696,25°20'18,39°38'28.3,3285,2.45,34.91,cherisse.persad@gmail.com
SRC0264,Excel row 254,EVT1155,VIS00232,,Ophiuroidea sp.,8,individual count (N.),author-supplied quantitative occurrence,INCLUDE,RJ3300,Wood Parcels,-,-,Ophiuroidea sp.,Ophiuroidea sp.,8,363.6363636363637,0.36429872495446264,25°20'18,39°38'28.3,3285,2.45,34.91,cherisse.persad@gmail.com
SRC0264,Excel row 255,EVT0005,VIS00186,,Ophryotrocha sp.1 Biosuor,87,individual count (N.),author-supplied quantitative occurrence,INCLUDE,ES1500,Whale Bone,Dorvilleidae,Ophryotrocha,Ophryotrocha sp.1 Biosuor,Ophryotrocha sp.1 Biosuor,87,1611.111111111111,1.5846994535519126,21°27'00.5,39°53'47.4,1491,3.58,34.76,cherisse.persad@gmail.com
SRC0264,Excel row 256,EVT0006,VIS00187,,Ophryotrocha sp.1 Biosuor,21,individual count (N.),author-supplied quantitative occurrence,INCLUDE,ES3300,Whale Bone,Dorvilleidae,Ophryotrocha,Ophryotrocha sp.1 Biosuor,Ophryotrocha sp.1 Biosuor,21,750,0.7404795486600847,22°50'27.1,38°24'58.8,3322,2.42,34.9,cherisse.persad@gmail.com
SRC0264,Excel row 257,EVT0004,VIS00188,,Ophryotrocha sp.1 Biosuor,19,individual count (N.),author-supplied quantitative occurrence,INCLUDE,RJ3300,Whale Bone,Dorvilleidae,Ophryotrocha,Ophryotrocha sp.1 Biosuor,Ophryotrocha sp.1 Biosuor,19,395.8333333333333,0.3927242662257131,25°20'18,39°38'28.3,3285,2.45,34.91,cherisse.persad@gmail.com
SRC0264,Excel row 258,EVT0004,VIS00188,,Ophryotrocha sp.2 Biosuor,32,individual count (N.),author-supplied quantitative occurrence,INCLUDE,RJ3300,Whale Bone,Dorvilleidae,Ophryotrocha,Ophryotrocha sp.2 Biosuor,Ophryotrocha sp.2 Biosuor,32,666.6666666666666,0.6614303431169904,25°20'18,39°38'28.3,3285,2.45,34.91,cherisse.persad@gmail.com
SRC0264,Excel row 259,EVT0002,VIS00185,,Ophryotrocha sp.2 Biosuor,12,individual count (N.),author-supplied quantitative occurrence,INCLUDE,SP1500,Whale Bone,Dorvilleidae,Ophryotrocha,Ophryotrocha sp.2 Biosuor,Ophryotrocha sp.2 Biosuor,12,230.76923076923077,0.2286149742808154,25°53'38.4,45°02'05.4,1508,3.64,34.67,cherisse.persad@gmail.com
SRC0264,Excel row 260,EVT0003,VIS00189,,Ophryotrocha sp.2 Biosuor,11,individual count (N.),author-supplied quantitative occurrence,INCLUDE,SP3300,Whale Bone,Dorvilleidae,Ophryotrocha,Ophryotrocha sp.2 Biosuor,Ophryotrocha sp.2 Biosuor,11,215.68627450980392,0.2136752136752137,28°01'42.4,43°31'46.8,3358,1.03,34.75,cherisse.persad@gmail.com
SRC0264,Excel row 261,EVT0003,VIS00189,,"Osedax ""BioSuOr-1""",24,individual count (N.),author-supplied quantitative occurrence,INCLUDE,SP3300,Whale Bone,Siboglinidae,Osedax,"Osedax ""BioSuOr-1""","Osedax ""BioSuOr-1""",24,470.5882352941177,0.46620046620046623,28°01'42.4,43°31'46.8,3358,1.03,34.75,cherisse.persad@gmail.com
SRC0264,Excel row 262,EVT0003,VIS00189,,"Osedax ""BioSuOr-2""",6,individual count (N.),author-supplied quantitative occurrence,INCLUDE,SP3300,Whale Bone,Siboglinidae,Osedax,"Osedax ""BioSuOr-2""","Osedax ""BioSuOr-2""",6,117.64705882352942,0.11655011655011656,28°01'42.4,43°31'46.8,3358,1.03,34.75,cherisse.persad@gmail.com
SRC0264,Excel row 263,EVT0003,VIS00189,,Osedax braziliensis,3,individual count (N.),author-supplied quantitative occurrence,INCLUDE,SP3300,Whale Bone,Siboglinidae,Osedax,Osedax braziliensis,Osedax braziliensis,3,58.82352941176471,0.05827505827505828,28°01'42.4,43°31'46.8,3358,1.03,34.75,cherisse.persad@gmail.com
SRC0264,Excel row 264,EVT0005,VIS00186,,Osedax frankpressi,25,individual count (N.),author-supplied quantitative occurrence,INCLUDE,ES1500,Whale Bone,Siboglinidae,Osedax,Osedax frankpressi,Osedax frankpressi,25,462.962962962963,0.4553734061930783,21°27'00.5,39°53'47.4,1491,3.58,34.76,cherisse.persad@gmail.com
SRC0264,Excel row 265,EVT0002,VIS00185,,Osedax frankpressi,45,individual count (N.),author-supplied quantitative occurrence,INCLUDE,SP1500,Whale Bone,Siboglinidae,Osedax,Osedax frankpressi,Osedax frankpressi,45,865.3846153846155,0.8573061535530577,25°53'38.4,45°02'05.4,1508,3.64,34.67,cherisse.persad@gmail.com
SRC0264,Excel row 266,EVT0006,VIS00187,,Osedax spp.,3,individual count (N.),author-supplied quantitative occurrence,INCLUDE,ES3300,Whale Bone,Siboglinidae,Osedax,Osedax spp.,Osedax spp.,3,107.14285714285714,0.10578279266572638,22°50'27.1,38°24'58.8,3322,2.42,34.9,cherisse.persad@gmail.com
SRC0264,Excel row 267,EVT0004,VIS00188,,Osedax spp.,2,individual count (N.),author-supplied quantitative occurrence,INCLUDE,RJ3300,Whale Bone,Siboglinidae,Osedax,Osedax spp.,Osedax spp.,2,41.666666666666664,0.0413393964448119,25°20'18,39°38'28.3,3285,2.45,34.91,cherisse.persad@gmail.com
SRC0264,Excel row 268,EVT0003,VIS00189,,Osedax spp.,26,individual count (N.),author-supplied quantitative occurrence,INCLUDE,SP3300,Whale Bone,Siboglinidae,Osedax,Osedax spp.,Osedax spp.,26,509.80392156862746,0.5050505050505051,28°01'42.4,43°31'46.8,3358,1.03,34.75,cherisse.persad@gmail.com
SRC0264,Excel row 269,EVT1156,VIS00233,,Ostracoda sp.1,1,individual count (N.),author-supplied quantitative occurrence,INCLUDE,ES1500,Wood Parcels,-,-,Ostracoda sp.1,Ostracoda sp.1,1,25,0.024807740014884644,21°27'00.5,39°53'47.4,1491,3.58,34.76,cherisse.persad@gmail.com
SRC0264,Excel row 270,EVT0005,VIS00186,,Ostracoda sp.2,1,individual count (N.),author-supplied quantitative occurrence,INCLUDE,ES1500,Whale Bone,-,-,Ostracoda sp.2,Ostracoda sp.2,1,18.51851851851852,0.018214936247723135,21°27'00.5,39°53'47.4,1491,3.58,34.76,cherisse.persad@gmail.com
SRC0264,Excel row 271,EVT0005,VIS00186,,Ostracoda sp.3,1,individual count (N.),author-supplied quantitative occurrence,INCLUDE,ES1500,Whale Bone,-,-,Ostracoda sp.3,Ostracoda sp.3,1,18.51851851851852,0.018214936247723135,21°27'00.5,39°53'47.4,1491,3.58,34.76,cherisse.persad@gmail.com
SRC0264,Excel row 272,EVT1155,VIS00232,,Ostracoda sp.5,1,individual count (N.),author-supplied quantitative occurrence,INCLUDE,RJ3300,Wood Parcels,-,-,Ostracoda sp.5,Ostracoda sp.5,1,45.45454545454546,0.04553734061930783,25°20'18,39°38'28.3,3285,2.45,34.91,cherisse.persad@gmail.com
SRC0264,Excel row 273,EVT0003,VIS00189,,Ostracoda sp.6,1,individual count (N.),author-supplied quantitative occurrence,INCLUDE,SP3300,Whale Bone,-,-,Ostracoda sp.6,Ostracoda sp.6,1,19.607843137254903,0.019425019425019428,28°01'42.4,43°31'46.8,3358,1.03,34.75,cherisse.persad@gmail.com
SRC0264,Excel row 274,EVT0003,VIS00189,,Ostracoda sp.6,2,individual count (N.),author-supplied quantitative occurrence,INCLUDE,SP3300,Whale Bone,-,-,Ostracoda sp.6,Ostracoda sp.6,2,39.21568627450981,0.038850038850038855,28°01'42.4,43°31'46.8,3358,1.03,34.75,cherisse.persad@gmail.com
SRC0264,Excel row 275,EVT0003,VIS00189,,Ostracoda sp.6,45,individual count (N.),author-supplied quantitative occurrence,INCLUDE,SP3300,Whale Bone,-,-,Ostracoda sp.6,Ostracoda sp.6,45,882.3529411764706,0.8741258741258742,28°01'42.4,43°31'46.8,3358,1.03,34.75,cherisse.persad@gmail.com
SRC0264,Excel row 276,EVT0005,VIS00186,,Paramytha sp. 1,31,individual count (N.),author-supplied quantitative occurrence,INCLUDE,ES1500,Whale Bone,Ampharetidae,Paramytha,Paramytha sp. 1,Paramytha sp. 1,31,574.0740740740741,0.5646630236794171,21°27'00.5,39°53'47.4,1491,3.58,34.76,cherisse.persad@gmail.com
SRC0264,Excel row 277,EVT0006,VIS00187,,Paramytha sp. 1,69,individual count (N.),author-supplied quantitative occurrence,INCLUDE,ES3300,Whale Bone,Ampharetidae,Paramytha,Paramytha sp. 1,Paramytha sp. 1,69,2464.285714285714,2.4330042313117066,22°50'27.1,38°24'58.8,3322,2.42,34.9,cherisse.persad@gmail.com
SRC0264,Excel row 278,EVT0004,VIS00188,,Paramytha sp. 1,21,individual count (N.),author-supplied quantitative occurrence,INCLUDE,RJ3300,Whale Bone,Ampharetidae,Paramytha,Paramytha sp. 1,Paramytha sp. 1,21,437.5,0.434063662670525,25°20'18,39°38'28.3,3285,2.45,34.91,cherisse.persad@gmail.com
SRC0264,Excel row 279,EVT0002,VIS00185,,Paramytha sp. 1,3,individual count (N.),author-supplied quantitative occurrence,INCLUDE,SP1500,Whale Bone,Ampharetidae,Paramytha,Paramytha sp. 1,Paramytha sp. 1,3,57.69230769230769,0.05715374357020385,25°53'38.4,45°02'05.4,1508,3.64,34.67,cherisse.persad@gmail.com
SRC0264,Excel row 280,EVT0003,VIS00189,,Paramytha sp. 1,3,individual count (N.),author-supplied quantitative occurrence,INCLUDE,SP3300,Whale Bone,Ampharetidae,Paramytha,Paramytha sp. 1,Paramytha sp. 1,3,58.82352941176471,0.05827505827505828,28°01'42.4,43°31'46.8,3358,1.03,34.75,cherisse.persad@gmail.com
SRC0264,Excel row 281,EVT1154,VIS00231,,Phyllodocidae sp. 2,6,individual count (N.),author-supplied quantitative occurrence,INCLUDE,SP3300,Wood Parcels,Phyllodocidae,-,Phyllodocidae sp. 1,Phyllodocidae sp. 2,6,240,0.24096385542168677,28°01'42.4,43°31'46.8,3358,1.03,34.75,cherisse.persad@gmail.com
SRC0264,Excel row 282,EVT1156,VIS00233,,Pleijelius cf. longae,483,individual count (N.),author-supplied quantitative occurrence,INCLUDE,ES1500,Wood Parcels,Hesionidae,Pleijelius,Pleijelius longae,Pleijelius cf. longae,483,12075,11.982138427189282,21°27'00.5,39°53'47.4,1491,3.58,34.76,cherisse.persad@gmail.com
SRC0264,Excel row 283,EVT1153,VIS00230,,Pleijelius cf. longae,1,individual count (N.),author-supplied quantitative occurrence,INCLUDE,SP1500,Wood Parcels,Hesionidae,Pleijelius,Pleijelius longae,Pleijelius cf. longae,1,66.66666666666667,0.06578947368421052,25°53'38.4,45°02'05.4,1508,3.64,34.67,cherisse.persad@gmail.com
SRC0264,Excel row 284,EVT1154,VIS00231,,Pleijelius cf. longae,845,individual count (N.),author-supplied quantitative occurrence,INCLUDE,SP3300,Wood Parcels,Hesionidae,Pleijelius,Pleijelius longae,Pleijelius cf. longae,845,33800,33.93574297188755,28°01'42.4,43°31'46.8,3358,1.03,34.75,cherisse.persad@gmail.com
SRC0264,Excel row 285,EVT0005,VIS00186,,Pleijelius sp. 1,22,individual count (N.),author-supplied quantitative occurrence,INCLUDE,ES1500,Whale Bone,Ampharetidae,Pleijelius,Pleijelius sp. 1,Pleijelius sp. 1,22,407.4074074074074,0.40072859744990896,21°27'00.5,39°53'47.4,1491,3.58,34.76,cherisse.persad@gmail.com
SRC0264,Excel row 286,EVT0006,VIS00187,,Pleijelius sp. 1,1,individual count (N.),author-supplied quantitative occurrence,INCLUDE,ES3300,Whale Bone,Ampharetidae,Pleijelius,Pleijelius sp. 1,Pleijelius sp. 1,1,35.714285714285715,0.03526093088857546,22°50'27.1,38°24'58.8,3322,2.42,34.9,cherisse.persad@gmail.com
SRC0264,Excel row 287,EVT0004,VIS00188,,Pleijelius sp. 1,2,individual count (N.),author-supplied quantitative occurrence,INCLUDE,RJ3300,Whale Bone,Ampharetidae,Pleijelius,Pleijelius sp. 1,Pleijelius sp. 1,2,41.666666666666664,0.0413393964448119,25°20'18,39°38'28.3,3285,2.45,34.91,cherisse.persad@gmail.com
SRC0264,Excel row 288,EVT0005,VIS00186,,Podoceridae sp.,2,individual count (N.),author-supplied quantitative occurrence,INCLUDE,ES1500,Whale Bone,Podoceridae,-,Podoceridae sp.,Podoceridae sp.,2,37.03703703703704,0.03642987249544627,21°27'00.5,39°53'47.4,1491,3.58,34.76,cherisse.persad@gmail.com
SRC0264,Excel row 289,EVT1154,VIS00231,,Polynoidae sp. 3,2,individual count (N.),author-supplied quantitative occurrence,INCLUDE,SP3300,Wood Parcels,Polynoidae,-,Polynoidae sp. 3,Polynoidae sp. 3,2,80,0.08032128514056225,28°01'42.4,43°31'46.8,3358,1.03,34.75,cherisse.persad@gmail.com
SRC0264,Excel row 290,EVT0003,VIS00189,,Prionospio sp. 1,1,individual count (N.),author-supplied quantitative occurrence,INCLUDE,SP3300,Whale Bone,Spionidae,Prionospio,Prionospio sp. 1,Prionospio sp. 1,1,19.607843137254903,0.019425019425019428,28°01'42.4,43°31'46.8,3358,1.03,34.75,cherisse.persad@gmail.com
SRC0264,Excel row 291,EVT1156,VIS00233,,Pseudococculinidae sp.,1,individual count (N.),author-supplied quantitative occurrence,INCLUDE,ES1500,Wood Parcels,Pseudococculinidae,-,Pseudococculinidae sp.,Pseudococculinidae sp.,1,25,0.024807740014884644,21°27'00.5,39°53'47.4,1491,3.58,34.76,cherisse.persad@gmail.com
SRC0264,Excel row 292,EVT1155,VIS00232,,Pseudococculinidae sp.,1,individual count (N.),author-supplied quantitative occurrence,INCLUDE,RJ3300,Wood Parcels,Pseudococculinidae,-,Pseudococculinidae sp.,Pseudococculinidae sp.,1,45.45454545454546,0.04553734061930783,25°20'18,39°38'28.3,3285,2.45,34.91,cherisse.persad@gmail.com
SRC0264,Excel row 293,EVT1155,VIS00232,,Pseudococculinidae sp.,1,individual count (N.),author-supplied quantitative occurrence,INCLUDE,RJ3300,Wood Parcels,Pseudococculinidae,-,Pseudococculinidae sp.,Pseudococculinidae sp.,1,45.45454545454546,0.04553734061930783,25°20'18,39°38'28.3,3285,2.45,34.91,cherisse.persad@gmail.com
SRC0264,Excel row 294,EVT0004,VIS00188,,Raphitomidae sp.2,1,individual count (N.),author-supplied quantitative occurrence,INCLUDE,RJ3300,Whale Bone,Raphitomidae,-,Raphitomidae sp.2,Raphitomidae sp.2,1,20.833333333333332,0.02066969822240595,25°20'18,39°38'28.3,3285,2.45,34.91,cherisse.persad@gmail.com
SRC0264,Excel row 295,EVT1157,VIS00234,,Raphitomidae sp.2,1,individual count (N.),author-supplied quantitative occurrence,INCLUDE,ES3300,Wood Parcels,Raphitomidae,-,Raphitomidae sp.2,Raphitomidae sp.2,1,20,0.01984914648670107,22°50'27.1,38°24'58.8,3322,2.42,34.9,cherisse.persad@gmail.com
SRC0264,Excel row 296,EVT0006,VIS00187,,Raphitomidae sp.3,2,individual count (N.),author-supplied quantitative occurrence,INCLUDE,ES3300,Whale Bone,Raphitomidae,-,Raphitomidae sp.3,Raphitomidae sp.3,2,71.42857142857143,0.07052186177715092,22°50'27.1,38°24'58.8,3322,2.42,34.9,cherisse.persad@gmail.com
SRC0264,Excel row 297,EVT0003,VIS00189,,Raphitomidae sp.3,1,individual count (N.),author-supplied quantitative occurrence,INCLUDE,SP3300,Whale Bone,Raphitomidae,-,Raphitomidae sp.3,Raphitomidae sp.3,1,19.607843137254903,0.019425019425019428,28°01'42.4,43°31'46.8,3358,1.03,34.75,cherisse.persad@gmail.com
SRC0264,Excel row 298,EVT0003,VIS00189,,Raphitomidae sp.3,1,individual count (N.),author-supplied quantitative occurrence,INCLUDE,SP3300,Whale Bone,Raphitomidae,-,Raphitomidae sp.3,Raphitomidae sp.3,1,19.607843137254903,0.019425019425019428,28°01'42.4,43°31'46.8,3358,1.03,34.75,cherisse.persad@gmail.com
SRC0264,Excel row 299,EVT1156,VIS00233,,Raphitomidae sp.3,1,individual count (N.),author-supplied quantitative occurrence,INCLUDE,ES1500,Wood Parcels,Raphitomidae,-,Raphitomidae sp.3,Raphitomidae sp.3,1,25,0.024807740014884644,21°27'00.5,39°53'47.4,1491,3.58,34.76,cherisse.persad@gmail.com
SRC0264,Excel row 300,EVT0004,VIS00188,,Rubyspira brasiliensis,2,individual count (N.),author-supplied quantitative occurrence,INCLUDE,RJ3300,Whale Bone,unassigned,Rubyspira,Rubyspira brasiliensis,Rubyspira brasiliensis,2,41.666666666666664,0.0413393964448119,25°20'18,39°38'28.3,3285,2.45,34.91,cherisse.persad@gmail.com
SRC0264,Excel row 301,EVT0004,VIS00188,,Rubyspira brasiliensis,2,individual count (N.),author-supplied quantitative occurrence,INCLUDE,RJ3300,Whale Bone,unassigned,Rubyspira,Rubyspira brasiliensis,Rubyspira brasiliensis,2,41.666666666666664,0.0413393964448119,25°20'18,39°38'28.3,3285,2.45,34.91,cherisse.persad@gmail.com
SRC0264,Excel row 302,EVT0004,VIS00188,,Rubyspira brasiliensis,2,individual count (N.),author-supplied quantitative occurrence,INCLUDE,RJ3300,Whale Bone,unassigned,Rubyspira,Rubyspira brasiliensis,Rubyspira brasiliensis,2,41.666666666666664,0.0413393964448119,25°20'18,39°38'28.3,3285,2.45,34.91,cherisse.persad@gmail.com
SRC0264,Excel row 303,EVT0004,VIS00188,,Rubyspira brasiliensis,3,individual count (N.),author-supplied quantitative occurrence,INCLUDE,RJ3300,Whale Bone,unassigned,Rubyspira,Rubyspira brasiliensis,Rubyspira brasiliensis,3,62.5,0.06200909466721786,25°20'18,39°38'28.3,3285,2.45,34.91,cherisse.persad@gmail.com
SRC0264,Excel row 304,EVT0005,VIS00186,,Rubyspira elongata,1,individual count (N.),author-supplied quantitative occurrence,INCLUDE,ES1500,Whale Bone,unassigned,Rubyspira,Rubyspira elongata,Rubyspira elongata,1,18.51851851851852,0.018214936247723135,21°27'00.5,39°53'47.4,1491,3.58,34.76,cherisse.persad@gmail.com
SRC0264,Excel row 305,EVT0005,VIS00186,,Rubyspira elongata,25,individual count (N.),author-supplied quantitative occurrence,INCLUDE,ES1500,Whale Bone,unassigned,Rubyspira,Rubyspira elongata,Rubyspira elongata,25,462.962962962963,0.4553734061930783,21°27'00.5,39°53'47.4,1491,3.58,34.76,cherisse.persad@gmail.com
SRC0264,Excel row 306,EVT1156,VIS00233,,Rubyspira elongata,1,individual count (N.),author-supplied quantitative occurrence,INCLUDE,ES1500,Wood Parcels,unassigned,Rubyspira,Rubyspira elongata,Rubyspira elongata,1,25,0.024807740014884644,21°27'00.5,39°53'47.4,1491,3.58,34.76,cherisse.persad@gmail.com
SRC0264,Excel row 307,EVT1156,VIS00233,,Rubyspira elongata,4,individual count (N.),author-supplied quantitative occurrence,INCLUDE,ES1500,Wood Parcels,unassigned,Rubyspira,Rubyspira elongata,Rubyspira elongata,4,100,0.09923096005953858,21°27'00.5,39°53'47.4,1491,3.58,34.76,cherisse.persad@gmail.com
SRC0264,Excel row 308,EVT1156,VIS00233,,Rubyspira elongata,21,individual count (N.),author-supplied quantitative occurrence,INCLUDE,ES1500,Wood Parcels,unassigned,Rubyspira,Rubyspira elongata,Rubyspira elongata,21,525,0.5209625403125775,21°27'00.5,39°53'47.4,1491,3.58,34.76,cherisse.persad@gmail.com
SRC0264,Excel row 309,EVT0005,VIS00186,,Rubyspira pescaprae,2,individual count (N.),author-supplied quantitative occurrence,INCLUDE,ES1500,Whale Bone,unassigned,Rubyspira,Rubyspira pescaprae,Rubyspira pescaprae,2,37.03703703703704,0.03642987249544627,21°27'00.5,39°53'47.4,1491,3.58,34.76,cherisse.persad@gmail.com
SRC0264,Excel row 310,EVT0005,VIS00186,,Rubyspira pescaprae,30,individual count (N.),author-supplied quantitative occurrence,INCLUDE,ES1500,Whale Bone,unassigned,Rubyspira,Rubyspira pescaprae,Rubyspira pescaprae,30,555.5555555555555,0.546448087431694,21°27'00.5,39°53'47.4,1491,3.58,34.76,cherisse.persad@gmail.com
SRC0264,Excel row 311,EVT0005,VIS00186,,Rubyspira pescaprae,62,individual count (N.),author-supplied quantitative occurrence,INCLUDE,ES1500,Whale Bone,unassigned,Rubyspira,Rubyspira pescaprae,Rubyspira pescaprae,62,1148.1481481481483,1.1293260473588342,21°27'00.5,39°53'47.4,1491,3.58,34.76,cherisse.persad@gmail.com
SRC0264,Excel row 312,EVT0005,VIS00186,,Rubyspira pescaprae,161,individual count (N.),author-supplied quantitative occurrence,INCLUDE,ES1500,Whale Bone,unassigned,Rubyspira,Rubyspira pescaprae,Rubyspira pescaprae,161,2981.4814814814813,2.9326047358834244,21°27'00.5,39°53'47.4,1491,3.58,34.76,cherisse.persad@gmail.com
SRC0264,Excel row 313,EVT0006,VIS00187,,Rubyspira pescaprae,1,individual count (N.),author-supplied quantitative occurrence,INCLUDE,ES3300,Whale Bone,unassigned,Rubyspira,Rubyspira pescaprae,Rubyspira pescaprae,1,35.714285714285715,0.03526093088857546,22°50'27.1,38°24'58.8,3322,2.42,34.9,cherisse.persad@gmail.com
SRC0264,Excel row 314,EVT0006,VIS00187,,Rubyspira pescaprae,1,individual count (N.),author-supplied quantitative occurrence,INCLUDE,ES3300,Whale Bone,unassigned,Rubyspira,Rubyspira pescaprae,Rubyspira pescaprae,1,35.714285714285715,0.03526093088857546,22°50'27.1,38°24'58.8,3322,2.42,34.9,cherisse.persad@gmail.com
SRC0264,Excel row 315,EVT0006,VIS00187,,Rubyspira pescaprae,1,individual count (N.),author-supplied quantitative occurrence,INCLUDE,ES3300,Whale Bone,unassigned,Rubyspira,Rubyspira pescaprae,Rubyspira pescaprae,1,35.714285714285715,0.03526093088857546,22°50'27.1,38°24'58.8,3322,2.42,34.9,cherisse.persad@gmail.com
SRC0264,Excel row 316,EVT0006,VIS00187,,Rubyspira pescaprae,5,individual count (N.),author-supplied quantitative occurrence,INCLUDE,ES3300,Whale Bone,unassigned,Rubyspira,Rubyspira pescaprae,Rubyspira pescaprae,5,178.57142857142856,0.1763046544428773,22°50'27.1,38°24'58.8,3322,2.42,34.9,cherisse.persad@gmail.com
SRC0264,Excel row 317,EVT0006,VIS00187,,Rubyspira pescaprae,9,individual count (N.),author-supplied quantitative occurrence,INCLUDE,ES3300,Whale Bone,unassigned,Rubyspira,Rubyspira pescaprae,Rubyspira pescaprae,9,321.42857142857144,0.31734837799717913,22°50'27.1,38°24'58.8,3322,2.42,34.9,cherisse.persad@gmail.com
SRC0264,Excel row 318,EVT0004,VIS00188,,Rubyspira pescaprae,3,individual count (N.),author-supplied quantitative occurrence,INCLUDE,RJ3300,Whale Bone,unassigned,Rubyspira,Rubyspira pescaprae,Rubyspira pescaprae,3,62.5,0.06200909466721786,25°20'18,39°38'28.3,3285,2.45,34.91,cherisse.persad@gmail.com
SRC0264,Excel row 319,EVT0004,VIS00188,,Rubyspira pescaprae,6,individual count (N.),author-supplied quantitative occurrence,INCLUDE,RJ3300,Whale Bone,unassigned,Rubyspira,Rubyspira pescaprae,Rubyspira pescaprae,6,125,0.12401818933443572,25°20'18,39°38'28.3,3285,2.45,34.91,cherisse.persad@gmail.com
SRC0264,Excel row 320,EVT0004,VIS00188,,Rubyspira pescaprae,27,individual count (N.),author-supplied quantitative occurrence,INCLUDE,RJ3300,Whale Bone,unassigned,Rubyspira,Rubyspira pescaprae,Rubyspira pescaprae,27,562.5,0.5580818520049607,25°20'18,39°38'28.3,3285,2.45,34.91,cherisse.persad@gmail.com
SRC0264,Excel row 321,EVT0004,VIS00188,,Rubyspira pescaprae,83,individual count (N.),author-supplied quantitative occurrence,INCLUDE,RJ3300,Whale Bone,unassigned,Rubyspira,Rubyspira pescaprae,Rubyspira pescaprae,83,1729.1666666666667,1.715584952459694,25°20'18,39°38'28.3,3285,2.45,34.91,cherisse.persad@gmail.com
SRC0264,Excel row 322,EVT0004,VIS00188,,Rubyspira pescaprae,105,individual count (N.),author-supplied quantitative occurrence,INCLUDE,RJ3300,Whale Bone,unassigned,Rubyspira,Rubyspira pescaprae,Rubyspira pescaprae,105,2187.5,2.170318313352625,25°20'18,39°38'28.3,3285,2.45,34.91,cherisse.persad@gmail.com
SRC0264,Excel row 323,EVT0004,VIS00188,,Rubyspira pescaprae,114,individual count (N.),author-supplied quantitative occurrence,INCLUDE,RJ3300,Whale Bone,unassigned,Rubyspira,Rubyspira pescaprae,Rubyspira pescaprae,114,2375,2.3563455973542786,25°20'18,39°38'28.3,3285,2.45,34.91,cherisse.persad@gmail.com
SRC0264,Excel row 324,EVT0002,VIS00185,,Rubyspira pescaprae,2,individual count (N.),author-supplied quantitative occurrence,INCLUDE,SP1500,Whale Bone,unassigned,Rubyspira,Rubyspira pescaprae,Rubyspira pescaprae,2,38.46153846153846,0.03810249571346923,25°53'38.4,45°02'05.4,1508,3.64,34.67,cherisse.persad@gmail.com
SRC0264,Excel row 325,EVT0002,VIS00185,,Rubyspira pescaprae,32,individual count (N.),author-supplied quantitative occurrence,INCLUDE,SP1500,Whale Bone,unassigned,Rubyspira,Rubyspira pescaprae,Rubyspira pescaprae,32,615.3846153846154,0.6096399314155077,25°53'38.4,45°02'05.4,1508,3.64,34.67,cherisse.persad@gmail.com
SRC0264,Excel row 326,EVT0002,VIS00185,,Rubyspira pescaprae,148,individual count (N.),author-supplied quantitative occurrence,INCLUDE,SP1500,Whale Bone,unassigned,Rubyspira,Rubyspira pescaprae,Rubyspira pescaprae,148,2846.153846153846,2.819584682796723,25°53'38.4,45°02'05.4,1508,3.64,34.67,cherisse.persad@gmail.com
SRC0264,Excel row 327,EVT0003,VIS00189,,Rubyspira pescaprae,2,individual count (N.),author-supplied quantitative occurrence,INCLUDE,SP3300,Whale Bone,unassigned,Rubyspira,Rubyspira pescaprae,Rubyspira pescaprae,2,39.21568627450981,0.038850038850038855,28°01'42.4,43°31'46.8,3358,1.03,34.75,cherisse.persad@gmail.com
SRC0264,Excel row 328,EVT0003,VIS00189,,Rubyspira pescaprae,2,individual count (N.),author-supplied quantitative occurrence,INCLUDE,SP3300,Whale Bone,unassigned,Rubyspira,Rubyspira pescaprae,Rubyspira pescaprae,2,39.21568627450981,0.038850038850038855,28°01'42.4,43°31'46.8,3358,1.03,34.75,cherisse.persad@gmail.com
SRC0264,Excel row 329,EVT1156,VIS00233,,Rubyspira pescaprae,1,individual count (N.),author-supplied quantitative occurrence,INCLUDE,ES1500,Wood Parcels,unassigned,Rubyspira,Rubyspira pescaprae,Rubyspira pescaprae,1,25,0.024807740014884644,21°27'00.5,39°53'47.4,1491,3.58,34.76,cherisse.persad@gmail.com
SRC0264,Excel row 330,EVT1157,VIS00234,,Rubyspira pescaprae,1,individual count (N.),author-supplied quantitative occurrence,INCLUDE,ES3300,Wood Parcels,unassigned,Rubyspira,Rubyspira pescaprae,Rubyspira pescaprae,1,20,0.01984914648670107,22°50'27.1,38°24'58.8,3322,2.42,34.9,cherisse.persad@gmail.com
SRC0264,Excel row 331,EVT1157,VIS00234,,Rubyspira pescaprae,1,individual count (N.),author-supplied quantitative occurrence,INCLUDE,ES3300,Wood Parcels,unassigned,Rubyspira,Rubyspira pescaprae,Rubyspira pescaprae,1,20,0.01984914648670107,22°50'27.1,38°24'58.8,3322,2.42,34.9,cherisse.persad@gmail.com
SRC0264,Excel row 332,EVT1157,VIS00234,,Rubyspira pescaprae,61,individual count (N.),author-supplied quantitative occurrence,INCLUDE,ES3300,Wood Parcels,unassigned,Rubyspira,Rubyspira pescaprae,Rubyspira pescaprae,61,1220,1.2107979356887653,22°50'27.1,38°24'58.8,3322,2.42,34.9,cherisse.persad@gmail.com
SRC0264,Excel row 333,EVT1155,VIS00232,,Rubyspira pescaprae,1,individual count (N.),author-supplied quantitative occurrence,INCLUDE,RJ3300,Wood Parcels,unassigned,Rubyspira,Rubyspira pescaprae,Rubyspira pescaprae,1,45.45454545454546,0.04553734061930783,25°20'18,39°38'28.3,3285,2.45,34.91,cherisse.persad@gmail.com
SRC0264,Excel row 334,EVT1155,VIS00232,,Rubyspira pescaprae,1,individual count (N.),author-supplied quantitative occurrence,INCLUDE,RJ3300,Wood Parcels,unassigned,Rubyspira,Rubyspira pescaprae,Rubyspira pescaprae,1,45.45454545454546,0.04553734061930783,25°20'18,39°38'28.3,3285,2.45,34.91,cherisse.persad@gmail.com
SRC0264,Excel row 335,EVT1155,VIS00232,,Rubyspira pescaprae,13,individual count (N.),author-supplied quantitative occurrence,INCLUDE,RJ3300,Wood Parcels,unassigned,Rubyspira,Rubyspira pescaprae,Rubyspira pescaprae,13,590.909090909091,0.5919854280510018,25°20'18,39°38'28.3,3285,2.45,34.91,cherisse.persad@gmail.com
SRC0264,Excel row 336,EVT1154,VIS00231,,Rubyspira pescaprae,1,individual count (N.),author-supplied quantitative occurrence,INCLUDE,SP3300,Wood Parcels,unassigned,Rubyspira,Rubyspira pescaprae,Rubyspira pescaprae,1,40,0.040160642570281124,28°01'42.4,43°31'46.8,3358,1.03,34.75,cherisse.persad@gmail.com
SRC0264,Excel row 337,EVT0004,VIS00188,,Sebidae sp.,2,individual count (N.),author-supplied quantitative occurrence,INCLUDE,RJ3300,Whale Bone,Sebidae,-,Sebidae sp.,Sebidae sp.,2,41.666666666666664,0.0413393964448119,25°20'18,39°38'28.3,3285,2.45,34.91,cherisse.persad@gmail.com
SRC0264,Excel row 338,EVT0003,VIS00189,,Sebidae sp.,1,individual count (N.),author-supplied quantitative occurrence,INCLUDE,SP3300,Whale Bone,Sebidae,-,Sebidae sp.,Sebidae sp.,1,19.607843137254903,0.019425019425019428,28°01'42.4,43°31'46.8,3358,1.03,34.75,cherisse.persad@gmail.com
SRC0264,Excel row 339,EVT1155,VIS00232,,Sebidae sp.,3,individual count (N.),author-supplied quantitative occurrence,INCLUDE,RJ3300,Wood Parcels,Sebidae,-,Sebidae sp.,Sebidae sp.,3,136.36363636363637,0.13661202185792348,25°20'18,39°38'28.3,3285,2.45,34.91,cherisse.persad@gmail.com
SRC0264,Excel row 340,EVT1154,VIS00231,,Sebidae sp.,1,individual count (N.),author-supplied quantitative occurrence,INCLUDE,SP3300,Wood Parcels,Sebidae,-,Sebidae sp.,Sebidae sp.,1,40,0.040160642570281124,28°01'42.4,43°31'46.8,3358,1.03,34.75,cherisse.persad@gmail.com
SRC0264,Excel row 341,EVT0005,VIS00186,,Sirsoe balaenophila,1,individual count (N.),author-supplied quantitative occurrence,INCLUDE,ES1500,Whale Bone,Hesionidae,Sirsoe,Sirsoe balaenophila,Sirsoe balaenophila,1,18.51851851851852,0.018214936247723135,21°27'00.5,39°53'47.4,1491,3.58,34.76,cherisse.persad@gmail.com
SRC0264,Excel row 342,EVT0005,VIS00186,,Sirsoe balaenophila,1,individual count (N.),author-supplied quantitative occurrence,INCLUDE,ES1500,Whale Bone,Hesionidae,Sirsoe,Sirsoe balaenophila,Sirsoe balaenophila,1,18.51851851851852,0.018214936247723135,21°27'00.5,39°53'47.4,1491,3.58,34.76,cherisse.persad@gmail.com
SRC0264,Excel row 343,EVT0004,VIS00188,,Sirsoe balaenophila,1,individual count (N.),author-supplied quantitative occurrence,INCLUDE,RJ3300,Whale Bone,Hesionidae,Sirsoe,Sirsoe balaenophila,Sirsoe balaenophila,1,20.833333333333332,0.02066969822240595,25°20'18,39°38'28.3,3285,2.45,34.91,cherisse.persad@gmail.com
SRC0264,Excel row 344,EVT1156,VIS00233,,Sirsoe balaenophila,24,individual count (N.),author-supplied quantitative occurrence,INCLUDE,ES1500,Wood Parcels,Hesionidae,Sirsoe,Sirsoe balaenophila,Sirsoe balaenophila,24,600,0.5953857603572315,21°27'00.5,39°53'47.4,1491,3.58,34.76,cherisse.persad@gmail.com
SRC0264,Excel row 345,EVT1157,VIS00234,,Sirsoe balaenophila,4,individual count (N.),author-supplied quantitative occurrence,INCLUDE,ES3300,Wood Parcels,Hesionidae,Sirsoe,Sirsoe balaenophila,Sirsoe balaenophila,4,80,0.07939658594680428,22°50'27.1,38°24'58.8,3322,2.42,34.9,cherisse.persad@gmail.com
SRC0264,Excel row 346,EVT1155,VIS00232,,Sirsoe balaenophila,4,individual count (N.),author-supplied quantitative occurrence,INCLUDE,RJ3300,Wood Parcels,Hesionidae,Sirsoe,Sirsoe balaenophila,Sirsoe balaenophila,4,181.81818181818184,0.18214936247723132,25°20'18,39°38'28.3,3285,2.45,34.91,cherisse.persad@gmail.com
SRC0264,Excel row 347,EVT1153,VIS00230,,Sirsoe balaenophila,8,individual count (N.),author-supplied quantitative occurrence,INCLUDE,SP1500,Wood Parcels,Hesionidae,Sirsoe,Sirsoe balaenophila,Sirsoe balaenophila,8,533.3333333333334,0.5263157894736842,25°53'38.4,45°02'05.4,1508,3.64,34.67,cherisse.persad@gmail.com
SRC0264,Excel row 348,EVT1154,VIS00231,,Sirsoe balaenophila,9,individual count (N.),author-supplied quantitative occurrence,INCLUDE,SP3300,Wood Parcels,Hesionidae,Sirsoe,Sirsoe balaenophila,Sirsoe balaenophila,9,360,0.3614457831325301,28°01'42.4,43°31'46.8,3358,1.03,34.75,cherisse.persad@gmail.com
SRC0264,Excel row 349,EVT0002,VIS00185,,Sirsoe sirikos,2,individual count (N.),author-supplied quantitative occurrence,INCLUDE,SP1500,Whale Bone,Hesionidae,Sirsoe,Sirsoe sirikos,Sirsoe sirikos,2,38.46153846153846,0.03810249571346923,25°53'38.4,45°02'05.4,1508,3.64,34.67,cherisse.persad@gmail.com
SRC0264,Excel row 350,EVT0002,VIS00185,,Sirsoe sirikos,2,individual count (N.),author-supplied quantitative occurrence,INCLUDE,SP1500,Whale Bone,Hesionidae,Sirsoe,Sirsoe sirikos,Sirsoe sirikos,2,38.46153846153846,0.03810249571346923,25°53'38.4,45°02'05.4,1508,3.64,34.67,cherisse.persad@gmail.com
SRC0264,Excel row 351,EVT0006,VIS00187,,Sirsoe yokosuka,23,individual count (N.),author-supplied quantitative occurrence,INCLUDE,ES3300,Whale Bone,Hesionidae,Sirsoe,Sirsoe yokosuka,Sirsoe yokosuka,23,821.4285714285714,0.8110014104372356,22°50'27.1,38°24'58.8,3322,2.42,34.9,cherisse.persad@gmail.com
SRC0264,Excel row 352,EVT0004,VIS00188,,Sirsoe yokosuka,31,individual count (N.),author-supplied quantitative occurrence,INCLUDE,RJ3300,Whale Bone,Hesionidae,Sirsoe,Sirsoe yokosuka,Sirsoe yokosuka,31,645.8333333333334,0.6407606448945845,25°20'18,39°38'28.3,3285,2.45,34.91,cherisse.persad@gmail.com
SRC0264,Excel row 353,EVT0003,VIS00189,,Sirsoe yokosuka,9,individual count (N.),author-supplied quantitative occurrence,INCLUDE,SP3300,Whale Bone,Hesionidae,Sirsoe,Sirsoe yokosuka,Sirsoe yokosuka,9,176.47058823529412,0.17482517482517484,28°01'42.4,43°31'46.8,3358,1.03,34.75,cherisse.persad@gmail.com
SRC0264,Excel row 354,EVT1156,VIS00233,,Sophrosyne sp.,1,individual count (N.),author-supplied quantitative occurrence,INCLUDE,ES1500,Wood Parcels,Sophrosynidae,Sophrosyne,Sophrosyne sp.,Sophrosyne sp.,1,25,0.024807740014884644,21°27'00.5,39°53'47.4,1491,3.58,34.76,cherisse.persad@gmail.com
SRC0264,Excel row 355,EVT1156,VIS00233,,Spiniapex gilsonorum,2,individual count (N.),author-supplied quantitative occurrence,INCLUDE,ES1500,Wood Parcels,Xylophagaidae,Spiniapex,Spiniapex gilsonorum,Spiniapex gilsonorum,2,50,0.04961548002976929,21°27'00.5,39°53'47.4,1491,3.58,34.76,cherisse.persad@gmail.com
SRC0264,Excel row 356,EVT1155,VIS00232,,Spiniapex gilsonorum,52,individual count (N.),author-supplied quantitative occurrence,INCLUDE,RJ3300,Wood Parcels,Xylophagaidae,Spiniapex,Spiniapex gilsonorum,Spiniapex gilsonorum,52,2363.636363636364,2.3679417122040074,25°20'18,39°38'28.3,3285,2.45,34.91,cherisse.persad@gmail.com
SRC0264,Excel row 357,EVT1153,VIS00230,,Spiniapex gilsonorum,67,individual count (N.),author-supplied quantitative occurrence,INCLUDE,SP1500,Wood Parcels,Xylophagaidae,Spiniapex,Spiniapex gilsonorum,Spiniapex gilsonorum,67,4466.666666666667,4.407894736842105,25°53'38.4,45°02'05.4,1508,3.64,34.67,cherisse.persad@gmail.com
SRC0264,Excel row 358,EVT1154,VIS00231,,Spiniapex gilsonorum,1,individual count (N.),author-supplied quantitative occurrence,INCLUDE,SP3300,Wood Parcels,Xylophagaidae,Spiniapex,Spiniapex gilsonorum,Spiniapex gilsonorum,1,40,0.040160642570281124,28°01'42.4,43°31'46.8,3358,1.03,34.75,cherisse.persad@gmail.com
SRC0264,Excel row 359,EVT1156,VIS00233,,Strepternos didymopyton,1181,individual count (N.),author-supplied quantitative occurrence,INCLUDE,ES1500,Wood Parcels,Chrysopetallidae,-,Strepternos didymopyton,Strepternos didymopyton,1181,29525,29.297940957578763,21°27'00.5,39°53'47.4,1491,3.58,34.76,cherisse.persad@gmail.com
SRC0264,Excel row 360,EVT1157,VIS00234,,Strepternos didymopyton,13,individual count (N.),author-supplied quantitative occurrence,INCLUDE,ES3300,Wood Parcels,Chrysopetallidae,-,Strepternos didymopyton,Strepternos didymopyton,13,260,0.2580389043271139,22°50'27.1,38°24'58.8,3322,2.42,34.9,cherisse.persad@gmail.com
SRC0264,Excel row 361,EVT1155,VIS00232,,Strepternos didymopyton,1,individual count (N.),author-supplied quantitative occurrence,INCLUDE,RJ3300,Wood Parcels,Chrysopetallidae,-,Strepternos didymopyton,Strepternos didymopyton,1,45.45454545454546,0.04553734061930783,25°20'18,39°38'28.3,3285,2.45,34.91,cherisse.persad@gmail.com
SRC0264,Excel row 362,EVT1153,VIS00230,,Strepternos didymopyton,89,individual count (N.),author-supplied quantitative occurrence,INCLUDE,SP1500,Wood Parcels,Chrysopetallidae,-,Strepternos didymopyton,Strepternos didymopyton,89,5933.333333333334,5.855263157894737,25°53'38.4,45°02'05.4,1508,3.64,34.67,cherisse.persad@gmail.com
SRC0264,Excel row 363,EVT1154,VIS00231,,Strepternos didymopyton,101,individual count (N.),author-supplied quantitative occurrence,INCLUDE,SP3300,Wood Parcels,Chrysopetallidae,-,Strepternos didymopyton,Strepternos didymopyton,101,4040,4.056224899598393,28°01'42.4,43°31'46.8,3358,1.03,34.75,cherisse.persad@gmail.com
SRC0264,Excel row 364,EVT1156,VIS00233,,Xylophaga sp. 1,1,individual count (N.),author-supplied quantitative occurrence,INCLUDE,ES1500,Wood Parcels,Xylophagaidae,Xylophoga,Xylophaga sp. 1,Xylophaga sp. 1,1,25,0.024807740014884644,21°27'00.5,39°53'47.4,1491,3.58,34.76,cherisse.persad@gmail.com
SRC0264,Excel row 365,EVT1153,VIS00230,,Xylophaga sp. 1,155,individual count (N.),author-supplied quantitative occurrence,INCLUDE,SP1500,Wood Parcels,Xylophagaidae,Xylophoga,Xylophaga sp. 1,Xylophaga sp. 1,155,10333.333333333334,10.197368421052632,25°53'38.4,45°02'05.4,1508,3.64,34.67,cherisse.persad@gmail.com
SRC0264,Excel row 366,EVT1154,VIS00231,,Xylophaga sp. 2,1,individual count (N.),author-supplied quantitative occurrence,INCLUDE,SP3300,Wood Parcels,Xylophagaidae,Xylophoga,Xylophaga sp. 2,Xylophaga sp. 2,1,40,0.040160642570281124,28°01'42.4,43°31'46.8,3358,1.03,34.75,cherisse.persad@gmail.com
SRC0264,Excel row 367,EVT1156,VIS00233,,Xyloredo nooi,1821,individual count (N.),author-supplied quantitative occurrence,INCLUDE,ES1500,Wood Parcels,Xylophagaidae,Xyloredo,Xyloredo nooi,Xyloredo nooi,1821,45525,45.174894567104936,21°27'00.5,39°53'47.4,1491,3.58,34.76,cherisse.persad@gmail.com
SRC0264,Excel row 368,EVT1157,VIS00234,,Xyloredo nooi,1,individual count (N.),author-supplied quantitative occurrence,INCLUDE,ES3300,Wood Parcels,Xylophagaidae,Xyloredo,Xyloredo nooi,Xyloredo nooi,1,20,0.01984914648670107,22°50'27.1,38°24'58.8,3322,2.42,34.9,cherisse.persad@gmail.com
SRC0098,EVT0247|Sclerochilus contortus,EVT0247,,,Sclerochilus contortus,1,individuals,Individual count,INCLUDE,,,,,,,,,,,,,,,jmalfarolucas@gmail.com
SRC0098,EVT0248|Xylocythere turnerae,EVT0248,,,Xylocythere turnerae,72,individuals,Individual count,INCLUDE,,,,,,,,,,,,,,,jmalfarolucas@gmail.com
SRC0098,EVT0250|Xylocythere turnerae,EVT0250,,,Xylocythere turnerae,157,individuals,Individual count,INCLUDE,,,,,,,,,,,,,,,jmalfarolucas@gmail.com
SRC0098,EVT0251|Xylocythere turnerae,EVT0251,,,Xylocythere turnerae,15,individuals,Individual count,INCLUDE,,,,,,,,,,,,,,,jmalfarolucas@gmail.com
SRC0098,EVT0248|Xylocythere pointillissima,EVT0248,,,Xylocythere pointillissima,88,individuals,Individual count,INCLUDE,,,,,,,,,,,,,,,jmalfarolucas@gmail.com
SRC0098,EVT0250|Xylocythere pointillissima,EVT0250,,,Xylocythere pointillissima,13,individuals,Individual count,INCLUDE,,,,,,,,,,,,,,,jmalfarolucas@gmail.com
SRC0098,EVT0251|Xylocythere pointillissima,EVT0251,,,Xylocythere pointillissima,257,individuals,Individual count,INCLUDE,,,,,,,,,,,,,,,jmalfarolucas@gmail.com
SRC0098,EVT0248|Xylocythere tridentis,EVT0248,,,Xylocythere tridentis,14,individuals,Individual count,INCLUDE,,,,,,,,,,,,,,,jmalfarolucas@gmail.com
SRC0098,EVT0252|Xylocythere rimosa,EVT0252,,,Xylocythere rimosa,4,individuals,Individual count,INCLUDE,,,,,,,,,,,,,,,jmalfarolucas@gmail.com
SRC0098,EVT0247|Paradoxostoma turnerae,EVT0247,,,Paradoxostoma turnerae,36,individuals,Individual count,INCLUDE,,,,,,,,,,,,,,,jmalfarolucas@gmail.com
SRC0098,EVT0247|Paradoxostoma species 1,EVT0247,,,Paradoxostoma species 1,1,individuals,Individual count,INCLUDE,,,,,,,,,,,,,,,jmalfarolucas@gmail.com
SRC0098,EVT0251|Cytherois lignincola,EVT0251,,,Cytherois lignincola,9,individuals,Individual count,INCLUDE,,,,,,,,,,,,,,,jmalfarolucas@gmail.com
SRC0098,EVT0248|Cytherois paralignincola,EVT0248,,,Cytherois paralignincola,2,individuals,Individual count,INCLUDE,,,,,,,,,,,,,,,jmalfarolucas@gmail.com
SRC0098,EVT0247|Ambocythere ramosa,EVT0247,,,Ambocythere ramosa,1,individuals,Individual count,INCLUDE,,,,,,,,,,,,,,,jmalfarolucas@gmail.com
SRC0098,EVT0247|Propontocypris excussa,EVT0247,,,Propontocypris excussa,600,individuals,Individual count,INCLUDE,,,,,,,,,,,,,,,jmalfarolucas@gmail.com
SRC0098,EVT0248|Propontocypris excussa,EVT0248,,,Propontocypris excussa,148,individuals,Individual count,INCLUDE,,,,,,,,,,,,,,,jmalfarolucas@gmail.com
SRC0098,EVT0251|Propontocypris excussa,EVT0251,,,Propontocypris excussa,4,individuals,Individual count,INCLUDE,,,,,,,,,,,,,,,jmalfarolucas@gmail.com
SRC0098,EVT0248|Propontocypris sectilis,EVT0248,,,Propontocypris sectilis,47,individuals,Individual count,INCLUDE,,,,,,,,,,,,,,,jmalfarolucas@gmail.com
SRC0098,EVT0250|Propontocypris repanda,EVT0250,,,Propontocypris repanda,23,individuals,Individual count,INCLUDE,,,,,,,,,,,,,,,jmalfarolucas@gmail.com
SRC0098,EVT0252|Parapontoparta spicacarens,EVT0252,,,Parapontoparta spicacarens,20,individuals,Individual count,INCLUDE,,,,,,,,,,,,,,,jmalfarolucas@gmail.com
SRC0265,A12021,EVT1158,,,Ophryotrocha haleyae,1,individuals,Direct sampled occurrence,INCLUDE,,,,,,,,,,,,,,,cherisse.persad@gmail.com
SRC0265,A12361/A12355/A12363/A12022/A12026 + additional thesis material,EVT1158,,,Ophryotrocha averysea,,,Direct sampled occurrence,INCLUDE,,,,,,,,,,,,,,,cherisse.persad@gmail.com
SRC0265,A12011/A12012,EVT1158,,,Ophryotrocha tilici,2,individuals,Direct sampled occurrence,INCLUDE,,,,,,,,,,,,,,,cherisse.persad@gmail.com
SRC0265,A12356/A12359/A12017/A12018/A12019 + two additional,EVT1158,,,Ophryotrocha scoobyi,7,individuals,Direct sampled occurrence,INCLUDE,,,,,,,,,,,,,,,cherisse.persad@gmail.com
SRC0265,A12023,EVT1159,,,Ophryotrocha averysea,1,individuals,Direct sampled occurrence,INCLUDE,,,,,,,,,,,,,,,cherisse.persad@gmail.com
SRC0265,A12028,EVT1160,,,Ophryotrocha averysea,1,individuals,Direct sampled occurrence,INCLUDE,,,,,,,,,,,,,,,cherisse.persad@gmail.com
SRC0024,1,EVT0988,VIS00009,,Osedax rogersi,20,COI specimens,direct molecular/type material,INCLUDE,,,,,,,,,,,,,,,cherisse.persad@gmail.com
SRC0024,2,EVT0988,VIS00009,,Osedax crouchi,31,COI specimens,direct molecular/type material,INCLUDE,,,,,,,,,,,,,,,cherisse.persad@gmail.com
SRC0024,3,EVT0988,VIS00009,,Osedax antarcticus,3,COI specimens,direct molecular/material examined,INCLUDE,,,,,,,,,,,,,,,cherisse.persad@gmail.com
SRC0024,4,,,,Osedax crouchi,8,COI specimens,direct molecular/type material,INCLUDE,,,,,,,,,,,,,,,cherisse.persad@gmail.com
SRC0024,5,,,,Osedax antarcticus,50,COI specimens,direct molecular/material examined,INCLUDE,,,,,,,,,,,,,,,cherisse.persad@gmail.com
SRC0024,6,,,,Osedax nordenskjoeldi,10,COI specimens,direct molecular/type material,INCLUDE,,,,,,,,,,,,,,,cherisse.persad@gmail.com
SRC0024,7,EVT0036,VIS00236,,Osedax crouchi,,COI specimens,direct holotype,INCLUDE,,,,,,,,,,,,,,,cherisse.persad@gmail.com
SRC0024,8,EVT0036,VIS00236,,Osedax nordenskjoeldi,,COI specimens,direct holotype/paratype,INCLUDE,,,,,,,,,,,,,,,cherisse.persad@gmail.com
SRC0024,9,EVT0035,VIS00235,,Osedax nordenskjoeldi,,COI specimens,direct paratype,INCLUDE,,,,,,,,,,,,,,,cherisse.persad@gmail.com
SRC0024,10,EVT0036,VIS00236,,Osedax antarcticus,,COI specimens,direct material examined,INCLUDE,,,,,,,,,,,,,,,cherisse.persad@gmail.com
SRC0271,A8BDC46D-A6E3-5EF8-82D8-57663382AEA4,EVT1162,VIS00248,,Ferreiraella populi,1,individual,individualCount=1; preserved adult type specimen,INCLUDE,,,,,,,,,,,,,,,cherisse.persad@gmail.com
SRC0271,0567F91E-526E-5EC1-BBE8-BAC13E40468D,EVT1162,VIS00248,,Ferreiraella populi,1,individual,individualCount=1; preserved adult type specimen,INCLUDE,,,,,,,,,,,,,,,cherisse.persad@gmail.com
SRC0271,386AD89A-1A96-5946-A45C-0CB0E195EA10,EVT1162,VIS00248,,Ferreiraella populi,1,individual,individualCount=1; preserved adult type specimen,INCLUDE,,,,,,,,,,,,,,,cherisse.persad@gmail.com
SRC0271,752C0E55-09AE-5399-9EF4-83381C60D4A4,EVT1162,VIS00248,,Ferreiraella populi,1,individual,individualCount=1; preserved adult type specimen,INCLUDE,,,,,,,,,,,,,,,cherisse.persad@gmail.com
SRC0271,8B3FC026-68C4-580F-ABC1-34463B13C036,EVT1162,VIS00248,,Ferreiraella populi,1,individual,individualCount=1; preserved adult type specimen,INCLUDE,,,,,,,,,,,,,,,cherisse.persad@gmail.com
SRC0271,830CF36E-7701-5652-98FD-764093FFFD0C,EVT1162,VIS00248,,Ferreiraella populi,1,individual,individualCount=1; preserved adult type specimen,INCLUDE,,,,,,,,,,,,,,,cherisse.persad@gmail.com
SRC0271,BE0766CA-8BAE-5F9C-A62D-2E724051E8B1,EVT1162,VIS00248,,Ferreiraella populi,1,individual,individualCount=1; preserved adult type specimen,INCLUDE,,,,,,,,,,,,,,,cherisse.persad@gmail.com
SRC0271,34B3141A-0824-520A-ACD9-7E9BD4236BB2,EVT1162,VIS00248,,Ferreiraella populi,1,individual,individualCount=1; preserved adult type specimen,INCLUDE,,,,,,,,,,,,,,,cherisse.persad@gmail.com
SRC0271,738029B9-DFC8-5ACE-A76B-8831E2718B1F,EVT1162,VIS00248,,Ferreiraella populi,1,individual,individualCount=1; preserved adult type specimen,INCLUDE,,,,,,,,,,,,,,,cherisse.persad@gmail.com
SRC0271,IOGAS_WF_001,EVT1162,VIS00248,,,,,Paper-specific site metadata,INCLUDE,,,,,,,,,,32.577933,143.768725,5506,,,cherisse.persad@gmail.com
SRC0167,1,,,,Xylophaga dorsalis,100 to >500 ind/dm3,,direct/on-board + taxonomist,INCLUDE,,,,,,,,,,,,,,,cherisse.persad@gmail.com
SRC0167,2,,,,Idas modiolaeformis,W1 up to 150 per small log; W5 30–90 per small log; 9–80 ind/dm3,,direct,INCLUDE,,,,,,,,,,,,,,,cherisse.persad@gmail.com
SRC0167,3,,,,Glycera noelae sp. nov.,,,direct,INCLUDE,,,,,,,,,,,,,,,cherisse.persad@gmail.com
SRC0167,4,,,,Phascolosoma turnerae,,,direct/pers. comm. identification,INCLUDE,,,,,,,,,,,,,,,cherisse.persad@gmail.com
SRC0167,5,,,,"Cryptonome gen. nov. conclava, n. sp.",,,direct,INCLUDE,,,,,,,,,,,,,,,cherisse.persad@gmail.com
SRC0167,6,,,,Asterechinus elegans,Wood#2: at least 20 on/in close vicinity,,ROV direct/pers. comm. identification,INCLUDE,,,,,,,,,,,,,,,cherisse.persad@gmail.com
SRC0167,7,,,,Bathynectes piperitus,often observed,,ROV direct/pers. comm. identification,INCLUDE,,,,,,,,,,,,,,,cherisse.persad@gmail.com
SRC0167,8,,,,unidentified deep-sea fish,occasionally observed,,ROV direct,INCLUDE,,,,,,,,,,,,,,,cherisse.persad@gmail.com
SRC0167,9,,,,unidentified amphipod species,,,direct/figure,INCLUDE,,,,,,,,,,,,,,,cherisse.persad@gmail.com
SRC0167,10,,,,unidentified Leptostracea species,,,direct/figure,INCLUDE,,,,,,,,,,,,,,,cherisse.persad@gmail.com
SRC0167,11,,,,unidentified small crustaceans (>=3 groups),at least 3 groups,,direct,INCLUDE,,,,,,,,,,,,,,,cherisse.persad@gmail.com
SRC0167,12,,,,macrofauna/megafauna,none associated after <1 day,,direct negative observation,INCLUDE,,,,,,,,,,,,,,,cherisse.persad@gmail.com
SRC0131,OCC001,,,BARNARD61_ST52_SAMPLE,Onesimoides chelatus,1,specimen,direct station capture,EXCLUDE,,,Lysianassidae,,,,,,,,,,,,cherisse.persad@gmail.com
SRC0131,OCC002,EVT0428,VIS00241,BARNARD61_ST450_FRUIT1,Onesimoides chelatus,2,specimens,direct inside wood item,INCLUDE,,,Lysianassidae,,,,,,,,,,,,cherisse.persad@gmail.com
SRC0131,OCC003,EVT0428,VIS00241,BARNARD61_ST450_FRUIT1,Onesimoides chelatus,4,specimens,direct inside wood item,INCLUDE,,,Lysianassidae,,,,,,,,,,,,cherisse.persad@gmail.com
SRC0131,OCC004,EVT0428,VIS00241,BARNARD61_ST450_FRUIT1,Onesimoides chelatus,11,specimens,direct inside wood item,INCLUDE,,,Lysianassidae,,,,,,,,,,,,cherisse.persad@gmail.com
SRC0131,OCC005,EVT0428,VIS00241,BARNARD61_ST450_FRUIT1,Onesimoides chelatus,3,fragments,direct fragment evidence,INCLUDE,,,Lysianassidae,,,,,,,,,,,,cherisse.persad@gmail.com
SRC0131,OCC006,EVT0428,VIS00241,BARNARD61_ST450_FRUIT2,Onesimoides chelatus,58,specimens,direct inside wood item,INCLUDE,,,Lysianassidae,,,,,,,,,,,,cherisse.persad@gmail.com
SRC0131,OCC007,,,BARNARD61_ST453_SAMPLE,Onesimoides chelatus,1,specimen,direct station capture,EXCLUDE,,,Lysianassidae,,,,,,,,,,,,cherisse.persad@gmail.com
SRC0131,OCC008,,,BARNARD61_ST453_SAMPLE,Onesimoides chelatus,1,specimen,direct station capture,EXCLUDE,,,Lysianassidae,,,,,,,,,,,,cherisse.persad@gmail.com
SRC0131,OCC009,,,BARNARD61_ST453_SAMPLE,Onesimoides chelatus,1,specimen,direct station capture,EXCLUDE,,,Lysianassidae,,,,,,,,,,,,cherisse.persad@gmail.com
SRC0131,OCC010,,,BARNARD61_ST453_SAMPLE,Paronesimoides lignivorus,1,specimen,direct station capture,EXCLUDE,,,Lysianassidae,,,,,,,,,,,,cherisse.persad@gmail.com
SRC0131,OCC011,,,BARNARD61_ST453_SAMPLE,Paronesimoides lignivorus,1,rear end,fragment evidence,EXCLUDE,,,Lysianassidae,,,,,,,,,,,,cherisse.persad@gmail.com
SRC0131,OCC012,,,BARNARD61_ST232_SAMPLE,Bathyceradocus stephenseni,1,specimen,direct station capture,EXCLUDE,,,Gammaridae,,,,,,,,,,,,cherisse.persad@gmail.com
SRC0131,OCC013,,,BARNARD61_ST443_SAMPLE,Bathyceradocus stephenseni,1,specimen,direct capture with plant fragments,EXCLUDE,,,Gammaridae,,,,,,,,,,,,cherisse.persad@gmail.com
SRC0131,OCC014,,,BARNARD61_ST443_SAMPLE,Bathyceradocus stephenseni,1,specimen,direct capture with plant fragments,EXCLUDE,,,Gammaridae,,,,,,,,,,,,cherisse.persad@gmail.com
SRC0131,OCC015,,,BARNARD61_ST726_TRUNK,Bathyceradocus stephenseni,25,specimens,direct on wood fall,INCLUDE,,,Gammaridae,,,,,,,,,,,,cherisse.persad@gmail.com
SRC0131,OCC016,,,BARNARD61_ST745_TRUNK,Melita lignophila,1,specimen,direct on wood fall,INCLUDE,,,Gammaridae,,,,,,,,,,,,cherisse.persad@gmail.com
SRC0210,CN2021_OCC1,EVT0970,VIS00244,,Cocculina tenuitesta,,individuals if reported,direct observation + collected specimens,INCLUDE,,,Cocculinidae,,,,,,,,,,,,cherisse.persad@gmail.com
SRC0210,CN2021_OCC2,EVT0970,VIS00244,,Cocculina tenuitesta,,individuals if reported,direct observation + collected specimens,INCLUDE,,,Cocculinidae,,,,,,,,,,,,cherisse.persad@gmail.com
SRC0272,CORBARI2015_OCC_01,EVT1163,VIS00249,,Papuadocus blodiwai,1,individual specimen,direct collected occurrence,INCLUDE,,,Maeridae,Papuadocus,,,,,,,,,,,cherisse.persad@gmail.com
SRC0272,CORBARI2015_OCC_02,EVT1163,VIS00249,,Papuadocus blodiwai,1,individual specimen,direct collected occurrence,INCLUDE,,,Maeridae,Papuadocus,,,,,,,,,,,cherisse.persad@gmail.com
SRC0272,CORBARI2015_OCC_03,EVT1163,VIS00249,,Papuadocus blodiwai,1,individual specimen,direct collected occurrence,INCLUDE,,,Maeridae,Papuadocus,,,,,,,,,,,cherisse.persad@gmail.com
SRC0272,CORBARI2015_OCC_04,EVT1163,VIS00249,,Papuadocus blodiwai,1,individual specimen,direct collected occurrence,INCLUDE,,,Maeridae,Papuadocus,,,,,,,,,,,cherisse.persad@gmail.com
SRC0272,CORBARI2015_OCC_05,EVT1163,VIS00249,,Papuadocus blodiwai,1,individual specimen,direct collected occurrence,INCLUDE,,,Maeridae,Papuadocus,,,,,,,,,,,cherisse.persad@gmail.com
SRC0273,DILMAN2022_OCC_SO2509_TOTAL,EVT1164,VIS00250,DILMAN2022_SO250_9_MATERIAL,Caymanostella cf. spinimarginata,3,specimen count,Direct collection,INCLUDE,,,Caymanostellidae,Caymanostella,,,,,,,,,,,cherisse.persad@gmail.com
SRC0273,DILMAN2022_OCC_SO2509_SP1,EVT1164,VIS00250,DILMAN2022_SO250_9_SP1,Caymanostella cf. spinimarginata,1,specimen count,Direct collection + specimen morphology,INCLUDE,,,Caymanostellidae,Caymanostella,,,,,,,,,,,cherisse.persad@gmail.com
SRC0273,DILMAN2022_OCC_SO2509_SP2,EVT1164,VIS00250,DILMAN2022_SO250_9_SP2,Caymanostella cf. spinimarginata,1,specimen count,Direct collection + specimen morphology,INCLUDE,,,Caymanostellidae,Caymanostella,,,,,,,,,,,cherisse.persad@gmail.com
SRC0273,DILMAN2022_OCC_SO2509_SP3,EVT1164,VIS00250,DILMAN2022_SO250_9_SP3,Caymanostella cf. spinimarginata,1,specimen count,Direct collection + freshly caught observation,INCLUDE,,,Caymanostellidae,Caymanostella,,,,,,,,,,,cherisse.persad@gmail.com
SRC0274,GIR2026_OCC_001,EVT1165,VIS00251,,Pectinodonta nautilus sp. nov.,79,collected individuals,direct collected + direct in situ observation,INCLUDE,,,,,,,,,,,,,,,cherisse.persad@gmail.com
SRC0274,GIR2026_OCC_002,EVT1165,VIS00251,,"Munidopsis giribeti Rodríguez-Flores, 2025",,collected individuals,direct collected associated fauna,INCLUDE,,,,,,,,,,,,,,,cherisse.persad@gmail.com
SRC0274,GIR2026_OCC_003,EVT1165,VIS00251,,Munidopsis cf. pallida,,collected individuals,direct collected associated fauna,INCLUDE,,,,,,,,,,,,,,,cherisse.persad@gmail.com
SRC0274,GIR2026_OCC_004,EVT1165,VIS00251,,Lithodes sp.,0,collected individuals,direct visual observation; not collected,INCLUDE,,,,,,,,,,,,,,,cherisse.persad@gmail.com
SRC0274,GIR2026_OCC_005,EVT1165,VIS00251,,"Ceradocus hawkingi Jażdżewska & Ziemkiewicz, 2019",,collected individuals,direct collected associated fauna,INCLUDE,,,,,,,,,,,,,,,cherisse.persad@gmail.com
SRC0274,GIR2026_OCC_006,EVT1165,VIS00251,,"Decamastus gracilis Hartman, 1963",,collected individuals,direct collected associated fauna,INCLUDE,,,,,,,,,,,,,,,cherisse.persad@gmail.com
SRC0274,GIR2026_OCC_007,EVT1165,VIS00251,,Malmgreniella sp.,,collected individuals,direct collected associated fauna,INCLUDE,,,,,,,,,,,,,,,cherisse.persad@gmail.com
SRC0274,GIR2026_OCC_008,EVT1165,VIS00251,,"Ophiambix aculeatus Lyman, 1880",,collected individuals,direct collected associated fauna,INCLUDE,,,,,,,,,,,,,,,cherisse.persad@gmail.com
SRC0274,GIR2026_OCC_009,EVT1165,VIS00251,,xylophagaid bivalves,,collected individuals,direct association reported by authors,INCLUDE,,,,,,,,,,,,,,,cherisse.persad@gmail.com
SRC0151,1,EVT0493,VIS00245,,Abditoconus investigatoris n. sp.,237,individuals,Positive specimen occurrence,INCLUDE,,,Xylophagaidae,,,,,,,,,,,,cherisse.persad@gmail.com
SRC0151,2,EVT0494,VIS00246,,Abditoconus investigatoris n. sp.,1,individuals,Positive specimen occurrence,INCLUDE,,,Xylophagaidae,,,,,,,,,,,,cherisse.persad@gmail.com
SRC0151,3,EVT0494,VIS00246,,Xylophaga sp. 2,2,individuals,Positive specimen occurrence,INCLUDE,,,Xylophagaidae,,,,,,,,,,,,cherisse.persad@gmail.com
SRC0151,4,EVT0494,VIS00246,,Xylonora cf. atlantica,2,individuals,Positive specimen occurrence,INCLUDE,,,Xylophagaidae,,,,,,,,,,,,cherisse.persad@gmail.com
SRC0151,5,EVT0495,VIS00247,,"Spiniapex gilsonorum Voight, 2019",2,individuals,Positive specimen occurrence,INCLUDE,,,Xylophagaidae,,,,,,,,,,,,cherisse.persad@gmail.com
SRC0151,EVT0493_trawl_end,EVT0493,VIS00245,,,,,Trawl track endpoint,INCLUDE,,,,,,,,,,-40.464,149.4255,,,,cherisse.persad@gmail.com
SRC0151,EVT0494_trawl_end,EVT0494,VIS00246,,,,,Trawl track endpoint,INCLUDE,,,,,,,,,,-37.8178,150.353,,,,cherisse.persad@gmail.com
SRC0151,EVT0495_trawl_end,EVT0495,VIS00247,,,,,Trawl track endpoint,INCLUDE,,,,,,,,,,-32.632,153.142,,,,cherisse.persad@gmail.com
SRC0111,1,EVT0281,VIS00253,,Xylophaga microchira,530,individuals,Appendix 1 recovery species composition,INCLUDE,,,Xylophagaidae,,,,,,,,,,,,cherisse.persad@gmail.com
SRC0111,2,EVT0282,VIS00254,,Xylophaga heterosiphon,163,individuals,Appendix 1 recovery species composition,INCLUDE,,,Xylophagaidae,,,,,,,,,,,,cherisse.persad@gmail.com
SRC0111,3,EVT0282,VIS00254,,Xylophaga microchira,90,individuals,Appendix 1 recovery species composition,INCLUDE,,,Xylophagaidae,,,,,,,,,,,,cherisse.persad@gmail.com
SRC0111,4,EVT0280,VIS00252,,Xylophaga heterosiphon,19,individuals,Appendix 1 recovery species composition,INCLUDE,,,Xylophagaidae,,,,,,,,,,,,cherisse.persad@gmail.com
SRC0111,5,EVT0280,VIS00252,,Xylophaga microchira,2,individuals,Appendix 1 recovery species composition,INCLUDE,,,Xylophagaidae,,,,,,,,,,,,cherisse.persad@gmail.com
SRC0111,6,EVT0280,VIS00252,,Xylopholas,3,individuals,Appendix 1 recovery species composition,INCLUDE,,,Xylophagaidae,,,,,,,,,,,,cherisse.persad@gmail.com
SRC0111,7,EVT0288,VIS00261,,Xylophaga microchira,300+,individuals,Appendix 1 recovery species composition,INCLUDE,,,Xylophagaidae,,,,,,,,,,,,cherisse.persad@gmail.com
SRC0111,8,EVT0288,VIS00261,,Xylophaga oregona,4,individuals,Appendix 1 recovery species composition,INCLUDE,,,Xylophagaidae,,,,,,,,,,,,cherisse.persad@gmail.com
SRC0111,9,EVT0286,VIS00258,,Xylophaga microchira,221,individuals,Appendix 1 recovery species composition,INCLUDE,,,Xylophagaidae,,,,,,,,,,,,cherisse.persad@gmail.com
SRC0111,10,EVT0286,VIS00258,,Xylophaga oregona,67,individuals,Appendix 1 recovery species composition,INCLUDE,,,Xylophagaidae,,,,,,,,,,,,cherisse.persad@gmail.com
SRC0111,11,EVT0285,VIS00257,,Xylophaga oregona,506,individuals,Appendix 1 recovery species composition,INCLUDE,,,Xylophagaidae,,,,,,,,,,,,cherisse.persad@gmail.com
SRC0111,12,EVT0285,VIS00257,,Xylophaga microchira,8,individuals,Appendix 1 recovery species composition,INCLUDE,,,Xylophagaidae,,,,,,,,,,,,cherisse.persad@gmail.com
SRC0111,13,EVT0286,VIS00259,,Xylophaga oregona,616,individuals,Appendix 1 recovery species composition,INCLUDE,,,Xylophagaidae,,,,,,,,,,,,cherisse.persad@gmail.com
SRC0111,14,EVT0286,VIS00259,,Xylophaga microchira,152,individuals,Appendix 1 recovery species composition,INCLUDE,,,Xylophagaidae,,,,,,,,,,,,cherisse.persad@gmail.com
SRC0111,15,EVT0286,VIS00259,,Xylophaga zierenbergi,1,individuals,Appendix 1 recovery species composition,INCLUDE,,,Xylophagaidae,,,,,,,,,,,,cherisse.persad@gmail.com
SRC0111,16,,,,Xylophaga corona,43,individuals,Appendix 1 recovery species composition,INCLUDE,,,Xylophagaidae,,,,,,,,,,,,cherisse.persad@gmail.com
SRC0111,17,,,,Xylophaga heterosiphon,2,individuals,Appendix 1 recovery species composition,INCLUDE,,,Xylophagaidae,,,,,,,,,,,,cherisse.persad@gmail.com
SRC0111,18,,,,Xylophaga zierenbergi,11,individuals,Appendix 1 recovery species composition,INCLUDE,,,Xylophagaidae,,,,,,,,,,,,cherisse.persad@gmail.com
SRC0111,1,EVT0287,VIS00260,,Xylophaga oregona,25,individuals,Incidental deployed wood,INCLUDE,,,Xylophagaidae,,,,,,,,,2100,,,cherisse.persad@gmail.com
SRC0111,2,EVT0289,VIS00262,,Xylophaga heterosiphon,2,individuals,Natural/wild or trawl material,INCLUDE,,,Xylophagaidae,,,,,,,,,2750,,,cherisse.persad@gmail.com
SRC0275,KOMAI2025_ML,EVT1166,VIS00263,,Munidopsis lignicola,41,specimens,direct sampled occurrence,INCLUDE,Shoho Seamount,natural sunken wood,Munidopsidae,Munidopsis,lignicola,,41,,,32.3495,138.6563333333,1901,,,cherisse.persad@gmail.com
SRC0275,KOMAI2025_MJ,EVT1166,VIS00263,,Munidopsis juxtapallida,1,specimens,direct sampled occurrence,INCLUDE,Shoho Seamount,natural sunken wood,Munidopsidae,Munidopsis,juxtapallida,,1,,,32.3495,138.6563333333,1901,,,cherisse.persad@gmail.com
SRC0275,KOMAI2025_MS,,,,Munidopsis spinifrons,1,specimens,direct sampled occurrence,EXCLUDE,Ritto Seamount,rock bottom,Munidopsidae,Munidopsis,spinifrons,,1,,,21.714,142.077,2054,,,cherisse.persad@gmail.com
SRC0276,DAH2004_O01,EVT0108,VIS00290,,Vigtorniella flokati,"Extremely abundant; local densities reported to exceed 8,000 individuals m^-2",,Faunal occurrence,Whale-fall analysis,,,Chrysopetalidae,,,,,,,33.583333,-117.216667,1240,,,cherisse.persad@gmail.com
SRC0276,DAH2004_O02,EVT1167,VIS00291,,Vigtorniella flokati,Not quantified in Table 1,,Faunal occurrence,Whale-fall analysis,,,Chrysopetalidae,,,,,,,21.35,-158.216667,1057,,,cherisse.persad@gmail.com
SRC0276,DAH2004_O03,EVT0106,VIS00292,,Vigtorniella flokati,"Extremely abundant; local densities reported to exceed 8,000 individuals m^-2",,Faunal occurrence,Whale-fall analysis,,,Chrysopetalidae,,,,,,,33.45,-119.366667,1675,,,cherisse.persad@gmail.com
SRC0277,2893:2002-02:Bacterial mat,EVT0042,VIS00264,,,+,Braby abundance category,Non-faunal observation,Source-specific only,,,,,,,,,,36.6131,-122.4341,2893,,,cherisse.persad@gmail.com
SRC0277,2893:2002-03:Bacterial mat,EVT0042,VIS00265,,,+,Braby abundance category,Non-faunal observation,Source-specific only,,,,,,,,,,36.6131,-122.4341,2893,,,cherisse.persad@gmail.com
SRC0277,2893:2002-10:Bacterial mat,EVT0042,VIS00266,,,+,Braby abundance category,Non-faunal observation,Source-specific only,,,,,,,,,,36.6131,-122.4341,2893,,,cherisse.persad@gmail.com
SRC0277,2893:2003-08:Bacterial mat,EVT0042,VIS00267,,,+,Braby abundance category,Non-faunal observation,Source-specific only,,,,,,,,,,36.6131,-122.4341,2893,,,cherisse.persad@gmail.com
SRC0277,2893:2004-01:Bacterial mat,EVT0042,VIS00268,,,+,Braby abundance category,Non-faunal observation,Source-specific only,,,,,,,,,,36.6131,-122.4341,2893,,,cherisse.persad@gmail.com
SRC0277,2893:2004-09:Bacterial mat,EVT0042,VIS00270,,,+,Braby abundance category,Non-faunal observation,Source-specific only,,,,,,,,,,36.6131,-122.4341,2893,,,cherisse.persad@gmail.com
SRC0277,2893:2004-11:Bacterial mat,EVT0042,VIS00271,,,+,Braby abundance category,Non-faunal observation,Source-specific only,,,,,,,,,,36.6131,-122.4341,2893,,,cherisse.persad@gmail.com
SRC0277,2893:2006-01:Bacterial mat,EVT0042,VIS00274,,,+,Braby abundance category,Non-faunal observation,Source-specific only,,,,,,,,,,36.6131,-122.4341,2893,,,cherisse.persad@gmail.com
SRC0277,2893:2002-02:Phyllospadix sp. debris,EVT0042,VIS00264,,,+,Braby abundance category,Non-faunal observation,Source-specific only,,,,,,,,,,36.6131,-122.4341,2893,,,cherisse.persad@gmail.com
SRC0277,2893:2002-03:Phyllospadix sp. debris,EVT0042,VIS00265,,,+,Braby abundance category,Non-faunal observation,Source-specific only,,,,,,,,,,36.6131,-122.4341,2893,,,cherisse.persad@gmail.com
SRC0277,2893:2002-10:Phyllospadix sp. debris,EVT0042,VIS00266,,,+,Braby abundance category,Non-faunal observation,Source-specific only,,,,,,,,,,36.6131,-122.4341,2893,,,cherisse.persad@gmail.com
SRC0277,2893:2003-08:Phyllospadix sp. debris,EVT0042,VIS00267,,,+,Braby abundance category,Non-faunal observation,Source-specific only,,,,,,,,,,36.6131,-122.4341,2893,,,cherisse.persad@gmail.com
SRC0277,2893:2004-01:Phyllospadix sp. debris,EVT0042,VIS00268,,,+,Braby abundance category,Non-faunal observation,Source-specific only,,,,,,,,,,36.6131,-122.4341,2893,,,cherisse.persad@gmail.com
SRC0277,2893:2004-11:Phyllospadix sp. debris,EVT0042,VIS00271,,,+,Braby abundance category,Non-faunal observation,Source-specific only,,,,,,,,,,36.6131,-122.4341,2893,,,cherisse.persad@gmail.com
SRC0277,2893:2005-01:Phyllospadix sp. debris,EVT0042,VIS00272,,,+,Braby abundance category,Non-faunal observation,Source-specific only,,,,,,,,,,36.6131,-122.4341,2893,,,cherisse.persad@gmail.com
SRC0277,2893:2005-11:Phyllospadix sp. debris,EVT0042,VIS00273,,,+,Braby abundance category,Non-faunal observation,Source-specific only,,,,,,,,,,36.6131,-122.4341,2893,,,cherisse.persad@gmail.com
SRC0277,2893:2006-01:Phyllospadix sp. debris,EVT0042,VIS00274,,,+,Braby abundance category,Non-faunal observation,Source-specific only,,,,,,,,,,36.6131,-122.4341,2893,,,cherisse.persad@gmail.com
SRC0277,2893:2002-02:Phaeophycophyta debris,EVT0042,VIS00264,,,+,Braby abundance category,Non-faunal observation,Source-specific only,,,,,,,,,,36.6131,-122.4341,2893,,,cherisse.persad@gmail.com
SRC0277,2893:2002-10:Phaeophycophyta debris,EVT0042,VIS00266,,,+,Braby abundance category,Non-faunal observation,Source-specific only,,,,,,,,,,36.6131,-122.4341,2893,,,cherisse.persad@gmail.com
SRC0277,2893:2003-08:Phaeophycophyta debris,EVT0042,VIS00267,,,+,Braby abundance category,Non-faunal observation,Source-specific only,,,,,,,,,,36.6131,-122.4341,2893,,,cherisse.persad@gmail.com
SRC0277,2893:2004-11:Phaeophycophyta debris,EVT0042,VIS00271,,,+,Braby abundance category,Non-faunal observation,Source-specific only,,,,,,,,,,36.6131,-122.4341,2893,,,cherisse.persad@gmail.com
SRC0277,2893:2005-01:Phaeophycophyta debris,EVT0042,VIS00272,,,+,Braby abundance category,Non-faunal observation,Source-specific only,,,,,,,,,,36.6131,-122.4341,2893,,,cherisse.persad@gmail.com
SRC0277,2893:2005-11:Phaeophycophyta debris,EVT0042,VIS00273,,,+,Braby abundance category,Non-faunal observation,Source-specific only,,,,,,,,,,36.6131,-122.4341,2893,,,cherisse.persad@gmail.com
SRC0277,2893:2006-01:Phaeophycophyta debris,EVT0042,VIS00274,,,+,Braby abundance category,Non-faunal observation,Source-specific only,,,,,,,,,,36.6131,-122.4341,2893,,,cherisse.persad@gmail.com
SRC0277,2893:2004-09:Anthosactis pearseae (n. sp.),EVT0042,VIS00270,,Anthosactis pearseae (n. sp.),++,Braby abundance category,Faunal observation,Whale-fall analysis,,,,,,,,,,36.6131,-122.4341,2893,,,cherisse.persad@gmail.com
SRC0277,2893:2004-11:Anthosactis pearseae (n. sp.),EVT0042,VIS00271,,Anthosactis pearseae (n. sp.),++,Braby abundance category,Faunal observation,Whale-fall analysis,,,,,,,,,,36.6131,-122.4341,2893,,,cherisse.persad@gmail.com
SRC0277,2893:2005-01:Anthosactis pearseae (n. sp.),EVT0042,VIS00272,,Anthosactis pearseae (n. sp.),++,Braby abundance category,Faunal observation,Whale-fall analysis,,,,,,,,,,36.6131,-122.4341,2893,,,cherisse.persad@gmail.com
SRC0277,2893:2005-11:Anthosactis pearseae (n. sp.),EVT0042,VIS00273,,Anthosactis pearseae (n. sp.),++,Braby abundance category,Faunal observation,Whale-fall analysis,,,,,,,,,,36.6131,-122.4341,2893,,,cherisse.persad@gmail.com
SRC0277,2893:2006-01:Anthosactis pearseae (n. sp.),EVT0042,VIS00274,,Anthosactis pearseae (n. sp.),++,Braby abundance category,Faunal observation,Whale-fall analysis,,,,,,,,,,36.6131,-122.4341,2893,,,cherisse.persad@gmail.com
SRC0277,2893:2006-05:Anthosactis pearseae (n. sp.),EVT0042,VIS00275,,Anthosactis pearseae (n. sp.),++,Braby abundance category,Faunal observation,Whale-fall analysis,,,,,,,,,,36.6131,-122.4341,2893,,,cherisse.persad@gmail.com
SRC0277,2893:2002-02:Liponema brevicornis,EVT0042,VIS00264,,Liponema brevicornis,+,Braby abundance category,Faunal observation,Whale-fall analysis,,,,,,,,,,36.6131,-122.4341,2893,,,cherisse.persad@gmail.com
SRC0277,2893:2002-03:Liponema brevicornis,EVT0042,VIS00265,,Liponema brevicornis,+,Braby abundance category,Faunal observation,Whale-fall analysis,,,,,,,,,,36.6131,-122.4341,2893,,,cherisse.persad@gmail.com
SRC0277,2893:2002-10:Liponema brevicornis,EVT0042,VIS00266,,Liponema brevicornis,+,Braby abundance category,Faunal observation,Whale-fall analysis,,,,,,,,,,36.6131,-122.4341,2893,,,cherisse.persad@gmail.com
SRC0277,2893:2003-08:Liponema brevicornis,EVT0042,VIS00267,,Liponema brevicornis,+++,Braby abundance category,Faunal observation,Whale-fall analysis,,,,,,,,,,36.6131,-122.4341,2893,,,cherisse.persad@gmail.com
SRC0277,2893:2004-01:Liponema brevicornis,EVT0042,VIS00268,,Liponema brevicornis,+,Braby abundance category,Faunal observation,Whale-fall analysis,,,,,,,,,,36.6131,-122.4341,2893,,,cherisse.persad@gmail.com
SRC0277,2893:2004-05:Liponema brevicornis,EVT0042,VIS00269,,Liponema brevicornis,+,Braby abundance category,Faunal observation,Whale-fall analysis,,,,,,,,,,36.6131,-122.4341,2893,,,cherisse.persad@gmail.com
SRC0277,2893:2004-09:Liponema brevicornis,EVT0042,VIS00270,,Liponema brevicornis,+,Braby abundance category,Faunal observation,Whale-fall analysis,,,,,,,,,,36.6131,-122.4341,2893,,,cherisse.persad@gmail.com
SRC0277,2893:2004-11:Liponema brevicornis,EVT0042,VIS00271,,Liponema brevicornis,+,Braby abundance category,Faunal observation,Whale-fall analysis,,,,,,,,,,36.6131,-122.4341,2893,,,cherisse.persad@gmail.com
SRC0277,2893:2005-01:Liponema brevicornis,EVT0042,VIS00272,,Liponema brevicornis,+++,Braby abundance category,Faunal observation,Whale-fall analysis,,,,,,,,,,36.6131,-122.4341,2893,,,cherisse.persad@gmail.com
SRC0277,2893:2005-11:Liponema brevicornis,EVT0042,VIS00273,,Liponema brevicornis,+,Braby abundance category,Faunal observation,Whale-fall analysis,,,,,,,,,,36.6131,-122.4341,2893,,,cherisse.persad@gmail.com
SRC0277,2893:2002-10:Stomphia sp.,EVT0042,VIS00266,,Stomphia sp.,+,Braby abundance category,Faunal observation,Whale-fall analysis,,,,,,,,,,36.6131,-122.4341,2893,,,cherisse.persad@gmail.com
SRC0277,2893:2002-02:Pennatulacea,EVT0042,VIS00264,,Pennatulacea,+,Braby abundance category,Faunal observation,Whale-fall analysis,,,,,,,,,,36.6131,-122.4341,2893,,,cherisse.persad@gmail.com
SRC0277,2893:2004-05:Pennatulacea,EVT0042,VIS00269,,Pennatulacea,+,Braby abundance category,Faunal observation,Whale-fall analysis,,,,,,,,,,36.6131,-122.4341,2893,,,cherisse.persad@gmail.com
SRC0277,2893:2004-11:Pennatulacea,EVT0042,VIS00271,,Pennatulacea,+,Braby abundance category,Faunal observation,Whale-fall analysis,,,,,,,,,,36.6131,-122.4341,2893,,,cherisse.persad@gmail.com
SRC0277,2893:2006-01:Pennatulacea,EVT0042,VIS00274,,Pennatulacea,+,Braby abundance category,Faunal observation,Whale-fall analysis,,,,,,,,,,36.6131,-122.4341,2893,,,cherisse.persad@gmail.com
SRC0277,2893:2002-03:Glyphanostomum sp.,EVT0042,VIS00265,,Glyphanostomum sp.,+,Braby abundance category,Faunal observation,Whale-fall analysis,,,,,,,,,,36.6131,-122.4341,2893,,,cherisse.persad@gmail.com
SRC0277,2893:2002-10:Glyphanostomum sp.,EVT0042,VIS00266,,Glyphanostomum sp.,++,Braby abundance category,Faunal observation,Whale-fall analysis,,,,,,,,,,36.6131,-122.4341,2893,,,cherisse.persad@gmail.com
SRC0277,2893:2003-08:Glyphanostomum sp.,EVT0042,VIS00267,,Glyphanostomum sp.,++,Braby abundance category,Faunal observation,Whale-fall analysis,,,,,,,,,,36.6131,-122.4341,2893,,,cherisse.persad@gmail.com
SRC0277,2893:2004-01:Glyphanostomum sp.,EVT0042,VIS00268,,Glyphanostomum sp.,+++,Braby abundance category,Faunal observation,Whale-fall analysis,,,,,,,,,,36.6131,-122.4341,2893,,,cherisse.persad@gmail.com
SRC0277,2893:2004-05:Glyphanostomum sp.,EVT0042,VIS00269,,Glyphanostomum sp.,+++,Braby abundance category,Faunal observation,Whale-fall analysis,,,,,,,,,,36.6131,-122.4341,2893,,,cherisse.persad@gmail.com
SRC0277,2893:2004-09:Glyphanostomum sp.,EVT0042,VIS00270,,Glyphanostomum sp.,+++,Braby abundance category,Faunal observation,Whale-fall analysis,,,,,,,,,,36.6131,-122.4341,2893,,,cherisse.persad@gmail.com
SRC0277,2893:2004-11:Glyphanostomum sp.,EVT0042,VIS00271,,Glyphanostomum sp.,+++,Braby abundance category,Faunal observation,Whale-fall analysis,,,,,,,,,,36.6131,-122.4341,2893,,,cherisse.persad@gmail.com
SRC0277,2893:2005-01:Glyphanostomum sp.,EVT0042,VIS00272,,Glyphanostomum sp.,+++,Braby abundance category,Faunal observation,Whale-fall analysis,,,,,,,,,,36.6131,-122.4341,2893,,,cherisse.persad@gmail.com
SRC0277,2893:2005-11:Glyphanostomum sp.,EVT0042,VIS00273,,Glyphanostomum sp.,+++,Braby abundance category,Faunal observation,Whale-fall analysis,,,,,,,,,,36.6131,-122.4341,2893,,,cherisse.persad@gmail.com
SRC0277,2893:2006-01:Glyphanostomum sp.,EVT0042,VIS00274,,Glyphanostomum sp.,+++,Braby abundance category,Faunal observation,Whale-fall analysis,,,,,,,,,,36.6131,-122.4341,2893,,,cherisse.persad@gmail.com
SRC0277,2893:2006-05:Glyphanostomum sp.,EVT0042,VIS00275,,Glyphanostomum sp.,+++,Braby abundance category,Faunal observation,Whale-fall analysis,,,,,,,,,,36.6131,-122.4341,2893,,,cherisse.persad@gmail.com
SRC0277,2893:2002-02:Amage cf. arieticornuta,EVT0042,VIS00264,,Amage cf. arieticornuta,+++,Braby abundance category,Faunal observation,Whale-fall analysis,,,,,,,,,,36.6131,-122.4341,2893,,,cherisse.persad@gmail.com
SRC0277,2893:2002-03:Amage cf. arieticornuta,EVT0042,VIS00265,,Amage cf. arieticornuta,+++,Braby abundance category,Faunal observation,Whale-fall analysis,,,,,,,,,,36.6131,-122.4341,2893,,,cherisse.persad@gmail.com
SRC0277,2893:2004-09:Phyllochaetopterus n. sp.,EVT0042,VIS00270,,Phyllochaetopterus n. sp.,++,Braby abundance category,Faunal observation,Whale-fall analysis,,,,,,,,,,36.6131,-122.4341,2893,,,cherisse.persad@gmail.com
SRC0277,2893:2004-11:Phyllochaetopterus n. sp.,EVT0042,VIS00271,,Phyllochaetopterus n. sp.,++,Braby abundance category,Faunal observation,Whale-fall analysis,,,,,,,,,,36.6131,-122.4341,2893,,,cherisse.persad@gmail.com
SRC0277,2893:2005-01:Phyllochaetopterus n. sp.,EVT0042,VIS00272,,Phyllochaetopterus n. sp.,++,Braby abundance category,Faunal observation,Whale-fall analysis,,,,,,,,,,36.6131,-122.4341,2893,,,cherisse.persad@gmail.com
SRC0277,2893:2005-11:Phyllochaetopterus n. sp.,EVT0042,VIS00273,,Phyllochaetopterus n. sp.,++,Braby abundance category,Faunal observation,Whale-fall analysis,,,,,,,,,,36.6131,-122.4341,2893,,,cherisse.persad@gmail.com
SRC0277,2893:2006-01:Phyllochaetopterus n. sp.,EVT0042,VIS00274,,Phyllochaetopterus n. sp.,++,Braby abundance category,Faunal observation,Whale-fall analysis,,,,,,,,,,36.6131,-122.4341,2893,,,cherisse.persad@gmail.com
SRC0277,2893:2006-05:Phyllochaetopterus n. sp.,EVT0042,VIS00275,,Phyllochaetopterus n. sp.,++,Braby abundance category,Faunal observation,Whale-fall analysis,,,,,,,,,,36.6131,-122.4341,2893,,,cherisse.persad@gmail.com
SRC0277,2893:2002-03:Dorvilleidae unidentified,EVT0042,VIS00265,,Dorvilleidae unidentified,+,Braby abundance category,Faunal observation,Whale-fall analysis,,,,,,,,,,36.6131,-122.4341,2893,,,cherisse.persad@gmail.com
SRC0277,2893:2002-10:Dorvilleidae unidentified,EVT0042,VIS00266,,Dorvilleidae unidentified,+,Braby abundance category,Faunal observation,Whale-fall analysis,,,,,,,,,,36.6131,-122.4341,2893,,,cherisse.persad@gmail.com
SRC0277,2893:2003-08:Dorvilleidae unidentified,EVT0042,VIS00267,,Dorvilleidae unidentified,+,Braby abundance category,Faunal observation,Whale-fall analysis,,,,,,,,,,36.6131,-122.4341,2893,,,cherisse.persad@gmail.com
SRC0277,2893:2004-01:Dorvilleidae unidentified,EVT0042,VIS00268,,Dorvilleidae unidentified,+++,Braby abundance category,Faunal observation,Whale-fall analysis,,,,,,,,,,36.6131,-122.4341,2893,,,cherisse.persad@gmail.com
SRC0277,2893:2004-05:Dorvilleidae unidentified,EVT0042,VIS00269,,Dorvilleidae unidentified,+,Braby abundance category,Faunal observation,Whale-fall analysis,,,,,,,,,,36.6131,-122.4341,2893,,,cherisse.persad@gmail.com
SRC0277,2893:2004-09:Dorvilleidae unidentified,EVT0042,VIS00270,,Dorvilleidae unidentified,+,Braby abundance category,Faunal observation,Whale-fall analysis,,,,,,,,,,36.6131,-122.4341,2893,,,cherisse.persad@gmail.com
SRC0277,2893:2004-11:Dorvilleidae unidentified,EVT0042,VIS00271,,Dorvilleidae unidentified,+,Braby abundance category,Faunal observation,Whale-fall analysis,,,,,,,,,,36.6131,-122.4341,2893,,,cherisse.persad@gmail.com
SRC0277,2893:2005-01:Dorvilleidae unidentified,EVT0042,VIS00272,,Dorvilleidae unidentified,+,Braby abundance category,Faunal observation,Whale-fall analysis,,,,,,,,,,36.6131,-122.4341,2893,,,cherisse.persad@gmail.com
SRC0277,2893:2005-11:Dorvilleidae unidentified,EVT0042,VIS00273,,Dorvilleidae unidentified,+,Braby abundance category,Faunal observation,Whale-fall analysis,,,,,,,,,,36.6131,-122.4341,2893,,,cherisse.persad@gmail.com
SRC0277,"2893:2006-05:Hesionidae new genus, new species",EVT0042,VIS00275,,"Hesionidae new genus, new species",++,Braby abundance category,Faunal observation,Whale-fall analysis,,,,,,,,,,36.6131,-122.4341,2893,,,cherisse.persad@gmail.com
SRC0277,2893:2006-01:Nereididae unidentified,EVT0042,VIS00274,,Nereididae unidentified,+,Braby abundance category,Faunal observation,Whale-fall analysis,,,,,,,,,,36.6131,-122.4341,2893,,,cherisse.persad@gmail.com
SRC0277,2893:2006-05:Nereididae unidentified,EVT0042,VIS00275,,Nereididae unidentified,+,Braby abundance category,Faunal observation,Whale-fall analysis,,,,,,,,,,36.6131,-122.4341,2893,,,cherisse.persad@gmail.com
SRC0277,"2893:2002-10:Polynoidae, 2 species",EVT0042,VIS00266,,"Polynoidae, 2 species",+,Braby abundance category,Faunal observation,Whale-fall analysis,,,,,,,,,,36.6131,-122.4341,2893,,,cherisse.persad@gmail.com
SRC0277,"2893:2003-08:Polynoidae, 2 species",EVT0042,VIS00267,,"Polynoidae, 2 species",+,Braby abundance category,Faunal observation,Whale-fall analysis,,,,,,,,,,36.6131,-122.4341,2893,,,cherisse.persad@gmail.com
SRC0277,"2893:2004-01:Polynoidae, 2 species",EVT0042,VIS00268,,"Polynoidae, 2 species",+,Braby abundance category,Faunal observation,Whale-fall analysis,,,,,,,,,,36.6131,-122.4341,2893,,,cherisse.persad@gmail.com
SRC0277,"2893:2004-05:Polynoidae, 2 species",EVT0042,VIS00269,,"Polynoidae, 2 species",+,Braby abundance category,Faunal observation,Whale-fall analysis,,,,,,,,,,36.6131,-122.4341,2893,,,cherisse.persad@gmail.com
SRC0277,"2893:2004-09:Polynoidae, 2 species",EVT0042,VIS00270,,"Polynoidae, 2 species",+,Braby abundance category,Faunal observation,Whale-fall analysis,,,,,,,,,,36.6131,-122.4341,2893,,,cherisse.persad@gmail.com
SRC0277,"2893:2004-11:Polynoidae, 2 species",EVT0042,VIS00271,,"Polynoidae, 2 species",+,Braby abundance category,Faunal observation,Whale-fall analysis,,,,,,,,,,36.6131,-122.4341,2893,,,cherisse.persad@gmail.com
SRC0277,"2893:2005-01:Polynoidae, 2 species",EVT0042,VIS00272,,"Polynoidae, 2 species",+,Braby abundance category,Faunal observation,Whale-fall analysis,,,,,,,,,,36.6131,-122.4341,2893,,,cherisse.persad@gmail.com
SRC0277,"2893:2005-11:Polynoidae, 2 species",EVT0042,VIS00273,,"Polynoidae, 2 species",+,Braby abundance category,Faunal observation,Whale-fall analysis,,,,,,,,,,36.6131,-122.4341,2893,,,cherisse.persad@gmail.com
SRC0277,"2893:2006-01:Polynoidae, 2 species",EVT0042,VIS00274,,"Polynoidae, 2 species",+,Braby abundance category,Faunal observation,Whale-fall analysis,,,,,,,,,,36.6131,-122.4341,2893,,,cherisse.persad@gmail.com
SRC0277,"2893:2006-05:Polynoidae, 2 species",EVT0042,VIS00275,,"Polynoidae, 2 species",+,Braby abundance category,Faunal observation,Whale-fall analysis,,,,,,,,,,36.6131,-122.4341,2893,,,cherisse.persad@gmail.com
SRC0277,2893:2002-03:Protodrilus n. sp.,EVT0042,VIS00265,,Protodrilus n. sp.,+,Braby abundance category,Faunal observation,Whale-fall analysis,,,,,,,,,,36.6131,-122.4341,2893,,,cherisse.persad@gmail.com
SRC0277,2893:2002-10:Protodrilus n. sp.,EVT0042,VIS00266,,Protodrilus n. sp.,+,Braby abundance category,Faunal observation,Whale-fall analysis,,,,,,,,,,36.6131,-122.4341,2893,,,cherisse.persad@gmail.com
SRC0277,2893:2003-08:Protodrilus n. sp.,EVT0042,VIS00267,,Protodrilus n. sp.,+++,Braby abundance category,Faunal observation,Whale-fall analysis,,,,,,,,,,36.6131,-122.4341,2893,,,cherisse.persad@gmail.com
SRC0277,2893:2004-01:Protodrilus n. sp.,EVT0042,VIS00268,,Protodrilus n. sp.,+,Braby abundance category,Faunal observation,Whale-fall analysis,,,,,,,,,,36.6131,-122.4341,2893,,,cherisse.persad@gmail.com
SRC0277,2893:2004-05:Protodrilus n. sp.,EVT0042,VIS00269,,Protodrilus n. sp.,+,Braby abundance category,Faunal observation,Whale-fall analysis,,,,,,,,,,36.6131,-122.4341,2893,,,cherisse.persad@gmail.com
SRC0277,2893:2004-09:Protodrilus n. sp.,EVT0042,VIS00270,,Protodrilus n. sp.,+,Braby abundance category,Faunal observation,Whale-fall analysis,,,,,,,,,,36.6131,-122.4341,2893,,,cherisse.persad@gmail.com
SRC0277,2893:2004-11:Protodrilus n. sp.,EVT0042,VIS00271,,Protodrilus n. sp.,+,Braby abundance category,Faunal observation,Whale-fall analysis,,,,,,,,,,36.6131,-122.4341,2893,,,cherisse.persad@gmail.com
SRC0277,2893:2005-01:Protodrilus n. sp.,EVT0042,VIS00272,,Protodrilus n. sp.,+,Braby abundance category,Faunal observation,Whale-fall analysis,,,,,,,,,,36.6131,-122.4341,2893,,,cherisse.persad@gmail.com
SRC0277,2893:2005-11:Protodrilus n. sp.,EVT0042,VIS00273,,Protodrilus n. sp.,+,Braby abundance category,Faunal observation,Whale-fall analysis,,,,,,,,,,36.6131,-122.4341,2893,,,cherisse.persad@gmail.com
SRC0277,2893:2006-01:Protodrilus n. sp.,EVT0042,VIS00274,,Protodrilus n. sp.,+,Braby abundance category,Faunal observation,Whale-fall analysis,,,,,,,,,,36.6131,-122.4341,2893,,,cherisse.persad@gmail.com
SRC0277,2893:2002-02:Osedax frankpressi,EVT0042,VIS00264,,Osedax frankpressi,+,Braby abundance category,Faunal observation,Whale-fall analysis,,,,,,,,,,36.6131,-122.4341,2893,,,cherisse.persad@gmail.com
SRC0277,2893:2002-03:Osedax frankpressi,EVT0042,VIS00265,,Osedax frankpressi,+,Braby abundance category,Faunal observation,Whale-fall analysis,,,,,,,,,,36.6131,-122.4341,2893,,,cherisse.persad@gmail.com
SRC0277,2893:2002-10:Osedax frankpressi,EVT0042,VIS00266,,Osedax frankpressi,++,Braby abundance category,Faunal observation,Whale-fall analysis,,,,,,,,,,36.6131,-122.4341,2893,,,cherisse.persad@gmail.com
SRC0277,2893:2003-08:Osedax frankpressi,EVT0042,VIS00267,,Osedax frankpressi,++,Braby abundance category,Faunal observation,Whale-fall analysis,,,,,,,,,,36.6131,-122.4341,2893,,,cherisse.persad@gmail.com
SRC0277,2893:2004-01:Osedax frankpressi,EVT0042,VIS00268,,Osedax frankpressi,++,Braby abundance category,Faunal observation,Whale-fall analysis,,,,,,,,,,36.6131,-122.4341,2893,,,cherisse.persad@gmail.com
SRC0277,2893:2004-05:Osedax frankpressi,EVT0042,VIS00269,,Osedax frankpressi,++,Braby abundance category,Faunal observation,Whale-fall analysis,,,,,,,,,,36.6131,-122.4341,2893,,,cherisse.persad@gmail.com
SRC0277,2893:2004-09:Osedax frankpressi,EVT0042,VIS00270,,Osedax frankpressi,++,Braby abundance category,Faunal observation,Whale-fall analysis,,,,,,,,,,36.6131,-122.4341,2893,,,cherisse.persad@gmail.com
SRC0277,2893:2004-11:Osedax frankpressi,EVT0042,VIS00271,,Osedax frankpressi,+,Braby abundance category,Faunal observation,Whale-fall analysis,,,,,,,,,,36.6131,-122.4341,2893,,,cherisse.persad@gmail.com
SRC0277,2893:2005-01:Osedax frankpressi,EVT0042,VIS00272,,Osedax frankpressi,+,Braby abundance category,Faunal observation,Whale-fall analysis,,,,,,,,,,36.6131,-122.4341,2893,,,cherisse.persad@gmail.com
SRC0277,2893:2005-11:Osedax frankpressi,EVT0042,VIS00273,,Osedax frankpressi,+,Braby abundance category,Faunal observation,Whale-fall analysis,,,,,,,,,,36.6131,-122.4341,2893,,,cherisse.persad@gmail.com
SRC0277,2893:2006-01:Osedax frankpressi,EVT0042,VIS00274,,Osedax frankpressi,+,Braby abundance category,Faunal observation,Whale-fall analysis,,,,,,,,,,36.6131,-122.4341,2893,,,cherisse.persad@gmail.com
SRC0277,2893:2006-05:Osedax frankpressi,EVT0042,VIS00275,,Osedax frankpressi,+,Braby abundance category,Faunal observation,Whale-fall analysis,,,,,,,,,,36.6131,-122.4341,2893,,,cherisse.persad@gmail.com
SRC0277,2893:2002-02:Osedax rubiplumus,EVT0042,VIS00264,,Osedax rubiplumus,+++,Braby abundance category,Faunal observation,Whale-fall analysis,,,,,,,,,,36.6131,-122.4341,2893,,,cherisse.persad@gmail.com
SRC0277,2893:2002-03:Osedax rubiplumus,EVT0042,VIS00265,,Osedax rubiplumus,++,Braby abundance category,Faunal observation,Whale-fall analysis,,,,,,,,,,36.6131,-122.4341,2893,,,cherisse.persad@gmail.com
SRC0277,2893:2002-10:Osedax rubiplumus,EVT0042,VIS00266,,Osedax rubiplumus,+,Braby abundance category,Faunal observation,Whale-fall analysis,,,,,,,,,,36.6131,-122.4341,2893,,,cherisse.persad@gmail.com
SRC0277,"2893:2004-11:Osedax ""spiral""",EVT0042,VIS00271,,"Osedax ""spiral""",+,Braby abundance category,Faunal observation,Whale-fall analysis,,,,,,,,,,36.6131,-122.4341,2893,,,cherisse.persad@gmail.com
SRC0277,"2893:2005-01:Osedax ""spiral""",EVT0042,VIS00272,,"Osedax ""spiral""",++,Braby abundance category,Faunal observation,Whale-fall analysis,,,,,,,,,,36.6131,-122.4341,2893,,,cherisse.persad@gmail.com
SRC0277,"2893:2005-11:Osedax ""spiral""",EVT0042,VIS00273,,"Osedax ""spiral""",++,Braby abundance category,Faunal observation,Whale-fall analysis,,,,,,,,,,36.6131,-122.4341,2893,,,cherisse.persad@gmail.com
SRC0277,"2893:2002-02:Spionidae, 2 new species",EVT0042,VIS00264,,"Spionidae, 2 new species",+++,Braby abundance category,Faunal observation,Whale-fall analysis,,,,,,,,,,36.6131,-122.4341,2893,,,cherisse.persad@gmail.com
SRC0277,"2893:2002-03:Spionidae, 2 new species",EVT0042,VIS00265,,"Spionidae, 2 new species",+,Braby abundance category,Faunal observation,Whale-fall analysis,,,,,,,,,,36.6131,-122.4341,2893,,,cherisse.persad@gmail.com
SRC0277,"2893:2002-10:Spionidae, 2 new species",EVT0042,VIS00266,,"Spionidae, 2 new species",+,Braby abundance category,Faunal observation,Whale-fall analysis,,,,,,,,,,36.6131,-122.4341,2893,,,cherisse.persad@gmail.com
SRC0277,"2893:2006-05:Spionidae, 2 new species",EVT0042,VIS00275,,"Spionidae, 2 new species",+,Braby abundance category,Faunal observation,Whale-fall analysis,,,,,,,,,,36.6131,-122.4341,2893,,,cherisse.persad@gmail.com
SRC0277,2893:2002-10:Amphitrite sp.,EVT0042,VIS00266,,Amphitrite sp.,+,Braby abundance category,Faunal observation,Whale-fall analysis,,,,,,,,,,36.6131,-122.4341,2893,,,cherisse.persad@gmail.com
SRC0277,2893:2002-10:Nemertea,EVT0042,VIS00266,,Nemertea,+,Braby abundance category,Faunal observation,Whale-fall analysis,,,,,,,,,,36.6131,-122.4341,2893,,,cherisse.persad@gmail.com
SRC0277,2893:2006-01:Nemertea,EVT0042,VIS00274,,Nemertea,+,Braby abundance category,Faunal observation,Whale-fall analysis,,,,,,,,,,36.6131,-122.4341,2893,,,cherisse.persad@gmail.com
SRC0277,2893:2006-05:Acharax sp.,EVT0042,VIS00275,,Acharax sp.,+,Braby abundance category,Faunal observation,Whale-fall analysis,,,,,,,,,,36.6131,-122.4341,2893,,,cherisse.persad@gmail.com
SRC0277,2893:2002-10:Calyptogena n. sp.,EVT0042,VIS00266,,Calyptogena n. sp.,+,Braby abundance category,Faunal observation,Whale-fall analysis,,,,,,,,,,36.6131,-122.4341,2893,,,cherisse.persad@gmail.com
SRC0277,2893:2004-09:Calyptogena n. sp.,EVT0042,VIS00270,,Calyptogena n. sp.,+,Braby abundance category,Faunal observation,Whale-fall analysis,,,,,,,,,,36.6131,-122.4341,2893,,,cherisse.persad@gmail.com
SRC0277,2893:2005-11:Calyptogena n. sp.,EVT0042,VIS00273,,Calyptogena n. sp.,+,Braby abundance category,Faunal observation,Whale-fall analysis,,,,,,,,,,36.6131,-122.4341,2893,,,cherisse.persad@gmail.com
SRC0277,2893:2005-01:Idas washingtonia,EVT0042,VIS00272,,Idas washingtonia,+,Braby abundance category,Faunal observation,Whale-fall analysis,,,,,,,,,,36.6131,-122.4341,2893,,,cherisse.persad@gmail.com
SRC0277,2893:2006-01:Idas washingtonia,EVT0042,VIS00274,,Idas washingtonia,++,Braby abundance category,Faunal observation,Whale-fall analysis,,,,,,,,,,36.6131,-122.4341,2893,,,cherisse.persad@gmail.com
SRC0277,2893:2002-02:Octopoda,EVT0042,VIS00264,,Octopoda,+,Braby abundance category,Faunal observation,Whale-fall analysis,,,,,,,,,,36.6131,-122.4341,2893,,,cherisse.persad@gmail.com
SRC0277,2893:2002-03:Octopoda,EVT0042,VIS00265,,Octopoda,+,Braby abundance category,Faunal observation,Whale-fall analysis,,,,,,,,,,36.6131,-122.4341,2893,,,cherisse.persad@gmail.com
SRC0277,2893:2002-10:Octopoda,EVT0042,VIS00266,,Octopoda,+,Braby abundance category,Faunal observation,Whale-fall analysis,,,,,,,,,,36.6131,-122.4341,2893,,,cherisse.persad@gmail.com
SRC0277,2893:2004-11:Octopoda,EVT0042,VIS00271,,Octopoda,+,Braby abundance category,Faunal observation,Whale-fall analysis,,,,,,,,,,36.6131,-122.4341,2893,,,cherisse.persad@gmail.com
SRC0277,2893:2006-05:Amphiplica n. sp.,EVT0042,VIS00275,,Amphiplica n. sp.,+,Braby abundance category,Faunal observation,Whale-fall analysis,,,,,,,,,,36.6131,-122.4341,2893,,,cherisse.persad@gmail.com
SRC0277,"2893:2006-05:Buccinidae, 2 species",EVT0042,VIS00275,,"Buccinidae, 2 species",+,Braby abundance category,Faunal observation,Whale-fall analysis,,,,,,,,,,36.6131,-122.4341,2893,,,cherisse.persad@gmail.com
SRC0277,2893:2006-05:Neptunea spp.,EVT0042,VIS00275,,Neptunea spp.,+,Braby abundance category,Faunal observation,Whale-fall analysis,,,,,,,,,,36.6131,-122.4341,2893,,,cherisse.persad@gmail.com
SRC0277,2893:2006-01:Glaucidae unidentified,EVT0042,VIS00274,,Glaucidae unidentified,+,Braby abundance category,Faunal observation,Whale-fall analysis,,,,,,,,,,36.6131,-122.4341,2893,,,cherisse.persad@gmail.com
SRC0277,2893:2002-10:Lepetodrilus ovalis,EVT0042,VIS00266,,Lepetodrilus ovalis,+,Braby abundance category,Faunal observation,Whale-fall analysis,,,,,,,,,,36.6131,-122.4341,2893,,,cherisse.persad@gmail.com
SRC0277,2893:2004-01:Provannidae n. species 1,EVT0042,VIS00268,,Provannidae n. species 1,+,Braby abundance category,Faunal observation,Whale-fall analysis,,,,,,,,,,36.6131,-122.4341,2893,,,cherisse.persad@gmail.com
SRC0277,2893:2004-05:Provannidae n. species 1,EVT0042,VIS00269,,Provannidae n. species 1,+,Braby abundance category,Faunal observation,Whale-fall analysis,,,,,,,,,,36.6131,-122.4341,2893,,,cherisse.persad@gmail.com
SRC0277,2893:2004-09:Provannidae n. species 1,EVT0042,VIS00270,,Provannidae n. species 1,+,Braby abundance category,Faunal observation,Whale-fall analysis,,,,,,,,,,36.6131,-122.4341,2893,,,cherisse.persad@gmail.com
SRC0277,2893:2004-11:Provannidae n. species 1,EVT0042,VIS00271,,Provannidae n. species 1,+,Braby abundance category,Faunal observation,Whale-fall analysis,,,,,,,,,,36.6131,-122.4341,2893,,,cherisse.persad@gmail.com
SRC0277,2893:2005-01:Provannidae n. species 1,EVT0042,VIS00272,,Provannidae n. species 1,+,Braby abundance category,Faunal observation,Whale-fall analysis,,,,,,,,,,36.6131,-122.4341,2893,,,cherisse.persad@gmail.com
SRC0277,2893:2005-11:Provannidae n. species 1,EVT0042,VIS00273,,Provannidae n. species 1,+,Braby abundance category,Faunal observation,Whale-fall analysis,,,,,,,,,,36.6131,-122.4341,2893,,,cherisse.persad@gmail.com
SRC0277,2893:2006-01:Provannidae n. species 1,EVT0042,VIS00274,,Provannidae n. species 1,+,Braby abundance category,Faunal observation,Whale-fall analysis,,,,,,,,,,36.6131,-122.4341,2893,,,cherisse.persad@gmail.com
SRC0277,2893:2006-05:Provannidae n. species 1,EVT0042,VIS00275,,Provannidae n. species 1,+,Braby abundance category,Faunal observation,Whale-fall analysis,,,,,,,,,,36.6131,-122.4341,2893,,,cherisse.persad@gmail.com
SRC0277,2893:2004-01:Provannidae n. species 2,EVT0042,VIS00268,,Provannidae n. species 2,+,Braby abundance category,Faunal observation,Whale-fall analysis,,,,,,,,,,36.6131,-122.4341,2893,,,cherisse.persad@gmail.com
SRC0277,2893:2004-05:Provannidae n. species 2,EVT0042,VIS00269,,Provannidae n. species 2,+++,Braby abundance category,Faunal observation,Whale-fall analysis,,,,,,,,,,36.6131,-122.4341,2893,,,cherisse.persad@gmail.com
SRC0277,2893:2004-09:Provannidae n. species 2,EVT0042,VIS00270,,Provannidae n. species 2,+++,Braby abundance category,Faunal observation,Whale-fall analysis,,,,,,,,,,36.6131,-122.4341,2893,,,cherisse.persad@gmail.com
SRC0277,2893:2004-11:Provannidae n. species 2,EVT0042,VIS00271,,Provannidae n. species 2,+++,Braby abundance category,Faunal observation,Whale-fall analysis,,,,,,,,,,36.6131,-122.4341,2893,,,cherisse.persad@gmail.com
SRC0277,2893:2005-01:Provannidae n. species 2,EVT0042,VIS00272,,Provannidae n. species 2,+++,Braby abundance category,Faunal observation,Whale-fall analysis,,,,,,,,,,36.6131,-122.4341,2893,,,cherisse.persad@gmail.com
SRC0277,2893:2005-11:Provannidae n. species 2,EVT0042,VIS00273,,Provannidae n. species 2,+++,Braby abundance category,Faunal observation,Whale-fall analysis,,,,,,,,,,36.6131,-122.4341,2893,,,cherisse.persad@gmail.com
SRC0277,2893:2006-01:Provannidae n. species 2,EVT0042,VIS00274,,Provannidae n. species 2,+++,Braby abundance category,Faunal observation,Whale-fall analysis,,,,,,,,,,36.6131,-122.4341,2893,,,cherisse.persad@gmail.com
SRC0277,2893:2006-05:Provannidae n. species 2,EVT0042,VIS00275,,Provannidae n. species 2,+++,Braby abundance category,Faunal observation,Whale-fall analysis,,,,,,,,,,36.6131,-122.4341,2893,,,cherisse.persad@gmail.com
SRC0277,"2893:2002-10:Pycnogonida, multiple species",EVT0042,VIS00266,,"Pycnogonida, multiple species",+,Braby abundance category,Faunal observation,Whale-fall analysis,,,,,,,,,,36.6131,-122.4341,2893,,,cherisse.persad@gmail.com
SRC0277,"2893:2003-08:Pycnogonida, multiple species",EVT0042,VIS00267,,"Pycnogonida, multiple species",+,Braby abundance category,Faunal observation,Whale-fall analysis,,,,,,,,,,36.6131,-122.4341,2893,,,cherisse.persad@gmail.com
SRC0277,"2893:2004-01:Pycnogonida, multiple species",EVT0042,VIS00268,,"Pycnogonida, multiple species",+,Braby abundance category,Faunal observation,Whale-fall analysis,,,,,,,,,,36.6131,-122.4341,2893,,,cherisse.persad@gmail.com
SRC0277,"2893:2004-05:Pycnogonida, multiple species",EVT0042,VIS00269,,"Pycnogonida, multiple species",+,Braby abundance category,Faunal observation,Whale-fall analysis,,,,,,,,,,36.6131,-122.4341,2893,,,cherisse.persad@gmail.com
SRC0277,"2893:2004-09:Pycnogonida, multiple species",EVT0042,VIS00270,,"Pycnogonida, multiple species",+,Braby abundance category,Faunal observation,Whale-fall analysis,,,,,,,,,,36.6131,-122.4341,2893,,,cherisse.persad@gmail.com
SRC0277,"2893:2004-11:Pycnogonida, multiple species",EVT0042,VIS00271,,"Pycnogonida, multiple species",+,Braby abundance category,Faunal observation,Whale-fall analysis,,,,,,,,,,36.6131,-122.4341,2893,,,cherisse.persad@gmail.com
SRC0277,"2893:2005-01:Pycnogonida, multiple species",EVT0042,VIS00272,,"Pycnogonida, multiple species",+,Braby abundance category,Faunal observation,Whale-fall analysis,,,,,,,,,,36.6131,-122.4341,2893,,,cherisse.persad@gmail.com
SRC0277,"2893:2005-11:Pycnogonida, multiple species",EVT0042,VIS00273,,"Pycnogonida, multiple species",+,Braby abundance category,Faunal observation,Whale-fall analysis,,,,,,,,,,36.6131,-122.4341,2893,,,cherisse.persad@gmail.com
SRC0277,"2893:2006-01:Pycnogonida, multiple species",EVT0042,VIS00274,,"Pycnogonida, multiple species",+,Braby abundance category,Faunal observation,Whale-fall analysis,,,,,,,,,,36.6131,-122.4341,2893,,,cherisse.persad@gmail.com
SRC0277,"2893:2002-02:Gammarid amphipod, unidentified",EVT0042,VIS00264,,"Gammarid amphipod, unidentified",+,Braby abundance category,Faunal observation,Whale-fall analysis,,,,,,,,,,36.6131,-122.4341,2893,,,cherisse.persad@gmail.com
SRC0277,"2893:2002-03:Gammarid amphipod, unidentified",EVT0042,VIS00265,,"Gammarid amphipod, unidentified",+,Braby abundance category,Faunal observation,Whale-fall analysis,,,,,,,,,,36.6131,-122.4341,2893,,,cherisse.persad@gmail.com
SRC0277,"2893:2003-08:Gammarid amphipod, unidentified",EVT0042,VIS00267,,"Gammarid amphipod, unidentified",+,Braby abundance category,Faunal observation,Whale-fall analysis,,,,,,,,,,36.6131,-122.4341,2893,,,cherisse.persad@gmail.com
SRC0277,"2893:2004-01:Gammarid amphipod, unidentified",EVT0042,VIS00268,,"Gammarid amphipod, unidentified",+,Braby abundance category,Faunal observation,Whale-fall analysis,,,,,,,,,,36.6131,-122.4341,2893,,,cherisse.persad@gmail.com
SRC0277,"2893:2004-11:Gammarid amphipod, unidentified",EVT0042,VIS00271,,"Gammarid amphipod, unidentified",+,Braby abundance category,Faunal observation,Whale-fall analysis,,,,,,,,,,36.6131,-122.4341,2893,,,cherisse.persad@gmail.com
SRC0277,"2893:2005-01:Gammarid amphipod, unidentified",EVT0042,VIS00272,,"Gammarid amphipod, unidentified",+,Braby abundance category,Faunal observation,Whale-fall analysis,,,,,,,,,,36.6131,-122.4341,2893,,,cherisse.persad@gmail.com
SRC0277,"2893:2005-11:Gammarid amphipod, unidentified",EVT0042,VIS00273,,"Gammarid amphipod, unidentified",+,Braby abundance category,Faunal observation,Whale-fall analysis,,,,,,,,,,36.6131,-122.4341,2893,,,cherisse.persad@gmail.com
SRC0277,"2893:2006-01:Gammarid amphipod, unidentified",EVT0042,VIS00274,,"Gammarid amphipod, unidentified",+,Braby abundance category,Faunal observation,Whale-fall analysis,,,,,,,,,,36.6131,-122.4341,2893,,,cherisse.persad@gmail.com
SRC0277,"2893:2006-05:Gammarid amphipod, unidentified",EVT0042,VIS00275,,"Gammarid amphipod, unidentified",+,Braby abundance category,Faunal observation,Whale-fall analysis,,,,,,,,,,36.6131,-122.4341,2893,,,cherisse.persad@gmail.com
SRC0277,2893:2006-01:Diogenidae unidentified,EVT0042,VIS00274,,Diogenidae unidentified,+,Braby abundance category,Faunal observation,Whale-fall analysis,,,,,,,,,,36.6131,-122.4341,2893,,,cherisse.persad@gmail.com
SRC0277,2893:2002-02:Munidopsis spp.,EVT0042,VIS00264,,Munidopsis spp.,+++,Braby abundance category,Faunal observation,Whale-fall analysis,,,,,,,,,,36.6131,-122.4341,2893,,,cherisse.persad@gmail.com
SRC0277,2893:2002-03:Munidopsis spp.,EVT0042,VIS00265,,Munidopsis spp.,+++,Braby abundance category,Faunal observation,Whale-fall analysis,,,,,,,,,,36.6131,-122.4341,2893,,,cherisse.persad@gmail.com
SRC0277,2893:2002-10:Munidopsis spp.,EVT0042,VIS00266,,Munidopsis spp.,+++,Braby abundance category,Faunal observation,Whale-fall analysis,,,,,,,,,,36.6131,-122.4341,2893,,,cherisse.persad@gmail.com
SRC0277,2893:2003-08:Munidopsis spp.,EVT0042,VIS00267,,Munidopsis spp.,+++,Braby abundance category,Faunal observation,Whale-fall analysis,,,,,,,,,,36.6131,-122.4341,2893,,,cherisse.persad@gmail.com
SRC0277,2893:2004-01:Munidopsis spp.,EVT0042,VIS00268,,Munidopsis spp.,+,Braby abundance category,Faunal observation,Whale-fall analysis,,,,,,,,,,36.6131,-122.4341,2893,,,cherisse.persad@gmail.com
SRC0277,2893:2004-05:Munidopsis spp.,EVT0042,VIS00269,,Munidopsis spp.,+,Braby abundance category,Faunal observation,Whale-fall analysis,,,,,,,,,,36.6131,-122.4341,2893,,,cherisse.persad@gmail.com
SRC0277,2893:2004-09:Munidopsis spp.,EVT0042,VIS00270,,Munidopsis spp.,+,Braby abundance category,Faunal observation,Whale-fall analysis,,,,,,,,,,36.6131,-122.4341,2893,,,cherisse.persad@gmail.com
SRC0277,2893:2004-11:Munidopsis spp.,EVT0042,VIS00271,,Munidopsis spp.,+++,Braby abundance category,Faunal observation,Whale-fall analysis,,,,,,,,,,36.6131,-122.4341,2893,,,cherisse.persad@gmail.com
SRC0277,2893:2005-01:Munidopsis spp.,EVT0042,VIS00272,,Munidopsis spp.,+++,Braby abundance category,Faunal observation,Whale-fall analysis,,,,,,,,,,36.6131,-122.4341,2893,,,cherisse.persad@gmail.com
SRC0277,2893:2005-11:Munidopsis spp.,EVT0042,VIS00273,,Munidopsis spp.,+++,Braby abundance category,Faunal observation,Whale-fall analysis,,,,,,,,,,36.6131,-122.4341,2893,,,cherisse.persad@gmail.com
SRC0277,2893:2006-01:Munidopsis spp.,EVT0042,VIS00274,,Munidopsis spp.,+++,Braby abundance category,Faunal observation,Whale-fall analysis,,,,,,,,,,36.6131,-122.4341,2893,,,cherisse.persad@gmail.com
SRC0277,2893:2006-05:Munidopsis spp.,EVT0042,VIS00275,,Munidopsis spp.,+++,Braby abundance category,Faunal observation,Whale-fall analysis,,,,,,,,,,36.6131,-122.4341,2893,,,cherisse.persad@gmail.com
SRC0277,2893:2002-02:Paralomis multispina,EVT0042,VIS00264,,Paralomis multispina,+,Braby abundance category,Faunal observation,Whale-fall analysis,,,,,,,,,,36.6131,-122.4341,2893,,,cherisse.persad@gmail.com
SRC0277,2893:2002-03:Paralomis multispina,EVT0042,VIS00265,,Paralomis multispina,+,Braby abundance category,Faunal observation,Whale-fall analysis,,,,,,,,,,36.6131,-122.4341,2893,,,cherisse.persad@gmail.com
SRC0277,2893:2002-10:Paralomis multispina,EVT0042,VIS00266,,Paralomis multispina,+,Braby abundance category,Faunal observation,Whale-fall analysis,,,,,,,,,,36.6131,-122.4341,2893,,,cherisse.persad@gmail.com
SRC0277,2893:2003-08:Paralomis multispina,EVT0042,VIS00267,,Paralomis multispina,+++,Braby abundance category,Faunal observation,Whale-fall analysis,,,,,,,,,,36.6131,-122.4341,2893,,,cherisse.persad@gmail.com
SRC0277,2893:2004-01:Paralomis multispina,EVT0042,VIS00268,,Paralomis multispina,+++,Braby abundance category,Faunal observation,Whale-fall analysis,,,,,,,,,,36.6131,-122.4341,2893,,,cherisse.persad@gmail.com
SRC0277,2893:2004-05:Paralomis multispina,EVT0042,VIS00269,,Paralomis multispina,+++,Braby abundance category,Faunal observation,Whale-fall analysis,,,,,,,,,,36.6131,-122.4341,2893,,,cherisse.persad@gmail.com
SRC0277,2893:2004-09:Paralomis multispina,EVT0042,VIS00270,,Paralomis multispina,+,Braby abundance category,Faunal observation,Whale-fall analysis,,,,,,,,,,36.6131,-122.4341,2893,,,cherisse.persad@gmail.com
SRC0277,2893:2004-11:Paralomis multispina,EVT0042,VIS00271,,Paralomis multispina,+,Braby abundance category,Faunal observation,Whale-fall analysis,,,,,,,,,,36.6131,-122.4341,2893,,,cherisse.persad@gmail.com
SRC0277,2893:2005-01:Paralomis multispina,EVT0042,VIS00272,,Paralomis multispina,+,Braby abundance category,Faunal observation,Whale-fall analysis,,,,,,,,,,36.6131,-122.4341,2893,,,cherisse.persad@gmail.com
SRC0277,2893:2005-11:Paralomis multispina,EVT0042,VIS00273,,Paralomis multispina,+,Braby abundance category,Faunal observation,Whale-fall analysis,,,,,,,,,,36.6131,-122.4341,2893,,,cherisse.persad@gmail.com
SRC0277,2893:2006-01:Paralomis multispina,EVT0042,VIS00274,,Paralomis multispina,+,Braby abundance category,Faunal observation,Whale-fall analysis,,,,,,,,,,36.6131,-122.4341,2893,,,cherisse.persad@gmail.com
SRC0277,2893:2006-05:Paralomis multispina,EVT0042,VIS00275,,Paralomis multispina,+,Braby abundance category,Faunal observation,Whale-fall analysis,,,,,,,,,,36.6131,-122.4341,2893,,,cherisse.persad@gmail.com
SRC0277,2893:2002-02:Asteroidea unidentified,EVT0042,VIS00264,,Asteroidea unidentified,+,Braby abundance category,Faunal observation,Whale-fall analysis,,,,,,,,,,36.6131,-122.4341,2893,,,cherisse.persad@gmail.com
SRC0277,2893:2002-10:Asteroidea unidentified,EVT0042,VIS00266,,Asteroidea unidentified,+,Braby abundance category,Faunal observation,Whale-fall analysis,,,,,,,,,,36.6131,-122.4341,2893,,,cherisse.persad@gmail.com
SRC0277,2893:2004-01:Asteroidea unidentified,EVT0042,VIS00268,,Asteroidea unidentified,+,Braby abundance category,Faunal observation,Whale-fall analysis,,,,,,,,,,36.6131,-122.4341,2893,,,cherisse.persad@gmail.com
SRC0277,2893:2004-05:Asteroidea unidentified,EVT0042,VIS00269,,Asteroidea unidentified,+,Braby abundance category,Faunal observation,Whale-fall analysis,,,,,,,,,,36.6131,-122.4341,2893,,,cherisse.persad@gmail.com
SRC0277,2893:2004-11:Asteroidea unidentified,EVT0042,VIS00271,,Asteroidea unidentified,+,Braby abundance category,Faunal observation,Whale-fall analysis,,,,,,,,,,36.6131,-122.4341,2893,,,cherisse.persad@gmail.com
SRC0277,2893:2006-01:Florometra serratissima,EVT0042,VIS00274,,Florometra serratissima,++,Braby abundance category,Faunal observation,Whale-fall analysis,,,,,,,,,,36.6131,-122.4341,2893,,,cherisse.persad@gmail.com
SRC0277,2893:2005-11:Tromikosoma panamense,EVT0042,VIS00273,,Tromikosoma panamense,+,Braby abundance category,Faunal observation,Whale-fall analysis,,,,,,,,,,36.6131,-122.4341,2893,,,cherisse.persad@gmail.com
SRC0277,2893:2006-01:Tromikosoma panamense,EVT0042,VIS00274,,Tromikosoma panamense,++,Braby abundance category,Faunal observation,Whale-fall analysis,,,,,,,,,,36.6131,-122.4341,2893,,,cherisse.persad@gmail.com
SRC0277,2893:2002-03:Holothuroidea unidentified,EVT0042,VIS00265,,Holothuroidea unidentified,+,Braby abundance category,Faunal observation,Whale-fall analysis,,,,,,,,,,36.6131,-122.4341,2893,,,cherisse.persad@gmail.com
SRC0277,2893:2002-10:Holothuroidea unidentified,EVT0042,VIS00266,,Holothuroidea unidentified,+,Braby abundance category,Faunal observation,Whale-fall analysis,,,,,,,,,,36.6131,-122.4341,2893,,,cherisse.persad@gmail.com
SRC0277,2893:2003-08:Holothuroidea unidentified,EVT0042,VIS00267,,Holothuroidea unidentified,+,Braby abundance category,Faunal observation,Whale-fall analysis,,,,,,,,,,36.6131,-122.4341,2893,,,cherisse.persad@gmail.com
SRC0277,2893:2004-05:Holothuroidea unidentified,EVT0042,VIS00269,,Holothuroidea unidentified,+,Braby abundance category,Faunal observation,Whale-fall analysis,,,,,,,,,,36.6131,-122.4341,2893,,,cherisse.persad@gmail.com
SRC0277,2893:2005-01:Holothuroidea unidentified,EVT0042,VIS00272,,Holothuroidea unidentified,+,Braby abundance category,Faunal observation,Whale-fall analysis,,,,,,,,,,36.6131,-122.4341,2893,,,cherisse.persad@gmail.com
SRC0277,2893:2005-11:Holothuroidea unidentified,EVT0042,VIS00273,,Holothuroidea unidentified,+,Braby abundance category,Faunal observation,Whale-fall analysis,,,,,,,,,,36.6131,-122.4341,2893,,,cherisse.persad@gmail.com
SRC0277,2893:2006-01:Holothuroidea unidentified,EVT0042,VIS00274,,Holothuroidea unidentified,+,Braby abundance category,Faunal observation,Whale-fall analysis,,,,,,,,,,36.6131,-122.4341,2893,,,cherisse.persad@gmail.com
SRC0277,2893:2006-05:Holothuroidea unidentified,EVT0042,VIS00275,,Holothuroidea unidentified,+,Braby abundance category,Faunal observation,Whale-fall analysis,,,,,,,,,,36.6131,-122.4341,2893,,,cherisse.persad@gmail.com
SRC0277,2893:2002-03:Pannychia moseleyi,EVT0042,VIS00265,,Pannychia moseleyi,+,Braby abundance category,Faunal observation,Whale-fall analysis,,,,,,,,,,36.6131,-122.4341,2893,,,cherisse.persad@gmail.com
SRC0277,2893:2002-10:Pannychia moseleyi,EVT0042,VIS00266,,Pannychia moseleyi,+,Braby abundance category,Faunal observation,Whale-fall analysis,,,,,,,,,,36.6131,-122.4341,2893,,,cherisse.persad@gmail.com
SRC0277,2893:2002-03:Paelopadites sp.,EVT0042,VIS00265,,Paelopadites sp.,+,Braby abundance category,Faunal observation,Whale-fall analysis,,,,,,,,,,36.6131,-122.4341,2893,,,cherisse.persad@gmail.com
SRC0277,2893:2002-10:Paelopadites sp.,EVT0042,VIS00266,,Paelopadites sp.,+,Braby abundance category,Faunal observation,Whale-fall analysis,,,,,,,,,,36.6131,-122.4341,2893,,,cherisse.persad@gmail.com
SRC0277,2893:2003-08:Paelopadites sp.,EVT0042,VIS00267,,Paelopadites sp.,+,Braby abundance category,Faunal observation,Whale-fall analysis,,,,,,,,,,36.6131,-122.4341,2893,,,cherisse.persad@gmail.com
SRC0277,2893:2004-01:Paelopadites sp.,EVT0042,VIS00268,,Paelopadites sp.,+,Braby abundance category,Faunal observation,Whale-fall analysis,,,,,,,,,,36.6131,-122.4341,2893,,,cherisse.persad@gmail.com
SRC0277,2893:2004-05:Paelopadites sp.,EVT0042,VIS00269,,Paelopadites sp.,+,Braby abundance category,Faunal observation,Whale-fall analysis,,,,,,,,,,36.6131,-122.4341,2893,,,cherisse.persad@gmail.com
SRC0277,2893:2004-11:Paelopadites sp.,EVT0042,VIS00271,,Paelopadites sp.,+,Braby abundance category,Faunal observation,Whale-fall analysis,,,,,,,,,,36.6131,-122.4341,2893,,,cherisse.persad@gmail.com
SRC0277,2893:2005-01:Paelopadites sp.,EVT0042,VIS00272,,Paelopadites sp.,+,Braby abundance category,Faunal observation,Whale-fall analysis,,,,,,,,,,36.6131,-122.4341,2893,,,cherisse.persad@gmail.com
SRC0277,2893:2005-11:Paelopadites sp.,EVT0042,VIS00273,,Paelopadites sp.,+,Braby abundance category,Faunal observation,Whale-fall analysis,,,,,,,,,,36.6131,-122.4341,2893,,,cherisse.persad@gmail.com
SRC0277,2893:2006-01:Paelopadites sp.,EVT0042,VIS00274,,Paelopadites sp.,+,Braby abundance category,Faunal observation,Whale-fall analysis,,,,,,,,,,36.6131,-122.4341,2893,,,cherisse.persad@gmail.com
SRC0277,2893:2006-05:Paelopadites sp.,EVT0042,VIS00275,,Paelopadites sp.,+,Braby abundance category,Faunal observation,Whale-fall analysis,,,,,,,,,,36.6131,-122.4341,2893,,,cherisse.persad@gmail.com
SRC0277,2893:2002-02:Scotoplanes clarki,EVT0042,VIS00264,,Scotoplanes clarki,+++,Braby abundance category,Faunal observation,Whale-fall analysis,,,,,,,,,,36.6131,-122.4341,2893,,,cherisse.persad@gmail.com
SRC0277,2893:2002-03:Scotoplanes clarki,EVT0042,VIS00265,,Scotoplanes clarki,+++,Braby abundance category,Faunal observation,Whale-fall analysis,,,,,,,,,,36.6131,-122.4341,2893,,,cherisse.persad@gmail.com
SRC0277,2893:2002-10:Scotoplanes clarki,EVT0042,VIS00266,,Scotoplanes clarki,+,Braby abundance category,Faunal observation,Whale-fall analysis,,,,,,,,,,36.6131,-122.4341,2893,,,cherisse.persad@gmail.com
SRC0277,"2893:2002-02:Ophiuroidea, multiple species",EVT0042,VIS00264,,"Ophiuroidea, multiple species",+++,Braby abundance category,Faunal observation,Whale-fall analysis,,,,,,,,,,36.6131,-122.4341,2893,,,cherisse.persad@gmail.com
SRC0277,"2893:2002-03:Ophiuroidea, multiple species",EVT0042,VIS00265,,"Ophiuroidea, multiple species",+++,Braby abundance category,Faunal observation,Whale-fall analysis,,,,,,,,,,36.6131,-122.4341,2893,,,cherisse.persad@gmail.com
SRC0277,"2893:2002-10:Ophiuroidea, multiple species",EVT0042,VIS00266,,"Ophiuroidea, multiple species",+++,Braby abundance category,Faunal observation,Whale-fall analysis,,,,,,,,,,36.6131,-122.4341,2893,,,cherisse.persad@gmail.com
SRC0277,"2893:2004-05:Ophiuroidea, multiple species",EVT0042,VIS00269,,"Ophiuroidea, multiple species",+,Braby abundance category,Faunal observation,Whale-fall analysis,,,,,,,,,,36.6131,-122.4341,2893,,,cherisse.persad@gmail.com
SRC0277,2893:2003-08:Rajiformes unidentified,EVT0042,VIS00267,,Rajiformes unidentified,+,Braby abundance category,Faunal observation,Whale-fall analysis,,,,,,,,,,36.6131,-122.4341,2893,,,cherisse.persad@gmail.com
SRC0277,2893:2004-05:Rajiformes unidentified,EVT0042,VIS00269,,Rajiformes unidentified,+,Braby abundance category,Faunal observation,Whale-fall analysis,,,,,,,,,,36.6131,-122.4341,2893,,,cherisse.persad@gmail.com
SRC0277,2893:2004-09:Rajiformes unidentified,EVT0042,VIS00270,,Rajiformes unidentified,+,Braby abundance category,Faunal observation,Whale-fall analysis,,,,,,,,,,36.6131,-122.4341,2893,,,cherisse.persad@gmail.com
SRC0277,2893:2005-11:Rajiformes unidentified,EVT0042,VIS00273,,Rajiformes unidentified,+,Braby abundance category,Faunal observation,Whale-fall analysis,,,,,,,,,,36.6131,-122.4341,2893,,,cherisse.persad@gmail.com
SRC0277,2893:2006-05:Rajiformes unidentified,EVT0042,VIS00275,,Rajiformes unidentified,+,Braby abundance category,Faunal observation,Whale-fall analysis,,,,,,,,,,36.6131,-122.4341,2893,,,cherisse.persad@gmail.com
SRC0277,2893:2004-01:Aldrovandia sp.,EVT0042,VIS00268,,Aldrovandia sp.,+,Braby abundance category,Faunal observation,Whale-fall analysis,,,,,,,,,,36.6131,-122.4341,2893,,,cherisse.persad@gmail.com
SRC0277,2893:2004-01:Liparidae unidentified,EVT0042,VIS00268,,Liparidae unidentified,+,Braby abundance category,Faunal observation,Whale-fall analysis,,,,,,,,,,36.6131,-122.4341,2893,,,cherisse.persad@gmail.com
SRC0277,2893:2004-05:Liparidae unidentified,EVT0042,VIS00269,,Liparidae unidentified,+,Braby abundance category,Faunal observation,Whale-fall analysis,,,,,,,,,,36.6131,-122.4341,2893,,,cherisse.persad@gmail.com
SRC0277,2893:2005-01:Liparidae unidentified,EVT0042,VIS00272,,Liparidae unidentified,+,Braby abundance category,Faunal observation,Whale-fall analysis,,,,,,,,,,36.6131,-122.4341,2893,,,cherisse.persad@gmail.com
SRC0277,2893:2002-02:Coryphaenoides spp.,EVT0042,VIS00264,,Coryphaenoides spp.,+,Braby abundance category,Faunal observation,Whale-fall analysis,,,,,,,,,,36.6131,-122.4341,2893,,,cherisse.persad@gmail.com
SRC0277,2893:2002-03:Coryphaenoides spp.,EVT0042,VIS00265,,Coryphaenoides spp.,+,Braby abundance category,Faunal observation,Whale-fall analysis,,,,,,,,,,36.6131,-122.4341,2893,,,cherisse.persad@gmail.com
SRC0277,2893:2002-10:Coryphaenoides spp.,EVT0042,VIS00266,,Coryphaenoides spp.,+,Braby abundance category,Faunal observation,Whale-fall analysis,,,,,,,,,,36.6131,-122.4341,2893,,,cherisse.persad@gmail.com
SRC0277,2893:2003-08:Coryphaenoides spp.,EVT0042,VIS00267,,Coryphaenoides spp.,+,Braby abundance category,Faunal observation,Whale-fall analysis,,,,,,,,,,36.6131,-122.4341,2893,,,cherisse.persad@gmail.com
SRC0277,2893:2004-01:Coryphaenoides spp.,EVT0042,VIS00268,,Coryphaenoides spp.,+,Braby abundance category,Faunal observation,Whale-fall analysis,,,,,,,,,,36.6131,-122.4341,2893,,,cherisse.persad@gmail.com
SRC0277,2893:2004-05:Coryphaenoides spp.,EVT0042,VIS00269,,Coryphaenoides spp.,+,Braby abundance category,Faunal observation,Whale-fall analysis,,,,,,,,,,36.6131,-122.4341,2893,,,cherisse.persad@gmail.com
SRC0277,2893:2004-09:Coryphaenoides spp.,EVT0042,VIS00270,,Coryphaenoides spp.,+,Braby abundance category,Faunal observation,Whale-fall analysis,,,,,,,,,,36.6131,-122.4341,2893,,,cherisse.persad@gmail.com
SRC0277,2893:2004-11:Coryphaenoides spp.,EVT0042,VIS00271,,Coryphaenoides spp.,+,Braby abundance category,Faunal observation,Whale-fall analysis,,,,,,,,,,36.6131,-122.4341,2893,,,cherisse.persad@gmail.com
SRC0277,2893:2005-01:Coryphaenoides spp.,EVT0042,VIS00272,,Coryphaenoides spp.,+,Braby abundance category,Faunal observation,Whale-fall analysis,,,,,,,,,,36.6131,-122.4341,2893,,,cherisse.persad@gmail.com
SRC0277,2893:2005-11:Coryphaenoides spp.,EVT0042,VIS00273,,Coryphaenoides spp.,+,Braby abundance category,Faunal observation,Whale-fall analysis,,,,,,,,,,36.6131,-122.4341,2893,,,cherisse.persad@gmail.com
SRC0277,2893:2006-01:Coryphaenoides spp.,EVT0042,VIS00274,,Coryphaenoides spp.,+,Braby abundance category,Faunal observation,Whale-fall analysis,,,,,,,,,,36.6131,-122.4341,2893,,,cherisse.persad@gmail.com
SRC0277,2893:2006-05:Coryphaenoides spp.,EVT0042,VIS00275,,Coryphaenoides spp.,+,Braby abundance category,Faunal observation,Whale-fall analysis,,,,,,,,,,36.6131,-122.4341,2893,,,cherisse.persad@gmail.com
SRC0277,2893:2003-08:Spectrunculus grandis,EVT0042,VIS00267,,Spectrunculus grandis,+,Braby abundance category,Faunal observation,Whale-fall analysis,,,,,,,,,,36.6131,-122.4341,2893,,,cherisse.persad@gmail.com
SRC0277,2893:2004-01:Spectrunculus grandis,EVT0042,VIS00268,,Spectrunculus grandis,++,Braby abundance category,Faunal observation,Whale-fall analysis,,,,,,,,,,36.6131,-122.4341,2893,,,cherisse.persad@gmail.com
SRC0277,2893:2004-09:Spectrunculus grandis,EVT0042,VIS00270,,Spectrunculus grandis,+,Braby abundance category,Faunal observation,Whale-fall analysis,,,,,,,,,,36.6131,-122.4341,2893,,,cherisse.persad@gmail.com
SRC0277,2893:2004-11:Spectrunculus grandis,EVT0042,VIS00271,,Spectrunculus grandis,++,Braby abundance category,Faunal observation,Whale-fall analysis,,,,,,,,,,36.6131,-122.4341,2893,,,cherisse.persad@gmail.com
SRC0277,2893:2005-01:Spectrunculus grandis,EVT0042,VIS00272,,Spectrunculus grandis,++,Braby abundance category,Faunal observation,Whale-fall analysis,,,,,,,,,,36.6131,-122.4341,2893,,,cherisse.persad@gmail.com
SRC0277,2893:2002-10:Zoarcidae unidentified,EVT0042,VIS00266,,Zoarcidae unidentified,+,Braby abundance category,Faunal observation,Whale-fall analysis,,,,,,,,,,36.6131,-122.4341,2893,,,cherisse.persad@gmail.com
SRC0277,2893:2003-08:Zoarcidae unidentified,EVT0042,VIS00267,,Zoarcidae unidentified,+,Braby abundance category,Faunal observation,Whale-fall analysis,,,,,,,,,,36.6131,-122.4341,2893,,,cherisse.persad@gmail.com
SRC0277,2893:2004-01:Zoarcidae unidentified,EVT0042,VIS00268,,Zoarcidae unidentified,+,Braby abundance category,Faunal observation,Whale-fall analysis,,,,,,,,,,36.6131,-122.4341,2893,,,cherisse.persad@gmail.com
SRC0277,2893:2004-05:Zoarcidae unidentified,EVT0042,VIS00269,,Zoarcidae unidentified,+,Braby abundance category,Faunal observation,Whale-fall analysis,,,,,,,,,,36.6131,-122.4341,2893,,,cherisse.persad@gmail.com
SRC0277,2893:2004-11:Zoarcidae unidentified,EVT0042,VIS00271,,Zoarcidae unidentified,+,Braby abundance category,Faunal observation,Whale-fall analysis,,,,,,,,,,36.6131,-122.4341,2893,,,cherisse.persad@gmail.com
SRC0277,2893:2005-01:Zoarcidae unidentified,EVT0042,VIS00272,,Zoarcidae unidentified,+,Braby abundance category,Faunal observation,Whale-fall analysis,,,,,,,,,,36.6131,-122.4341,2893,,,cherisse.persad@gmail.com
SRC0277,2893:2005-11:Zoarcidae unidentified,EVT0042,VIS00273,,Zoarcidae unidentified,+,Braby abundance category,Faunal observation,Whale-fall analysis,,,,,,,,,,36.6131,-122.4341,2893,,,cherisse.persad@gmail.com
SRC0277,2893:2006-01:Zoarcidae unidentified,EVT0042,VIS00274,,Zoarcidae unidentified,+,Braby abundance category,Faunal observation,Whale-fall analysis,,,,,,,,,,36.6131,-122.4341,2893,,,cherisse.persad@gmail.com
SRC0277,2893:2006-05:Zoarcidae unidentified,EVT0042,VIS00275,,Zoarcidae unidentified,+,Braby abundance category,Faunal observation,Whale-fall analysis,,,,,,,,,,36.6131,-122.4341,2893,,,cherisse.persad@gmail.com
SRC0277,2893:2005-01:Lycodapus sp.,EVT0042,VIS00272,,Lycodapus sp.,+,Braby abundance category,Faunal observation,Whale-fall analysis,,,,,,,,,,36.6131,-122.4341,2893,,,cherisse.persad@gmail.com
SRC0277,2893:2005-11:Lycodapus sp.,EVT0042,VIS00273,,Lycodapus sp.,+,Braby abundance category,Faunal observation,Whale-fall analysis,,,,,,,,,,36.6131,-122.4341,2893,,,cherisse.persad@gmail.com
SRC0277,2893:2004-01:Lycodes sp.,EVT0042,VIS00268,,Lycodes sp.,+,Braby abundance category,Faunal observation,Whale-fall analysis,,,,,,,,,,36.6131,-122.4341,2893,,,cherisse.persad@gmail.com
SRC0277,2893:2004-05:Lycodes sp.,EVT0042,VIS00269,,Lycodes sp.,+,Braby abundance category,Faunal observation,Whale-fall analysis,,,,,,,,,,36.6131,-122.4341,2893,,,cherisse.persad@gmail.com
SRC0277,2893:2004-11:Lycodes sp.,EVT0042,VIS00271,,Lycodes sp.,+,Braby abundance category,Faunal observation,Whale-fall analysis,,,,,,,,,,36.6131,-122.4341,2893,,,cherisse.persad@gmail.com
SRC0277,2893:2004-01:Lycenchelys sp.,EVT0042,VIS00268,,Lycenchelys sp.,+,Braby abundance category,Faunal observation,Whale-fall analysis,,,,,,,,,,36.6131,-122.4341,2893,,,cherisse.persad@gmail.com
SRC0277,2893:2005-01:Lycenchelys sp.,EVT0042,VIS00272,,Lycenchelys sp.,+,Braby abundance category,Faunal observation,Whale-fall analysis,,,,,,,,,,36.6131,-122.4341,2893,,,cherisse.persad@gmail.com
SRC0277,2893:2006-01:Lycenchelys sp.,EVT0042,VIS00274,,Lycenchelys sp.,+,Braby abundance category,Faunal observation,Whale-fall analysis,,,,,,,,,,36.6131,-122.4341,2893,,,cherisse.persad@gmail.com
SRC0277,2893:2002-10:Pachycara sp.,EVT0042,VIS00266,,Pachycara sp.,+,Braby abundance category,Faunal observation,Whale-fall analysis,,,,,,,,,,36.6131,-122.4341,2893,,,cherisse.persad@gmail.com
SRC0277,2893:2005-01:Pachycara sp.,EVT0042,VIS00272,,Pachycara sp.,+,Braby abundance category,Faunal observation,Whale-fall analysis,,,,,,,,,,36.6131,-122.4341,2893,,,cherisse.persad@gmail.com
SRC0277,2893:2006-01:Pachycara sp.,EVT0042,VIS00274,,Pachycara sp.,+,Braby abundance category,Faunal observation,Whale-fall analysis,,,,,,,,,,36.6131,-122.4341,2893,,,cherisse.persad@gmail.com
SRC0277,1820:2006-05:Hirudinea unidentified,EVT0061,VIS00276,,Hirudinea unidentified,+,Braby abundance category,Faunal observation,Whale-fall analysis,,,,,,,,,,36.7081,-122.1051,1820,,,cherisse.persad@gmail.com
SRC0277,1820:2006-05:Dorvilleidae unidentified,EVT0061,VIS00276,,Dorvilleidae unidentified,+++,Braby abundance category,Faunal observation,Whale-fall analysis,,,,,,,,,,36.7081,-122.1051,1820,,,cherisse.persad@gmail.com
SRC0277,1820:2006-05:Osedax rubiplumus,EVT0061,VIS00276,,Osedax rubiplumus,+,Braby abundance category,Faunal observation,Whale-fall analysis,,,,,,,,,,36.7081,-122.1051,1820,,,cherisse.persad@gmail.com
SRC0277,"1820:2006-05:Protobranchia, 2 new species",EVT0061,VIS00276,,"Protobranchia, 2 new species",+,Braby abundance category,Faunal observation,Whale-fall analysis,,,,,,,,,,36.7081,-122.1051,1820,,,cherisse.persad@gmail.com
SRC0277,1820:2006-05:Gammarid amphipod unidentified,EVT0061,VIS00276,,Gammarid amphipod unidentified,+,Braby abundance category,Faunal observation,Whale-fall analysis,,,,,,,,,,36.7081,-122.1051,1820,,,cherisse.persad@gmail.com
SRC0277,1820:2006-05:Paralomis verrilli,EVT0061,VIS00276,,Paralomis verrilli,+++,Braby abundance category,Faunal observation,Whale-fall analysis,,,,,,,,,,36.7081,-122.1051,1820,,,cherisse.persad@gmail.com
SRC0277,1820:2006-05:Holothuroidea unidentified,EVT0061,VIS00276,,Holothuroidea unidentified,+,Braby abundance category,Faunal observation,Whale-fall analysis,,,,,,,,,,36.7081,-122.1051,1820,,,cherisse.persad@gmail.com
SRC0277,1820:2006-05:Ophiuroidea unidentified,EVT0061,VIS00276,,Ophiuroidea unidentified,+++,Braby abundance category,Faunal observation,Whale-fall analysis,,,,,,,,,,36.7081,-122.1051,1820,,,cherisse.persad@gmail.com
SRC0277,1820:2006-05:Liparidae unidentified,EVT0061,VIS00276,,Liparidae unidentified,+,Braby abundance category,Faunal observation,Whale-fall analysis,,,,,,,,,,36.7081,-122.1051,1820,,,cherisse.persad@gmail.com
SRC0277,1820:2006-05:Coryphaenoides spp.,EVT0061,VIS00276,,Coryphaenoides spp.,+++,Braby abundance category,Faunal observation,Whale-fall analysis,,,,,,,,,,36.7081,-122.1051,1820,,,cherisse.persad@gmail.com
SRC0277,1820:2006-05:Psychrolutes phrictus,EVT0061,VIS00276,,Psychrolutes phrictus,+,Braby abundance category,Faunal observation,Whale-fall analysis,,,,,,,,,,36.7081,-122.1051,1820,,,cherisse.persad@gmail.com
SRC0277,1820:2006-05:Zoarcidae,EVT0061,VIS00276,,Zoarcidae,+,Braby abundance category,Faunal observation,Whale-fall analysis,,,,,,,,,,36.7081,-122.1051,1820,,,cherisse.persad@gmail.com
SRC0277,1018:2004-12:Bacterial mat,EVT0041,VIS00277,,,+,Braby abundance category,Non-faunal observation,Source-specific only,,,,,,,,,,36.7721,-122.0831,1018,,,cherisse.persad@gmail.com
SRC0277,1018:2005-01:Bacterial mat,EVT0041,VIS00278,,,+,Braby abundance category,Non-faunal observation,Source-specific only,,,,,,,,,,36.7721,-122.0831,1018,,,cherisse.persad@gmail.com
SRC0277,1018:2005-02:Bacterial mat,EVT0041,VIS00279,,,+,Braby abundance category,Non-faunal observation,Source-specific only,,,,,,,,,,36.7721,-122.0831,1018,,,cherisse.persad@gmail.com
SRC0277,1018:2005-07:Bacterial mat,EVT0041,VIS00280,,,+,Braby abundance category,Non-faunal observation,Source-specific only,,,,,,,,,,36.7721,-122.0831,1018,,,cherisse.persad@gmail.com
SRC0277,1018:2005-11:Bacterial mat,EVT0041,VIS00281,,,+,Braby abundance category,Non-faunal observation,Source-specific only,,,,,,,,,,36.7721,-122.0831,1018,,,cherisse.persad@gmail.com
SRC0277,1018:2006-01:Bacterial mat,EVT0041,VIS00282,,,+++,Braby abundance category,Non-faunal observation,Source-specific only,,,,,,,,,,36.7721,-122.0831,1018,,,cherisse.persad@gmail.com
SRC0277,1018:2006-05:Bacterial mat,EVT0041,VIS00283,,,+++,Braby abundance category,Non-faunal observation,Source-specific only,,,,,,,,,,36.7721,-122.0831,1018,,,cherisse.persad@gmail.com
SRC0277,1018:2005-11:Phyllospadix sp. debris,EVT0041,VIS00281,,,+,Braby abundance category,Non-faunal observation,Source-specific only,,,,,,,,,,36.7721,-122.0831,1018,,,cherisse.persad@gmail.com
SRC0277,1018:2006-01:Phyllospadix sp. debris,EVT0041,VIS00282,,,+,Braby abundance category,Non-faunal observation,Source-specific only,,,,,,,,,,36.7721,-122.0831,1018,,,cherisse.persad@gmail.com
SRC0277,1018:2005-11:Phaeophycophyta debris,EVT0041,VIS00281,,,+,Braby abundance category,Non-faunal observation,Source-specific only,,,,,,,,,,36.7721,-122.0831,1018,,,cherisse.persad@gmail.com
SRC0277,1018:2006-01:Phaeophycophyta debris,EVT0041,VIS00282,,,+,Braby abundance category,Non-faunal observation,Source-specific only,,,,,,,,,,36.7721,-122.0831,1018,,,cherisse.persad@gmail.com
SRC0277,1018:2004-12:Actiniaria unidentified,EVT0041,VIS00277,,Actiniaria unidentified,+,Braby abundance category,Faunal observation,Whale-fall analysis,,,,,,,,,,36.7721,-122.0831,1018,,,cherisse.persad@gmail.com
SRC0277,1018:2005-01:Actiniaria unidentified,EVT0041,VIS00278,,Actiniaria unidentified,+,Braby abundance category,Faunal observation,Whale-fall analysis,,,,,,,,,,36.7721,-122.0831,1018,,,cherisse.persad@gmail.com
SRC0277,1018:2005-07:Actiniaria unidentified,EVT0041,VIS00280,,Actiniaria unidentified,+,Braby abundance category,Faunal observation,Whale-fall analysis,,,,,,,,,,36.7721,-122.0831,1018,,,cherisse.persad@gmail.com
SRC0277,1018:2005-11:Actiniaria unidentified,EVT0041,VIS00281,,Actiniaria unidentified,+,Braby abundance category,Faunal observation,Whale-fall analysis,,,,,,,,,,36.7721,-122.0831,1018,,,cherisse.persad@gmail.com
SRC0277,1018:2006-05:Actiniaria unidentified,EVT0041,VIS00283,,Actiniaria unidentified,+,Braby abundance category,Faunal observation,Whale-fall analysis,,,,,,,,,,36.7721,-122.0831,1018,,,cherisse.persad@gmail.com
SRC0277,1018:2005-01:Anthomastus ritteri,EVT0041,VIS00278,,Anthomastus ritteri,+,Braby abundance category,Faunal observation,Whale-fall analysis,,,,,,,,,,36.7721,-122.0831,1018,,,cherisse.persad@gmail.com
SRC0277,1018:2005-01:Dorvilleidae unidentified,EVT0041,VIS00278,,Dorvilleidae unidentified,+++,Braby abundance category,Faunal observation,Whale-fall analysis,,,,,,,,,,36.7721,-122.0831,1018,,,cherisse.persad@gmail.com
SRC0277,1018:2005-02:Dorvilleidae unidentified,EVT0041,VIS00279,,Dorvilleidae unidentified,+,Braby abundance category,Faunal observation,Whale-fall analysis,,,,,,,,,,36.7721,-122.0831,1018,,,cherisse.persad@gmail.com
SRC0277,1018:2006-05:Eunicidae unidentified,EVT0041,VIS00283,,Eunicidae unidentified,+,Braby abundance category,Faunal observation,Whale-fall analysis,,,,,,,,,,36.7721,-122.0831,1018,,,cherisse.persad@gmail.com
SRC0277,1018:2005-07:Polynoidae unidentified,EVT0041,VIS00280,,Polynoidae unidentified,+,Braby abundance category,Faunal observation,Whale-fall analysis,,,,,,,,,,36.7721,-122.0831,1018,,,cherisse.persad@gmail.com
SRC0277,1018:2005-11:Polynoidae unidentified,EVT0041,VIS00281,,Polynoidae unidentified,+,Braby abundance category,Faunal observation,Whale-fall analysis,,,,,,,,,,36.7721,-122.0831,1018,,,cherisse.persad@gmail.com
SRC0277,1018:2006-01:Polynoidae unidentified,EVT0041,VIS00282,,Polynoidae unidentified,+,Braby abundance category,Faunal observation,Whale-fall analysis,,,,,,,,,,36.7721,-122.0831,1018,,,cherisse.persad@gmail.com
SRC0277,1018:2006-05:Polynoidae unidentified,EVT0041,VIS00283,,Polynoidae unidentified,+,Braby abundance category,Faunal observation,Whale-fall analysis,,,,,,,,,,36.7721,-122.0831,1018,,,cherisse.persad@gmail.com
SRC0277,"1018:2004-12:Osedax ""rosy""",EVT0041,VIS00277,,"Osedax ""rosy""",+,Braby abundance category,Faunal observation,Whale-fall analysis,,,,,,,,,,36.7721,-122.0831,1018,,,cherisse.persad@gmail.com
SRC0277,"1018:2005-01:Osedax ""rosy""",EVT0041,VIS00278,,"Osedax ""rosy""",++,Braby abundance category,Faunal observation,Whale-fall analysis,,,,,,,,,,36.7721,-122.0831,1018,,,cherisse.persad@gmail.com
SRC0277,"1018:2005-02:Osedax ""rosy""",EVT0041,VIS00279,,"Osedax ""rosy""",+++,Braby abundance category,Faunal observation,Whale-fall analysis,,,,,,,,,,36.7721,-122.0831,1018,,,cherisse.persad@gmail.com
SRC0277,"1018:2005-07:Osedax ""rosy""",EVT0041,VIS00280,,"Osedax ""rosy""",++,Braby abundance category,Faunal observation,Whale-fall analysis,,,,,,,,,,36.7721,-122.0831,1018,,,cherisse.persad@gmail.com
SRC0277,"1018:2005-11:Osedax ""rosy""",EVT0041,VIS00281,,"Osedax ""rosy""",++,Braby abundance category,Faunal observation,Whale-fall analysis,,,,,,,,,,36.7721,-122.0831,1018,,,cherisse.persad@gmail.com
SRC0277,"1018:2006-01:Osedax ""rosy""",EVT0041,VIS00282,,"Osedax ""rosy""",++,Braby abundance category,Faunal observation,Whale-fall analysis,,,,,,,,,,36.7721,-122.0831,1018,,,cherisse.persad@gmail.com
SRC0277,"1018:2006-05:Osedax ""rosy""",EVT0041,VIS00283,,"Osedax ""rosy""",+,Braby abundance category,Faunal observation,Whale-fall analysis,,,,,,,,,,36.7721,-122.0831,1018,,,cherisse.persad@gmail.com
SRC0277,1018:2006-05:Idas washingtonia,EVT0041,VIS00283,,Idas washingtonia,+,Braby abundance category,Faunal observation,Whale-fall analysis,,,,,,,,,,36.7721,-122.0831,1018,,,cherisse.persad@gmail.com
SRC0277,1018:2006-05:Nuculana sp.,EVT0041,VIS00283,,Nuculana sp.,+,Braby abundance category,Faunal observation,Whale-fall analysis,,,,,,,,,,36.7721,-122.0831,1018,,,cherisse.persad@gmail.com
SRC0277,1018:2006-05:Thyasira sp.,EVT0041,VIS00283,,Thyasira sp.,+,Braby abundance category,Faunal observation,Whale-fall analysis,,,,,,,,,,36.7721,-122.0831,1018,,,cherisse.persad@gmail.com
SRC0277,"1018:2006-05:Protobranchia, 1 new species",EVT0041,VIS00283,,"Protobranchia, 1 new species",+,Braby abundance category,Faunal observation,Whale-fall analysis,,,,,,,,,,36.7721,-122.0831,1018,,,cherisse.persad@gmail.com
SRC0277,"1018:2005-07:Buccinidae, 2 species",EVT0041,VIS00280,,"Buccinidae, 2 species",+,Braby abundance category,Faunal observation,Whale-fall analysis,,,,,,,,,,36.7721,-122.0831,1018,,,cherisse.persad@gmail.com
SRC0277,"1018:2005-11:Buccinidae, 2 species",EVT0041,VIS00281,,"Buccinidae, 2 species",+,Braby abundance category,Faunal observation,Whale-fall analysis,,,,,,,,,,36.7721,-122.0831,1018,,,cherisse.persad@gmail.com
SRC0277,"1018:2006-01:Buccinidae, 2 species",EVT0041,VIS00282,,"Buccinidae, 2 species",+++,Braby abundance category,Faunal observation,Whale-fall analysis,,,,,,,,,,36.7721,-122.0831,1018,,,cherisse.persad@gmail.com
SRC0277,"1018:2006-05:Buccinidae, 2 species",EVT0041,VIS00283,,"Buccinidae, 2 species",+++,Braby abundance category,Faunal observation,Whale-fall analysis,,,,,,,,,,36.7721,-122.0831,1018,,,cherisse.persad@gmail.com
SRC0277,1018:2005-07:Neptunea spp.,EVT0041,VIS00280,,Neptunea spp.,+,Braby abundance category,Faunal observation,Whale-fall analysis,,,,,,,,,,36.7721,-122.0831,1018,,,cherisse.persad@gmail.com
SRC0277,1018:2005-11:Neptunea spp.,EVT0041,VIS00281,,Neptunea spp.,+,Braby abundance category,Faunal observation,Whale-fall analysis,,,,,,,,,,36.7721,-122.0831,1018,,,cherisse.persad@gmail.com
SRC0277,1018:2006-01:Neptunea spp.,EVT0041,VIS00282,,Neptunea spp.,+++,Braby abundance category,Faunal observation,Whale-fall analysis,,,,,,,,,,36.7721,-122.0831,1018,,,cherisse.persad@gmail.com
SRC0277,1018:2006-05:Neptunea spp.,EVT0041,VIS00283,,Neptunea spp.,+++,Braby abundance category,Faunal observation,Whale-fall analysis,,,,,,,,,,36.7721,-122.0831,1018,,,cherisse.persad@gmail.com
SRC0277,"1018:2006-05:Hyalogyrinidae, 1 new species",EVT0041,VIS00283,,"Hyalogyrinidae, 1 new species",+++,Braby abundance category,Faunal observation,Whale-fall analysis,,,,,,,,,,36.7721,-122.0831,1018,,,cherisse.persad@gmail.com
SRC0277,1018:2006-01:Aeolidacea new species,EVT0041,VIS00282,,Aeolidacea new species,+,Braby abundance category,Faunal observation,Whale-fall analysis,,,,,,,,,,36.7721,-122.0831,1018,,,cherisse.persad@gmail.com
SRC0277,1018:2006-05:Octopoda,EVT0041,VIS00283,,Octopoda,+,Braby abundance category,Faunal observation,Whale-fall analysis,,,,,,,,,,36.7721,-122.0831,1018,,,cherisse.persad@gmail.com
SRC0277,"1018:2005-01:Gammarid amphipods, 2 species",EVT0041,VIS00278,,"Gammarid amphipods, 2 species",+,Braby abundance category,Faunal observation,Whale-fall analysis,,,,,,,,,,36.7721,-122.0831,1018,,,cherisse.persad@gmail.com
SRC0277,"1018:2005-07:Gammarid amphipods, 2 species",EVT0041,VIS00280,,"Gammarid amphipods, 2 species",+,Braby abundance category,Faunal observation,Whale-fall analysis,,,,,,,,,,36.7721,-122.0831,1018,,,cherisse.persad@gmail.com
SRC0277,"1018:2005-11:Gammarid amphipods, 2 species",EVT0041,VIS00281,,"Gammarid amphipods, 2 species",+++,Braby abundance category,Faunal observation,Whale-fall analysis,,,,,,,,,,36.7721,-122.0831,1018,,,cherisse.persad@gmail.com
SRC0277,"1018:2006-01:Gammarid amphipods, 2 species",EVT0041,VIS00282,,"Gammarid amphipods, 2 species",+,Braby abundance category,Faunal observation,Whale-fall analysis,,,,,,,,,,36.7721,-122.0831,1018,,,cherisse.persad@gmail.com
SRC0277,"1018:2006-05:Gammarid amphipods, 2 species",EVT0041,VIS00283,,"Gammarid amphipods, 2 species",+,Braby abundance category,Faunal observation,Whale-fall analysis,,,,,,,,,,36.7721,-122.0831,1018,,,cherisse.persad@gmail.com
SRC0277,1018:2006-05:Caprellidae,EVT0041,VIS00283,,Caprellidae,+,Braby abundance category,Faunal observation,Whale-fall analysis,,,,,,,,,,36.7721,-122.0831,1018,,,cherisse.persad@gmail.com
SRC0277,1018:2005-01:Diogenidae,EVT0041,VIS00278,,Diogenidae,+,Braby abundance category,Faunal observation,Whale-fall analysis,,,,,,,,,,36.7721,-122.0831,1018,,,cherisse.persad@gmail.com
SRC0277,1018:2005-07:Diogenidae,EVT0041,VIS00280,,Diogenidae,+,Braby abundance category,Faunal observation,Whale-fall analysis,,,,,,,,,,36.7721,-122.0831,1018,,,cherisse.persad@gmail.com
SRC0277,1018:2005-11:Diogenidae,EVT0041,VIS00281,,Diogenidae,+,Braby abundance category,Faunal observation,Whale-fall analysis,,,,,,,,,,36.7721,-122.0831,1018,,,cherisse.persad@gmail.com
SRC0277,1018:2006-01:Diogenidae,EVT0041,VIS00282,,Diogenidae,+,Braby abundance category,Faunal observation,Whale-fall analysis,,,,,,,,,,36.7721,-122.0831,1018,,,cherisse.persad@gmail.com
SRC0277,1018:2006-05:Diogenidae,EVT0041,VIS00283,,Diogenidae,+,Braby abundance category,Faunal observation,Whale-fall analysis,,,,,,,,,,36.7721,-122.0831,1018,,,cherisse.persad@gmail.com
SRC0277,1018:2004-12:Chionoecetes tanneri,EVT0041,VIS00277,,Chionoecetes tanneri,+++,Braby abundance category,Faunal observation,Whale-fall analysis,,,,,,,,,,36.7721,-122.0831,1018,,,cherisse.persad@gmail.com
SRC0277,1018:2005-01:Chionoecetes tanneri,EVT0041,VIS00278,,Chionoecetes tanneri,+++,Braby abundance category,Faunal observation,Whale-fall analysis,,,,,,,,,,36.7721,-122.0831,1018,,,cherisse.persad@gmail.com
SRC0277,1018:2005-02:Chionoecetes tanneri,EVT0041,VIS00279,,Chionoecetes tanneri,+,Braby abundance category,Faunal observation,Whale-fall analysis,,,,,,,,,,36.7721,-122.0831,1018,,,cherisse.persad@gmail.com
SRC0277,1018:2005-07:Chionoecetes tanneri,EVT0041,VIS00280,,Chionoecetes tanneri,+,Braby abundance category,Faunal observation,Whale-fall analysis,,,,,,,,,,36.7721,-122.0831,1018,,,cherisse.persad@gmail.com
SRC0277,1018:2005-11:Chionoecetes tanneri,EVT0041,VIS00281,,Chionoecetes tanneri,+,Braby abundance category,Faunal observation,Whale-fall analysis,,,,,,,,,,36.7721,-122.0831,1018,,,cherisse.persad@gmail.com
SRC0277,1018:2006-01:Chionoecetes tanneri,EVT0041,VIS00282,,Chionoecetes tanneri,+,Braby abundance category,Faunal observation,Whale-fall analysis,,,,,,,,,,36.7721,-122.0831,1018,,,cherisse.persad@gmail.com
SRC0277,1018:2006-05:Chionoecetes tanneri,EVT0041,VIS00283,,Chionoecetes tanneri,+,Braby abundance category,Faunal observation,Whale-fall analysis,,,,,,,,,,36.7721,-122.0831,1018,,,cherisse.persad@gmail.com
SRC0277,1018:2004-12:Asteroidea unidentified,EVT0041,VIS00277,,Asteroidea unidentified,+,Braby abundance category,Faunal observation,Whale-fall analysis,,,,,,,,,,36.7721,-122.0831,1018,,,cherisse.persad@gmail.com
SRC0277,1018:2005-07:Asteroidea unidentified,EVT0041,VIS00280,,Asteroidea unidentified,+,Braby abundance category,Faunal observation,Whale-fall analysis,,,,,,,,,,36.7721,-122.0831,1018,,,cherisse.persad@gmail.com
SRC0277,1018:2005-11:Asteroidea unidentified,EVT0041,VIS00281,,Asteroidea unidentified,+,Braby abundance category,Faunal observation,Whale-fall analysis,,,,,,,,,,36.7721,-122.0831,1018,,,cherisse.persad@gmail.com
SRC0277,1018:2006-01:Asteroidea unidentified,EVT0041,VIS00282,,Asteroidea unidentified,+,Braby abundance category,Faunal observation,Whale-fall analysis,,,,,,,,,,36.7721,-122.0831,1018,,,cherisse.persad@gmail.com
SRC0277,1018:2006-05:Asteroidea unidentified,EVT0041,VIS00283,,Asteroidea unidentified,+,Braby abundance category,Faunal observation,Whale-fall analysis,,,,,,,,,,36.7721,-122.0831,1018,,,cherisse.persad@gmail.com
SRC0277,1018:2006-01:Solaster sp.,EVT0041,VIS00282,,Solaster sp.,+,Braby abundance category,Faunal observation,Whale-fall analysis,,,,,,,,,,36.7721,-122.0831,1018,,,cherisse.persad@gmail.com
SRC0277,1018:2006-05:Solaster sp.,EVT0041,VIS00283,,Solaster sp.,+,Braby abundance category,Faunal observation,Whale-fall analysis,,,,,,,,,,36.7721,-122.0831,1018,,,cherisse.persad@gmail.com
SRC0277,1018:2005-01:Florametra serratissima,EVT0041,VIS00278,,Florametra serratissima,+,Braby abundance category,Faunal observation,Whale-fall analysis,,,,,,,,,,36.7721,-122.0831,1018,,,cherisse.persad@gmail.com
SRC0277,1018:2004-12:Eptatretus spp.,EVT0041,VIS00277,,Eptatretus spp.,+++,Braby abundance category,Faunal observation,Whale-fall analysis,,,,,,,,,,36.7721,-122.0831,1018,,,cherisse.persad@gmail.com
SRC0277,1018:2005-01:Eptatretus spp.,EVT0041,VIS00278,,Eptatretus spp.,+++,Braby abundance category,Faunal observation,Whale-fall analysis,,,,,,,,,,36.7721,-122.0831,1018,,,cherisse.persad@gmail.com
SRC0277,1018:2005-02:Eptatretus spp.,EVT0041,VIS00279,,Eptatretus spp.,+,Braby abundance category,Faunal observation,Whale-fall analysis,,,,,,,,,,36.7721,-122.0831,1018,,,cherisse.persad@gmail.com
SRC0277,1018:2005-07:Eptatretus spp.,EVT0041,VIS00280,,Eptatretus spp.,+,Braby abundance category,Faunal observation,Whale-fall analysis,,,,,,,,,,36.7721,-122.0831,1018,,,cherisse.persad@gmail.com
SRC0277,1018:2005-11:Eptatretus spp.,EVT0041,VIS00281,,Eptatretus spp.,+,Braby abundance category,Faunal observation,Whale-fall analysis,,,,,,,,,,36.7721,-122.0831,1018,,,cherisse.persad@gmail.com
SRC0277,1018:2006-01:Eptatretus spp.,EVT0041,VIS00282,,Eptatretus spp.,+,Braby abundance category,Faunal observation,Whale-fall analysis,,,,,,,,,,36.7721,-122.0831,1018,,,cherisse.persad@gmail.com
SRC0277,1018:2006-05:Eptatretus spp.,EVT0041,VIS00283,,Eptatretus spp.,+,Braby abundance category,Faunal observation,Whale-fall analysis,,,,,,,,,,36.7721,-122.0831,1018,,,cherisse.persad@gmail.com
SRC0277,1018:2006-01:Apristurus brunneus,EVT0041,VIS00282,,Apristurus brunneus,+,Braby abundance category,Faunal observation,Whale-fall analysis,,,,,,,,,,36.7721,-122.0831,1018,,,cherisse.persad@gmail.com
SRC0277,1018:2005-01:Liparidae,EVT0041,VIS00278,,Liparidae,+,Braby abundance category,Faunal observation,Whale-fall analysis,,,,,,,,,,36.7721,-122.0831,1018,,,cherisse.persad@gmail.com
SRC0277,1018:2006-05:Liparidae,EVT0041,VIS00283,,Liparidae,+,Braby abundance category,Faunal observation,Whale-fall analysis,,,,,,,,,,36.7721,-122.0831,1018,,,cherisse.persad@gmail.com
SRC0277,1018:2005-02:Careproctus melanurus,EVT0041,VIS00279,,Careproctus melanurus,+,Braby abundance category,Faunal observation,Whale-fall analysis,,,,,,,,,,36.7721,-122.0831,1018,,,cherisse.persad@gmail.com
SRC0277,1018:2006-05:Careproctus melanurus,EVT0041,VIS00283,,Careproctus melanurus,+,Braby abundance category,Faunal observation,Whale-fall analysis,,,,,,,,,,36.7721,-122.0831,1018,,,cherisse.persad@gmail.com
SRC0277,1018:2004-12:Coryphaenoides sp.,EVT0041,VIS00277,,Coryphaenoides sp.,+,Braby abundance category,Faunal observation,Whale-fall analysis,,,,,,,,,,36.7721,-122.0831,1018,,,cherisse.persad@gmail.com
SRC0277,1018:2005-07:Coryphaenoides sp.,EVT0041,VIS00280,,Coryphaenoides sp.,+,Braby abundance category,Faunal observation,Whale-fall analysis,,,,,,,,,,36.7721,-122.0831,1018,,,cherisse.persad@gmail.com
SRC0277,1018:2006-01:Coryphaenoides sp.,EVT0041,VIS00282,,Coryphaenoides sp.,+,Braby abundance category,Faunal observation,Whale-fall analysis,,,,,,,,,,36.7721,-122.0831,1018,,,cherisse.persad@gmail.com
SRC0277,1018:2004-12:Sebastes sp.,EVT0041,VIS00277,,Sebastes sp.,+,Braby abundance category,Faunal observation,Whale-fall analysis,,,,,,,,,,36.7721,-122.0831,1018,,,cherisse.persad@gmail.com
SRC0277,1018:2005-01:Sebastes sp.,EVT0041,VIS00278,,Sebastes sp.,+,Braby abundance category,Faunal observation,Whale-fall analysis,,,,,,,,,,36.7721,-122.0831,1018,,,cherisse.persad@gmail.com
SRC0277,1018:2005-02:Sebastes sp.,EVT0041,VIS00279,,Sebastes sp.,+,Braby abundance category,Faunal observation,Whale-fall analysis,,,,,,,,,,36.7721,-122.0831,1018,,,cherisse.persad@gmail.com
SRC0277,1018:2005-07:Sebastes sp.,EVT0041,VIS00280,,Sebastes sp.,+,Braby abundance category,Faunal observation,Whale-fall analysis,,,,,,,,,,36.7721,-122.0831,1018,,,cherisse.persad@gmail.com
SRC0277,1018:2005-11:Sebastes sp.,EVT0041,VIS00281,,Sebastes sp.,+,Braby abundance category,Faunal observation,Whale-fall analysis,,,,,,,,,,36.7721,-122.0831,1018,,,cherisse.persad@gmail.com
SRC0277,1018:2006-01:Sebastes sp.,EVT0041,VIS00282,,Sebastes sp.,+,Braby abundance category,Faunal observation,Whale-fall analysis,,,,,,,,,,36.7721,-122.0831,1018,,,cherisse.persad@gmail.com
SRC0277,1018:2006-05:Sebastes sp.,EVT0041,VIS00283,,Sebastes sp.,+,Braby abundance category,Faunal observation,Whale-fall analysis,,,,,,,,,,36.7721,-122.0831,1018,,,cherisse.persad@gmail.com
SRC0277,1018:2004-12:Zoarcidae,EVT0041,VIS00277,,Zoarcidae,+,Braby abundance category,Faunal observation,Whale-fall analysis,,,,,,,,,,36.7721,-122.0831,1018,,,cherisse.persad@gmail.com
SRC0277,1018:2005-01:Zoarcidae,EVT0041,VIS00278,,Zoarcidae,+,Braby abundance category,Faunal observation,Whale-fall analysis,,,,,,,,,,36.7721,-122.0831,1018,,,cherisse.persad@gmail.com
SRC0277,1018:2005-02:Zoarcidae,EVT0041,VIS00279,,Zoarcidae,+,Braby abundance category,Faunal observation,Whale-fall analysis,,,,,,,,,,36.7721,-122.0831,1018,,,cherisse.persad@gmail.com
SRC0277,1018:2005-07:Zoarcidae,EVT0041,VIS00280,,Zoarcidae,+,Braby abundance category,Faunal observation,Whale-fall analysis,,,,,,,,,,36.7721,-122.0831,1018,,,cherisse.persad@gmail.com
SRC0277,1018:2005-11:Zoarcidae,EVT0041,VIS00281,,Zoarcidae,+,Braby abundance category,Faunal observation,Whale-fall analysis,,,,,,,,,,36.7721,-122.0831,1018,,,cherisse.persad@gmail.com
SRC0277,1018:2006-01:Zoarcidae,EVT0041,VIS00282,,Zoarcidae,+,Braby abundance category,Faunal observation,Whale-fall analysis,,,,,,,,,,36.7721,-122.0831,1018,,,cherisse.persad@gmail.com
SRC0277,1018:2006-05:Zoarcidae,EVT0041,VIS00283,,Zoarcidae,+,Braby abundance category,Faunal observation,Whale-fall analysis,,,,,,,,,,36.7721,-122.0831,1018,,,cherisse.persad@gmail.com
SRC0277,1018:2004-12:Lycenchelys sp.,EVT0041,VIS00277,,Lycenchelys sp.,+,Braby abundance category,Faunal observation,Whale-fall analysis,,,,,,,,,,36.7721,-122.0831,1018,,,cherisse.persad@gmail.com
SRC0277,1018:2005-01:Lycenchelys sp.,EVT0041,VIS00278,,Lycenchelys sp.,+,Braby abundance category,Faunal observation,Whale-fall analysis,,,,,,,,,,36.7721,-122.0831,1018,,,cherisse.persad@gmail.com
SRC0277,1018:2005-07:Lycenchelys sp.,EVT0041,VIS00280,,Lycenchelys sp.,+,Braby abundance category,Faunal observation,Whale-fall analysis,,,,,,,,,,36.7721,-122.0831,1018,,,cherisse.persad@gmail.com
SRC0277,1018:2005-11:Lycenchelys sp.,EVT0041,VIS00281,,Lycenchelys sp.,+,Braby abundance category,Faunal observation,Whale-fall analysis,,,,,,,,,,36.7721,-122.0831,1018,,,cherisse.persad@gmail.com
SRC0277,1018:2006-01:Lycenchelys sp.,EVT0041,VIS00282,,Lycenchelys sp.,+,Braby abundance category,Faunal observation,Whale-fall analysis,,,,,,,,,,36.7721,-122.0831,1018,,,cherisse.persad@gmail.com
SRC0277,1018:2004-12:Lycodapus sp.,EVT0041,VIS00277,,Lycodapus sp.,+,Braby abundance category,Faunal observation,Whale-fall analysis,,,,,,,,,,36.7721,-122.0831,1018,,,cherisse.persad@gmail.com
SRC0277,1018:2005-01:Lycodapus sp.,EVT0041,VIS00278,,Lycodapus sp.,+,Braby abundance category,Faunal observation,Whale-fall analysis,,,,,,,,,,36.7721,-122.0831,1018,,,cherisse.persad@gmail.com
SRC0277,1018:2005-02:Lycodapus sp.,EVT0041,VIS00279,,Lycodapus sp.,+,Braby abundance category,Faunal observation,Whale-fall analysis,,,,,,,,,,36.7721,-122.0831,1018,,,cherisse.persad@gmail.com
SRC0277,1018:2005-11:Lycodapus sp.,EVT0041,VIS00281,,Lycodapus sp.,+,Braby abundance category,Faunal observation,Whale-fall analysis,,,,,,,,,,36.7721,-122.0831,1018,,,cherisse.persad@gmail.com
SRC0277,1018:2006-01:Lycodapus sp.,EVT0041,VIS00282,,Lycodapus sp.,+,Braby abundance category,Faunal observation,Whale-fall analysis,,,,,,,,,,36.7721,-122.0831,1018,,,cherisse.persad@gmail.com
SRC0277,1018:2005-11:Melanostigma sp.,EVT0041,VIS00281,,Melanostigma sp.,+,Braby abundance category,Faunal observation,Whale-fall analysis,,,,,,,,,,36.7721,-122.0831,1018,,,cherisse.persad@gmail.com
SRC0277,1018:2004-12:Pleuronectiformes,EVT0041,VIS00277,,Pleuronectiformes,+,Braby abundance category,Faunal observation,Whale-fall analysis,,,,,,,,,,36.7721,-122.0831,1018,,,cherisse.persad@gmail.com
SRC0277,1018:2005-02:Pleuronectiformes,EVT0041,VIS00279,,Pleuronectiformes,+,Braby abundance category,Faunal observation,Whale-fall analysis,,,,,,,,,,36.7721,-122.0831,1018,,,cherisse.persad@gmail.com
SRC0277,1018:2005-07:Pleuronectiformes,EVT0041,VIS00280,,Pleuronectiformes,+,Braby abundance category,Faunal observation,Whale-fall analysis,,,,,,,,,,36.7721,-122.0831,1018,,,cherisse.persad@gmail.com
SRC0277,1018:2005-11:Pleuronectiformes,EVT0041,VIS00281,,Pleuronectiformes,+++,Braby abundance category,Faunal observation,Whale-fall analysis,,,,,,,,,,36.7721,-122.0831,1018,,,cherisse.persad@gmail.com
SRC0277,1018:2006-01:Pleuronectiformes,EVT0041,VIS00282,,Pleuronectiformes,+,Braby abundance category,Faunal observation,Whale-fall analysis,,,,,,,,,,36.7721,-122.0831,1018,,,cherisse.persad@gmail.com
SRC0277,385:2005-07:Bacterial mat,EVT0989,VIS00285,,,+,Braby abundance category,Non-faunal observation,Source-specific only,,,,,,,,,,36.7901,-121.8871,385,,,cherisse.persad@gmail.com
SRC0277,385:2005-08:Bacterial mat,EVT0989,VIS00286,,,+,Braby abundance category,Non-faunal observation,Source-specific only,,,,,,,,,,36.7901,-121.8871,385,,,cherisse.persad@gmail.com
SRC0277,385:2005-11:Bacterial mat,EVT0989,VIS00287,,,+,Braby abundance category,Non-faunal observation,Source-specific only,,,,,,,,,,36.7901,-121.8871,385,,,cherisse.persad@gmail.com
SRC0277,385:2006-01:Bacterial mat,EVT0989,VIS00288,,,+,Braby abundance category,Non-faunal observation,Source-specific only,,,,,,,,,,36.7901,-121.8871,385,,,cherisse.persad@gmail.com
SRC0277,385:2006-05:Bacterial mat,EVT0989,VIS00289,,,+,Braby abundance category,Non-faunal observation,Source-specific only,,,,,,,,,,36.7901,-121.8871,385,,,cherisse.persad@gmail.com
SRC0277,385:2005-11:Phyllospadix sp. debris,EVT0989,VIS00287,,,+,Braby abundance category,Non-faunal observation,Source-specific only,,,,,,,,,,36.7901,-121.8871,385,,,cherisse.persad@gmail.com
SRC0277,385:2006-01:Phyllospadix sp. debris,EVT0989,VIS00288,,,+,Braby abundance category,Non-faunal observation,Source-specific only,,,,,,,,,,36.7901,-121.8871,385,,,cherisse.persad@gmail.com
SRC0277,385:2005-11:Phaeophycophyta debris,EVT0989,VIS00287,,,+,Braby abundance category,Non-faunal observation,Source-specific only,,,,,,,,,,36.7901,-121.8871,385,,,cherisse.persad@gmail.com
SRC0277,385:2006-01:Phaeophycophyta debris,EVT0989,VIS00288,,,+,Braby abundance category,Non-faunal observation,Source-specific only,,,,,,,,,,36.7901,-121.8871,385,,,cherisse.persad@gmail.com
SRC0277,385:2006-05:Phaeophycophyta debris,EVT0989,VIS00289,,,+,Braby abundance category,Non-faunal observation,Source-specific only,,,,,,,,,,36.7901,-121.8871,385,,,cherisse.persad@gmail.com
SRC0277,385:2005-07:Metridium farcimen,EVT0989,VIS00285,,Metridium farcimen,+,Braby abundance category,Faunal observation,Whale-fall analysis,,,,,,,,,,36.7901,-121.8871,385,,,cherisse.persad@gmail.com
SRC0277,385:2005-08:Metridium farcimen,EVT0989,VIS00286,,Metridium farcimen,+,Braby abundance category,Faunal observation,Whale-fall analysis,,,,,,,,,,36.7901,-121.8871,385,,,cherisse.persad@gmail.com
SRC0277,385:2005-11:Metridium farcimen,EVT0989,VIS00287,,Metridium farcimen,+,Braby abundance category,Faunal observation,Whale-fall analysis,,,,,,,,,,36.7901,-121.8871,385,,,cherisse.persad@gmail.com
SRC0277,385:2006-01:Metridium farcimen,EVT0989,VIS00288,,Metridium farcimen,+,Braby abundance category,Faunal observation,Whale-fall analysis,,,,,,,,,,36.7901,-121.8871,385,,,cherisse.persad@gmail.com
SRC0277,385:2006-05:Metridium farcimen,EVT0989,VIS00289,,Metridium farcimen,+++,Braby abundance category,Faunal observation,Whale-fall analysis,,,,,,,,,,36.7901,-121.8871,385,,,cherisse.persad@gmail.com
SRC0277,385:2006-01:Amphinomidae unidentified,EVT0989,VIS00288,,Amphinomidae unidentified,+,Braby abundance category,Faunal observation,Whale-fall analysis,,,,,,,,,,36.7901,-121.8871,385,,,cherisse.persad@gmail.com
SRC0277,385:2006-05:Amphinomidae unidentified,EVT0989,VIS00289,,Amphinomidae unidentified,+,Braby abundance category,Faunal observation,Whale-fall analysis,,,,,,,,,,36.7901,-121.8871,385,,,cherisse.persad@gmail.com
SRC0277,"385:2006-01:Osedax ""yellow collar""",EVT0989,VIS00288,,"Osedax ""yellow collar""",+,Braby abundance category,Faunal observation,Whale-fall analysis,,,,,,,,,,36.7901,-121.8871,385,,,cherisse.persad@gmail.com
SRC0277,"385:2006-05:Osedax ""yellow collar""",EVT0989,VIS00289,,"Osedax ""yellow collar""",+,Braby abundance category,Faunal observation,Whale-fall analysis,,,,,,,,,,36.7901,-121.8871,385,,,cherisse.persad@gmail.com
SRC0277,"385:2006-05:Osedax ""orange collar""",EVT0989,VIS00289,,"Osedax ""orange collar""",+,Braby abundance category,Faunal observation,Whale-fall analysis,,,,,,,,,,36.7901,-121.8871,385,,,cherisse.persad@gmail.com
SRC0277,385:2006-05:Octopoda,EVT0989,VIS00289,,Octopoda,+,Braby abundance category,Faunal observation,Whale-fall analysis,,,,,,,,,,36.7901,-121.8871,385,,,cherisse.persad@gmail.com
SRC0277,385:2005-11:Buccinidae unidentified,EVT0989,VIS00287,,Buccinidae unidentified,+,Braby abundance category,Faunal observation,Whale-fall analysis,,,,,,,,,,36.7901,-121.8871,385,,,cherisse.persad@gmail.com
SRC0277,385:2005-05:Gammarid amphipod unidentified,EVT0989,VIS00284,,Gammarid amphipod unidentified,+++,Braby abundance category,Faunal observation,Whale-fall analysis,,,,,,,,,,36.7901,-121.8871,385,,,cherisse.persad@gmail.com
SRC0277,385:2005-07:Gammarid amphipod unidentified,EVT0989,VIS00285,,Gammarid amphipod unidentified,+,Braby abundance category,Faunal observation,Whale-fall analysis,,,,,,,,,,36.7901,-121.8871,385,,,cherisse.persad@gmail.com
SRC0277,385:2005-08:Gammarid amphipod unidentified,EVT0989,VIS00286,,Gammarid amphipod unidentified,+,Braby abundance category,Faunal observation,Whale-fall analysis,,,,,,,,,,36.7901,-121.8871,385,,,cherisse.persad@gmail.com
SRC0277,385:2005-11:Gammarid amphipod unidentified,EVT0989,VIS00287,,Gammarid amphipod unidentified,+,Braby abundance category,Faunal observation,Whale-fall analysis,,,,,,,,,,36.7901,-121.8871,385,,,cherisse.persad@gmail.com
SRC0277,385:2006-01:Gammarid amphipod unidentified,EVT0989,VIS00288,,Gammarid amphipod unidentified,+,Braby abundance category,Faunal observation,Whale-fall analysis,,,,,,,,,,36.7901,-121.8871,385,,,cherisse.persad@gmail.com
SRC0277,385:2006-05:Gammarid amphipod unidentified,EVT0989,VIS00289,,Gammarid amphipod unidentified,+,Braby abundance category,Faunal observation,Whale-fall analysis,,,,,,,,,,36.7901,-121.8871,385,,,cherisse.persad@gmail.com
SRC0277,385:2005-07:Rathbunaster californicus,EVT0989,VIS00285,,Rathbunaster californicus,++,Braby abundance category,Faunal observation,Whale-fall analysis,,,,,,,,,,36.7901,-121.8871,385,,,cherisse.persad@gmail.com
SRC0277,385:2005-08:Rathbunaster californicus,EVT0989,VIS00286,,Rathbunaster californicus,+,Braby abundance category,Faunal observation,Whale-fall analysis,,,,,,,,,,36.7901,-121.8871,385,,,cherisse.persad@gmail.com
SRC0277,385:2005-11:Rathbunaster californicus,EVT0989,VIS00287,,Rathbunaster californicus,+,Braby abundance category,Faunal observation,Whale-fall analysis,,,,,,,,,,36.7901,-121.8871,385,,,cherisse.persad@gmail.com
SRC0277,385:2006-01:Rathbunaster californicus,EVT0989,VIS00288,,Rathbunaster californicus,+,Braby abundance category,Faunal observation,Whale-fall analysis,,,,,,,,,,36.7901,-121.8871,385,,,cherisse.persad@gmail.com
SRC0277,385:2006-05:Rathbunaster californicus,EVT0989,VIS00289,,Rathbunaster californicus,+,Braby abundance category,Faunal observation,Whale-fall analysis,,,,,,,,,,36.7901,-121.8871,385,,,cherisse.persad@gmail.com
SRC0277,385:2005-07:Allocentrotus fragilis,EVT0989,VIS00285,,Allocentrotus fragilis,+,Braby abundance category,Faunal observation,Whale-fall analysis,,,,,,,,,,36.7901,-121.8871,385,,,cherisse.persad@gmail.com
SRC0277,385:2005-08:Allocentrotus fragilis,EVT0989,VIS00286,,Allocentrotus fragilis,+,Braby abundance category,Faunal observation,Whale-fall analysis,,,,,,,,,,36.7901,-121.8871,385,,,cherisse.persad@gmail.com
SRC0277,385:2005-11:Allocentrotus fragilis,EVT0989,VIS00287,,Allocentrotus fragilis,+++,Braby abundance category,Faunal observation,Whale-fall analysis,,,,,,,,,,36.7901,-121.8871,385,,,cherisse.persad@gmail.com
SRC0277,385:2006-01:Allocentrotus fragilis,EVT0989,VIS00288,,Allocentrotus fragilis,+++,Braby abundance category,Faunal observation,Whale-fall analysis,,,,,,,,,,36.7901,-121.8871,385,,,cherisse.persad@gmail.com
SRC0277,385:2006-05:Allocentrotus fragilis,EVT0989,VIS00289,,Allocentrotus fragilis,+++,Braby abundance category,Faunal observation,Whale-fall analysis,,,,,,,,,,36.7901,-121.8871,385,,,cherisse.persad@gmail.com
SRC0277,385:2005-05:Eptatretus sp.,EVT0989,VIS00284,,Eptatretus sp.,+++,Braby abundance category,Faunal observation,Whale-fall analysis,,,,,,,,,,36.7901,-121.8871,385,,,cherisse.persad@gmail.com
SRC0277,385:2005-07:Eptatretus sp.,EVT0989,VIS00285,,Eptatretus sp.,+,Braby abundance category,Faunal observation,Whale-fall analysis,,,,,,,,,,36.7901,-121.8871,385,,,cherisse.persad@gmail.com
SRC0277,385:2005-08:Eptatretus sp.,EVT0989,VIS00286,,Eptatretus sp.,+,Braby abundance category,Faunal observation,Whale-fall analysis,,,,,,,,,,36.7901,-121.8871,385,,,cherisse.persad@gmail.com
SRC0277,385:2006-01:Eptatretus sp.,EVT0989,VIS00288,,Eptatretus sp.,+,Braby abundance category,Faunal observation,Whale-fall analysis,,,,,,,,,,36.7901,-121.8871,385,,,cherisse.persad@gmail.com
SRC0277,385:2006-05:Eptatretus sp.,EVT0989,VIS00289,,Eptatretus sp.,+,Braby abundance category,Faunal observation,Whale-fall analysis,,,,,,,,,,36.7901,-121.8871,385,,,cherisse.persad@gmail.com
SRC0277,385:2006-01:Squalus acanthias,EVT0989,VIS00288,,Squalus acanthias,+,Braby abundance category,Faunal observation,Whale-fall analysis,,,,,,,,,,36.7901,-121.8871,385,,,cherisse.persad@gmail.com
SRC0277,385:2005-07:Scyliorhinidae unidentified,EVT0989,VIS00285,,Scyliorhinidae unidentified,+,Braby abundance category,Faunal observation,Whale-fall analysis,,,,,,,,,,36.7901,-121.8871,385,,,cherisse.persad@gmail.com
SRC0277,385:2005-11:Scyliorhinidae unidentified,EVT0989,VIS00287,,Scyliorhinidae unidentified,+,Braby abundance category,Faunal observation,Whale-fall analysis,,,,,,,,,,36.7901,-121.8871,385,,,cherisse.persad@gmail.com
SRC0277,385:2006-01:Scyliorhinidae unidentified,EVT0989,VIS00288,,Scyliorhinidae unidentified,+,Braby abundance category,Faunal observation,Whale-fall analysis,,,,,,,,,,36.7901,-121.8871,385,,,cherisse.persad@gmail.com
SRC0277,385:2006-05:Scyliorhinidae unidentified,EVT0989,VIS00289,,Scyliorhinidae unidentified,+,Braby abundance category,Faunal observation,Whale-fall analysis,,,,,,,,,,36.7901,-121.8871,385,,,cherisse.persad@gmail.com
SRC0277,385:2005-05:Somniosus pacificus,EVT0989,VIS00284,,Somniosus pacificus,+,Braby abundance category,Faunal observation,Whale-fall analysis,,,,,,,,,,36.7901,-121.8871,385,,,cherisse.persad@gmail.com
SRC0277,385:2005-08:Rajiformes unidentified,EVT0989,VIS00286,,Rajiformes unidentified,+,Braby abundance category,Faunal observation,Whale-fall analysis,,,,,,,,,,36.7901,-121.8871,385,,,cherisse.persad@gmail.com
SRC0277,385:2005-11:Rajiformes unidentified,EVT0989,VIS00287,,Rajiformes unidentified,+,Braby abundance category,Faunal observation,Whale-fall analysis,,,,,,,,,,36.7901,-121.8871,385,,,cherisse.persad@gmail.com
SRC0277,385:2006-01:Rajiformes unidentified,EVT0989,VIS00288,,Rajiformes unidentified,+,Braby abundance category,Faunal observation,Whale-fall analysis,,,,,,,,,,36.7901,-121.8871,385,,,cherisse.persad@gmail.com
SRC0277,385:2005-07:Hydrolagus sp.,EVT0989,VIS00285,,Hydrolagus sp.,+,Braby abundance category,Faunal observation,Whale-fall analysis,,,,,,,,,,36.7901,-121.8871,385,,,cherisse.persad@gmail.com
SRC0277,385:2005-11:Coryphopterus nicholsii,EVT0989,VIS00287,,Coryphopterus nicholsii,+,Braby abundance category,Faunal observation,Whale-fall analysis,,,,,,,,,,36.7901,-121.8871,385,,,cherisse.persad@gmail.com
SRC0277,385:2005-07:Sebastidae unidentified,EVT0989,VIS00285,,Sebastidae unidentified,+,Braby abundance category,Faunal observation,Whale-fall analysis,,,,,,,,,,36.7901,-121.8871,385,,,cherisse.persad@gmail.com
SRC0277,385:2005-08:Sebastidae unidentified,EVT0989,VIS00286,,Sebastidae unidentified,+,Braby abundance category,Faunal observation,Whale-fall analysis,,,,,,,,,,36.7901,-121.8871,385,,,cherisse.persad@gmail.com
SRC0277,385:2005-11:Sebastidae unidentified,EVT0989,VIS00287,,Sebastidae unidentified,+,Braby abundance category,Faunal observation,Whale-fall analysis,,,,,,,,,,36.7901,-121.8871,385,,,cherisse.persad@gmail.com
SRC0277,385:2006-01:Sebastidae unidentified,EVT0989,VIS00288,,Sebastidae unidentified,+,Braby abundance category,Faunal observation,Whale-fall analysis,,,,,,,,,,36.7901,-121.8871,385,,,cherisse.persad@gmail.com
SRC0277,385:2005-07:Zoarcidae unidentified,EVT0989,VIS00285,,Zoarcidae unidentified,+,Braby abundance category,Faunal observation,Whale-fall analysis,,,,,,,,,,36.7901,-121.8871,385,,,cherisse.persad@gmail.com
SRC0277,385:2005-08:Zoarcidae unidentified,EVT0989,VIS00286,,Zoarcidae unidentified,+,Braby abundance category,Faunal observation,Whale-fall analysis,,,,,,,,,,36.7901,-121.8871,385,,,cherisse.persad@gmail.com
SRC0277,385:2006-01:Zoarcidae unidentified,EVT0989,VIS00288,,Zoarcidae unidentified,+,Braby abundance category,Faunal observation,Whale-fall analysis,,,,,,,,,,36.7901,-121.8871,385,,,cherisse.persad@gmail.com
SRC0277,385:2005-08:Lycodes sp.,EVT0989,VIS00286,,Lycodes sp.,+,Braby abundance category,Faunal observation,Whale-fall analysis,,,,,,,,,,36.7901,-121.8871,385,,,cherisse.persad@gmail.com
SRC0277,385:2005-08:Lycodapus sp.,EVT0989,VIS00286,,Lycodapus sp.,+,Braby abundance category,Faunal observation,Whale-fall analysis,,,,,,,,,,36.7901,-121.8871,385,,,cherisse.persad@gmail.com
SRC0277,385:2006-01:Lycodapus sp.,EVT0989,VIS00288,,Lycodapus sp.,+,Braby abundance category,Faunal observation,Whale-fall analysis,,,,,,,,,,36.7901,-121.8871,385,,,cherisse.persad@gmail.com
SRC0277,385:2005-07:Pleuronectiformes unidentified,EVT0989,VIS00285,,Pleuronectiformes unidentified,+,Braby abundance category,Faunal observation,Whale-fall analysis,,,,,,,,,,36.7901,-121.8871,385,,,cherisse.persad@gmail.com
SRC0277,385:2005-08:Pleuronectiformes unidentified,EVT0989,VIS00286,,Pleuronectiformes unidentified,+,Braby abundance category,Faunal observation,Whale-fall analysis,,,,,,,,,,36.7901,-121.8871,385,,,cherisse.persad@gmail.com
SRC0277,385:2005-11:Pleuronectiformes unidentified,EVT0989,VIS00287,,Pleuronectiformes unidentified,+,Braby abundance category,Faunal observation,Whale-fall analysis,,,,,,,,,,36.7901,-121.8871,385,,,cherisse.persad@gmail.com
SRC0277,385:2006-05:Pleuronectiformes unidentified,EVT0989,VIS00289,,Pleuronectiformes unidentified,+,Braby abundance category,Faunal observation,Whale-fall analysis,,,,,,,,,,36.7901,-121.8871,385,,,cherisse.persad@gmail.com
SRC0278,NIS2004_O01,EVT1024,VIS00047,,Asymmetron inferum,4,specimens,Specimen/locality evidence,Whale-fall analysis,,,,,,,4,,,31.3453333333,129.9881666667,229,,,cherisse.persad@gmail.com
SRC0279,KON2007_O01,EVT1024,VIS00047,,Asymmetron inferum,26,specimens,Specimen/locality and molecular evidence,Whale-fall analysis,,,,,,,26,,,,,229,,,cherisse.persad@gmail.com
SRC0001,Whale row 2,EVT0001,,,Actiniaria,,,Taxon presence,Whale-fall analysis,,whale fall,,,,,,,,-28.518651666666599,-41.656828333333301,4204,,,cherisse.persad@gmail.com
SRC0001,Whale row 41,EVT0001,,,Echinoidea,,,Taxon presence,Whale-fall analysis,,whale fall,,,,,,,,-28.518651666666599,-41.656828333333301,4204,,,cherisse.persad@gmail.com
SRC0001,Whale row 42,EVT0001,,,Ophiuroidea,,,Taxon presence,Whale-fall analysis,,whale fall,,,,,,,,-28.518651666666599,-41.656828333333301,4204,,,cherisse.persad@gmail.com
SRC0047,Whale row 238,EVT0077,,,Actiniidae,,,Taxon presence,Whale-fall analysis,,whale fall,Actiniidae,,,,,,,30.924166666666601,141.82866666666601,4037,,,cherisse.persad@gmail.com
SRC0047,Whale row 241,EVT0077,,,Spionidae,,,Taxon presence,Whale-fall analysis,,whale fall,Spionidae,,,,,,,30.924166666666601,141.82866666666601,4037,,,cherisse.persad@gmail.com
SRC0047,Whale row 243,EVT0077,,,Ophiuroidea,,,Taxon presence,Whale-fall analysis,,whale fall,,,,,,,,30.924166666666601,141.82866666666601,4037,,,cherisse.persad@gmail.com
SRC0047,Whale row 244,EVT0077,,,Echinoidea,,,Taxon presence,Whale-fall analysis,,whale fall,,,,,,,,30.924166666666601,141.82866666666601,4037,,,cherisse.persad@gmail.com
SRC0056,Whale row 334,EVT0092,,,Antipatharia,,,Taxon presence,Whale-fall analysis,,whale fall,,,,,,,,-41.372999999999998,42.9106666666666,732,,,cherisse.persad@gmail.com
SRC0058,Whale row 352,EVT0988,,,Porifera morphospecies 1,,,Taxon presence,Whale-fall analysis,,whale fall,,,,,,,,-59.694516666666601,-28.351483333333299,1444,,,cherisse.persad@gmail.com
SRC0058,Whale row 353,EVT0988,,,Porifera morphospecies 2,,,Taxon presence,Whale-fall analysis,,whale fall,,,,,,,,-59.694516666666601,-28.351483333333299,1444,,,cherisse.persad@gmail.com
SRC0058,Whale row 354,EVT0988,,,Actiniaria morphospecies 1,,,Taxon presence,Whale-fall analysis,,whale fall,,,,,,,,-59.694516666666601,-28.351483333333299,1444,,,cherisse.persad@gmail.com
SRC0058,Whale row 355,EVT0988,,,Actiniaria morphospecies 2,,,Taxon presence,Whale-fall analysis,,whale fall,,,,,,,,-59.694516666666601,-28.351483333333299,1444,,,cherisse.persad@gmail.com
SRC0058,Whale row 356,EVT0988,,,Actiniaria morphospecies 3,,,Taxon presence,Whale-fall analysis,,whale fall,,,,,,,,-59.694516666666601,-28.351483333333299,1444,,,cherisse.persad@gmail.com
SRC0058,Whale row 357,EVT0988,,,Actiniaria morphospecies 4,,,Taxon presence,Whale-fall analysis,,whale fall,,,,,,,,-59.694516666666601,-28.351483333333299,1444,,,cherisse.persad@gmail.com
SRC0058,Whale row 366,EVT0988,,,Sipuncula,,,Taxon presence,Whale-fall analysis,,whale fall,,,,,,,,-59.694516666666601,-28.351483333333299,1444,,,cherisse.persad@gmail.com
SRC0058,Whale row 377,EVT0988,,,Ophiuroidea,,,Taxon presence,Whale-fall analysis,,whale fall,,,,,,,,-59.694516666666601,-28.351483333333299,1444,,,cherisse.persad@gmail.com
SRC0060,Whale row 383,EVT1033,,,Anthoathecata,,,Taxon presence,Whale-fall analysis,,whale fall,,,,,,,,38.280933333333302,-9.1122333333333305,1000,,,cherisse.persad@gmail.com
SRC0151,Wood row 558,,,,Xylophagaidae,,,Higher-level taxonomic evidence,Source-specific evidence only,,wood fall,Xylophagaidae,,,,,,,-39.715800000000002,177.96369999999999,1063,,,cherisse.persad@gmail.com
SRC0242,Systematics / distribution — Paramytha cf. ossicola,EVT1125,VIS00182,,Paramytha cf. ossicola,,,Occurrence,Whale,IN2017_V03_100,natural pilot-whale fall,Ampharetidae,Paramytha,ossicola,,,,,-28.075,154.08,999–1013,,,cherisse.persad@gmail.com
SRC0242,Systematics / distribution — Paramphinome cf. australis,EVT1125,VIS00182,,Paramphinome cf. australis,,,Occurrence,Whale,IN2017_V03_100,natural pilot-whale fall,Amphinomidae,Paramphinome,australis,,,,,-28.075,154.08,999–1013,,,cherisse.persad@gmail.com
SRC0242,Systematics / distribution — Nereis sp.,EVT1125,VIS00182,,Nereis sp.,,,Occurrence,Whale,IN2017_V03_100,natural pilot-whale fall,Nereididae,Nereis,,,,,,-28.075,154.08,999–1013,,,cherisse.persad@gmail.com
SRC0242,Systematics / distribution — Orbiniella sp.,EVT1125,VIS00182,,Orbiniella sp.,,,Occurrence,Whale,IN2017_V03_100,natural pilot-whale fall,Orbiniidae,Orbiniella,,,,,,-28.075,154.08,999–1013,,,cherisse.persad@gmail.com
SRC0242,Systematics / distribution — Eumida cf. longicirrata,EVT1125,VIS00182,,Eumida cf. longicirrata,,,Occurrence,Whale,IN2017_V03_100,natural pilot-whale fall,Phyllodocidae,Eumida,longicirrata,,,,,-28.075,154.08,999–1013,,,cherisse.persad@gmail.com
SRC0242,Systematics / distribution — ?Pseudomystides sp.,EVT1125,VIS00182,,?Pseudomystides sp.,,,Occurrence,Whale,IN2017_V03_100,natural pilot-whale fall,Phyllodocidae,Pseudomystides,,,,,,-28.075,154.08,999–1013,,,cherisse.persad@gmail.com
SRC0242,Systematics / distribution — Protodrilus cf. puniceus,EVT1125,VIS00182,,Protodrilus cf. puniceus,,,Occurrence,Whale,IN2017_V03_100,natural pilot-whale fall,Protodrilidae,Protodrilus,puniceus,,,,,-28.075,154.08,999–1013,,,cherisse.persad@gmail.com
SRC0242,Systematics / distribution — Sphaerodoropsis sp.,EVT1125,VIS00182,,Sphaerodoropsis sp.,,,Occurrence,Whale,IN2017_V03_100,natural pilot-whale fall,Sphaerodoridae,Sphaerodoropsis,,,,,,-28.075,154.08,999–1013,,,cherisse.persad@gmail.com
SRC0242,Systematics / distribution — Phascolosoma undes. sp.,EVT1125,VIS00182,,Phascolosoma undes. sp.,,,Occurrence,Whale,IN2017_V03_100,natural pilot-whale fall,Phascolosomatidae,Phascolosoma,,,,,,-28.075,154.08,999–1013,,,cherisse.persad@gmail.com
