Site_ID,Site_Name,Original_Locality_Name,Country_or_EEZ,Ocean,Region,Latitude,Longitude,Coordinate_Precision,Location_Notes,Legacy_Site_IDs,Contributor,Verbatim_Basin,Assigned_Basin,Basin_Assignment_Notes
SITE0001,São Paulo Ridge,São Paulo Ridge,,South Atlantic,SW Atlantic,-28.5186516666666,-41.6568283333333,Exact,,,cherisse.persad@gmail.com,South Atlantic,Atlantic,
SITE0002,off São Paulo,off São Paulo,,South Atlantic,SW Atlantic,-25.894,-45.0483333333333,Exact,,,cherisse.persad@gmail.com,,Atlantic,
SITE0003,off São Paulo,off São Paulo,,South Atlantic,SW Atlantic,-28.0285,-43.5296666666666,Exact,,,cherisse.persad@gmail.com,South Atlantic,Atlantic,
SITE0004,off Rio de Janeiro,off Rio de Janeiro,,South Atlantic,SW Atlantic,-25.3383333333333,-39.6411666666666,Exact,,,cherisse.persad@gmail.com,,Atlantic,
SITE0005,off Espirito Santo,off Espirito Santo,,South Atlantic,SW Atlantic,-21.4501666666666,-39.8965,Exact,,,cherisse.persad@gmail.com,,Atlantic,
SITE0006,off Espirito Santo,off Espirito Santo,,South Atlantic,SW Atlantic,-22.8408333333333,-38.4163333333333,Exact,,,cherisse.persad@gmail.com,,Atlantic,
SITE0007,off Santos,off Santos,,South Atlantic,SW Atlantic,-26.6,-46.15,Exact,,,cherisse.persad@gmail.com,South Atlantic,Atlantic,
SITE0008,off Mississipi,off Mississipi,,North Atlantic,Gulf of Mexico,27.3126,-88.927,Exact,,,cherisse.persad@gmail.com,,Atlantic,
SITE0009,Catalina Basin,Catalina Basin,,North Pacific,NE Pacific,33.2,-118.5,Exact,,,cherisse.persad@gmail.com,,Pacific,
SITE0010,off Point Sur,off Point Sur,,North Pacific,NE Pacific,36.2933333333333,-122.203333333333,Exact,,,cherisse.persad@gmail.com,North Pacific,Pacific,
SITE0011,off Point Lobos,off Point Lobos,,North Pacific,NE Pacific,36.4366666666666,-122.263333333333,Exact,,,cherisse.persad@gmail.com,North Pacific,Pacific,
SITE0012,Monterey Bay,Monterrey Bay,,North Pacific,NE Pacific,36.94,-122.631666666666,Exact,,,cherisse.persad@gmail.com,North Pacific,Pacific,
SITE0013,Arctic Mid-Ocean Ridge,Arctic Mid-Ocean Ridge,,Arctic,Arctic Mid-Ocean Ridge,73.5671111111111,8.15880555555555,Exact,,,jmalfarolucas@gmail.com,,Arctic,
SITE0014,Arctic Mid-Ocean Ridge,Arctic Mid-Ocean Ridge,,Arctic,Arctic Mid-Ocean Ridge,73.567,8.15830555555555,Exact,,,jmalfarolucas@gmail.com,,Arctic,
SITE0015,"off Southwestern Iceland, between Vestmannaeyjar and Reykjanesridge","off Southwestern Iceland, between Vestmannaeyjar and Reykjanesridge",,North Atlantic,NE Atlantic,,,Unknown,,,jmalfarolucas@gmail.com,North Atlantic,Atlantic,
SITE0016,"off Vestmannaeyar, Southern Iceland","off Vestmannaeyar, Southern Iceland",,North Atlantic,NE Atlantic,,,Unknown,,,jmalfarolucas@gmail.com,North Atlantic,Atlantic,
SITE0017,off Bay of Biscay,off Bay of Biscay,,North Atlantic,NE Atlantic,,,Unknown,,,jmalfarolucas@gmail.com,North Atlantic,Atlantic,
SITE0018,off Bastia (Corsica),off Bastia (Corsica),,Mediterranean sea,W Mediterranean,,,Unknown,,,jmalfarolucas@gmail.com,Mediterranean sea,Mediterranean,
SITE0019,Bjarnarey (Southern Iceland),Bjarnarey (Southern Iceland),,North Atlantic,NE Atlantic,,,Unknown,,,jmalfarolucas@gmail.com,North Atlantic,Atlantic,
SITE0020,"Skeidarardypi, off southwestern Iceland","Skeidarardypi, off southwestern Iceland",,North Atlantic,NE Atlantic,,,Unknown,,,jmalfarolucas@gmail.com,North Atlantic,Atlantic,
SITE0021,Adriatic Sea,Adriatic Sea,,Mediterranean sea,W Mediterranean,42.4863833333333,17.0026416666666,Exact,,,jmalfarolucas@gmail.com,Mediterranean sea,Mediterranean,
SITE0022,"off Sète, Lion Gulf","off Sète, Lion Gulf",,Mediterranean sea,W Mediterranean,,,Unknown,,,jmalfarolucas@gmail.com,Mediterranean sea,Mediterranean,
SITE0023,west Póvoa de Varzim (Portugal),west Póvoa de Varzim (Portugal),,North Atlantic,NE Atlantic,41.4783333333333,-9.21166666666666,Exact,,,jmalfarolucas@gmail.com,North Atlantic,Atlantic,
SITE0024,North Azores,North Azores,,North Atlantic,NE Atlantic,42.8333333333333,-28.6291666666666,Exact,,,cherisse.persad@gmail.com,North Atlantic,Atlantic,
SITE0025,Chatham Islands (New Zealand),Chatham Islands (New Zeland),,South Pacific,SW Pacific,-42.9366666666666,-175.543333333333,Exact,,,cherisse.persad@gmail.com,South Pacific,Pacific,
SITE0026,"off Mernoo Bank, Chatham Rise (New Zealand)","off Mernoo Bank, Chatham Rise (New Zeland)",,South Pacific,SW Pacific,-43.569,176.3115,Exact,,,cherisse.persad@gmail.com,South Pacific,Pacific,
SITE0027,Chatham Rise (New Zealand),Chatham Rise (New Zeland),,South Pacific,SW Pacific,-44.13,178.526666666666,Exact,,,jmalfarolucas@gmail.com,South Pacific,Pacific,
SITE0028,off Banks Peninsula (New Zealand),off Banks Peninsula (New Zeland),,South Pacific,SW Pacific,-44.675,174.016666666666,Exact,,,cherisse.persad@gmail.com,South Pacific,Pacific,
SITE0029,East Slope Challenger Plateau (New Zealand),East Slope Challenger Plateau (New Zeland),,South Pacific,SW Pacific,-39.8666666666666,167.116666666666,Exact,,,cherisse.persad@gmail.com,South Pacific,Pacific,
SITE0030,Challenger Plateau (New Zealand),Challenger Plateau (New Zeland),,South Pacific,SW Pacific,-39.8866666666666,168.02,Exact,,,cherisse.persad@gmail.com,South Pacific,Pacific,
SITE0031,Chatham Rise (New Zealand),Chatham Rise (New Zeland),,South Pacific,SW Pacific,-43.8583333333333,177.863333333333,Exact,,,jmalfarolucas@gmail.com,South Pacific,Pacific,
SITE0032,NE Chatham Islands (New Zealand),NE Chatham Islands (New Zeland),,South Pacific,SW Pacific,-43.2833333333333,174.091666666666,Exact,,,cherisse.persad@gmail.com,South Pacific,Pacific,
SITE0033,"ACES1, off Smith Island, Antarctic Peninsula",Bransfield strait (Antarctica),Antarctica,Southern Ocean,Bransfield Strait / Antarctic Peninsula,-63.1645,-61.689,Exact,,,cherisse.persad@gmail.com,Southern Ocean,Southern,
SITE0034,"ACES2, off Smith Island, Antarctic Peninsula",Bransfield strait (Antarctica),Antarctica,Southern Ocean,Bransfield Strait / Antarctic Peninsula,-63.183,-61.636,Exact,,,cherisse.persad@gmail.com,Southern Ocean,Southern,
SITE0035,"East Scotia Sea, Kemp Caldera","East Scotia Sea, Kemp Caldera",,Southern Ocean,Antarctica,-59.6945166666666,-28.3514833333333,Exact,,,cherisse.persad@gmail.com,Southern Ocean,Southern,
SITE0036,"Monterey Bay, CA, USA","Monterey Bay, CA, USA",,North Pacific,NE Pacific,36.7082666666666,-122.105266666666,Exact,,,jmalfarolucas@gmail.com,,Pacific,
SITE0037,"Whalers Bay, Deception Island","Whalers Bay, Deception Island",,Southern Ocean,Antarctica,-62.9888333333333,-60.5575,Exact,,,cherisse.persad@gmail.com,Southern Ocean,Southern,
SITE0038,"Monterey Bay, CA, USA","Monterey Bay, CA, USA",,North Pacific,NE Pacific,36.7718,-122.1052,Exact,,,jmalfarolucas@gmail.com,North Pacific,Pacific,
SITE0039,"Monterey Bay, CA, USA","Monterey Bay, CA, USA",,North Pacific,NE Pacific,36.6101,-122.435366666666,Exact,,,cherisse.persad@gmail.com,North Pacific,Pacific,
SITE0040,Cape Nomamisaki (Japan),Cape Nomamisaki (Japan),,North Pacific,NW Pacific,31.3453333333333,129.988166666666,Exact,,,jmalfarolucas@gmail.com,North Pacific,Pacific,
SITE0041,"Monterey Bay, CA, USA","Monterey Bay, CA, USA",,North Pacific,NE Pacific,36.7900166666666,-122.88725,Exact,,,jmalfarolucas@gmail.com,North Pacific,Pacific,
SITE0042,Kosterfjord (Sweden),Kosterfjord (Sweden),,North Atlantic,NE Atlantic,58.885,11.1066666666666,Exact,,,jmalfarolucas@gmail.com,North Atlantic,Atlantic,
SITE0043,"Monterey Bay, CA, USA","Monterey Bay, CA, USA",,North Pacific,NE Pacific,36.8029666666666,-121.994616666666,Exact,,,jmalfarolucas@gmail.com,North Pacific,Pacific,
SITE0044,"Monterey Bay, CA, USA","Monterey Bay, CA, USA",,North Pacific,NE Pacific,36.6051166666666,-122.154,Exact,,,jmalfarolucas@gmail.com,,Pacific,
SITE0045,"Monterey Bay, CA, USA","Monterey Bay, USA",,North Pacific,NE Pacific,36.7718,-122.1052,Exact,,,jmalfarolucas@gmail.com,,Pacific,
SITE0046,"Monterey Bay, CA, USA","Monterey Bay, USA",,North Pacific,NE Pacific,36.7082666666666,-122.105266666666,Exact,,,jmalfarolucas@gmail.com,North Pacific,Pacific,
SITE0047,Sagami Bay,Sagami Bay,,North Pacific,NW Pacific,35.05,139.13,Exact,"Original latitude and longitude were transposed (139.13, 35.05) to 35.05 N, 139.13 E.",,cherisse.persad@gmail.com,,Pacific,
SITE0048,Sagami Bay,Sagami Bay,,North Pacific,NW Pacific,31.2,129.6,Exact,"Original latitude and longitude were transposed (129.6, 31.2) to 31.2 N, 129.6 E.",,cherisse.persad@gmail.com,,Pacific,
SITE0049,"Colatinas, Deception Island","Colatinas, Deception Island",,Southern Ocean,Antarctica,-62.9913666666666,-60.61825,Exact,,,cherisse.persad@gmail.com,Southern Ocean,Southern,
SITE0050,South-West Ireland,South-West Ireland,,North Atlantic,NE Atlantic,52.5,-12,Exact,,,cherisse.persad@gmail.com,North Atlantic,Atlantic,
SITE0051,off Dingle Bay (Ireland),off Dingle Bay (Ireland),,North Atlantic,NE Atlantic,52.5,-12,Exact,,,cherisse.persad@gmail.com,,Atlantic,
SITE0052,South-West Ireland,South-West Ireland,,North Atlantic,NE Atlantic,,,Unknown,,,jmalfarolucas@gmail.com,North Atlantic,Atlantic,
SITE0053,150 miles off NE Aberdeen (North Sea),150 miles off NE Aberdeen (North Sea),,North Atlantic,NE Atlantic,,,Unknown,,,jmalfarolucas@gmail.com,North Atlantic,Atlantic,
SITE0054,20 miles off NW Fair Isle,20 miles off NW Fair Isle,,North Atlantic,NE Atlantic,,,Unknown,"Marshall (1901)/Fair Isle metadata report coordinates as unavailable. Values of 57, 6.5 are unsupported for this locality.",,cherisse.persad@gmail.com,North Atlantic,Atlantic,
SITE0055,East Shetlands,East Shetlands,,North Atlantic,NE Atlantic,,,Unknown,,,jmalfarolucas@gmail.com,North Atlantic,Atlantic,
SITE0056,Gulf of San Jorge,Gulf of San Jorge,,South Atlantic,SW Atlantic,-46.1666666666666,-61.8333333333333,Exact,,,cherisse.persad@gmail.com,South Atlantic,Atlantic,
SITE0057,Gascogne Gulf,Gascogne Gulf,,North Atlantic,NE Atlantic,47.0333333333333,-4.68333333333333,Exact,,,cherisse.persad@gmail.com,North Atlantic,Atlantic,
SITE0058,Bjørnafjord south off Bergen (Norway),Bjørnafjord south off Bergen (Norway),,North Atlantic,NE Atlantic,60.1842931666666,5.50879628,Exact,,,cherisse.persad@gmail.com,,Atlantic,
SITE0059,"Malene Bay, Nuuk (Greenland)","Malene Bay, Nuuk (Greenland)",,North Atlantic,NW Atlantic,64.1569444444444,-51.6969444444444,Exact,,,jmalfarolucas@gmail.com,North Atlantic,Atlantic,
SITE0060,Torishima seamount (Japan),Torishima seamount (Japan),,North Pacific,NW Pacific,30.9241666666666,141.828666666666,Exact,,,cherisse.persad@gmail.com,North Pacific,Pacific,
SITE0061,British Columbia,British Columbia,,North Pacific,NE Pacific,48.6754388888888,-126.0899,Exact,,,cherisse.persad@gmail.com,North Pacific,Pacific,
SITE0062,Capraia Island (Italy),Capraia Island (Italy),,Mediterranean sea,W Mediterranean,,,Unknown,,,jmalfarolucas@gmail.com,Mediterranean sea,Mediterranean,
SITE0063,"Marettimo Island, Tyrrhenian Sea (Italy)","Marettimo Island, Tyrrhenian Sea (Italy)",,Mediterranean sea,W Mediterranean,,,Unknown,,,jmalfarolucas@gmail.com,Mediterranean sea,Mediterranean,
SITE0064,"Blanes canyon, Catalonia",Blanes Canyon (Catalonia),,Mediterranean sea,W Mediterranean,41.6709722222222,2.8898,Exact,,,cherisse.persad@gmail.com,Mediterranean sea,Mediterranean,
SITE0065,South Georgia Island,South Georgia Island,,Southern Ocean,Antarctica,-54.2967499999999,-37.9045,Exact,,,jmalfarolucas@gmail.com,,Southern,
SITE0066,"Whalers Bay, Deception Island","Whalers Bay, Deception Island",,Southern Ocean,Antarctica,-62.9899166666666,-60.5613888888888,Exact,,,cherisse.persad@gmail.com,Southern Ocean,Southern,
SITE0067,Nansei-Shoto Trench (Philippine Sea),Nansei-Shoto Trench (Philippine Sea),,North Pacific,NW Pacific,23.9093466666666,126.36227,Exact,,,jmalfarolucas@gmail.com,North Pacific,Pacific,
SITE0068,"between the Papua New Guinea islands of New Ireland and New Britain, Manus Basin","between the Papua New Guinea islands of New Ireland and New Britain, Manus Basin",,South Pacific,SW Pacific,-3.78943166666666,152.092013055555,Exact,,,jmalfarolucas@gmail.com,South Pacific,Pacific,
SITE0069,"Hydrate Ridge, Oregon","Hydrate Ridge, Oregon",,North Pacific,NE Pacific,44.669,-125.098,Exact,,,jmalfarolucas@gmail.com,North Pacific,Pacific,
SITE0070,"Monterey Bay, CA, USA","Monterey Bay, CA, USA",,North Pacific,NE Pacific,36.608544,-122.156694,Exact,,,cherisse.persad@gmail.com,,Pacific,
SITE0071,Longqi vent field (Southwest Indian Ridge),Longqi vent field (Southwest Indian Ridge),,Indian Ocean,SW Indian Ocean,-37.78355,49.64475,Exact,,,jmalfarolucas@gmail.com,,Indian,
SITE0072,Vanuatu,Santo Island (Vanuatu),,South Pacific,SW Pacific,-15.704,167.0435,Exact,,,jmalfarolucas@gmail.com,South Pacific,Pacific,
SITE0073,"Coral Seamount, Southwest Indian Ridge","Coral Seamount, Southwest Indian Ridge",,Indian Ocean,SW Indian Ocean,-41.373,42.9106666666666,Exact,,SITE0557,cherisse.persad@gmail.com,Indian Ocean,Indian,
SITE0074,"Atlantis Bank, Southwest Indian Ridge","Atlantis Bank, Southwest Indian Ridge",,Indian Ocean,SW Indian Ocean,-32.7118333333333,57.2718333333333,Exact,,SITE0556,cherisse.persad@gmail.com,Indian Ocean,Indian,
SITE0075,Weijia Guyot,Weijia Guyot,,North Pacific,NW Pacific,12.716915,156.453428333333,Exact,,,cherisse.persad@gmail.com,,Pacific,
SITE0076,Weijia Guyot,Weijia Guyot,,North Pacific,NW Pacific,12.9493333333333,156.954166666666,Exact,,,cherisse.persad@gmail.com,,Pacific,
SITE0077,Setubal Canyon (Portugal),Setubal Canyon (Portugal),,North Atlantic,NE Atlantic,38.2809333333333,-9.11223333333333,Exact,,,jmalfarolucas@gmail.com,,Atlantic,
SITE0078,East China,East China,,North Pacific,NW Pacific,28,127,Exact,,,jmalfarolucas@gmail.com,,Pacific,
SITE0079,"Off Concepción, Chile","Off Concepción, Chile",,South Pacific,SE Pacific,-36.4833333333333,-73.5666666666666,Exact,,,jmalfarolucas@gmail.com,South Pacific,Pacific,
SITE0080,off Azores,off Azores,,North Atlantic,Mid-Atlantic Ridge,38.4651666666666,-28.6216666666666,Exact,,,jmalfarolucas@gmail.com,North Atlantic,Atlantic,
SITE0081,Lucky Strike vent field,Lucky Strike hydrothermal field,,North Atlantic,Mid-Atlantic Ridge,37.2886666666666,-32.2755,Exact,,,cherisse.persad@gmail.com,,Atlantic,
SITE0082,"off Cape Nomamisaki, Japan","off Cape Nomamisaki, Japan",,North Pacific,NW Pacific,31.3453333333333,129.988083333333,Exact,,,cherisse.persad@gmail.com,North Pacific,Pacific,
SITE0083,"Monterey Bay, CA, USA","Monterey Bay, CA, USA",,North Pacific,NE Pacific,32.7769666666666,-117.487566666666,Exact,,,jmalfarolucas@gmail.com,North Pacific,Pacific,
SITE0084,"San Diego, CA, USA","San Diego, CA, USA",,North Pacific,NE Pacific,32.7716,-117.453,Exact,,,jmalfarolucas@gmail.com,North Pacific,Pacific,
SITE0085,"Monterey Bay, CA, USA","Monterey Bay, CA, USA",,North Pacific,NE Pacific,36.7721,-122.0831,Exact,,,jmalfarolucas@gmail.com,North Pacific,Pacific,
SITE0086,Santa Cruz Basin,Santa Cruz Basin,,North Pacific,NE Pacific,33.45,-119.366666666666,Exact,,,jmalfarolucas@gmail.com,North Pacific,Pacific,
SITE0087,Santa Catalina Basin,Santa Catalina Basin,,North Pacific,NE Pacific,32.2,-118.5,Exact,,,jmalfarolucas@gmail.com,North Pacific,Pacific,
SITE0088,San Diego Trough,San Diego Trough,,North Pacific,NE Pacific,32.5833333333333,-117.5,Exact,,,cherisse.persad@gmail.com,North Pacific,Pacific,
SITE0089,San Nicolas Slope,San Nicolas Slope,,North Pacific,NE Pacific,33.3333333333333,-119.833333333333,Exact,,,jmalfarolucas@gmail.com,North Pacific,Pacific,
SITE0090,San Clemente Basin,San Clemente Basin,,North Pacific,NE Pacific,32.4333333333333,-118.15,Exact,,,cherisse.persad@gmail.com,North Pacific,Pacific,
SITE0091,off Oregon,off Oregon,,North Pacific,NE Pacific,47.9576666666666,-126.035333333333,Exact,,,jmalfarolucas@gmail.com,North Pacific,Pacific,
SITE0092,off Oregon,off Oregon,,North Pacific,NE Pacific,43.9086666666666,-125.173666666666,Exact,,,jmalfarolucas@gmail.com,North Pacific,Pacific,
SITE0093,off Oregon,off Oregon,,North Pacific,NE Pacific,47.27,-127.592833333333,Exact,,,jmalfarolucas@gmail.com,North Pacific,Pacific,
SITE0094,off Oregon,off Oregon,,North Pacific,NE Pacific,43.8783333333333,-127.5655,Exact,,,jmalfarolucas@gmail.com,North Pacific,Pacific,
SITE0095,Off Woods Hole,Off Woods Hole,,North Atlantic,NW Atlantic,39.7666666666666,-70.6833333333333,Exact,,,cherisse.persad@gmail.com,,Atlantic,
SITE0096,Cayman Trench,central Puerto Rico Trench,,North Atlantic,NW Atlantic,19.0166666666667,-80.5,Exact,"Wolff (1976) Table I identifies 19°01'N, 80°30'W, 6800 m as Cayman Trench west station 1242A. Original_Locality_Name records the source label 'central Puerto Rico Trench', which is not used as the standardised locality.",,cherisse.persad@gmail.com,,Atlantic,
SITE0097,Near Lesser Antilles,Near Lesser Antilles,,North Atlantic,NW Atlantic,17.85,-65.0666666666666,Exact,,,jmalfarolucas@gmail.com,,Atlantic,
SITE0098,Cayman Trench,Cayman Trench,,North Atlantic,NW Atlantic,19.65,-76.6166666666666,Exact,,,jmalfarolucas@gmail.com,North Atlantic,Atlantic,
SITE0099,"Caribbean sea, near Lesser Antilles","Caribbean sea, near Lesser Antilles",,North Atlantic,NW Atlantic,17.583,-61.35,Exact,,,jmalfarolucas@gmail.com,,Atlantic,
SITE0100,Caribbean sea,Caribbean sea,,North Atlantic,NW Atlantic,19.23,-73.23,Exact,,,jmalfarolucas@gmail.com,North Atlantic,Atlantic,
SITE0101,Gulf of Guinea,Gulf of Guinea,,South Atlantic,SE Atlantic,4.8333,-4.9666,Exact,,,jmalfarolucas@gmail.com,South Atlantic,Atlantic,
SITE0102,Cayman Trench,Cayman Trench,,North Atlantic,NW Atlantic,19.0166666666666,-80.5833333333333,Exact,,,jmalfarolucas@gmail.com,,Atlantic,
SITE0103,Cayman Trench,Cayman Trench,,North Atlantic,NW Atlantic,19.1,-80.5,Exact,,,jmalfarolucas@gmail.com,,Atlantic,
SITE0104,Caribbean sea,Caribbean sea,,North Atlantic,NW Atlantic,20.1333333333333,-84.5,Exact,,,cherisse.persad@gmail.com,North Atlantic,Atlantic,
SITE0105,"Caribbean sea, Southern Caribbean","Caribbean sea, Southern Caribbean",,North Atlantic,NW Atlantic,11.65,-64.5833333333333,Exact,,,cherisse.persad@gmail.com,North Atlantic,Atlantic,
SITE0106,"Caribbean sea, Northern Caribbean","Caribbean sea, Northern Caribbean",,North Atlantic,NW Atlantic,19.2333333333333,-73.2333333333333,Exact,,,cherisse.persad@gmail.com,North Atlantic,Atlantic,
SITE0107,Gulf of Guinea,Gulf of Guinea,,South Atlantic,SE Atlantic,4.83333333333333,-4.96666666666666,Exact,,,cherisse.persad@gmail.com,South Atlantic,Atlantic,
SITE0108,"Caribbean Sea, off Trinidad","Caribbean Sea, off Trinidad",,North Atlantic,NW Atlantic,11.6166666666666,-60.2,Exact,,,cherisse.persad@gmail.com,North Atlantic,Atlantic,
SITE0109,North of Bahama Islands,North of Bahama Islands,,North Atlantic,NW Atlantic,27.4333333333333,-77.8333333333333,Exact,,,cherisse.persad@gmail.com,,Atlantic,
SITE0110,Northern Caribbean Sea,Northen Caribbean,,North Atlantic,NW Atlantic,19.2333333333333,-73.2333333333333,Exact,,,cherisse.persad@gmail.com,,Atlantic,
SITE0111,Puerto Rico Trench,Puerto Rico Trench,,North Atlantic,NW Atlantic,19.4333333333333,-66.4,Exact,,,jmalfarolucas@gmail.com,,Atlantic,
SITE0112,off Georgia,off Georgia,,North Atlantic,NW Atlantic,31.8,-76.5333333333333,Exact,,,jmalfarolucas@gmail.com,,Atlantic,
SITE0113,off Guiana,off Guiana,,North Atlantic,NW Atlantic,8.55,-54.3,Exact,,,jmalfarolucas@gmail.com,North Atlantic,Atlantic,
SITE0114,Cayman Trench central,Cayman Trench central,,North Atlantic,NW Atlantic,19.65,-76.61666,Exact,,,cherisse.persad@gmail.com,North Atlantic,Atlantic,
SITE0115,Puerto Rico Trench,Puerto Rico Trench south,,North Atlantic,NW Atlantic,19.4,-68,Exact,,,jmalfarolucas@gmail.com,,Atlantic,
SITE0116,Yucatan Basin,Yucatan Basin,,North Atlantic,NW Atlantic,20.1333,-84.5,Exact,,,jmalfarolucas@gmail.com,,Atlantic,
SITE0117,North Cuba,North Cuba,,North Atlantic,NW Atlantic,21.9666666666666,-73.7,Exact,,,jmalfarolucas@gmail.com,North Atlantic,Atlantic,
SITE0118,Cayman Trench,Cayman Trench,,North Atlantic,NW Atlantic,19.0166666666666,-80.5,Exact,,,jmalfarolucas@gmail.com,North Atlantic,Atlantic,
SITE0119,Near Lesser Antilles,Near Lesser Antilles,,North Atlantic,NW Atlantic,13.45,-62.3166666666666,Exact,,,jmalfarolucas@gmail.com,North Atlantic,Atlantic,
SITE0120,Cayman Trench,Cayman Trench,,North Atlantic,NW Atlantic,19.4,-76.6333333333333,Exact,,,jmalfarolucas@gmail.com,North Atlantic,Atlantic,
SITE0121,Puerto Rico Trench,Puerto Rico Trench,,North Atlantic,NW Atlantic,19.65,-68.3,Exact,,,jmalfarolucas@gmail.com,North Atlantic,Atlantic,
SITE0122,Panama Gulf,Panama Gulf,,North Pacific,NW Pacific,6.85,-79.4666666666666,Exact,,,jmalfarolucas@gmail.com,North Pacific,Pacific,
SITE0123,Near Lesser Antilles,Near Lesser Antilles,,North Atlantic,NW Atlantic,11.6166666666666,-60.2,Exact,,,cherisse.persad@gmail.com,,Atlantic,
SITE0124,"South of Eyrabakki, Iceland","South of Eyrabakki, Iceland",,North Atlantic,NE Atlantic,61.5,-22.5,Exact,,,jmalfarolucas@gmail.com,North Atlantic,Atlantic,
SITE0125,North of Bahama Island,North of Bahama Island,,North Atlantic,NE Atlantic,27.4333333333333,-77.8333333333333,Exact,,,cherisse.persad@gmail.com,,Atlantic,
SITE0126,Northern Caribbean Sea,Northern Caribbean,,North Atlantic,NE Atlantic,19.2333333333333,-73.2333333333333,Exact,,,cherisse.persad@gmail.com,,Atlantic,
SITE0127,Southern Caribbean Sea,Southern Caribbean,,North Atlantic,NE Atlantic,11.65,-64.5833333333333,Exact,,,cherisse.persad@gmail.com,,Atlantic,
SITE0128,Near Lesser Antilles,Near Lesser Antilles,,North Atlantic,NE Atlantic,13.7666666666666,-61.0833333333333,Exact,,,jmalfarolucas@gmail.com,North Atlantic,Atlantic,
SITE0129,off Guiana,off Guiana,,North Atlantic,NE Atlantic,7.58333333333333,-56.35,Exact,,,jmalfarolucas@gmail.com,North Atlantic,Atlantic,
SITE0130,Bay of Guinea,Bay of Guinea,,South Atlantic,SE Atlantic,4.83333333333333,-4.96666666666666,Exact,,,cherisse.persad@gmail.com,,Atlantic,
SITE0131,North Cuba,North of Cuba,,North Atlantic,NE Atlantic,22.4,-75.43333,Exact,,,jmalfarolucas@gmail.com,North Atlantic,Atlantic,
SITE0132,Northern Caribbean Sea,Northern Caribbean,,North Atlantic,NE Atlantic,18.266666,-78.516666,Exact,,,jmalfarolucas@gmail.com,,Atlantic,
SITE0133,Yucatan Basin,Yucatan Basin,,North Atlantic,NE Atlantic,20.1333333333333,-84.5,Exact,,,cherisse.persad@gmail.com,,Atlantic,
SITE0134,Puerto Rico Trench,Puerto Rico Trench,,North Atlantic,NE Atlantic,19.4,-66.1833333,Exact,,,jmalfarolucas@gmail.com,,Atlantic,
SITE0135,Puerto Rico Trench,Puerto Rico Trench,,North Atlantic,NE Atlantic,19.6333,-67.7666,Exact,,,jmalfarolucas@gmail.com,,Atlantic,
SITE0136,Puerto Rico Trench,Puerto Rico Trench,,North Atlantic,NE Atlantic,19.75,-67,Exact,,,jmalfarolucas@gmail.com,,Atlantic,
SITE0137,Caribbean Sea,Caribbean,,North Atlantic,NE Atlantic,19.8,-83.5,Exact,,,jmalfarolucas@gmail.com,,Atlantic,
SITE0138,Puerto Rico Trench,Puerto Rico Trench,,North Atlantic,NE Atlantic,19.71666,-67.083333,Exact,,,jmalfarolucas@gmail.com,,Atlantic,
SITE0139,West Cayman Trench,West Cayman Trench,,North Atlantic,NE Atlantic,19.01666,-80.5,Exact,,,jmalfarolucas@gmail.com,,Atlantic,
SITE0140,West Cayman Trench,West Cayman Trench,,North Atlantic,NE Atlantic,19.01666,-80.58333,Exact,,,jmalfarolucas@gmail.com,,Atlantic,
SITE0141,East Cayman Trench,East Cayman Trench,,North Atlantic,NE Atlantic,19.65,-76.61666,Exact,,,cherisse.persad@gmail.com,,Atlantic,
SITE0142,West Cayman Trench,West Cayman Trench,,North Atlantic,NE Atlantic,19.01666,-80.5833,Exact,,,jmalfarolucas@gmail.com,,Atlantic,
SITE0143,off Georgia,off Georgia,,North Atlantic,NE Atlantic,31.8,-76.5333,Exact,,,jmalfarolucas@gmail.com,,Atlantic,
SITE0144,Tumokemoke Knoll,Tumokemoke Knoll,,South Pacific,SW Pacific,-37.485,176.911666666666,Exact,,,jmalfarolucas@gmail.com,South Pacific,Pacific,
SITE0145,East of Cape Kidnappers,East of Cape Kidnappers,,South Pacific,SW Pacific,-39.88,177.608333333333,Exact,,,cherisse.persad@gmail.com,South Pacific,Pacific,
SITE0146,South East of Cape Campbell,South East of Cape Campbell,,South Pacific,SW Pacific,-41.9316666666666,174.72,Exact,,,jmalfarolucas@gmail.com,South Pacific,Pacific,
SITE0147,off Jackson Bay,off Jackson Bay,,South Pacific,SW Pacific,-43.4466666666666,168.903333333333,Exact,,,cherisse.persad@gmail.com,South Pacific,Pacific,
SITE0148,off Timaru,off Timaru,,South Pacific,SW Pacific,-44.5366666666666,173.705,Exact,,,cherisse.persad@gmail.com,South Pacific,Pacific,
SITE0149,South East of Banks Peninsula,South East of Banks Peninsula,,South Pacific,SW Pacific,-44.6083333333333,173.546666666666,Exact,,,cherisse.persad@gmail.com,South Pacific,Pacific,
SITE0150,New Zealand,New Zeland,,South Pacific,SW Pacific,-37.395,177.658333333333,Exact,,,cherisse.persad@gmail.com,,Pacific,
SITE0151,off Castlepoint,off Castlepoint,,South Pacific,SW Pacific,-41.1616666666666,176.521666666666,Exact,,,jmalfarolucas@gmail.com,South Pacific,Pacific,
SITE0152,off Castlepoint,off Castlepoint,,South Pacific,SW Pacific,-41.1616666666666,176.441666666666,Exact,,,jmalfarolucas@gmail.com,South Pacific,Pacific,
SITE0153,Lower Kaikoura Canyon,Lower Kaikoura Canyon,,South Pacific,SW Pacific,-42.6383333333333,173.773333333333,Exact,,,jmalfarolucas@gmail.com,South Pacific,Pacific,
SITE0154,off Timaru,off Timaru,,South Pacific,SW Pacific,-44.7683333333333,173.6,Exact,,,jmalfarolucas@gmail.com,South Pacific,Pacific,
SITE0155,Chatham Rise,Chatham Rise,,South Pacific,SW Pacific,-42.7316666666666,176.133333333333,Exact,,,cherisse.persad@gmail.com,,Pacific,
SITE0156,South East of Mayor,South East of Mayor,,South Pacific,SW Pacific,-37.365,176.348333333333,Exact,,,jmalfarolucas@gmail.com,South Pacific,Pacific,
SITE0157,East of Mayor,East of Mayor,,South Pacific,SW Pacific,-37.3916666666666,176.75,Exact,,,jmalfarolucas@gmail.com,South Pacific,Pacific,
SITE0158,South East of Broken Bay,South East of Broken Bay,,South Pacific,SW Pacific,-33.6666666666666,151.933333333333,Exact,,,cherisse.persad@gmail.com,,Pacific,
SITE0159,off Port Jackson,off Port Jackson,,South Pacific,SW Pacific,-33.5,152.083333333333,Exact,,,jmalfarolucas@gmail.com,South Pacific,Pacific,
SITE0160,off Broken Bay,off Broken Bay,,South Pacific,SW Pacific,-33.5333333333333,152,Exact,,,jmalfarolucas@gmail.com,South Pacific,Pacific,
SITE0161,East of Broken Bay,East of Broken Bay,,South Pacific,SW Pacific,-33.5666666666666,152.116666666666,Exact,,,jmalfarolucas@gmail.com,South Pacific,Pacific,
SITE0162,off Port Jackson,off Port Jackson,,South Pacific,SW Pacific,-33.5833333333333,152.016666666666,Exact,,,jmalfarolucas@gmail.com,South Pacific,Pacific,
SITE0163,East of Broken Bay,East of Broken Bay,,South Pacific,SW Pacific,-33.5833333333333,152,Exact,,,jmalfarolucas@gmail.com,South Pacific,Pacific,
SITE0164,off Timaru,off Timaru,,South Pacific,SW Pacific,-44.6083333333333,173.546666666666,Exact,,,cherisse.persad@gmail.com,,Pacific,
SITE0165,South East of Botany Bay,South East of Botany Bay,,South Pacific,SW Pacific,-34.2833333333333,151.45,Exact,,,cherisse.persad@gmail.com,,Pacific,
SITE0166,off Botany Bay,off Botany Bay,,South Pacific,SW Pacific,-34.35,151.383333333333,Exact,,,jmalfarolucas@gmail.com,South Pacific,Pacific,
SITE0167,East of Brush Island,East of Brush Island,,South Pacific,SW Pacific,-35.55,150.733333333333,Exact,,,jmalfarolucas@gmail.com,South Pacific,Pacific,
SITE0168,off Newcastle,off Newcastle,,South Pacific,SW Pacific,-33.6666666666666,151.933333333333,Exact,,,cherisse.persad@gmail.com,,Pacific,
SITE0169,East of Sydney,East of Sydney,,South Pacific,SW Pacific,-33.7166666666666,151.85,Exact,,,jmalfarolucas@gmail.com,South Pacific,Pacific,
SITE0170,off Broken Bay,off Broken Bay,,South Pacific,SW Pacific,-33.7666666666666,151.833333333333,Exact,,,cherisse.persad@gmail.com,,Pacific,
SITE0171,East of Wattamolla,East of Wattamolla,,South Pacific,SW Pacific,-34.2833333333333,151.45,Exact,,,cherisse.persad@gmail.com,South Pacific,Pacific,
SITE0172,off White Island,off White Island,,South Pacific,SW Pacific,-37.395,177.658333333333,Exact,,,cherisse.persad@gmail.com,South Pacific,Pacific,
SITE0173,off East Cape,off East Cape,,South Pacific,SW Pacific,-37.5433333333333,179.321666666666,Exact,,,jmalfarolucas@gmail.com,South Pacific,Pacific,
SITE0174,off Castlepoint,off Castlepoint,,South Pacific,SW Pacific,-41.1833333333333,176.666666666666,Exact,,,jmalfarolucas@gmail.com,,Pacific,
SITE0175,off Castlepoint,off Castlepoint,,South Pacific,SW Pacific,-41.175,176.58,Exact,,,jmalfarolucas@gmail.com,,Pacific,
SITE0176,off Timaru,off Timaru,,South Pacific,SW Pacific,-44.7366666666666,173.13,Exact,,,jmalfarolucas@gmail.com,South Pacific,Pacific,
SITE0177,off Timaru,off Timaru,,South Pacific,SW Pacific,-44.7516666666666,173.086666666666,Exact,,,jmalfarolucas@gmail.com,South Pacific,Pacific,
SITE0178,West Hokitika,West Hokitika,,South Pacific,SW Pacific,-42.9766666666666,168.365,Exact,,,cherisse.persad@gmail.com,,Pacific,
SITE0179,off Kaikoura,off Kaikoura,,South Pacific,SW Pacific,-42.695,174.466666666666,Exact,,,jmalfarolucas@gmail.com,South Pacific,Pacific,
SITE0180,off Cape Egmont,off Cape Egmont,,South Pacific,SW Pacific,-38.975,172.17,Exact,,,jmalfarolucas@gmail.com,South Pacific,Pacific,
SITE0181,off Mahia Peninsula,off Mahia Peninsula,,South Pacific,SW Pacific,-39.4733333333333,178.393333333333,Exact,,,jmalfarolucas@gmail.com,South Pacific,Pacific,
SITE0182,off Cape Kidnappers,off Cape Kidnappers,,South Pacific,SW Pacific,-39.945,177.92,Exact,,,jmalfarolucas@gmail.com,South Pacific,Pacific,
SITE0183,off Castlepoint,off Castlepoint,,South Pacific,SW Pacific,-41.165,176.441666666666,Exact,,,cherisse.persad@gmail.com,South Pacific,Pacific,
SITE0184,South of Castlepoint,South of Castlepoint,,South Pacific,SW Pacific,-41.4733333333333,176.086666666666,Exact,,,cherisse.persad@gmail.com,South Pacific,Pacific,
SITE0185,off Cape Palliser,off Cape Palliser,,South Pacific,SW Pacific,-41.7533333333333,175.446666666666,Exact,,,jmalfarolucas@gmail.com,South Pacific,Pacific,
SITE0186,off Clarence River mouth,off Clarence River mouth,,South Pacific,SW Pacific,-42.24,174.353333333333,Exact,,,jmalfarolucas@gmail.com,South Pacific,Pacific,
SITE0187,off Greymouth,off Greymouth,,South Pacific,SW Pacific,-42.37,169.458333333333,Exact,,,jmalfarolucas@gmail.com,South Pacific,Pacific,
SITE0188,NE of Chatham Island,NE of Chatham Island,,South Pacific,SW Pacific,-42.785,-175.76,Exact,,,jmalfarolucas@gmail.com,South Pacific,Pacific,
SITE0189,off Hokitika,off Hokitika,,South Pacific,SW Pacific,-42.9766666666666,168.365,Exact,,,cherisse.persad@gmail.com,South Pacific,Pacific,
SITE0190,"off Jackson Bay, Moeraki Canyon","off Jackson Bay, Moeraki Canyon",,South Pacific,SW Pacific,-43.4466666666666,168.903333333333,Exact,,,cherisse.persad@gmail.com,,Pacific,
SITE0191,off Jackson Bay,off Jackson Bay,,South Pacific,SW Pacific,-43.4966666666666,168.901666666666,Exact,,,jmalfarolucas@gmail.com,South Pacific,Pacific,
SITE0192,off Castlepoint,off Castlepoint,,South Pacific,SW Pacific,-41.3583333333333,176.348333333333,Exact,,,jmalfarolucas@gmail.com,,Pacific,
SITE0193,off Gable End Foreland,off Gable End Foreland,,South Pacific,SW Pacific,-38.6483333333333,178.638333333333,Exact,,,jmalfarolucas@gmail.com,,Pacific,
SITE0194,West of Hokitika,West of Hokitika,,South Pacific,SW Pacific,-42.9766666666666,168.365,Exact,,,cherisse.persad@gmail.com,,Pacific,
SITE0195,SE of Broken Bay,SE of Broken Bay,,South Pacific,SW Pacific,-33.6666666666666,151.933333333333,Exact,,,cherisse.persad@gmail.com,South Pacific,Pacific,
SITE0196,off East Cape,off East Cape,,South Pacific,SW Pacific,-37.535,179.176666666666,Exact,,,jmalfarolucas@gmail.com,South Pacific,Pacific,
SITE0197,off Castlepoint,off Castlepoint,,South Pacific,SW Pacific,-41.4116666666666,176.14,Exact,,,cherisse.persad@gmail.com,South Pacific,Pacific,
SITE0198,off Castlepoint,off Castlepoint,,South Pacific,SW Pacific,-41.4216666666666,176.126666666666,Exact,,,cherisse.persad@gmail.com,South Pacific,Pacific,
SITE0199,NE of Chatham Island,NE of Chatham Island,,South Pacific,SW Pacific,-42.9583333333333,175.371666666666,Exact,,,jmalfarolucas@gmail.com,South Pacific,Pacific,
SITE0200,off Oamaru,off Oamaru,,South Pacific,SW Pacific,-44.9875,174.015,Exact,,,jmalfarolucas@gmail.com,South Pacific,Pacific,
SITE0201,"NE of Mernoo Bank, Chatham Rise","NE of Mernoo Bank, Chatham Rise",,South Pacific,SW Pacific,-42.7316666666666,176.133333333333,Exact,,,cherisse.persad@gmail.com,South Pacific,Pacific,
SITE0202,off Cape Runaway,off Cape Runaway,,South Pacific,SW Pacific,-37.4983333333333,177.783333333333,Exact,,,jmalfarolucas@gmail.com,South Pacific,Pacific,
SITE0203,off Castlepoint,off Castlepoint,,South Pacific,SW Pacific,-41.42,176.07,Exact,,,jmalfarolucas@gmail.com,South Pacific,Pacific,
SITE0204,off Castlepoint,off Castlepoint,,South Pacific,SW Pacific,-41.4733333333333,176.086666666666,Exact,,,cherisse.persad@gmail.com,,Pacific,
SITE0205,off Jackson Bay,off Jackson Bay,,South Pacific,SW Pacific,-43.555,168.856666666666,Exact,,,jmalfarolucas@gmail.com,South Pacific,Pacific,
SITE0206,off Timaru,off Timaru,,South Pacific,SW Pacific,-44.5883333333333,174.098333333333,Exact,,,jmalfarolucas@gmail.com,South Pacific,Pacific,
SITE0207,off Timaru,off Timaru,,South Pacific,SW Pacific,-44.7983333333333,174.098333333333,Exact,,,jmalfarolucas@gmail.com,South Pacific,Pacific,
SITE0208,off Timaru,off Timaru,,South Pacific,SW Pacific,-44.5366666666666,173.705,Exact,,,cherisse.persad@gmail.com,,Pacific,
SITE0209,East of Broken Bay,East of Broken Bay,,South Pacific,SW Pacific,-33.7666666666666,151.833333333333,Exact,,,cherisse.persad@gmail.com,South Pacific,Pacific,
SITE0210,off Cape Kidnappers,off Cape Kidnappers,,South Pacific,SW Pacific,-39.88,177.608333333333,Exact,,,cherisse.persad@gmail.com,,Pacific,
SITE0211,East of Ulladulla,East of Ulladulla,,South Pacific,SW Pacific,-35.5166666666666,150.833333333333,Exact,,,jmalfarolucas@gmail.com,South Pacific,Pacific,
SITE0212,New Zealand,New Zealand,,South Pacific,SW Pacific,-37.35,176.433333333333,Exact,,,jmalfarolucas@gmail.com,South Pacific,Pacific,
SITE0213,New Zealand,New Zealand,,South Pacific,SW Pacific,-37.3333333333333,176.483333333333,Exact,,,jmalfarolucas@gmail.com,South Pacific,Pacific,
SITE0214,New Zealand,New Zealand,,South Pacific,SW Pacific,-38.65,172.633333333333,Exact,,,jmalfarolucas@gmail.com,South Pacific,Pacific,
SITE0215,New Zealand,New Zealand,,South Pacific,SW Pacific,-43.3833333333333,169.05,Exact,,,jmalfarolucas@gmail.com,South Pacific,Pacific,
SITE0216,New Zealand,New Zealand,,South Pacific,SW Pacific,-42.7166666666666,169.25,Exact,,,jmalfarolucas@gmail.com,South Pacific,Pacific,
SITE0217,New Zealand,New Zealand,,South Pacific,SW Pacific,-43.3833333333333,168.083333333333,Exact,,,jmalfarolucas@gmail.com,South Pacific,Pacific,
SITE0218,South Woods Hole (USA),South Woods Hole (USA),,North Atlantic,NW Atlantic,39.7666666666666,-70.6833333333333,Exact,,,cherisse.persad@gmail.com,North Atlantic,Atlantic,
SITE0219,SE Woods Hole (USA),SE Woods Hole (USA),,North Atlantic,NW Atlantic,38.3066666666666,-69.5933333333333,Exact,,,cherisse.persad@gmail.com,North Atlantic,Atlantic,
SITE0220,SE Woods Hole (USA),SE Woods Hole (USA),,North Atlantic,NW Atlantic,38.3066666666666,-69.5933333333333,Exact,"Most original SE Woods Hole records report 38.3066667°N, 69.5933333°W; one row reports Tongue-of-the-Ocean coordinates and is treated as an outlier.",,cherisse.persad@gmail.com,North Atlantic,Atlantic,
SITE0221,Tongue of the Ocean (Bahamas),Tongue of the Ocean (Bahamas),,North Atlantic,NW Atlantic,24.8866666666666,-77.67,Exact,,,jmalfarolucas@gmail.com,North Atlantic,Atlantic,
SITE0222,"St. Croix, off N Coast","St. Croix, off N Coast",,North Atlantic,NW Atlantic,17.9438333333333,-64.81,Exact,,,cherisse.persad@gmail.com,North Atlantic,Atlantic,
SITE0223,Panama Basin,Panama Basin,,North Atlantic,NW Atlantic,5.34416666666666,-81.9365,Exact,,,jmalfarolucas@gmail.com,North Atlantic,Atlantic,
SITE0224,west of Spitsbergen,west of Spitsbergen,,North Atlantic,NE Atlantic,,,Unknown,,,jmalfarolucas@gmail.com,North Atlantic,Atlantic,
SITE0225,Selvogsdypet,Selvogsdypet,,North Atlantic,NE Atlantic,,,Unknown,,,jmalfarolucas@gmail.com,North Atlantic,Atlantic,
SITE0226,southeast of Reykjanesridge,southeast of Reykjanesridge,,North Atlantic,NE Atlantic,,,Unknown,,,jmalfarolucas@gmail.com,North Atlantic,Atlantic,
SITE0227,off Vesrmannaeyar,off Vesrmannaeyar,,North Atlantic,NE Atlantic,,,Unknown,,,jmalfarolucas@gmail.com,North Atlantic,Atlantic,
SITE0228,between Hebrides & Faroe Islands (Wyville-Thomson Ridge),between Hebrides & Faroe Islands (Wyville-Thomson Ridge),,North Atlantic,NE Atlantic,,,Unknown,,,jmalfarolucas@gmail.com,North Atlantic,Atlantic,
SITE0229,Off New England,Off New England,,North Atlantic,NE Atlantic,38.5083333333333,-69.1402777777777,Exact,,,jmalfarolucas@gmail.com,North Atlantic,Atlantic,
SITE0230,Off New England,Off New England,,North Atlantic,NE Atlantic,39.7,-71.5333333333333,Exact,,,jmalfarolucas@gmail.com,North Atlantic,Atlantic,
SITE0231,"Tuscan Sea, Italy","Tuscan Sea, Italy",,Mediterranean Sea,W Mediterranean,,,Unknown,,,jmalfarolucas@gmail.com,Mediterranean Sea,Mediterranean,
SITE0232,"off Almeria, Spain","off Almeria, Spain",,Mediterranean Sea,W Mediterranean,,,Unknown,,,jmalfarolucas@gmail.com,Mediterranean Sea,Mediterranean,
SITE0233,off Kaikoura,off Kaikoura,,South Pacific,SW Pacific,-43.0416666666666,174.15,Exact,,,jmalfarolucas@gmail.com,,Pacific,
SITE0234,East Auckland Island,East Auckland Island,,South Pacific,SW Pacific,-30.0433333333333,169.516666666666,Exact,,,jmalfarolucas@gmail.com,,Pacific,
SITE0235,New South Wales,New South Wales,,South Pacific,SW Pacific,,,Unknown,,,jmalfarolucas@gmail.com,South Pacific,Pacific,
SITE0236,off Queensland,off Queensland,,South Pacific,SW Pacific,,,Unknown,,,jmalfarolucas@gmail.com,South Pacific,Pacific,
SITE0237,Morroco,Morroco,,North Atlantic,NE Atlantic,35.1833333333333,-7.83333333333333,Exact,,,jmalfarolucas@gmail.com,North Atlantic,Atlantic,
SITE0238,Tongue of the Ocean (Bahamas),Tongue of the Ocean (Bahamas),,North Atlantic,NW Atlantic,17.9438333333333,-64.81,Exact,,,cherisse.persad@gmail.com,,Atlantic,
SITE0239,San Diego,San Diego,,North Pacific,NE Pacific,32.5166666666666,-117.275,Exact,,,jmalfarolucas@gmail.com,North Pacific,Pacific,
SITE0240,"east of Savannah, Georgia","east of Savannah, Georgia",,North Atlantic,NW Atlantic,32,-77,Exact,,,jmalfarolucas@gmail.com,,Atlantic,
SITE0241,Ocean Drilling Program (ODP) Drill Hole 1026B,Ocean Drilling Program (ODP) Drill Hole 1026B,,North Pacific,NE Pacific,47.76275,-127.757316666666,Exact,,,jmalfarolucas@gmail.com,North Pacific,Pacific,
SITE0242,Baby Bare Seamount,Baby Bare Seamount,,North Pacific,NE Pacific,47.7106166666666,-127.7882,Exact,,,jmalfarolucas@gmail.com,North Pacific,Pacific,
SITE0243,Escanaba Trough,Escanaba Trough,,North Pacific,NE Pacific,41.0045333333333,-127.49465,Exact,,,jmalfarolucas@gmail.com,North Pacific,Pacific,
SITE0244,Cape Cod,Cape Cod,,North Atlantic,NW Atlantic,39.7783333333333,-70.68,Exact,,,jmalfarolucas@gmail.com,North Atlantic,Atlantic,
SITE0245,South of Cape Cod,South of Cape Cod,,North Atlantic,NW Atlantic,38.3233333333333,-69.5933333333333,Exact,,,jmalfarolucas@gmail.com,North Atlantic,Atlantic,
SITE0246,"Wuzza Bare, Cascadia Basin",Cascadia Basin (Wuzza Bare),,North Pacific,NE Pacific,47.7847833333333,-127.691316666666,Exact,,,cherisse.persad@gmail.com,North Pacific,Pacific,
SITE0247,"Baby Bare, Cascadia Basin",Cascadia Basin (Baby Bare Seamount),,North Pacific,NE Pacific,47.7106166666666,-127.79375,Exact,,,cherisse.persad@gmail.com,North Pacific,Pacific,
SITE0248,"ODP 1026B, Cascadia Basin",Cascadia Basin (ODP 102b),,North Pacific,NE Pacific,47.7625833333333,-127.75735,Exact,,,cherisse.persad@gmail.com,North Pacific,Pacific,
SITE0249,Escanaba Trough,Escanaba Trough,,North Pacific,NE Pacific,41.0002666666666,-127.49475,Exact,,,cherisse.persad@gmail.com,North Pacific,Pacific,
SITE0250,"Sea Cliff, Gorda Ridge",Gorda Ridge (Sea Cliff),,North Pacific,NE Pacific,42.7543,-126.709533333333,Exact,,,cherisse.persad@gmail.com,North Pacific,Pacific,
SITE0251,"Axial Volcano, Juan de Fuca Ridge",Juan de Fuca (Axial),,North Pacific,NE Pacific,45.9336833333333,-129.9827,Exact,,,cherisse.persad@gmail.com,North Pacific,Pacific,
SITE0252,"Endeavour Segment, Juan de Fuca Ridge",Juan de Fuca (Endeavour),,North Pacific,NE Pacific,47.94635,-129.097033333333,Exact,,,cherisse.persad@gmail.com,North Pacific,Pacific,
SITE0253,"Cleft Segment, Juan de Fuca Ridge",Juan de Fuca (Cleft),,North Pacific,NE Pacific,44.6633333333333,-130.355,Exact,,,cherisse.persad@gmail.com,North Pacific,Pacific,
SITE0254,Nootka Fracture Zone,Nootka Fracture Zone (Nootka F.Z.),,North Pacific,NE Pacific,49.2951666666666,-127.6785,Exact,,,cherisse.persad@gmail.com,North Pacific,Pacific,
SITE0255,Oregon Margin,Oregon Margin,,North Pacific,NE Pacific,44.7595,-125.524333333333,Exact,,,cherisse.persad@gmail.com,North Pacific,Pacific,
SITE0256,"Straits of Juan de Fuca, off Washington","Straits of Juan de Fuca, off Washington",,North Pacific,NE Pacific,48.5166666666666,-124.716666666666,Exact,,,jmalfarolucas@gmail.com,North Pacific,Pacific,
SITE0257,Tongue of the Ocean (Bahamas),Tongue of the Ocean (Bahamas),,North Atlantic,NW Atlantic,25.9,-77.8166666666666,Exact,,,jmalfarolucas@gmail.com,North Atlantic,Atlantic,
SITE0258,"Sant Miguel Island, off Port Hueneme, California","Sant Miguel Island, off Port Hueneme, California",,North Pacific,NE Pacific,33.7666666666666,-120.766666666666,Exact,,,jmalfarolucas@gmail.com,North Pacific,Pacific,
SITE0259,"NE Port Gentil, off Gabon","NE Port Gentil, off Gabon",,South Atlantic,SE Atlantic,0,8.96666666666666,Exact,,,jmalfarolucas@gmail.com,South Atlantic,Atlantic,
SITE0260,"off Port Victoria, São Tome Island","off Port Victoria, São Tome Island",,North Atlantic,NE Atlantic,1.7,7.85,Exact,,,cherisse.persad@gmail.com,,Atlantic,
SITE0261,"SE Fowey Rocks, Florida","SE Fowey Rocks, Florida",,North Atlantic,NW Atlantic,25.4166666666666,-79.9833333333333,Exact,,,jmalfarolucas@gmail.com,North Atlantic,Atlantic,
SITE0262,SE Miami,SE Miami,,North Atlantic,NW Atlantic,25.65,-79.9666666666666,Exact,,,cherisse.persad@gmail.com,,Atlantic,
SITE0263,South Aligator Reef,South Aligator Reef,,North Atlantic,NW Atlantic,24.4166666666666,-80.5583333333333,Exact,,,jmalfarolucas@gmail.com,North Atlantic,Atlantic,
SITE0264,West Africa,West Africa,,South Atlantic,SE Atlantic,1.7,7.85,Exact,,,cherisse.persad@gmail.com,South Atlantic,Atlantic,
SITE0265,Mindano Sea,Mindano Sea,,North Pacific,NW Pacific,8.8,124.15,Exact,,,jmalfarolucas@gmail.com,North Pacific,Pacific,
SITE0266,Sulu Sea,Sulu Sea,,North Pacific,NW Pacific,7.9,121.5,Exact,,,jmalfarolucas@gmail.com,North Pacific,Pacific,
SITE0267,Makassar Strait,Makassar Strait,,South Pacific,SW Pacific,-3.93333333333333,118.433333333333,Exact,,,jmalfarolucas@gmail.com,South Pacific,Pacific,
SITE0268,Bali Sea,Bali Sea,,South Pacific,SW Pacific,-5.41666666666666,117.05,Exact,,,jmalfarolucas@gmail.com,South Pacific,Pacific,
SITE0269,Banda Trench,Banda Trench,,South Pacific,SW Pacific,-5.43333333333333,130.966666666666,Exact,,,jmalfarolucas@gmail.com,South Pacific,Pacific,
SITE0270,Tasman Sea,Tasman Sea,,South Pacific,SW Pacific,-31.45,153.55,Exact,,,jmalfarolucas@gmail.com,South Pacific,Pacific,
SITE0271,Kermadec Trench,Kermadec Trench,,South Pacific,SW Pacific,-35.85,-178.516666666666,Exact,,,jmalfarolucas@gmail.com,South Pacific,Pacific,
SITE0272,"Galathea Station 726, Gulf of Panama",Gulf of Panama,,North Pacific,NE Pacific,5.8166666,-78.8666666666666,Exact,,,cherisse.persad@gmail.com,North Pacific,Pacific,
SITE0273,Gulf of Panama,Gulf of Panama,,North Pacific,NE Pacific,7.36,-79.5333333333333,Exact,,,jmalfarolucas@gmail.com,North Pacific,Pacific,
SITE0274,"Galathea Station 745, Gulf of Panama",Gulf of Panama,,North Pacific,NE Pacific,7.25,-79.4166666666666,Exact,,,cherisse.persad@gmail.com,North Pacific,Pacific,
SITE0275,Bay of Puerto Montt,Bay of Puerto Montt,,South Pacific,SE Pacific,-41.5013888888888,-72.9394444444444,Exact,,,jmalfarolucas@gmail.com,South Pacific,Pacific,
SITE0276,"off Acapulco, Mexico","off Acapulco, Mexico",,North Pacific,NE Pacific,16.7833333333333,-99.9833333333333,Exact,,,jmalfarolucas@gmail.com,North Pacific,Pacific,
SITE0277,East Gloucester,East Gloucester,,North Atlantic,NW Atlantic,42.55,-69.9666666666666,Exact,,,jmalfarolucas@gmail.com,North Atlantic,Atlantic,
SITE0278,East Cape Cod,East Cape Cod,,North Atlantic,NW Atlantic,41.2166666666666,-66,Exact,,,jmalfarolucas@gmail.com,North Atlantic,Atlantic,
SITE0279,Barnegat Bay,Barnegat Bay,,North Atlantic,NW Atlantic,39.7166666666666,-71.5333333333333,Exact,,,jmalfarolucas@gmail.com,North Atlantic,Atlantic,
SITE0280,East Atlantic City,East Atlantic City,,North Atlantic,NW Atlantic,39.5666666666666,-71.9333333333333,Exact,,,jmalfarolucas@gmail.com,North Atlantic,Atlantic,
SITE0281,East Atlantic City,East Atlantic City,,North Atlantic,NW Atlantic,39.3666666666666,-68.4166666666666,Exact,,,jmalfarolucas@gmail.com,North Atlantic,Atlantic,
SITE0282,East Cape May,East Cape May,,North Atlantic,NW Atlantic,38.8666666666666,-69.4,Exact,,,jmalfarolucas@gmail.com,North Atlantic,Atlantic,
SITE0283,East Cape Henry,East Cape Henry,,North Atlantic,NW Atlantic,36.75,-74.4666666666666,Exact,,,jmalfarolucas@gmail.com,North Atlantic,Atlantic,
SITE0284,East Cape Henry,East Cape Henry,,North Atlantic,NW Atlantic,36.6,-74.5333333333333,Exact,,,jmalfarolucas@gmail.com,North Atlantic,Atlantic,
SITE0285,off Atlantic City,off Atlantic City,,North Atlantic,NW Atlantic,39.4833333333333,-70.9666666666666,Exact,,,jmalfarolucas@gmail.com,North Atlantic,Atlantic,
SITE0286,off Cape Hatteras,off Cape Hatteras,,North Atlantic,NW Atlantic,35.8166666666666,-74.5666666666666,Exact,,,jmalfarolucas@gmail.com,North Atlantic,Atlantic,
SITE0287,off Fernandina,off Fernandina,,North Atlantic,NW Atlantic,30.9666666666666,-79.6333333333333,Exact,,,jmalfarolucas@gmail.com,North Atlantic,Atlantic,
SITE0288,off Dominica,off Dominica,,North Atlantic,NW Atlantic,15.2833333333333,-61.4,Exact,,,jmalfarolucas@gmail.com,North Atlantic,Atlantic,
SITE0289,off Santa Lucia,off Santa Lucia,,North Atlantic,NW Atlantic,13.85,-61.05,Exact,,,jmalfarolucas@gmail.com,North Atlantic,Atlantic,
SITE0290,West Silver Point (Oregon),West Silver Point (Oregon),,North Pacific,NE Pacific,44.8666666666666,-124.483333333333,Exact,,,jmalfarolucas@gmail.com,North Pacific,Pacific,
SITE0291,West Depoe Bay (Oregon),West Depoe Bay (Oregon),,North Pacific,NE Pacific,44.8666666666666,-124.6,Exact,,,jmalfarolucas@gmail.com,North Pacific,Pacific,
SITE0292,West Depoe Bay (Oregon),West Depoe Bay (Oregon),,North Pacific,NE Pacific,44.8666666666666,-125.016666666666,Exact,,,jmalfarolucas@gmail.com,North Pacific,Pacific,
SITE0293,Indonesia,Indonesia,,North Pacific,NW Pacific,0.576666666666667,118.883333333333,Exact,,,jmalfarolucas@gmail.com,North Pacific,Pacific,
SITE0294,SW Point (Bahamas),SW Point (Bahamas),,North Atlantic,NW Atlantic,26.6166666666666,-78.9333333333333,Exact,,,jmalfarolucas@gmail.com,North Atlantic,Atlantic,
SITE0295,Florida (USA),Florida (USA),,North Atlantic,NW Atlantic,25.65,-79.9666666666666,Exact,,,cherisse.persad@gmail.com,North Atlantic,Atlantic,
SITE0296,N Port Louis (Guadeloupe Island),N Port Louis (Guadeloupe Island),,North Atlantic,NW Atlantic,16.5366666666666,-61.6133333333333,Exact,,,jmalfarolucas@gmail.com,North Atlantic,Atlantic,
SITE0297,Gulf of San Blas (Panama),Gulf of San Blas (Panama),,North Atlantic,NW Atlantic,9.93,-78.9966666666666,Exact,,,jmalfarolucas@gmail.com,North Atlantic,Atlantic,
SITE0298,Cabo Marzo (Panama),Cabo Marzo (Panama),,North Pacific,NE Pacific,6.88333333333,-79.45,Exact,,,jmalfarolucas@gmail.com,North Pacific,Pacific,
SITE0299,Barnegat Bay,Barnegat Bay,,North Atlantic,NW Atlantic,39.73,-70.5,Exact,,,jmalfarolucas@gmail.com,North Atlantic,Atlantic,
SITE0300,East Currituck Sound,East Currituck Sound,,North Atlantic,NW Atlantic,36.4816666666666,-67.97,Exact,,,jmalfarolucas@gmail.com,North Atlantic,Atlantic,
SITE0301,SE Brunswick,SE Brunswick,,North Atlantic,NW Atlantic,31,-79.8333333333333,Exact,,,jmalfarolucas@gmail.com,North Atlantic,Atlantic,
SITE0302,East Cape Charles (Bermuda),East Cape Charles (Bermuda),,North Atlantic,NW Atlantic,37.43333333,-63.9833333333333,Exact,,,jmalfarolucas@gmail.com,North Atlantic,Atlantic,
SITE0303,South Bermuda,South Bermuda,,North Atlantic,NW Atlantic,32.25,-64.5333333333333,Exact,,,jmalfarolucas@gmail.com,North Atlantic,Atlantic,
SITE0304,Pertigalete Bay (Venezuela),Pertigalete Bay (Venezuela),,North Atlantic,NW Atlantic,11.5833333333333,-64.59,Exact,,,jmalfarolucas@gmail.com,North Atlantic,Atlantic,
SITE0305,Cuba,Cuba,,North Atlantic,NW Atlantic,23.35,-80.9333333333333,Exact,,,jmalfarolucas@gmail.com,North Atlantic,Atlantic,
SITE0306,Punta Piedras (Colombia),Punta Piedras (Colombia),,North Atlantic,NW Atlantic,9.46,-76.4333333333333,Exact,,,jmalfarolucas@gmail.com,North Atlantic,Atlantic,
SITE0307,Tongue of the Ocean (Bahamas),Tongue of the Ocean (Bahamas),,North Atlantic,NW Atlantic,24.9,-77.7833333333333,Exact,,,jmalfarolucas@gmail.com,North Atlantic,Atlantic,
SITE0308,"Sant Miguel Island, off Port Hueneme, California","Sant Miguel Island, off Port Hueneme, California",,North Pacific,NE Pacific,33.73,-120.75,Exact,,,jmalfarolucas@gmail.com,North Pacific,Pacific,
SITE0309,West of Seaside (Oregon),West of Seaside (Oregon),,North Pacific,NE Pacific,46,-124.8,Exact,,,jmalfarolucas@gmail.com,North Pacific,Pacific,
SITE0310,West of Tillamookhead (Oregon),West of Tillamookhead (Oregon),,North Pacific,NE Pacific,45.75,-125.15,Exact,,,jmalfarolucas@gmail.com,North Pacific,Pacific,
SITE0311,West of Silver Point (Oregon),West of Silver Point (Oregon),,North Pacific,NE Pacific,45.8666666666666,-124.9,Exact,,,jmalfarolucas@gmail.com,North Pacific,Pacific,
SITE0312,"Sant Miguel Island, off Port Hueneme, California","Sant Miguel Island, off Port Hueneme, California",,North Pacific,NE Pacific,34.1,-120.75,Exact,,,jmalfarolucas@gmail.com,North Pacific,Pacific,
SITE0313,"Sant Miguel Island, off Port Hueneme, California","Sant Miguel Island, off Port Hueneme, California",,North Pacific,NE Pacific,33.7333333333333,-120.75,Exact,,,jmalfarolucas@gmail.com,North Pacific,Pacific,
SITE0314,Desecho Island (Puerto Rico),Desecho Island (Puerto Rico),,North Atlantic,NW Atlantic,18.1986111111111,-67.7138888888888,Exact,,,jmalfarolucas@gmail.com,North Atlantic,Atlantic,
SITE0315,Java,Java,,Indian Ocean,E Indian Ocean,-8.6,114.566666666666,Exact,,,jmalfarolucas@gmail.com,Indian Ocean,Indian,
SITE0316,Clara Island,Clara Island,,Indian Ocean,E Indian Ocean,10.5,96.5833333333333,Exact,,,jmalfarolucas@gmail.com,Indian Ocean,Indian,
SITE0317,"NE Port Gentil, off Gabon","NE Port Gentil, off Gabon",,South Atlantic,SE Atlantic,-0.25,8.78333333333333,Exact,,,jmalfarolucas@gmail.com,South Atlantic,Atlantic,
SITE0318,North Iceland,North Iceland,,Arctic Ocean,Arctic Ocean,67.4078333333333,-21.6183333333333,Exact,,,jmalfarolucas@gmail.com,Arctic Ocean,Arctic,
SITE0319,Greenland,Greenland,,Arctic Ocean,Arctic Ocean,74.892,-12.5898333333333,Exact,,,jmalfarolucas@gmail.com,Arctic Ocean,Arctic,
SITE0320,off Tokai,off Tokai,,North Pacific,NW Pacific,,,Unknown,,,jmalfarolucas@gmail.com,North Pacific,Pacific,
SITE0321,off Hitachi,off Hitachi,,North Pacific,NW Pacific,,,Unknown,,,jmalfarolucas@gmail.com,North Pacific,Pacific,
SITE0322,off Atsumi Peninsula,off Atsumi Peninsula,,North Pacific,NW Pacific,,,Unknown,,,jmalfarolucas@gmail.com,North Pacific,Pacific,
SITE0323,Vanuatu,Vanuatu,,South Pacific,SW Pacific,,,Unknown,,,jmalfarolucas@gmail.com,South Pacific,Pacific,
SITE0324,Cape Verde Abyssal Plain,Cape Verde Abyssal Plain,,North Atlantic,NE Atlantic,21.0635,-31.2035,Exact,,,jmalfarolucas@gmail.com,North Atlantic,Atlantic,
SITE0325,East off Castlepoint,East off Castlepoint,,South Pacific,SW Pacific,-41.165,176.441666666666,Exact,,,cherisse.persad@gmail.com,,Pacific,
SITE0326,East off Castlepoint,East off Castlepoint,,South Pacific,SW Pacific,-41.3,176.305,Exact,,,jmalfarolucas@gmail.com,South Pacific,Pacific,
SITE0327,East off Castlepoint,East off Castlepoint,,South Pacific,SW Pacific,-41.4216666666666,176.126666666666,Exact,,,cherisse.persad@gmail.com,,Pacific,
SITE0328,East off Castlepoint,East off Castlepoint,,South Pacific,SW Pacific,-41.4116666666666,176.14,Exact,,,cherisse.persad@gmail.com,,Pacific,
SITE0329,Gorda Ridge (Sea Cliff),Gorda Ridge (Sea Cliff),,North Pacific,NE Pacific,42.7533333333333,-126.708333333333,Exact,,,jmalfarolucas@gmail.com,North Pacific,Pacific,
SITE0330,Off Monterey,Off Monterey,,North Pacific,NE Pacific,36.26128,-122.677983333333,Exact,,,cherisse.persad@gmail.com,,Pacific,
SITE0331,Off New Zealand,Off New Zealand,,South Pacific,SW Pacific,-42.787,179.926166666666,Exact,,,jmalfarolucas@gmail.com,South Pacific,Pacific,
SITE0332,Atlantic O.,Atlantic O.,,North Atlantic,NW Atlantic,38.3066666666666,-69.5933333333333,Exact,,,cherisse.persad@gmail.com,,Atlantic,
SITE0333,"Santos Basin, SW Atlantic","Santos Basin, SW Atlantic",,South Atlantic,SW Atlantic,-28.0284333333333,-43.5296666666666,Exact,,,cherisse.persad@gmail.com,South Atlantic,Atlantic,
SITE0334,Caribbean Sea,Caribbean Sea,,North Atlantic,NW Atlantic,17.9583333333333,-64.8083333333333,Exact,,,cherisse.persad@gmail.com,North Atlantic,Atlantic,
SITE0335,"NE Pacific, Cascadia Basin","NE Pacific, Cascadia Basin",,North Pacific,NE Pacific,47.2700166666666,-127.592883333333,Exact,,,jmalfarolucas@gmail.com,North Pacific,Pacific,
SITE0336,"NE Pacific, Cascadia Basin","NE Pacific, Cascadia Basin",,North Pacific,NE Pacific,43.9087,-125.170633333333,Exact,,,jmalfarolucas@gmail.com,North Pacific,Pacific,
SITE0337,"NE Pacific, Cascadia Basin","NE Pacific, Cascadia Basin",,North Pacific,NE Pacific,47.9577,-126.0353,Exact,,,cherisse.persad@gmail.com,North Pacific,Pacific,
SITE0338,Off New Zealand,Off New Zealand,,South Pacific,SW Pacific,-39.7158333333333,177.963666666666,Exact,,,jmalfarolucas@gmail.com,South Pacific,Pacific,
SITE0339,Off Monterey,Off Monterey,,North Pacific,NE Pacific,36.2613,-122.678,Exact,,,jmalfarolucas@gmail.com,North Pacific,Pacific,
SITE0340,Off New Zealand,Off New Zealand,,South Pacific,SW Pacific,-42.8166666666666,-175.683333333333,Exact,,,jmalfarolucas@gmail.com,South Pacific,Pacific,
SITE0341,"Santos Basin, SW Atlantic","Santos Basin, SW Atlantic",,South Atlantic,SW Atlantic,-25.894,-45.0348333333333,Exact,,,cherisse.persad@gmail.com,South Atlantic,Atlantic,
SITE0342,Off New Zealand,Off New Zealand,,South Pacific,SW Pacific,-39.7158,177.9637,Exact,,,jmalfarolucas@gmail.com,South Pacific,Pacific,
SITE0343,Off New Zealand,Off New Zealand,,South Pacific,SW Pacific,-43.9546666666666,176.767166666666,Exact,,,jmalfarolucas@gmail.com,South Pacific,Pacific,
SITE0344,Off New Zealand,Off New Zealand,,South Pacific,SW Pacific,-46.8716666666666,167.041666666666,Exact,,,jmalfarolucas@gmail.com,South Pacific,Pacific,
SITE0345,Off New Zealand,Off New Zealand,,South Pacific,SW Pacific,-40.8305,176.935833333333,Exact,,,jmalfarolucas@gmail.com,South Pacific,Pacific,
SITE0346,"Espirito Santo Basin, SW Atlantic","Espirito Santo Basin, SW Atlantic",,South Atlantic,SW Atlantic,-21.4501333333333,-39.8965,Exact,,,cherisse.persad@gmail.com,South Atlantic,Atlantic,
SITE0347,"Blanes Canyon, Catalonia","Blanes Canyon, Catalonia",,Mediterranean Sea,W Mediterranean,41.5041666666666,2.84722222222222,Exact,,,jmalfarolucas@gmail.com,Mediterranean Sea,Mediterranean,
SITE0348,"Avile´s Canyon, Cantabrian Sea","Avile´s Canyon, Cantabrian Sea",,North Atlantic,NE Atlantic,43.9103611111111,-6.35002777777777,Exact,,,cherisse.persad@gmail.com,North Atlantic,Atlantic,
SITE0349,Gulf of Mexico,Gulf of Mexico,,North Atlantic,NW Atlantic,27.7458333333333,-91.2218333333333,Exact,,,jmalfarolucas@gmail.com,North Atlantic,Atlantic,
SITE0350,"La Fonera Canyon, Catalonia","La Fonera Canyon, Catalonia",,Mediterranean Sea,E Mediterranean,41.8641666666666,3.33616666666666,Exact,,,jmalfarolucas@gmail.com,Mediterranean Sea,Mediterranean,
SITE0351,"SE Port Dunford, South Africa","SE Port Dunford, South Africa",,Indian Ocean,SW Indian Ocean,-29.0366666666666,32.3266666666666,Exact,,,cherisse.persad@gmail.com,Indian Ocean,Indian,
SITE0352,"St. Croix, off N Coast","St. Croix, off N Coast",,North Atlantic,NW Atlantic,17.9583333333333,-64.8083333333333,Exact,,,cherisse.persad@gmail.com,,Atlantic,
SITE0353,"Bergen, Norway","Bergen, Norway",,North Atlantic,NE Atlantic,60.4819166666666,5.41775,Exact,,,jmalfarolucas@gmail.com,North Atlantic,Atlantic,
SITE0354,"Rendova, Solomon Islands","Rendova, Salomon Islands",,South Pacific,SW Pacific,-8.5537,157.8983,Exact,,,jmalfarolucas@gmail.com,South Pacific,Pacific,
SITE0355,"Rendova, Solomon Islands","Rendova, Salomon Islands",,South Pacific,SW Pacific,-8.5592,157.4578,Exact,,,jmalfarolucas@gmail.com,South Pacific,Pacific,
SITE0356,"Santa Isabel, Solomon Islands","Santa Isabel, Salomon Islands",,South Pacific,SW Pacific,-8.28,159.96,Exact,,,jmalfarolucas@gmail.com,South Pacific,Pacific,
SITE0357,"Telepare, Solomon Islands","Telepare, Salomon Islands",,South Pacific,SW Pacific,-8.6807,157.4683,Exact,,,jmalfarolucas@gmail.com,South Pacific,Pacific,
SITE0358,"Vella Gulf, Solomon Islands","Vella Gulf, Salomon Islands",,South Pacific,SW Pacific,-8.5325,157.726944,Exact,,,jmalfarolucas@gmail.com,South Pacific,Pacific,
SITE0359,"Vella Gulf, Solomon Islands","Vella Gulf, Salomon Islands",,South Pacific,SW Pacific,-8.5307,157.7162,Exact,,,jmalfarolucas@gmail.com,South Pacific,Pacific,
SITE0360,"Rendova, Solomon Islands","Rendova, Salomon Islands",,South Pacific,SW Pacific,-8.5537,157.4198,Exact,,,jmalfarolucas@gmail.com,South Pacific,Pacific,
SITE0361,"Santa Isabel, Solomon Islands","Santa Isabel, Salomon Islands",,South Pacific,SW Pacific,-8.75,159.6797,Exact,,,jmalfarolucas@gmail.com,South Pacific,Pacific,
SITE0362,"Santa Isabel, Solomon Islands","Santa Isabel, Salomon Islands",,South Pacific,SW Pacific,-8.7617,159.665,Exact,,,jmalfarolucas@gmail.com,South Pacific,Pacific,
SITE0363,"Vella Gulf, Solomon Islands","Vella Gulf, Salomon Islands",,South Pacific,SW Pacific,-7.9378,156.8467,Exact,,,jmalfarolucas@gmail.com,South Pacific,Pacific,
SITE0364,"Vella Gulf, Solomon Islands","Vella Gulf, Salomon Islands",,South Pacific,SW Pacific,-7.940833,156.855556,Exact,,,jmalfarolucas@gmail.com,South Pacific,Pacific,
SITE0365,"Vella Lavella, Solomon Islands","Vella Lavella, Salomon Islands",,South Pacific,SW Pacific,-7.7535,156.4267,Exact,,,jmalfarolucas@gmail.com,South Pacific,Pacific,
SITE0366,"Vella Lavella, Solomon Islands","Vella Lavella, Salomon Islands",,South Pacific,SW Pacific,-7.67,156.4007,Exact,,,jmalfarolucas@gmail.com,South Pacific,Pacific,
SITE0367,"Vella Lavella, Solomon Islands","Vella Lavella, Salomon Islands",,South Pacific,SW Pacific,-7.7983,156.8983,Exact,,,jmalfarolucas@gmail.com,South Pacific,Pacific,
SITE0368,"Choiseul, Solomon Islands","Choiseul, Salomon Islands",,South Pacific,SW Pacific,-6.5935,156.188,Exact,,,jmalfarolucas@gmail.com,South Pacific,Pacific,
SITE0369,"Choiseul, Solomon Islands","Choiseul, Salomon Islands",,South Pacific,SW Pacific,-6.600278,156.19111,Exact,,,jmalfarolucas@gmail.com,South Pacific,Pacific,
SITE0370,"Santa Isabel, Solomon Islands","Santa Isabel, Salomon Islands",,South Pacific,SW Pacific,-8.4067,159.445,Exact,,,jmalfarolucas@gmail.com,South Pacific,Pacific,
SITE0371,"Rendova, Solomon Islands","Rendova, Salomon Islands",,South Pacific,SW Pacific,-8.6215,157.3657,Exact,,,jmalfarolucas@gmail.com,South Pacific,Pacific,
SITE0372,"Rendova, Solomon Islands","Rendova, Salomon Islands",,South Pacific,SW Pacific,-8.665,157.388333,Exact,,,jmalfarolucas@gmail.com,South Pacific,Pacific,
SITE0373,"Rendova, Solomon Islands","Rendova, Salomon Islands",,South Pacific,SW Pacific,-8.659,157.3863,Exact,,,jmalfarolucas@gmail.com,South Pacific,Pacific,
SITE0374,"Telepare, Solomon Islands","Telepare, Salomon Islands",,South Pacific,SW Pacific,-8.7773,157.5103,Exact,,,jmalfarolucas@gmail.com,South Pacific,Pacific,
SITE0375,"Kumano Nada, Japan","Kumano Nada, Japan",,North Pacific,NW Pacific,34.07,136.3,Exact,,,jmalfarolucas@gmail.com,North Pacific,Pacific,
SITE0376,"Suruga Bay, Japan","Suruga Bay, Japan",,North Pacific,NW Pacific,34.43,138.41,Exact,,,jmalfarolucas@gmail.com,North Pacific,Pacific,
SITE0377,Vanuatu,Vanuatu,,South Pacific,SW Pacific,-14.995,166.916666666666,Exact,,,jmalfarolucas@gmail.com,South Pacific,Pacific,
SITE0378,Vanuatu,Vanuatu,,South Pacific,SW Pacific,-14.9516666666666,166.918333333333,Exact,,,cherisse.persad@gmail.com,,Pacific,
SITE0379,Vanuatu,Vanuatu,,South Pacific,SW Pacific,-14.025,166.901666666666,Exact,,,jmalfarolucas@gmail.com,South Pacific,Pacific,
SITE0380,Solomon Islands,Salomon Islands,,South Pacific,SW Pacific,-10.4666666666666,161.373333333333,Exact,,,jmalfarolucas@gmail.com,South Pacific,Pacific,
SITE0381,"Galathea Station 450, Celebes Sea",Celebes Sea,,North Pacific,NW Pacific,1.83333333333333,119.333333333333,Exact,,,cherisse.persad@gmail.com,North Pacific,Pacific,
SITE0382,SECrete,SECrete,,Mediterranean Sea,E Mediterranean,,,Unknown,,,jmalfarolucas@gmail.com,,Mediterranean,
SITE0383,"Maribojoc Bay, Philippines","Maribojoc Bay, Philippines",,North Pacific,NW Pacific,9.60166666666666,123.75,Exact,,,jmalfarolucas@gmail.com,North Pacific,Pacific,
SITE0384,"off Calabria, Italy","off Calabria, Italy",,Mediterranean Sea,W Mediterranean,,,Unknown,,,jmalfarolucas@gmail.com,,Mediterranean,
SITE0385,"off Vigo, Spain","off Vigo, Spain",,North Atlantic,NE Atlantic,42.1325,-9.49483333333333,Exact,,,jmalfarolucas@gmail.com,,Atlantic,
SITE0386,"Espiritu Santo, Solomon Islands","Espiritu Santo, Salomon Islands",,South Pacific,SW Pacific,-14.9957777777777,166.9245,Exact,,,cherisse.persad@gmail.com,South Pacific,Pacific,
SITE0387,"White Island, New Zealand","White Island, New Zealand",,South Pacific,SW Pacific,-37.395,177.658333333333,Exact,,,cherisse.persad@gmail.com,,Pacific,
SITE0388,"White Island, New Zealand","White Island, New Zealand",,South Pacific,SW Pacific,-37.395,177.61,Exact,,,jmalfarolucas@gmail.com,South Pacific,Pacific,
SITE0389,"Hyuga Basin, Japan","Hyuga Basin, Japan",,North Pacific,NW Pacific,32.3516666666666,132.475,Exact,,,jmalfarolucas@gmail.com,North Pacific,Pacific,
SITE0390,Gulf of Mexico,Gulf of Mexico,,North Atlantic,NW Atlantic,27.7348333333333,-91.2415,Exact,,,jmalfarolucas@gmail.com,North Atlantic,Atlantic,
SITE0391,Kuril– Kamchatka Trench,Kuril– Kamchatka Trench,,North Pacific,NW Pacific,42.4833333333333,154.0015,Exact,,,jmalfarolucas@gmail.com,North Pacific,Pacific,
SITE0392,Kuril– Kamchatka Trench,Kuril– Kamchatka Trench,,North Pacific,NW Pacific,43.0443333333333,152.991,Exact,,,jmalfarolucas@gmail.com,North Pacific,Pacific,
SITE0393,Kuril– Kamchatka Trench,Kuril– Kamchatka Trench,,North Pacific,NW Pacific,41.2006666666666,150.097833333333,Exact,,,jmalfarolucas@gmail.com,North Pacific,Pacific,
SITE0394,Kuril– Kamchatka Trench,Kuril– Kamchatka Trench,,North Pacific,NW Pacific,40.2258333333333,148.112833333333,Exact,,,jmalfarolucas@gmail.com,North Pacific,Pacific,
SITE0395,Kuril– Kamchatka Trench,Kuril– Kamchatka Trench,,North Pacific,NW Pacific,39.7245,147.1795,Exact,,,jmalfarolucas@gmail.com,North Pacific,Pacific,
SITE0396,Caribbean Sea,Caribbean Sea,,North Atlantic,NW Atlantic,16.2,-84.2333333333333,Exact,,,jmalfarolucas@gmail.com,North Atlantic,Atlantic,
SITE0397,Caribbean Sea,Caribbean Sea,,North Atlantic,NW Atlantic,9.1,-81.25,Exact,,,jmalfarolucas@gmail.com,North Atlantic,Atlantic,
SITE0398,Caribbean Sea,Caribbean Sea,,North Atlantic,NW Atlantic,9.96666666666666,-76.4833333333333,Exact,,,jmalfarolucas@gmail.com,North Atlantic,Atlantic,
SITE0399,Caribbean Sea,Caribbean Sea,,North Atlantic,NW Atlantic,11.2166666666666,-74.4333333333333,Exact,,,jmalfarolucas@gmail.com,North Atlantic,Atlantic,
SITE0400,Caribbean Sea,Caribbean Sea,,North Atlantic,NW Atlantic,11.4333333333333,-73.6833333333333,Exact,,,jmalfarolucas@gmail.com,North Atlantic,Atlantic,
SITE0401,Caribbean Sea,Caribbean Sea,,North Atlantic,NW Atlantic,11.2,-74.4,Exact,,,jmalfarolucas@gmail.com,North Atlantic,Atlantic,
SITE0402,Caribbean Sea,Caribbean Sea,,North Atlantic,NW Atlantic,11.6833333333333,-73.4,Exact,,,jmalfarolucas@gmail.com,North Atlantic,Atlantic,
SITE0403,Caribbean Sea,Caribbean Sea,,North Atlantic,NW Atlantic,9.53333333333333,-76.6333333333333,Exact,,,jmalfarolucas@gmail.com,North Atlantic,Atlantic,
SITE0404,Caribbean Sea,Caribbean Sea,,North Atlantic,NW Atlantic,10.1666666666666,-76.2333333333333,Exact,,,jmalfarolucas@gmail.com,North Atlantic,Atlantic,
SITE0405,Caribbean Sea,Caribbean Sea,,North Atlantic,NW Atlantic,10.15,-76.2333333333333,Exact,,,jmalfarolucas@gmail.com,North Atlantic,Atlantic,
SITE0406,Caribbean Sea,Caribbean Sea,,North Atlantic,NW Atlantic,12.9166666666666,-70.2666666666666,Exact,,,jmalfarolucas@gmail.com,North Atlantic,Atlantic,
SITE0407,"Hardangerfjorden, Norway","Hardangerfjorden, Norway",,North Atlantic,NE Atlantic,60.3972222222222,6.425,Exact,,,jmalfarolucas@gmail.com,North Atlantic,Atlantic,
SITE0408,"Møre, Norway","Møre, Norway",,North Atlantic,NE Atlantic,,,Unknown,,,jmalfarolucas@gmail.com,North Atlantic,Atlantic,
SITE0409,Knipovich Ridge,Knipovich Ridge,,North Atlantic,NE Atlantic,73.5531666666666,8.28166666666666,Exact,,,jmalfarolucas@gmail.com,North Atlantic,Atlantic,
SITE0410,"Kumano-nada, Japan","Kumano-nada, Japan",,North Pacific,NW Pacific,33.95,136.35,Exact,,,jmalfarolucas@gmail.com,North Pacific,Pacific,
SITE0411,Okhotsk Sea,Okhotsk Sea,,North Pacific,NW Pacific,50.95,149.75,Exact,,,jmalfarolucas@gmail.com,North Pacific,Pacific,
SITE0412,"off Heda, Japan","off Heda, Japan",,North Pacific,NW Pacific,34.9916666666666,138.716666666666,Exact,,,jmalfarolucas@gmail.com,North Pacific,Pacific,
SITE0413,"off Heda, Japan","off Heda, Japan",,North Pacific,NW Pacific,35.0066666666666,138.731666666666,Exact,,,cherisse.persad@gmail.com,North Pacific,Pacific,
SITE0414,"off Toi, Japan","off Toi, Japan",,North Pacific,NW Pacific,34.8966666666666,138.721666666666,Exact,,,jmalfarolucas@gmail.com,North Pacific,Pacific,
SITE0415,"off Toi, Japan","off Toi, Japan",,North Pacific,NW Pacific,34.945,138.721666666666,Exact,,,jmalfarolucas@gmail.com,North Pacific,Pacific,
SITE0416,"off Heda, Japan","off Heda, Japan",,North Pacific,NW Pacific,34.9983333333333,138.735,Exact,,,jmalfarolucas@gmail.com,North Pacific,Pacific,
SITE0417,"off Heda, Japan","off Heda, Japan",,North Pacific,NW Pacific,34.9666666666666,138.736666666666,Exact,,,jmalfarolucas@gmail.com,North Pacific,Pacific,
SITE0418,"off Kumomi, Japan","off Kumomi, Japan",,North Pacific,NW Pacific,34.7716666666666,138.713333333333,Exact,,,jmalfarolucas@gmail.com,North Pacific,Pacific,
SITE0419,"Ozezaki, Japan","Ozezaki, Japan",,North Pacific,NW Pacific,35.0083333333333,138.751666666666,Exact,,,jmalfarolucas@gmail.com,North Pacific,Pacific,
SITE0420,"Heda, Japan","Heda, Japan",,North Pacific,NW Pacific,34.93,138.71,Exact,,,jmalfarolucas@gmail.com,North Pacific,Pacific,
SITE0421,"South Senoumi Bank, Japan","South Senoumi Bank, Japan",,North Pacific,NW Pacific,34.7603333333333,138.492166666666,Exact,,,jmalfarolucas@gmail.com,North Pacific,Pacific,
SITE0422,"off Matsuzaki, Japan","off Matsuzaki, Japan",,North Pacific,NW Pacific,34.7745,138.714,Exact,,,jmalfarolucas@gmail.com,North Pacific,Pacific,
SITE0423,"off Hagachizaki, Japan","off Hagachizaki, Japan",,North Pacific,NW Pacific,34.7441666666666,138.6955,Exact,,,jmalfarolucas@gmail.com,North Pacific,Pacific,
SITE0424,"off Matsuzaki, Japan","off Matsuzaki, Japan",,North Pacific,NW Pacific,34.7661666666666,138.705333333333,Exact,,,jmalfarolucas@gmail.com,North Pacific,Pacific,
SITE0425,"west Omaezaki, Japan","west Omaezaki, Japan",,North Pacific,NW Pacific,34.3828333333333,138.298333333333,Exact,,,jmalfarolucas@gmail.com,North Pacific,Pacific,
SITE0426,"off Heda, Japan","off Heda, Japan",,North Pacific,NW Pacific,35.085,138.723333333333,Exact,,,jmalfarolucas@gmail.com,North Pacific,Pacific,
SITE0427,"off Odawara, Japan","off Odawara, Japan",,North Pacific,NW Pacific,34.2033333333333,139.21,Exact,,,jmalfarolucas@gmail.com,North Pacific,Pacific,
SITE0428,"Sagamy Bay, Japan","Sagamy Bay, Japan",,North Pacific,NW Pacific,35.0683333333333,139.525,Exact,,,jmalfarolucas@gmail.com,North Pacific,Pacific,
SITE0429,"off Heda, Japan","off Heda, Japan",,North Pacific,NW Pacific,34.9933333333333,138.745,Exact,,,jmalfarolucas@gmail.com,North Pacific,Pacific,
SITE0430,"off Matsuzaki, Japan","off Matsuzaki, Japan",,North Pacific,NW Pacific,34.7633333333333,138.708333333333,Exact,,,jmalfarolucas@gmail.com,North Pacific,Pacific,
SITE0431,"off Toi, Japan","off Toi, Japan",,North Pacific,NW Pacific,34.9066666666666,138.728333333333,Exact,,,jmalfarolucas@gmail.com,North Pacific,Pacific,
SITE0432,"South Senoumi Bank, Japan","South Senoumi Bank, Japan",,North Pacific,NW Pacific,34.685,138.39,Exact,,,jmalfarolucas@gmail.com,North Pacific,Pacific,
SITE0433,"South East Tagoshima, Japan","South East Tagoshima, Japan",,North Pacific,NW Pacific,35.0066666666666,138.731666666666,Exact,,,cherisse.persad@gmail.com,,Pacific,
SITE0434,"off Toi, Japan","off Toi, Japan",,North Pacific,NW Pacific,34.918,138.718,Exact,,,jmalfarolucas@gmail.com,North Pacific,Pacific,
SITE0435,"Sagami Bank, Japan","Sagami Bank, Japan",,North Pacific,NW Pacific,35.1516666666666,139.388333333333,Exact,,,jmalfarolucas@gmail.com,North Pacific,Pacific,
SITE0436,"off Heda, Japan","off Heda, Japan",,North Pacific,NW Pacific,34.9516666666666,138.726666666666,Exact,,,jmalfarolucas@gmail.com,North Pacific,Pacific,
SITE0437,off Oshima,off Oshima,,North Pacific,NW Pacific,34.8683333333333,139.461666666666,Exact,,,jmalfarolucas@gmail.com,North Pacific,Pacific,
SITE0438,"west Omaezaki, Japan","west Omaezaki, Japan",,North Pacific,NW Pacific,34.38,138.400166666666,Exact,,,jmalfarolucas@gmail.com,North Pacific,Pacific,
SITE0439,"Ozezaki, Japan","Ozezaki, Japan",,North Pacific,NW Pacific,35.0683333333333,138.788333333333,Exact,,,jmalfarolucas@gmail.com,North Pacific,Pacific,
SITE0440,"off Toi, Japan","off Toi, Japan",,North Pacific,NW Pacific,34.951,138.75,Exact,,,jmalfarolucas@gmail.com,North Pacific,Pacific,
SITE0441,"off Toi, Japan","off Toi, Japan",,North Pacific,NW Pacific,34.8983333333333,138.718333333333,Exact,,,jmalfarolucas@gmail.com,North Pacific,Pacific,
SITE0442,"Bungo Channel, Japan","Bungo Channel, Japan",,North Pacific,NW Pacific,32.3816666666666,132.453333333333,Exact,,,jmalfarolucas@gmail.com,North Pacific,Pacific,
SITE0443,"Kumano-nada, Japan","Kumano-nada, Japan",,North Pacific,NW Pacific,34.0846666666666,136.655333333333,Exact,,,jmalfarolucas@gmail.com,North Pacific,Pacific,
SITE0444,"off Lulu bay, Navassa Island","off Lulu bay, Navassa Island",,North Atlantic,NW Atlantic,18.3783333333333,-75.0455555555555,Exact,,,jmalfarolucas@gmail.com,North Atlantic,Atlantic,
SITE0445,"Flinders CMR, Tasman Sea, Australia","Tasman Sea, Australia",,South Pacific,SW Pacific,-40.4732,149.3967,Trawl start; collection along track,,,cherisse.persad@gmail.com,South Pacific,Pacific,
SITE0446,"East Gippsland CMR, Tasman Sea, Australia","Tasman Sea, Australia",,South Pacific,SW Pacific,-37.792,150.382,Trawl start; collection along track,,,cherisse.persad@gmail.com,South Pacific,Pacific,
SITE0447,"Hunter CMR, Tasman Sea, Australia","Tasman Sea, Australia",,South Pacific,SW Pacific,-32.575,153.1617,Trawl start; collection along track,,,cherisse.persad@gmail.com,South Pacific,Pacific,
SITE0448,Japan,Japan,,North Pacific,NW Pacific,36.485,141.013333333333,Exact,,,jmalfarolucas@gmail.com,North Pacific,Pacific,
SITE0449,Japan,Japan,,North Pacific,NW Pacific,36.8616666666666,141.511666666666,Exact,,,jmalfarolucas@gmail.com,North Pacific,Pacific,
SITE0450,Japan,Japan,,North Pacific,NW Pacific,38.6766666666666,142.02,Exact,,,jmalfarolucas@gmail.com,North Pacific,Pacific,
SITE0451,Japan,Japan,,North Pacific,NW Pacific,38.655,142.056666666666,Exact,,,jmalfarolucas@gmail.com,North Pacific,Pacific,
SITE0452,Japan,Japan,,North Pacific,NW Pacific,38.6283333333333,142.075,Exact,,,jmalfarolucas@gmail.com,North Pacific,Pacific,
SITE0453,Japan,Japan,,North Pacific,NW Pacific,38.65,142.121666666666,Exact,,,jmalfarolucas@gmail.com,North Pacific,Pacific,
SITE0454,Japan,Japan,,North Pacific,NW Pacific,38.0483333333333,141.94,Exact,,,jmalfarolucas@gmail.com,North Pacific,Pacific,
SITE0455,Japan,Japan,,North Pacific,NW Pacific,37.975,141.985,Exact,,,jmalfarolucas@gmail.com,North Pacific,Pacific,
SITE0456,Japan,Japan,,North Pacific,NW Pacific,38.0383333333333,142.035,Exact,,,jmalfarolucas@gmail.com,North Pacific,Pacific,
SITE0457,Japan,Japan,,North Pacific,NW Pacific,38.0066666666666,142.086666666666,Exact,,,jmalfarolucas@gmail.com,North Pacific,Pacific,
SITE0458,Japan,Japan,,North Pacific,NW Pacific,37.7183333333333,141.898333333333,Exact,,,jmalfarolucas@gmail.com,North Pacific,Pacific,
SITE0459,Japan,Japan,,North Pacific,NW Pacific,37.7383333333333,141.913333333333,Exact,,,jmalfarolucas@gmail.com,North Pacific,Pacific,
SITE0460,Japan,Japan,,North Pacific,NW Pacific,37.6566666666666,142.02,Exact,,,jmalfarolucas@gmail.com,North Pacific,Pacific,
SITE0461,Japan,Japan,,North Pacific,NW Pacific,37.3583333333333,141.686666666666,Exact,,,jmalfarolucas@gmail.com,North Pacific,Pacific,
SITE0462,Japan,Japan,,North Pacific,NW Pacific,37.3383333333333,141.72,Exact,,,jmalfarolucas@gmail.com,North Pacific,Pacific,
SITE0463,Japan,Japan,,North Pacific,NW Pacific,37.325,141.743333333333,Exact,,,jmalfarolucas@gmail.com,North Pacific,Pacific,
SITE0464,Japan,Japan,,North Pacific,NW Pacific,37.315,141.763333333333,Exact,,,jmalfarolucas@gmail.com,North Pacific,Pacific,
SITE0465,Japan,Japan,,North Pacific,NW Pacific,37.3266666666666,141.775,Exact,,,jmalfarolucas@gmail.com,North Pacific,Pacific,
SITE0466,Japan,Japan,,North Pacific,NW Pacific,37.3133333333333,141.786666666666,Exact,,,jmalfarolucas@gmail.com,North Pacific,Pacific,
SITE0467,Japan,Japan,,North Pacific,NW Pacific,37.3016666666666,141.823333333333,Exact,,,jmalfarolucas@gmail.com,North Pacific,Pacific,
SITE0468,Japan,Japan,,North Pacific,NW Pacific,36.8866666666666,141.486666666666,Exact,,,jmalfarolucas@gmail.com,North Pacific,Pacific,
SITE0469,Japan,Japan,,North Pacific,NW Pacific,36.6733333333333,141.26,Exact,,,jmalfarolucas@gmail.com,North Pacific,Pacific,
SITE0470,Japan,Japan,,North Pacific,NW Pacific,36.625,141.233333333333,Exact,,,jmalfarolucas@gmail.com,North Pacific,Pacific,
SITE0471,Japan,Japan,,North Pacific,NW Pacific,40.9216666666666,141.715,Exact,,,jmalfarolucas@gmail.com,North Pacific,Pacific,
SITE0472,Japan,Japan,,North Pacific,NW Pacific,38.6733333333333,141.983333333333,Exact,,,jmalfarolucas@gmail.com,North Pacific,Pacific,
SITE0473,Japan,Japan,,North Pacific,NW Pacific,38.645,142.036666666666,Exact,,,jmalfarolucas@gmail.com,North Pacific,Pacific,
SITE0474,Japan,Japan,,North Pacific,NW Pacific,38.6483333333333,142.095,Exact,,,jmalfarolucas@gmail.com,North Pacific,Pacific,
SITE0475,Japan,Japan,,North Pacific,NW Pacific,38.39,142.026666666666,Exact,,,jmalfarolucas@gmail.com,North Pacific,Pacific,
SITE0476,Japan,Japan,,North Pacific,NW Pacific,38.0883333333333,142.061666666666,Exact,,,jmalfarolucas@gmail.com,North Pacific,Pacific,
SITE0477,Japan,Japan,,North Pacific,NW Pacific,38.0666666666666,142.085,Exact,,,jmalfarolucas@gmail.com,North Pacific,Pacific,
SITE0478,Japan,Japan,,North Pacific,NW Pacific,38.0083333333333,142.086666666666,Exact,,,jmalfarolucas@gmail.com,North Pacific,Pacific,
SITE0479,Japan,Japan,,North Pacific,NW Pacific,38.0116666666666,142.096666666666,Exact,,,jmalfarolucas@gmail.com,North Pacific,Pacific,
SITE0480,Japan,Japan,,North Pacific,NW Pacific,37.7166666666666,141.898333333333,Exact,,,jmalfarolucas@gmail.com,North Pacific,Pacific,
SITE0481,Japan,Japan,,North Pacific,NW Pacific,37.695,141.983333333333,Exact,,,jmalfarolucas@gmail.com,North Pacific,Pacific,
SITE0482,Japan,Japan,,North Pacific,NW Pacific,36.535,141.1,Exact,,,jmalfarolucas@gmail.com,North Pacific,Pacific,
SITE0483,Japan,Japan,,North Pacific,NW Pacific,40.8233333333333,141.916666666666,Exact,,,jmalfarolucas@gmail.com,North Pacific,Pacific,
SITE0484,Japan,Japan,,North Pacific,NW Pacific,40.965,141.708333333333,Exact,,,jmalfarolucas@gmail.com,North Pacific,Pacific,
SITE0485,Japan,Japan,,North Pacific,NW Pacific,40.9783333333333,141.76,Exact,,,jmalfarolucas@gmail.com,North Pacific,Pacific,
SITE0486,Japan,Japan,,North Pacific,NW Pacific,40.2233333333333,142.206666666666,Exact,,,jmalfarolucas@gmail.com,North Pacific,Pacific,
SITE0487,Japan,Japan,,North Pacific,NW Pacific,40.1066666666666,142.251666666666,Exact,,,jmalfarolucas@gmail.com,North Pacific,Pacific,
SITE0488,Japan,Japan,,North Pacific,NW Pacific,40.2566666666666,142.235,Exact,,,jmalfarolucas@gmail.com,North Pacific,Pacific,
SITE0489,Japan,Japan,,North Pacific,NW Pacific,40.22,142.261666666666,Exact,,,jmalfarolucas@gmail.com,North Pacific,Pacific,
SITE0490,Japan,Japan,,North Pacific,NW Pacific,40.2666666666666,142.266666666666,Exact,,,jmalfarolucas@gmail.com,North Pacific,Pacific,
SITE0491,Japan,Japan,,North Pacific,NW Pacific,40.2816666666666,142.276666666666,Exact,,,jmalfarolucas@gmail.com,North Pacific,Pacific,
SITE0492,Japan,Japan,,North Pacific,NW Pacific,39.6883333333333,142.21,Exact,,,jmalfarolucas@gmail.com,North Pacific,Pacific,
SITE0493,Japan,Japan,,North Pacific,NW Pacific,39.875,142.33,Exact,,,jmalfarolucas@gmail.com,North Pacific,Pacific,
SITE0494,Japan,Japan,,North Pacific,NW Pacific,39.07,142.158333333333,Exact,,,jmalfarolucas@gmail.com,North Pacific,Pacific,
SITE0495,Japan,Japan,,North Pacific,NW Pacific,40.9883333333333,142.713333333333,Exact,,,jmalfarolucas@gmail.com,North Pacific,Pacific,
SITE0496,Japan,Japan,,North Pacific,NW Pacific,38.3383333333333,142.028333333333,Exact,,,jmalfarolucas@gmail.com,North Pacific,Pacific,
SITE0497,Japan,Japan,,North Pacific,NW Pacific,38.67,141.981666666666,Exact,,,jmalfarolucas@gmail.com,North Pacific,Pacific,
SITE0498,Japan,Japan,,North Pacific,NW Pacific,36.9233333333333,141.415,Exact,,,jmalfarolucas@gmail.com,North Pacific,Pacific,
SITE0499,Japan,Japan,,North Pacific,NW Pacific,37.3033333333333,141.825,Exact,,,jmalfarolucas@gmail.com,North Pacific,Pacific,
SITE0500,Japan,Japan,,North Pacific,NW Pacific,45.5333333333333,141.563333333333,Exact,,,jmalfarolucas@gmail.com,North Pacific,Pacific,
SITE0501,Japan,Japan,,North Pacific,NW Pacific,38.66,142.065,Exact,,,jmalfarolucas@gmail.com,North Pacific,Pacific,
SITE0502,Japan,Japan,,North Pacific,NW Pacific,36.9533333333333,141.563333333333,Exact,,,jmalfarolucas@gmail.com,North Pacific,Pacific,
SITE0503,Tongue of the Ocean,Tongue of the Ocean,,North Atlantic,NW Atlantic,24.9333333333333,-77.4833333333333,Exact,,,jmalfarolucas@gmail.com,North Atlantic,Atlantic,
SITE0504,Gulf of Mexico,Gulf of Mexico,,North Atlantic,NW Atlantic,23.9,-82.35,Exact,,,jmalfarolucas@gmail.com,North Atlantic,Atlantic,
SITE0505,Gulf of Mexico,Gulf of Mexico,,North Atlantic,NW Atlantic,29.225,-87.975,Exact,,,jmalfarolucas@gmail.com,North Atlantic,Atlantic,
SITE0506,"off Barcelona, Catalonia","off Barcelona, Catalonia",,Mediterranean Sea,W Mediterranean,41.1188333333333,2.37495,Exact,,,jmalfarolucas@gmail.com,Mediterranean Sea,Mediterranean,
SITE0507,"Venezuelan Basin, Venezuela","Venezuelan Basin, Venezuela",,North Atlantic,NW Atlantic,14.3333333333333,-67,Exact,,,jmalfarolucas@gmail.com,North Atlantic,Atlantic,
SITE0508,"Venezuelan Basin, Venezuela","Venezuelan Basin, Venezuela",,North Atlantic,NW Atlantic,13.5,-64.75,Exact,,,jmalfarolucas@gmail.com,North Atlantic,Atlantic,
SITE0509,"Tasman Basin, New Zealand","Tasman Basin, New Zealand",,South Pacific,SW Pacific,-44.3,166.766666666666,Exact,,,jmalfarolucas@gmail.com,South Pacific,Pacific,
SITE0510,"Cascadia abyssal plain, Oregon","Cascadia abyssal plain, Oregon",,North Pacific,NE Pacific,44.895,-126.556666666666,Exact,,,jmalfarolucas@gmail.com,North Pacific,Pacific,
SITE0511,"Monterey Canyon, USA","Monterey Canyon, USA",,North Pacific,NE Pacific,36.6,-122.433333333333,Exact,,,jmalfarolucas@gmail.com,North Pacific,Pacific,
SITE0512,"West of Takara, Japan","West of Takara, Japan",,North Pacific,NW Pacific,29.3333333333333,127.616666666666,Exact,,,jmalfarolucas@gmail.com,North Pacific,Pacific,
SITE0513,"off Shizuoka, Japan","off Shizuoka, Japan",,North Pacific,NW Pacific,34.8666666666666,138.483333333333,Exact,,,jmalfarolucas@gmail.com,North Pacific,Pacific,
SITE0514,"SW of Panglao Island, Philippines","SW of Panglao Island, Philippines",,North Pacific,NW Pacific,9.48333333333333,123.683333333333,Exact,,,jmalfarolucas@gmail.com,North Pacific,Pacific,
SITE0515,"SE of Fukue Island, Japan","SE of Fukue Island, Japan",,North Pacific,NW Pacific,32.5,129.133333333333,Exact,,,jmalfarolucas@gmail.com,North Pacific,Pacific,
SITE0516,"East of Taisho Island, Japan","E of Taisho Island, Japan",,North Pacific,NW Pacific,25.8,125.45,Exact,,,cherisse.persad@gmail.com,North Pacific,Pacific,
SITE0517,"off Southwest Reef, Bahamas","off Southwest Reef, Bahamas",,North Atlantic,NW Atlantic,24.9011111111111,-77.5538888888888,Exact,,,jmalfarolucas@gmail.com,North Atlantic,Atlantic,
SITE0518,"Settlement Point, Bahamas","Settlement Point, Bahamas",,North Atlantic,NW Atlantic,26.6252777777777,-78.9822222222222,Exact,,,jmalfarolucas@gmail.com,North Atlantic,Atlantic,
SITE0519,"off Chateau Belair Bay, Lesser Antilles","off Chateau Belair Bay, Lesser Antilles",,North Atlantic,NW Atlantic,13.175,-61.2583333333333,Exact,,,jmalfarolucas@gmail.com,North Atlantic,Atlantic,
SITE0520,Cayman Trough,Cayman Trough,,North Atlantic,NW Atlantic,19.6347222222222,-76.6188888888888,Exact,,,jmalfarolucas@gmail.com,North Atlantic,Atlantic,
SITE0521,Cayman Trough,Cayman Trough,,North Atlantic,NW Atlantic,19.0016666666666,-80.4847222222222,Exact,,,jmalfarolucas@gmail.com,North Atlantic,Atlantic,
SITE0522,Cayman Trough,Cayman Trough,,North Atlantic,NW Atlantic,19.6347222222222,-76.6355555555555,Exact,,,jmalfarolucas@gmail.com,North Atlantic,Atlantic,
SITE0523,Alaska,Alaska,,North Pacific,NE Pacific,60.71,-148.066666666666,Exact,,,jmalfarolucas@gmail.com,North Pacific,Pacific,
SITE0524,"Moresby Island, British Columbia","Moresby Island, British Columbia",,North Pacific,NE Pacific,52.5083333333333,-131.916666666666,Exact,,,jmalfarolucas@gmail.com,North Pacific,Pacific,
SITE0525,Faroe Channel,Faroe Channel,,North Atlantic,NE Atlantic,59.6666666666666,-7.35,Exact,,,jmalfarolucas@gmail.com,North Atlantic,Atlantic,
SITE0526,off Catalonia,off Catalonia,,Mediterranean Sea,W Mediterranean,41.0933333333333,2.18,Exact,,,jmalfarolucas@gmail.com,Mediterranean Sea,Mediterranean,
SITE0527,off Catalonia,off Catalonia,,Mediterranean Sea,W Mediterranean,40.765,1.655,Exact,,,jmalfarolucas@gmail.com,Mediterranean Sea,Mediterranean,
SITE0528,off Catalonia,off Catalonia,,Mediterranean Sea,W Mediterranean,39.9083333333333,2.36,Exact,,,jmalfarolucas@gmail.com,Mediterranean Sea,Mediterranean,
SITE0529,"North West of dell'Is, Italy","North West of dell'Is, Italy",,Mediterranean Sea,W Mediterranean,,,Unknown,,,jmalfarolucas@gmail.com,Mediterranean Sea,Mediterranean,
SITE0530,"off Sardinia, Italy","off Sardinia, Italy",,Mediterranean Sea,W Mediterranean,,,Unknown,,,jmalfarolucas@gmail.com,Mediterranean Sea,Mediterranean,
SITE0531,Puerto Rico Trench,Puerto Rico Trench,,North Atlantic,NW Atlantic,19.6766666666666,-67.3233333333333,Exact,,,jmalfarolucas@gmail.com,North Atlantic,Atlantic,
SITE0532,Cayman Trench,Cayman Trench,,North Atlantic,NW Atlantic,19.6416666666666,-76.63,Exact,,,jmalfarolucas@gmail.com,North Atlantic,Atlantic,
SITE0533,Cayman Trench,Cayman Trench,,North Atlantic,NW Atlantic,19.01,-80.4916666666666,Exact,,,jmalfarolucas@gmail.com,North Atlantic,Atlantic,
SITE0534,"off Rosario Island, Colombia","off Rosario Island, Colombia",,North Atlantic,NW Atlantic,10.15,-76,Exact,,,jmalfarolucas@gmail.com,North Atlantic,Atlantic,
SITE0535,"off Punta Gloria, Colombia","off Punta Gloria, Colombia",,North Atlantic,NW Atlantic,11.1833333333333,-74.2833333333333,Exact,,,jmalfarolucas@gmail.com,North Atlantic,Atlantic,
SITE0536,"off Arboletes, Colombia","off Arboletes, Colombia",,North Atlantic,NW Atlantic,9.03333333333333,-76.6,Exact,,,jmalfarolucas@gmail.com,North Atlantic,Atlantic,
SITE0537,"off Neguanje, Colombia","off Neguanje, Colombia",,North Atlantic,NW Atlantic,11.4,-74.15,Exact,,,jmalfarolucas@gmail.com,North Atlantic,Atlantic,
SITE0538,"off Buratica, Colombia","off Buratica, Colombia",,North Atlantic,NW Atlantic,11.3666666666666,-74.1833333333333,Exact,,,jmalfarolucas@gmail.com,North Atlantic,Atlantic,
SITE0539,"off Neguanje, Colombia","off Neguanje, Colombia",,North Atlantic,NW Atlantic,11.4,-74.1833333333333,Exact,,,jmalfarolucas@gmail.com,North Atlantic,Atlantic,
SITE0540,"off Buratica, Colombia","off Buratica, Colombia",,North Atlantic,NW Atlantic,11.45,-73.6666666666666,Exact,,,jmalfarolucas@gmail.com,North Atlantic,Atlantic,
SITE0541,"off Ensenada de la Rada, Colombia","off Ensenada de la Rada, Colombia",,North Atlantic,NW Atlantic,9.45,-76.4166666666666,Exact,,,jmalfarolucas@gmail.com,North Atlantic,Atlantic,
SITE0542,"off San Bernardo Island, Colombia","off San Bernardo Island, Colombia",,North Atlantic,NW Atlantic,9.76666666666666,-76.2833333333333,Exact,,,jmalfarolucas@gmail.com,North Atlantic,Atlantic,
SITE0543,"off Tolú, Colombia","off Tolú, Colombia",,North Atlantic,NW Atlantic,9.75,-76.25,Exact,,,jmalfarolucas@gmail.com,North Atlantic,Atlantic,
SITE0544,San Diego Trough,"San Diego Trough, Mexico",,North Pacific,NE Pacific,32.3033333333333,-117.496666666666,Exact,,,jmalfarolucas@gmail.com,,Pacific,
SITE0545,San Diego Trough,"San Diego Trough, Mexico",,North Pacific,NE Pacific,32.3916666666666,-117.529166666666,Exact,,,jmalfarolucas@gmail.com,,Pacific,
SITE0546,"Nile fan, off Egypt","Nile fan, off Egypt",,Mediterranean Sea,E Mediterranean,32.53465,30.3563888888888,Exact,,,cherisse.persad@gmail.com,,Mediterranean,
SITE0547,Nile deep-sea fan Wood#5,"Nile fan, off Egypt",,Mediterranean Sea,Eastern Mediterranean / Nile deep-sea fan,32.53465,30.3564,Exact,,,cherisse.persad@gmail.com,Mediterranean Sea,Mediterranean,
SITE0548,Nile deep-sea fan Wood#2,"Nile fan, off Egypt",,Mediterranean Sea,Eastern Mediterranean / Nile deep-sea fan,32.53271,30.35292,Exact,,,cherisse.persad@gmail.com,Mediterranean Sea,Mediterranean,
SITE0549,Nile deep-sea fan Wood#1,"Nile fan, off Egypt",,Mediterranean Sea,Eastern Mediterranean / Nile deep-sea fan,32.53416,30.35208,Exact,,,cherisse.persad@gmail.com,Mediterranean Sea,Mediterranean,
SITE0550,"Nile fan, off Egypt","Nile fan, off Egypt",,Mediterranean Sea,E Mediterranean,32.5436111111111,30.355,Exact,,,jmalfarolucas@gmail.com,Mediterranean Sea,Mediterranean,
SITE0551,"Rainbow vent field, MAR","Rainbow vent field, MAR",,North Atlantic,Mid-Atlantic Ridge,36.2377777777777,-33.9052777777777,Exact,,,jmalfarolucas@gmail.com,North Atlantic,Atlantic,
SITE0552,"South East Port Dunford, South Africa","South East Port Dunford, South Africa",,Indian Ocean,SW Indian Ocean,-29.0366666666666,32.3266666666666,Exact,,,cherisse.persad@gmail.com,,Indian,
SITE0553,"Tongue of the Ocean, Bahamas","Tongue of the Ocean, Bahamas",,North Atlantic,NW Atlantic,25.8813333333333,-77.5373333333333,Exact,,,jmalfarolucas@gmail.com,North Atlantic,Atlantic,
SITE0554,"off New England, USA","off New England, USA",,North Atlantic,NW Atlantic,40.35,-70.3833333333333,Exact,,,jmalfarolucas@gmail.com,North Atlantic,Atlantic,
SITE0555,"Beebe Vent field, Mid-Cayman Spreading Centre","Beebe Vent field, Mid-Cayman Spreading Centre",,North Atlantic,NW Atlantic,18.3761666666666,-81.6723333333333,Exact,,,jmalfarolucas@gmail.com,North Atlantic,Atlantic,
SITE0558,"Southwest Reef, Tongue of the Ocean, Bahamas","Tongue of the Ocean, Bahamas",,North Atlantic,NW Atlantic,24.2583333333333,-77.55,Exact,The source reports 24°15′30″N; the 24.883333°N value is inconsistent with that coordinate.,,cherisse.persad@gmail.com,North Atlantic,Atlantic,
SITE0559,"Bohol Sea, Philippines","Bohol Sea, Philipines",,North Pacific,NW Pacific,9.42666666666666,124.035,Exact,,,cherisse.persad@gmail.com,,Pacific,
SITE0560,Vanuatu,Vanuatu,,South Pacific,SW Pacific,-15.704,167.0435,Exact,,,jmalfarolucas@gmail.com,South Pacific,Pacific,
SITE0561,"Bohol Sea, Philippines","Bohol Sea, Philipines",,North Pacific,NW Pacific,9.405,124.1783,Exact,,,jmalfarolucas@gmail.com,,Pacific,
SITE0562,Philippines,Philipines,,North Pacific,NW Pacific,14.9972,121.7317,Exact,,,jmalfarolucas@gmail.com,North Pacific,Pacific,
SITE0563,Vanuatu,Vanuatu,,South Pacific,SW Pacific,-15.6869,167.0284,Exact,,,jmalfarolucas@gmail.com,South Pacific,Pacific,
SITE0564,Vanuatu,Vanuatu,,South Pacific,SW Pacific,-15.663,167.0273,Exact,,,jmalfarolucas@gmail.com,South Pacific,Pacific,
SITE0565,Vanuatu,Vanuatu,,South Pacific,SW Pacific,-16.0445,167.5059,Exact,,,jmalfarolucas@gmail.com,South Pacific,Pacific,
SITE0566,Solomon,Salomon,,South Pacific,SW Pacific,-7.6033,157.7075,Exact,,,cherisse.persad@gmail.com,South Pacific,Pacific,
SITE0567,"Bohol Sea, Philippines","Bohol Sea, Philipines",,North Pacific,NW Pacific,9.3483,124.145,Exact,,,jmalfarolucas@gmail.com,North Pacific,Pacific,
SITE0568,Philippines,Philipines,,North Pacific,NW Pacific,8.85,123.1667,Exact,,,jmalfarolucas@gmail.com,North Pacific,Pacific,
SITE0569,Philippines,Philipines,,North Pacific,NW Pacific,9.4483,123.575,Exact,,,jmalfarolucas@gmail.com,North Pacific,Pacific,
SITE0570,"East off Palasan island, Philippines","East off Palasan island, Philippines",,North Pacific,NW Pacific,14.822,123.2265,Exact,,,jmalfarolucas@gmail.com,North Pacific,Pacific,
SITE0571,"East off Palasan island, Philippines","East off Palasan island, Philippines",,North Pacific,NW Pacific,14.975,123.079,Exact,,,jmalfarolucas@gmail.com,North Pacific,Pacific,
SITE0572,"East off Palasan island, Philippines","East off Palasan island, Philippines",,North Pacific,NW Pacific,14.7665,123.6553333333333,Exact,,,jmalfarolucas@gmail.com,North Pacific,Pacific,
SITE0573,"East off Palasan island, Philippines","East off Palasan island, Philippines",,North Pacific,NW Pacific,14.56233333333333,123.2333333333333,Exact,,,jmalfarolucas@gmail.com,North Pacific,Pacific,
SITE0574,"East off Palasan island, Philippines","East off Palasan island, Philippines",,North Pacific,NW Pacific,15.07233333333333,123.1446666666667,Exact,,,jmalfarolucas@gmail.com,North Pacific,Pacific,
SITE0575,"East off Palasan island, Philippines","East off Palasan island, Philippines",,North Pacific,NW Pacific,14.82316666666667,123.2195,Exact,,,jmalfarolucas@gmail.com,North Pacific,Pacific,
SITE0576,"Transect East off Luzon, Philippines","Transect East off Luzon, Philippines",,North Pacific,NW Pacific,16.01,121.8873333333333,Exact,,,jmalfarolucas@gmail.com,North Pacific,Pacific,
SITE0577,"Transect East off Luzon, Philippines","Transect East off Luzon, Philippines",,North Pacific,NW Pacific,15.86766666666667,121.8266666666667,Exact,,,jmalfarolucas@gmail.com,North Pacific,Pacific,
SITE0578,"Transect East off Luzon, Philippines","Transect East off Luzon, Philippines",,North Pacific,NW Pacific,15.77833333333333,121.7283333333333,Exact,,,jmalfarolucas@gmail.com,North Pacific,Pacific,
SITE0579,"Transect East off Luzon, Philippines","Transect East off Luzon, Philippines",,North Pacific,NW Pacific,14.94233333333333,121.7291666666667,Exact,,,jmalfarolucas@gmail.com,North Pacific,Pacific,
SITE0580,"Transect East off Luzon, Philippines","Transect East off Luzon, Philippines",,North Pacific,NW Pacific,15.1845,121.5786666666667,Exact,,,jmalfarolucas@gmail.com,North Pacific,Pacific,
SITE0581,"Transect East off Luzon, Philippines","Transect East off Luzon, Philippines",,North Pacific,NW Pacific,14.4895,121.708,Exact,,,jmalfarolucas@gmail.com,North Pacific,Pacific,
SITE0582,"Transect East off Luzon, Philippines","Transect East off Luzon, Philippines",,North Pacific,NW Pacific,14.4515,121.7853333333333,Exact,,,jmalfarolucas@gmail.com,North Pacific,Pacific,
SITE0583,"Transect East off Luzon, Philippines","Transect East off Luzon, Philippines",,North Pacific,NW Pacific,14.4005,121.7805,Exact,,,jmalfarolucas@gmail.com,North Pacific,Pacific,
SITE0584,"Transect East off Luzon, Philippines","Transect East off Luzon, Philippines",,North Pacific,NW Pacific,16.0225,121.851,Exact,,,jmalfarolucas@gmail.com,North Pacific,Pacific,
SITE0585,"Transect East off Luzon, Philippines","Transect East off Luzon, Philippines",,North Pacific,NW Pacific,15.4505,121.5938333333333,Exact,,,jmalfarolucas@gmail.com,North Pacific,Pacific,
SITE0586,"Transect East off Luzon, Philippines","Transect East off Luzon, Philippines",,North Pacific,NW Pacific,16.0445,121.922,Exact,,,jmalfarolucas@gmail.com,North Pacific,Pacific,
SITE0587,"Transect East off Luzon, Philippines","Transect East off Luzon, Philippines",,North Pacific,NW Pacific,15.60666666666667,121.9335,Exact,,,jmalfarolucas@gmail.com,North Pacific,Pacific,
SITE0588,"Transect East off Luzon, Philippines","Transect East off Luzon, Philippines",,North Pacific,NW Pacific,15.65416666666667,121.9821666666667,Exact,,,jmalfarolucas@gmail.com,North Pacific,Pacific,
SITE0589,"off Pamilacan Island, Philippines","off Pamilacan Island, Philippines",,North Pacific,NW Pacific,9.526666666666667,123.9283333333333,Exact,,,cherisse.persad@gmail.com,North Pacific,Pacific,
SITE0590,"Bohol Sea, Philippines","Bohol Sea, Philipines",,North Pacific,NW Pacific,9.448333333333334,123.575,Exact,,,jmalfarolucas@gmail.com,North Pacific,Pacific,
SITE0591,"Bohol Sea, Philippines","Bohol Sea, Philipines",,North Pacific,NW Pacific,9.465,123.64,Exact,,,jmalfarolucas@gmail.com,North Pacific,Pacific,
SITE0592,"Bohol Sea, Philippines","Bohol Sea, Philipines",,North Pacific,NW Pacific,9.501666666666667,123.6933333333333,Exact,,,jmalfarolucas@gmail.com,North Pacific,Pacific,
SITE0593,"Bohol Sea, Philippines","Bohol Sea, Philipines",,North Pacific,NW Pacific,9.476666666666667,123.6666666666667,Exact,,,jmalfarolucas@gmail.com,North Pacific,Pacific,
SITE0594,"Bohol Sea, Philippines","Bohol Sea, Philipines",,North Pacific,NW Pacific,9.581666666666667,123.695,Exact,,,jmalfarolucas@gmail.com,North Pacific,Pacific,
SITE0595,"Bohol Sea, Philippines","Bohol Sea, Philipines",,North Pacific,NW Pacific,9.65,123.7683333333333,Exact,,,jmalfarolucas@gmail.com,North Pacific,Pacific,
SITE0596,"Bohol Sea, Philippines","Bohol Sea, Philipines",,North Pacific,NW Pacific,8.868333333333334,123.6183333333333,Exact,,,jmalfarolucas@gmail.com,North Pacific,Pacific,
SITE0597,"Bohol Sea, Philippines","Bohol Sea, Philipines",,North Pacific,NW Pacific,8.815,123.6266666666667,Exact,,,jmalfarolucas@gmail.com,North Pacific,Pacific,
SITE0598,"Bohol Sea, Philippines","Bohol Sea, Philipines",,North Pacific,NW Pacific,8.885,123.5583333333333,Exact,,,jmalfarolucas@gmail.com,North Pacific,Pacific,
SITE0599,"Bohol Sea, Philippines","Bohol Sea, Philipines",,North Pacific,NW Pacific,8.645,123.2666666666667,Exact,,,jmalfarolucas@gmail.com,North Pacific,Pacific,
SITE0600,"Bohol Sea, Philippines","Bohol Sea, Philipines",,North Pacific,NW Pacific,8.688333333333333,123.2966666666667,Exact,,,jmalfarolucas@gmail.com,North Pacific,Pacific,
SITE0601,"Bohol Sea, Philippines","Bohol Sea, Philipines",,North Pacific,NW Pacific,8.721666666666666,123.3166666666667,Exact,,,jmalfarolucas@gmail.com,North Pacific,Pacific,
SITE0602,"Bohol Sea, Philippines","Bohol Sea, Philipines",,North Pacific,NW Pacific,8.745,123.3083333333333,Exact,,,jmalfarolucas@gmail.com,North Pacific,Pacific,
SITE0603,"Santa Isabel, Solomon Islands","Santa Isabel island, Solomon Islands",,South Pacific,SW Pacific,-8.295,160.0148333333333,Exact,,,jmalfarolucas@gmail.com,South Pacific,Pacific,
SITE0604,"Santa Isabel, Solomon Islands","Santa Isabel island, Solomon Islands",,South Pacific,SW Pacific,-8.28,159.9671666666667,Exact,,,jmalfarolucas@gmail.com,South Pacific,Pacific,
SITE0605,"Santa Isabel, Solomon Islands","Santa Isabel island, Solomon Islands",,South Pacific,SW Pacific,-7.70833333333333,158.4828333333333,Exact,,,jmalfarolucas@gmail.com,South Pacific,Pacific,
SITE0606,"Choiseul island, Solomon Islands","Choiseul island, Solomon Islands",,South Pacific,SW Pacific,-7.55833333333333,157.705,Exact,,,jmalfarolucas@gmail.com,South Pacific,Pacific,
SITE0607,"Vella Lavella island, Solomon Islands","Vella Lavella island, Solomon Islands",,South Pacific,SW Pacific,-7.83533333333333,156.881,Exact,,,jmalfarolucas@gmail.com,South Pacific,Pacific,
SITE0608,"Vella Lavella island, Solomon Islands","Vella Lavella island, Solomon Islands",,South Pacific,SW Pacific,-7.79833333333333,156.8983333333333,Exact,,,jmalfarolucas@gmail.com,South Pacific,Pacific,
SITE0609,"Rendova island, Solomon Islands","Rendova island, Solomon Islands",,South Pacific,SW Pacific,-8.664,157.3918333333333,Exact,,,jmalfarolucas@gmail.com,South Pacific,Pacific,
SITE0610,Chesterfield islands,Chesterfield islands,,South Pacific,SW Pacific,-20.8771666666667,160.9948333333333,Exact,,,jmalfarolucas@gmail.com,South Pacific,Pacific,
SITE0611,North Espiritu Santo,North Espiritu Santo,,South Pacific,SW Pacific,-14.9418333333333,166.9358333333333,Exact,,,jmalfarolucas@gmail.com,South Pacific,Pacific,
SITE0612,North Espiritu Santo,North Espiritu Santo,,South Pacific,SW Pacific,-15.0235,166.896,Exact,,,cherisse.persad@gmail.com,South Pacific,Pacific,
SITE0613,North Espiritu Santo,North Espiritu Santo,,South Pacific,SW Pacific,-15.011,166.9245,Exact,,,jmalfarolucas@gmail.com,South Pacific,Pacific,
SITE0614,North Espiritu Santo,North Espiritu Santo,,South Pacific,SW Pacific,-15.0236666666667,166.896,Exact,,,cherisse.persad@gmail.com,South Pacific,Pacific,
SITE0615,North Espiritu Santo,North Espiritu Santo,,South Pacific,SW Pacific,-14.9173333333333,166.9593333333333,Exact,,,jmalfarolucas@gmail.com,South Pacific,Pacific,
SITE0616,North Espiritu Santo,North Espiritu Santo,,South Pacific,SW Pacific,-15.1338333333333,166.8475,Exact,,,jmalfarolucas@gmail.com,South Pacific,Pacific,
SITE0617,North Espiritu Santo,North Espiritu Santo,,South Pacific,SW Pacific,-15.1483333333333,166.8931666666667,Exact,,,jmalfarolucas@gmail.com,South Pacific,Pacific,
SITE0618,North Espiritu Santo,North Espiritu Santo,,South Pacific,SW Pacific,-15.115,166.88,Exact,,,jmalfarolucas@gmail.com,South Pacific,Pacific,
SITE0619,North Espiritu Santo,North Espiritu Santo,,South Pacific,SW Pacific,-15.1366666666667,166.89,Exact,,,jmalfarolucas@gmail.com,South Pacific,Pacific,
SITE0620,Nord West Malo Island,Nord West Malo Island,,South Pacific,SW Pacific,-15.6333333333333,167.0333333333333,Exact,,,jmalfarolucas@gmail.com,South Pacific,Pacific,
SITE0621,Nord West Malo Island,Nord West Malo Island,,South Pacific,SW Pacific,-15.6266666666667,167.085,Exact,,,jmalfarolucas@gmail.com,South Pacific,Pacific,
SITE0622,West Malo Island,West Malo Island,,South Pacific,SW Pacific,-15.6733333333333,167.0166666666667,Exact,,,jmalfarolucas@gmail.com,South Pacific,Pacific,
SITE0623,West Malo Island,West Malo Island,,South Pacific,SW Pacific,-15.645,167.02,Exact,,,jmalfarolucas@gmail.com,South Pacific,Pacific,
SITE0624,West Malo Island,West Malo Island,,South Pacific,SW Pacific,-15.688,167.0483333333333,Exact,,,jmalfarolucas@gmail.com,South Pacific,Pacific,
SITE0625,Nord Est Malekula Island,Nord Est Malekula Island,,South Pacific,SW Pacific,-16.0066666666667,167.6383333333333,Exact,,,jmalfarolucas@gmail.com,South Pacific,Pacific,
SITE0626,South Malekula island,South Malekula island,,South Pacific,SW Pacific,-16.7213333333333,167.8073333333333,Exact,,,jmalfarolucas@gmail.com,South Pacific,Pacific,
SITE0627,South Malekula island,South Malekula island,,South Pacific,SW Pacific,-16.7208333333333,167.8476666666667,Exact,,,jmalfarolucas@gmail.com,South Pacific,Pacific,
SITE0628,Fiji,Fiji,,South Pacific,SW Pacific,-16.658,179.616,Exact,,,jmalfarolucas@gmail.com,South Pacific,Pacific,
SITE0629,"Malo, Vanuatu","Malo, Vanuatu",,South Pacific,SW Pacific,-15.7333333333333,167.035,Exact,,,jmalfarolucas@gmail.com,South Pacific,Pacific,
SITE0630,"Malo, Vanuatu","Malo, Vanuatu",,South Pacific,SW Pacific,-15.6933333333333,167.035,Exact,,,jmalfarolucas@gmail.com,South Pacific,Pacific,
SITE0631,"Big Bay, Vanuatu","Big Bay, Vanuatu",,South Pacific,SW Pacific,-15.0766666666666,166.891666666666,Exact,"The reported value −150.7666667° is outside the valid latitude range; −15.0766667° is consistent with the adjacent Big Bay, Vanuatu site series.",,cherisse.persad@gmail.com,South Pacific,Pacific,
SITE0632,"Big Bay, Vanuatu","Big Bay, Vanuatu",,South Pacific,SW Pacific,-15.0516666666666,166.88,Exact,,,jmalfarolucas@gmail.com,South Pacific,Pacific,
SITE0633,"Big Bay, Vanuatu","Big Bay, Vanuatu",,South Pacific,SW Pacific,-15.0533333333333,166.878333333333,Exact,,,jmalfarolucas@gmail.com,South Pacific,Pacific,
SITE0634,"Big Bay, Vanuatu","Big Bay, Vanuatu",,South Pacific,SW Pacific,-15.0283333333333,166.905,Exact,,,jmalfarolucas@gmail.com,South Pacific,Pacific,
SITE0635,"Big Bay, Vanuatu","Big Bay, Vanuatu",,South Pacific,SW Pacific,-14.995,166.918333333333,Exact,,,jmalfarolucas@gmail.com,South Pacific,Pacific,
SITE0636,"Big Bay, Vanuatu","Big Bay, Vanuatu",,South Pacific,SW Pacific,-14.9516666666666,166.918333333333,Exact,,,cherisse.persad@gmail.com,South Pacific,Pacific,
SITE0637,"Big Bay, Vanuatu","Big Bay, Vanuatu",,South Pacific,SW Pacific,-14.9183333333333,166.923333333333,Exact,,,jmalfarolucas@gmail.com,South Pacific,Pacific,
SITE0638,"Big Bay, Vanuatu","Big Bay, Vanuatu",,South Pacific,SW Pacific,-14.8916666666666,166.855,Exact,,,jmalfarolucas@gmail.com,South Pacific,Pacific,
SITE0639,"Big Bay, Vanuatu","Big Bay, Vanuatu",,South Pacific,SW Pacific,-14.9033333333333,166.856666666666,Exact,,,jmalfarolucas@gmail.com,South Pacific,Pacific,
SITE0640,"Big Bay, Vanuatu","Big Bay, Vanuatu",,South Pacific,SW Pacific,-15.06,166.87,Exact,,,jmalfarolucas@gmail.com,South Pacific,Pacific,
SITE0641,Vanuatu,VANUATU: Big Bay,,South Pacific,SW Pacific,-15.0066666666667,166.86,Exact,,,jmalfarolucas@gmail.com,South Pacific,Pacific,
SITE0642,Vanuatu,VANUATU: Big Bay,,South Pacific,SW Pacific,-15.0483333333333,166.9,Exact,,,jmalfarolucas@gmail.com,South Pacific,Pacific,
SITE0643,Vanuatu,VANUATU: Big Bay,,South Pacific,SW Pacific,-15.035,166.9166666666667,Exact,,,jmalfarolucas@gmail.com,South Pacific,Pacific,
SITE0644,Vanuatu,VANUATU: Big Bay,,South Pacific,SW Pacific,-14.995,166.9166666666667,Exact,,,jmalfarolucas@gmail.com,South Pacific,Pacific,
SITE0645,Vanuatu,VANUATU: Big Bay,,South Pacific,SW Pacific,-14.975,166.905,Exact,,,jmalfarolucas@gmail.com,South Pacific,Pacific,
SITE0646,Vanuatu,VANUATU: Big Bay,,South Pacific,SW Pacific,-14.8983333333333,166.8583333333333,Exact,,,jmalfarolucas@gmail.com,South Pacific,Pacific,
SITE0647,Vanuatu,VANUATU: Big Bay,,South Pacific,SW Pacific,-14.8516666666667,166.8966666666667,Exact,,,jmalfarolucas@gmail.com,South Pacific,Pacific,
SITE0648,Vanuatu,VANUATU: Big Bay,,South Pacific,SW Pacific,-14.9033333333333,166.95,Exact,,,jmalfarolucas@gmail.com,South Pacific,Pacific,
SITE0649,VANUATU: Fond Bay,VANUATU: Fond Bay,,South Pacific,SW Pacific,-15.11,166.8466666666667,Exact,,,jmalfarolucas@gmail.com,South Pacific,Pacific,
SITE0650,VANUATU,VANUATU,,South Pacific,SW Pacific,-16.5916666666667,167.965,Exact,,,jmalfarolucas@gmail.com,South Pacific,Pacific,
SITE0651,VANUATU,VANUATU,,South Pacific,SW Pacific,-16.625,167.9566666666667,Exact,,,jmalfarolucas@gmail.com,South Pacific,Pacific,
SITE0652,VANUATU,VANUATU,,South Pacific,SW Pacific,-16.6566666666667,167.96,Exact,,,jmalfarolucas@gmail.com,South Pacific,Pacific,
SITE0653,VANUATU,VANUATU,,South Pacific,SW Pacific,-16.705,167.9783333333333,Exact,,,jmalfarolucas@gmail.com,South Pacific,Pacific,
SITE0654,VANUATU,VANUATU,,South Pacific,SW Pacific,-16.715,167.98,Exact,,,jmalfarolucas@gmail.com,South Pacific,Pacific,
SITE0655,VANUATU,VANUATU,,South Pacific,SW Pacific,-16.735,167.9866666666667,Exact,,,jmalfarolucas@gmail.com,South Pacific,Pacific,
SITE0656,VANUATU,VANUATU,,South Pacific,SW Pacific,-16.755,167.985,Exact,,,jmalfarolucas@gmail.com,South Pacific,Pacific,
SITE0657,VANUATU,VANUATU,,South Pacific,SW Pacific,-16.5116666666667,167.925,Exact,,,jmalfarolucas@gmail.com,South Pacific,Pacific,
SITE0658,VANUATU,VANUATU,,South Pacific,SW Pacific,-16.42,167.8733333333333,Exact,,,jmalfarolucas@gmail.com,South Pacific,Pacific,
SITE0659,VANUATU,VANUATU,,South Pacific,SW Pacific,-16.34,167.8066666666667,Exact,,,jmalfarolucas@gmail.com,South Pacific,Pacific,
SITE0660,VANUATU,VANUATU,,South Pacific,SW Pacific,-16.3066666666667,167.78,Exact,,,jmalfarolucas@gmail.com,South Pacific,Pacific,
SITE0661,VANUATU,VANUATU,,South Pacific,SW Pacific,-16.75,167.8633333333333,Exact,,,jmalfarolucas@gmail.com,South Pacific,Pacific,
SITE0662,"Bohol Sea, Philippines",PHILIPPINES: Bohol Sea,,North Pacific,NW Pacific,8.7,123.2216666666667,Exact,,,jmalfarolucas@gmail.com,North Pacific,Pacific,
SITE0663,"Bohol Sea, Philippines",PHILIPPINES: Bohol Sea,,North Pacific,NW Pacific,9.653333333333334,123.7916666666667,Exact,,,jmalfarolucas@gmail.com,North Pacific,Pacific,
SITE0664,"Bohol Sea, Philippines",PHILIPPINES: Bohol Sea,,North Pacific,NW Pacific,9.636666666666667,123.725,Exact,,,jmalfarolucas@gmail.com,North Pacific,Pacific,
SITE0665,"Bohol Sea, Philippines",PHILIPPINES: Bohol Sea,,North Pacific,NW Pacific,9.571666666666667,123.63,Exact,,,jmalfarolucas@gmail.com,North Pacific,Pacific,
SITE0666,"Bohol Sea, Philippines",PHILIPPINES: Bohol Sea,,North Pacific,NW Pacific,9.538333333333334,123.655,Exact,,,jmalfarolucas@gmail.com,North Pacific,Pacific,
SITE0667,"Bohol Sea, Philippines",PHILIPPINES: Bohol Sea,,North Pacific,NW Pacific,9.49,123.74,Exact,,,jmalfarolucas@gmail.com,North Pacific,Pacific,
SITE0668,"Bohol Sea, Philippines",PHILIPPINES: Bohol Sea,,North Pacific,NW Pacific,9.456666666666667,123.8233333333333,Exact,,,jmalfarolucas@gmail.com,North Pacific,Pacific,
SITE0669,"Bohol Sea, Philippines",PHILIPPINES: Bohol Sea,,North Pacific,NW Pacific,9.473333333333333,123.835,Exact,,,jmalfarolucas@gmail.com,North Pacific,Pacific,
SITE0670,"Bohol Sea, Philippines",PHILIPPINES: Bohol Sea,,North Pacific,NW Pacific,9.526666666666667,123.9283333333333,Exact,,,cherisse.persad@gmail.com,,Pacific,
SITE0671,"Bohol Sea, Philippines",PHILIPPINES: Bohol Sea,,North Pacific,NW Pacific,9.455,124.0516666666667,Exact,,,jmalfarolucas@gmail.com,North Pacific,Pacific,
SITE0672,"Bohol Sea, Philippines",PHILIPPINES: Bohol Sea,,North Pacific,NW Pacific,9.426666666666666,124.035,Exact,,,cherisse.persad@gmail.com,North Pacific,Pacific,
SITE0673,"Bohol Sea, Philippines",PHILIPPINES: Bohol Sea,,North Pacific,NW Pacific,9.433333333333334,124.1083333333333,Exact,,,jmalfarolucas@gmail.com,North Pacific,Pacific,
SITE0674,"Bohol Sea, Philippines",PHILIPPINES: Bohol Sea,,North Pacific,NW Pacific,9.405,124.1783333333333,Exact,,,jmalfarolucas@gmail.com,North Pacific,Pacific,
SITE0675,"Bohol Sea, Philippines",PHILIPPINES: Bohol Sea,,North Pacific,NW Pacific,9.348333333333333,124.145,Exact,,,cherisse.persad@gmail.com,North Pacific,Pacific,
SITE0676,"Bohol Sea, Philippines",PHILIPPINES: Bohol Sea,,North Pacific,NW Pacific,9.335,124.055,Exact,,,jmalfarolucas@gmail.com,North Pacific,Pacific,
SITE0677,"Bohol Sea, Philippines",PHILIPPINES: Bohol Sea,,North Pacific,NW Pacific,8.868333333333334,123.6183333333333,Exact,,,jmalfarolucas@gmail.com,North Pacific,Pacific,
SITE0678,"Bohol Sea, Philippines",PHILIPPINES: Bohol Sea,,North Pacific,NW Pacific,8.831666666666667,123.5816666666667,Exact,,,jmalfarolucas@gmail.com,North Pacific,Pacific,
SITE0679,"Bohol Sea, Philippines",PHILIPPINES: Bohol Sea,,North Pacific,NW Pacific,8.815,123.6266666666667,Exact,,,jmalfarolucas@gmail.com,North Pacific,Pacific,
SITE0680,"Bohol Sea, Philippines",PHILIPPINES: Bohol Sea,,North Pacific,NW Pacific,8.885,123.5583333333333,Exact,,,jmalfarolucas@gmail.com,North Pacific,Pacific,
SITE0681,"Bohol Sea, Philippines",PHILIPPINES: Bohol Sea,,North Pacific,NW Pacific,8.941666666666666,123.545,Exact,,,jmalfarolucas@gmail.com,North Pacific,Pacific,
SITE0682,"Bohol Sea, Philippines",PHILIPPINES: Bohol Sea,,North Pacific,NW Pacific,9.1,123.4166666666667,Exact,,,jmalfarolucas@gmail.com,North Pacific,Pacific,
SITE0683,"Bohol Sea, Philippines",PHILIPPINES: Bohol Sea,,North Pacific,NW Pacific,8.645,123.2666666666667,Exact,,,jmalfarolucas@gmail.com,North Pacific,Pacific,
SITE0684,"Bohol Sea, Philippines",PHILIPPINES: Bohol Sea,,North Pacific,NW Pacific,8.688333333333333,123.2966666666667,Exact,,,jmalfarolucas@gmail.com,North Pacific,Pacific,
SITE0685,"Bohol Sea, Philippines",PHILIPPINES: Bohol Sea,,North Pacific,NW Pacific,8.721666666666666,123.3166666666667,Exact,,,jmalfarolucas@gmail.com,North Pacific,Pacific,
SITE0686,"Bohol Sea, Philippines",PHILIPPINES: Bohol Sea,,North Pacific,NW Pacific,8.745,123.3083333333333,Exact,,,jmalfarolucas@gmail.com,North Pacific,Pacific,
SITE0687,"Bohol Sea, Philippines",PHILIPPINES: Bohol Sea,,North Pacific,NW Pacific,8.77,123.2683333333333,Exact,,,jmalfarolucas@gmail.com,North Pacific,Pacific,
SITE0688,"Bohol Sea, Philippines",PHILIPPINES: Bohol Sea,,North Pacific,NW Pacific,8.85,123.1666666666667,Exact,,,jmalfarolucas@gmail.com,North Pacific,Pacific,
SITE0689,"Bohol Sea, Philippines",PHILIPPINES: Bohol Sea,,North Pacific,NW Pacific,8.855,122.9816666666667,Exact,,,cherisse.persad@gmail.com,North Pacific,Pacific,
SITE0690,"Bohol Sea, Philippines",PHILIPPINES: Bohol Sea,,North Pacific,NW Pacific,9.448333333333334,123.575,Exact,,,jmalfarolucas@gmail.com,North Pacific,Pacific,
SITE0691,"Bohol Sea, Philippines",PHILIPPINES: Bohol Sea,,North Pacific,NW Pacific,9.483333333333333,123.685,Exact,,,jmalfarolucas@gmail.com,North Pacific,Pacific,
SITE0692,"Bohol Sea, Philippines",PHILIPPINES: Bohol Sea,,North Pacific,NW Pacific,9.501666666666667,123.6933333333333,Exact,,,jmalfarolucas@gmail.com,North Pacific,Pacific,
SITE0693,"Bohol Sea, Philippines",PHILIPPINES: Bohol Sea,,North Pacific,NW Pacific,9.476666666666667,123.6666666666667,Exact,,,jmalfarolucas@gmail.com,North Pacific,Pacific,
SITE0694,"Bohol Sea, Philippines",PHILIPPINES: Bohol Sea,,North Pacific,NW Pacific,9.603333333333333,123.73,Exact,,,jmalfarolucas@gmail.com,North Pacific,Pacific,
SITE0695,"Bohol Sea, Philippines",PHILIPPINES: Bohol Sea,,North Pacific,NW Pacific,9.605,123.7,Exact,,,jmalfarolucas@gmail.com,North Pacific,Pacific,
SITE0696,"Bohol Sea, Philippines",PHILIPPINES: Bohol Sea,,North Pacific,NW Pacific,9.581666666666667,123.695,Exact,,,jmalfarolucas@gmail.com,North Pacific,Pacific,
SITE0697,"Bohol Sea, Philippines",PHILIPPINES: Bohol Sea,,North Pacific,NW Pacific,9.543333333333333,123.675,Exact,,,jmalfarolucas@gmail.com,North Pacific,Pacific,
SITE0698,"Bohol Sea, Philippines",PHILIPPINES: Bohol Sea,,North Pacific,NW Pacific,9.656666666666666,123.7216666666667,Exact,,,jmalfarolucas@gmail.com,North Pacific,Pacific,
SITE0699,"Bohol Sea, Philippines",PHILIPPINES: Bohol Sea,,North Pacific,NW Pacific,9.676666666666666,123.78,Exact,,,jmalfarolucas@gmail.com,North Pacific,Pacific,
SITE0700,"Bohol Sea, Philippines",PHILIPPINES: Bohol Sea,,North Pacific,NW Pacific,9.688333333333333,123.8083333333333,Exact,,,jmalfarolucas@gmail.com,North Pacific,Pacific,
SITE0701,"Bohol Sea, Philippines",PHILIPPINES: Bohol Sea,,North Pacific,NW Pacific,9.725,123.785,Exact,,,jmalfarolucas@gmail.com,North Pacific,Pacific,
SITE0702,"Bohol Sea, Philippines",PHILIPPINES: Bohol Sea,,North Pacific,NW Pacific,9.516666666666667,123.6733333333333,Exact,,,jmalfarolucas@gmail.com,North Pacific,Pacific,
SITE0703,Solomon Islands,SOLOMON ISLANDS,,South Pacific,SW Pacific,-9.33166666666667,160.44,Exact,,,jmalfarolucas@gmail.com,South Pacific,Pacific,
SITE0704,Solomon Islands,SOLOMON ISLANDS,,South Pacific,SW Pacific,-9.34,159.97,Exact,,,jmalfarolucas@gmail.com,South Pacific,Pacific,
SITE0705,Solomon Islands,SOLOMON ISLANDS,,South Pacific,SW Pacific,-9.34833333333333,159.9366666666667,Exact,,,jmalfarolucas@gmail.com,South Pacific,Pacific,
SITE0706,Solomon Islands,SOLOMON ISLANDS,,South Pacific,SW Pacific,-9.17333333333333,159.8833333333333,Exact,,,jmalfarolucas@gmail.com,South Pacific,Pacific,
SITE0707,Solomon Islands,SOLOMON ISLANDS,,South Pacific,SW Pacific,-9.115,159.8866666666667,Exact,,,jmalfarolucas@gmail.com,South Pacific,Pacific,
SITE0708,Solomon Islands,SOLOMON ISLANDS,,South Pacific,SW Pacific,-9.045,159.8233333333333,Exact,,,jmalfarolucas@gmail.com,South Pacific,Pacific,
SITE0709,Solomon Islands,SOLOMON ISLANDS,,South Pacific,SW Pacific,-9.00166666666667,159.8166666666667,Exact,,,jmalfarolucas@gmail.com,South Pacific,Pacific,
SITE0710,Solomon Islands,SOLOMON ISLANDS,,South Pacific,SW Pacific,-8.97,159.6933333333333,Exact,,,jmalfarolucas@gmail.com,South Pacific,Pacific,
SITE0711,Solomon Islands,SOLOMON ISLANDS,,South Pacific,SW Pacific,-8.52,160.6283333333333,Exact,,,jmalfarolucas@gmail.com,South Pacific,Pacific,
SITE0712,Solomon Islands,SOLOMON ISLANDS,,South Pacific,SW Pacific,-8.54666666666667,160.695,Exact,,,jmalfarolucas@gmail.com,South Pacific,Pacific,
SITE0713,Solomon Islands,SOLOMON ISLANDS,,South Pacific,SW Pacific,-9.355,160.41,Exact,,,jmalfarolucas@gmail.com,South Pacific,Pacific,
SITE0714,Solomon Islands,SOLOMON ISLANDS,,South Pacific,SW Pacific,-9.25666666666667,160.1483333333333,Exact,,,jmalfarolucas@gmail.com,South Pacific,Pacific,
SITE0715,Solomon Islands,SOLOMON ISLANDS,,South Pacific,SW Pacific,-9.26833333333333,160.1283333333333,Exact,,,jmalfarolucas@gmail.com,South Pacific,Pacific,
SITE0716,Solomon Islands,SOLOMON ISLANDS,,South Pacific,SW Pacific,-9.31333333333333,160.3816666666667,Exact,,,jmalfarolucas@gmail.com,South Pacific,Pacific,
SITE0717,Solomon Islands,SOLOMON ISLANDS,,South Pacific,SW Pacific,-9.32,160.4233333333333,Exact,,,jmalfarolucas@gmail.com,South Pacific,Pacific,
SITE0718,Solomon Islands,SOLOMON ISLANDS,,South Pacific,SW Pacific,-9.35,160.4866666666667,Exact,,,jmalfarolucas@gmail.com,South Pacific,Pacific,
SITE0719,Solomon Islands,SOLOMON ISLANDS,,South Pacific,SW Pacific,-9.35666666666667,160.3983333333333,Exact,,,jmalfarolucas@gmail.com,South Pacific,Pacific,
SITE0720,Solomon Islands,SOLOMON ISLANDS,,South Pacific,SW Pacific,-9.535,160.6216666666667,Exact,,,jmalfarolucas@gmail.com,South Pacific,Pacific,
SITE0721,Solomon Islands,SOLOMON ISLANDS,,South Pacific,SW Pacific,-9.53333333333333,160.6233333333333,Exact,,,jmalfarolucas@gmail.com,South Pacific,Pacific,
SITE0722,Solomon Islands,SOLOMON ISLANDS,,South Pacific,SW Pacific,-9.58333333333333,160.7116666666667,Exact,,,jmalfarolucas@gmail.com,South Pacific,Pacific,
SITE0723,Solomon Islands,SOLOMON ISLANDS,,South Pacific,SW Pacific,-9.63166666666667,160.8283333333333,Exact,,,jmalfarolucas@gmail.com,South Pacific,Pacific,
SITE0724,Solomon Islands,SOLOMON ISLANDS,,South Pacific,SW Pacific,-9.70333333333333,160.88,Exact,,,jmalfarolucas@gmail.com,South Pacific,Pacific,
SITE0725,Solomon Islands,SOLOMON ISLANDS,,South Pacific,SW Pacific,-9.54333333333333,160.6216666666667,Exact,,,jmalfarolucas@gmail.com,South Pacific,Pacific,
SITE0726,Solomon Islands,SOLOMON ISLANDS,,South Pacific,SW Pacific,-8.81,159.7216666666667,Exact,,,jmalfarolucas@gmail.com,South Pacific,Pacific,
SITE0727,Solomon Islands,SOLOMON ISLANDS,,South Pacific,SW Pacific,-8.78166666666667,159.6633333333333,Exact,,,jmalfarolucas@gmail.com,South Pacific,Pacific,
SITE0728,Solomon Islands,SOLOMON ISLANDS,,South Pacific,SW Pacific,-8.78333333333333,159.6316666666667,Exact,,,jmalfarolucas@gmail.com,South Pacific,Pacific,
SITE0729,Solomon Islands,SOLOMON ISLANDS,,South Pacific,SW Pacific,-8.28166666666667,159.995,Exact,,,jmalfarolucas@gmail.com,South Pacific,Pacific,
SITE0730,Solomon Islands,SOLOMON ISLANDS,,South Pacific,SW Pacific,-8.28333333333333,160,Exact,,,jmalfarolucas@gmail.com,South Pacific,Pacific,
SITE0731,Solomon Islands,SOLOMON ISLANDS,,South Pacific,SW Pacific,-8.29166666666667,159.9966666666667,Exact,,,jmalfarolucas@gmail.com,South Pacific,Pacific,
SITE0732,Solomon Islands,SOLOMON ISLANDS,,South Pacific,SW Pacific,-8.32666666666667,160.0316666666667,Exact,,,jmalfarolucas@gmail.com,South Pacific,Pacific,
SITE0733,Solomon Islands,SOLOMON ISLANDS,,South Pacific,SW Pacific,-8.39833333333333,159.4433333333333,Exact,,,jmalfarolucas@gmail.com,South Pacific,Pacific,
SITE0734,Solomon Islands,SOLOMON ISLANDS,,South Pacific,SW Pacific,-8.41333333333333,159.445,Exact,,,jmalfarolucas@gmail.com,South Pacific,Pacific,
SITE0735,Solomon Islands,SOLOMON ISLANDS,,South Pacific,SW Pacific,-8.425,159.44,Exact,,,jmalfarolucas@gmail.com,South Pacific,Pacific,
SITE0736,Solomon Islands,SOLOMON ISLANDS,,South Pacific,SW Pacific,-8.42666666666667,159.4316666666667,Exact,,,jmalfarolucas@gmail.com,South Pacific,Pacific,
SITE0737,Solomon Islands,SOLOMON ISLANDS,,South Pacific,SW Pacific,-7.72666666666667,158.5,Exact,,,jmalfarolucas@gmail.com,South Pacific,Pacific,
SITE0738,Solomon Islands,SOLOMON ISLANDS,,South Pacific,SW Pacific,-7.72333333333333,158.4833333333333,Exact,,,jmalfarolucas@gmail.com,South Pacific,Pacific,
SITE0739,Solomon Islands,SOLOMON ISLANDS,,South Pacific,SW Pacific,-7.59833333333333,157.7066666666667,Exact,,,jmalfarolucas@gmail.com,South Pacific,Pacific,
SITE0740,Solomon Islands,SOLOMON ISLANDS,,South Pacific,SW Pacific,-7.63,157.695,Exact,,,jmalfarolucas@gmail.com,South Pacific,Pacific,
SITE0741,Solomon Islands,SOLOMON ISLANDS,,South Pacific,SW Pacific,-7.645,157.715,Exact,,,jmalfarolucas@gmail.com,South Pacific,Pacific,
SITE0742,Solomon Islands,SOLOMON ISLANDS,,South Pacific,SW Pacific,-7.73833333333333,157.705,Exact,,,jmalfarolucas@gmail.com,South Pacific,Pacific,
SITE0743,Solomon Islands,SOLOMON ISLANDS,,South Pacific,SW Pacific,-7.755,157.6566666666667,Exact,,,jmalfarolucas@gmail.com,South Pacific,Pacific,
SITE0744,Solomon Islands,SOLOMON ISLANDS,,South Pacific,SW Pacific,-7.82166666666667,157.6866666666667,Exact,,,jmalfarolucas@gmail.com,South Pacific,Pacific,
SITE0745,Solomon Islands,SOLOMON ISLANDS,,South Pacific,SW Pacific,-7.93833333333333,157.5766666666667,Exact,,,jmalfarolucas@gmail.com,South Pacific,Pacific,
SITE0746,Solomon Islands,SOLOMON ISLANDS,,South Pacific,SW Pacific,-7.97166666666667,157.5733333333333,Exact,,,jmalfarolucas@gmail.com,South Pacific,Pacific,
SITE0747,Solomon Islands,SOLOMON ISLANDS,,South Pacific,SW Pacific,-7.96833333333333,157.565,Exact,,,jmalfarolucas@gmail.com,South Pacific,Pacific,
SITE0748,Solomon Islands,SOLOMON ISLANDS,,South Pacific,SW Pacific,-6.65,156.2383333333333,Exact,,,jmalfarolucas@gmail.com,South Pacific,Pacific,
SITE0749,Solomon Islands,SOLOMON ISLANDS,,South Pacific,SW Pacific,-6.62,156.2116666666667,Exact,,,jmalfarolucas@gmail.com,South Pacific,Pacific,
SITE0750,Solomon Islands,SOLOMON ISLANDS,,South Pacific,SW Pacific,-6.57833333333333,156.175,Exact,,,jmalfarolucas@gmail.com,South Pacific,Pacific,
SITE0751,Solomon Islands,SOLOMON ISLANDS,,South Pacific,SW Pacific,-6.92166666666667,156.3533333333333,Exact,,,jmalfarolucas@gmail.com,South Pacific,Pacific,
SITE0752,Solomon Islands,SOLOMON ISLANDS,,South Pacific,SW Pacific,-7.715,156.455,Exact,,,jmalfarolucas@gmail.com,South Pacific,Pacific,
SITE0753,Solomon Islands,SOLOMON ISLANDS,,South Pacific,SW Pacific,-7.75,156.445,Exact,,,jmalfarolucas@gmail.com,South Pacific,Pacific,
SITE0754,Solomon Islands,SOLOMON ISLANDS,,South Pacific,SW Pacific,-7.71833333333333,156.4333333333333,Exact,,,jmalfarolucas@gmail.com,South Pacific,Pacific,
SITE0755,Solomon Islands,SOLOMON ISLANDS,,South Pacific,SW Pacific,-7.71,156.41,Exact,,,jmalfarolucas@gmail.com,South Pacific,Pacific,
SITE0756,Solomon Islands,SOLOMON ISLANDS,,South Pacific,SW Pacific,-7.74833333333333,156.4116666666667,Exact,,,jmalfarolucas@gmail.com,South Pacific,Pacific,
SITE0757,Solomon Islands,SOLOMON ISLANDS,,South Pacific,SW Pacific,-7.70833333333333,156.4133333333333,Exact,,,jmalfarolucas@gmail.com,South Pacific,Pacific,
SITE0758,Solomon Islands,SOLOMON ISLANDS,,South Pacific,SW Pacific,-7.47333333333333,156.2916666666667,Exact,,,jmalfarolucas@gmail.com,South Pacific,Pacific,
SITE0759,Solomon Islands,SOLOMON ISLANDS,,South Pacific,SW Pacific,-7.44166666666667,156.25,Exact,,,jmalfarolucas@gmail.com,South Pacific,Pacific,
SITE0760,Solomon Islands,SOLOMON ISLANDS,,South Pacific,SW Pacific,-7.94,156.8533333333333,Exact,,,jmalfarolucas@gmail.com,South Pacific,Pacific,
SITE0761,Solomon Islands,SOLOMON ISLANDS,,South Pacific,SW Pacific,-7.91333333333333,156.855,Exact,,,jmalfarolucas@gmail.com,South Pacific,Pacific,
SITE0762,Solomon Islands,SOLOMON ISLANDS,,South Pacific,SW Pacific,-7.87333333333333,156.85,Exact,,,jmalfarolucas@gmail.com,South Pacific,Pacific,
SITE0763,Solomon Islands,SOLOMON ISLANDS,,South Pacific,SW Pacific,-7.8,156.8666666666667,Exact,,,jmalfarolucas@gmail.com,South Pacific,Pacific,
SITE0764,Solomon Islands,SOLOMON ISLANDS,,South Pacific,SW Pacific,-7.81166666666667,156.8883333333333,Exact,,,jmalfarolucas@gmail.com,South Pacific,Pacific,
SITE0765,Solomon Islands,SOLOMON ISLANDS,,South Pacific,SW Pacific,-7.63166666666667,156.98,Exact,,,jmalfarolucas@gmail.com,South Pacific,Pacific,
SITE0766,Solomon Islands,SOLOMON ISLANDS,,South Pacific,SW Pacific,-8.93666666666667,157.735,Exact,,,jmalfarolucas@gmail.com,South Pacific,Pacific,
SITE0767,Solomon Islands,SOLOMON ISLANDS,,South Pacific,SW Pacific,-8.53,157.7133333333333,Exact,,,jmalfarolucas@gmail.com,South Pacific,Pacific,
SITE0768,Solomon Islands,SOLOMON ISLANDS,,South Pacific,SW Pacific,-8.69166666666667,157.6366666666667,Exact,,,jmalfarolucas@gmail.com,South Pacific,Pacific,
SITE0769,Solomon Islands,SOLOMON ISLANDS,,South Pacific,SW Pacific,-8.64,157.3583333333333,Exact,,,jmalfarolucas@gmail.com,South Pacific,Pacific,
SITE0770,Solomon Islands,SOLOMON ISLANDS,,South Pacific,SW Pacific,-8.65833333333333,157.3833333333333,Exact,,,jmalfarolucas@gmail.com,South Pacific,Pacific,
SITE0771,Solomon Islands,SOLOMON ISLANDS,,South Pacific,SW Pacific,-8.605,157.4416666666667,Exact,,,jmalfarolucas@gmail.com,South Pacific,Pacific,
SITE0772,Solomon Islands,SOLOMON ISLANDS,,South Pacific,SW Pacific,-8.65333333333333,157.4433333333333,Exact,,,jmalfarolucas@gmail.com,South Pacific,Pacific,
SITE0773,Solomon Islands,SOLOMON ISLANDS,,South Pacific,SW Pacific,-8.955,159.0833333333333,Exact,,,jmalfarolucas@gmail.com,South Pacific,Pacific,
SITE0774,Solomon Islands,SOLOMON ISLANDS,,South Pacific,SW Pacific,-8.69333333333333,159.6733333333333,Exact,,,jmalfarolucas@gmail.com,South Pacific,Pacific,
SITE0775,Solomon Islands,SOLOMON ISLANDS,,South Pacific,SW Pacific,-8.125,156.9966666666667,Exact,,,jmalfarolucas@gmail.com,South Pacific,Pacific,
SITE0776,Solomon Islands,SOLOMON ISLANDS,,South Pacific,SW Pacific,-7.91333333333333,156.8766666666667,Exact,,,jmalfarolucas@gmail.com,South Pacific,Pacific,
SITE0777,Solomon Islands,SOLOMON ISLANDS,,South Pacific,SW Pacific,-8.63666666666667,157.3583333333333,Exact,,,jmalfarolucas@gmail.com,South Pacific,Pacific,
SITE0778,Solomon Islands,SOLOMON ISLANDS,,South Pacific,SW Pacific,-7.65,157.716666666666,Exact,,,jmalfarolucas@gmail.com,South Pacific,Pacific,
SITE0779,Philippines,Philippines,,North Pacific,NW Pacific,15.45,121.6,Exact,,,jmalfarolucas@gmail.com,North Pacific,Pacific,
SITE0780,Philippines,Philippines,,North Pacific,NW Pacific,15.0166666666666,121.75,Exact,,,jmalfarolucas@gmail.com,North Pacific,Pacific,
SITE0781,Philippines,Philippines,,North Pacific,NW Pacific,16.0166666666666,121.85,Exact,,,jmalfarolucas@gmail.com,North Pacific,Pacific,
SITE0782,Philippines,Philippines,,North Pacific,NW Pacific,15.35,121.566666666666,Exact,,,jmalfarolucas@gmail.com,North Pacific,Pacific,
SITE0783,Philippines,Philippines,,North Pacific,NW Pacific,8.81666666666666,123.033333333333,Exact,,,jmalfarolucas@gmail.com,North Pacific,Pacific,
SITE0784,Philippines,Philippines,,North Pacific,NW Pacific,9.35,124.15,Exact,,,jmalfarolucas@gmail.com,North Pacific,Pacific,
SITE0785,Solomon Islands,SOLOMON ISLANDS,,South Pacific,SW Pacific,-8.28333333333333,160.15,Exact,,,jmalfarolucas@gmail.com,South Pacific,Pacific,
SITE0786,VANUATU,VANUATU,,South Pacific,SW Pacific,-15.5333333333333,167.366666666666,Exact,,,jmalfarolucas@gmail.com,South Pacific,Pacific,
SITE0787,VANUATU,VANUATU,,South Pacific,SW Pacific,-15.0166666666666,166.866666666666,Exact,,,jmalfarolucas@gmail.com,South Pacific,Pacific,
SITE0788,Solomon Islands,SOLOMON ISLANDS,,South Pacific,SW Pacific,-8.4,159.366666666666,Exact,,,jmalfarolucas@gmail.com,South Pacific,Pacific,
SITE0789,Philippines,Philippines,,North Pacific,NW Pacific,14.8333333333333,123.583333333333,Exact,,,jmalfarolucas@gmail.com,North Pacific,Pacific,
SITE0790,Philippines,Philippines,,North Pacific,NW Pacific,15.0333333333333,123.183333333333,Exact,,,jmalfarolucas@gmail.com,North Pacific,Pacific,
SITE0791,Solomon Islands,SOLOMON ISLANDS,,South Pacific,SW Pacific,-7.96666666666666,157.566666666666,Exact,,,jmalfarolucas@gmail.com,South Pacific,Pacific,
SITE0792,Solomon Islands,SOLOMON ISLANDS,,South Pacific,SW Pacific,-7.73333333333333,157.7,Exact,,,jmalfarolucas@gmail.com,South Pacific,Pacific,
SITE0793,Solomon Islands,SOLOMON ISLANDS,,South Pacific,SW Pacific,-8.81666666666666,159.716666666666,Exact,,,jmalfarolucas@gmail.com,South Pacific,Pacific,
SITE0794,Philippines,Philippines,,North Pacific,NW Pacific,9.46666666666666,123.633333333333,Exact,,,jmalfarolucas@gmail.com,North Pacific,Pacific,
SITE0795,Philippines,Philippines,,North Pacific,NW Pacific,9.6,123.7,Exact,,,jmalfarolucas@gmail.com,North Pacific,Pacific,
SITE0796,Philippines,Philippines,,North Pacific,NW Pacific,15.3333333333333,121.616666666666,Exact,,,jmalfarolucas@gmail.com,North Pacific,Pacific,
SITE0797,Solomon Islands,SOLOMON ISLANDS,,South Pacific,SW Pacific,-6.61666666666666,156.216666666666,Exact,,,jmalfarolucas@gmail.com,South Pacific,Pacific,
SITE0798,Solomon Islands,SOLOMON ISLANDS,,South Pacific,SW Pacific,-8.6,157.433333333333,Exact,,,jmalfarolucas@gmail.com,South Pacific,Pacific,
SITE0799,Solomon Islands,SOLOMON ISLANDS,,South Pacific,SW Pacific,-8.43333333333333,159.433333333333,Exact,,,jmalfarolucas@gmail.com,South Pacific,Pacific,
SITE0800,Philippines,Philippines,,North Pacific,NW Pacific,9.53333333333333,123.7,Exact,,,jmalfarolucas@gmail.com,North Pacific,Pacific,
SITE0801,Philippines,Philippines,,North Pacific,NW Pacific,9.5,123.866666666666,Exact,,,jmalfarolucas@gmail.com,North Pacific,Pacific,
SITE0802,Vanuatu,"Malekula and Epi Islands, Vanuatu",,South Pacific,SW Pacific,-16.6233333333333,167.996666666666,Exact,,,jmalfarolucas@gmail.com,South Pacific,Pacific,
SITE0803,Papua New Guinea,Papua New Guinea,,South Pacific,SW Pacific,-2.4,150.566666666666,Exact,,,jmalfarolucas@gmail.com,South Pacific,Pacific,
SITE0804,Solomon Islands,SOLOMON ISLANDS,,South Pacific,SW Pacific,-7.56666666666666,157.7,Exact,,,jmalfarolucas@gmail.com,South Pacific,Pacific,
SITE0805,Solomon Islands,SOLOMON ISLANDS,,South Pacific,SW Pacific,-7.71666666666666,156.45,Exact,,,jmalfarolucas@gmail.com,South Pacific,Pacific,
SITE0806,VANUATU,VANUATU,,South Pacific,SW Pacific,-15.7166666666666,167.05,Exact,,,jmalfarolucas@gmail.com,South Pacific,Pacific,
SITE0807,Philippines,Philippines,,North Pacific,NW Pacific,9.42666666666666,124.035,Exact,,,cherisse.persad@gmail.com,,Pacific,
SITE0808,Philippines,Philippines,,North Pacific,NW Pacific,9.34833333333333,124.145,Exact,,,cherisse.persad@gmail.com,,Pacific,
SITE0809,Philippines,Philippines,,North Pacific,NW Pacific,8.85,122.981666666666,Exact,,,jmalfarolucas@gmail.com,North Pacific,Pacific,
SITE0810,Philippines,Philippines,,North Pacific,NW Pacific,8.855,122.981666666666,Exact,,,cherisse.persad@gmail.com,,Pacific,
SITE0811,Papua New Guinea,Papua New Guinea,,South Pacific,SW Pacific,-6.93083333333333,147.137,Exact,,,jmalfarolucas@gmail.com,South Pacific,Pacific,
SITE0812,Papua New Guinea,Papua New Guinea,,South Pacific,SW Pacific,-6.78299999999999,147.208833333333,Exact,,,jmalfarolucas@gmail.com,South Pacific,Pacific,
SITE0813,Papua New Guinea,Papua New Guinea,,South Pacific,SW Pacific,-2.23333333333333,150.251666666666,Exact,,,jmalfarolucas@gmail.com,South Pacific,Pacific,
SITE0814,Papua New Guinea,Papua New Guinea,,South Pacific,SW Pacific,-5.07066666666666,152.0035,Exact,,,jmalfarolucas@gmail.com,South Pacific,Pacific,
SITE0815,Papua New Guinea,Papua New Guinea,,South Pacific,SW Pacific,-5.06816666666666,152.046333333333,Exact,,,jmalfarolucas@gmail.com,South Pacific,Pacific,
SITE0816,Solomon Islands,Solomon Islands,,South Pacific,SW Pacific,-6.62666666666666,156.219166666666,Exact,,,jmalfarolucas@gmail.com,South Pacific,Pacific,
SITE0817,Solomon Islands,Solomon Islands,,South Pacific,SW Pacific,-6.63783333333333,156.22,Exact,,,jmalfarolucas@gmail.com,South Pacific,Pacific,
SITE0818,Solomon Islands,Solomon Islands,,South Pacific,SW Pacific,-7.74166666666666,156.465,Exact,,,jmalfarolucas@gmail.com,South Pacific,Pacific,
SITE0819,Solomon Islands,Solomon Islands,,South Pacific,SW Pacific,-7.71383333333333,156.4075,Exact,,,jmalfarolucas@gmail.com,South Pacific,Pacific,
SITE0820,Solomon Islands,Solomon Islands,,South Pacific,SW Pacific,-7.7535,156.426833333333,Exact,,,jmalfarolucas@gmail.com,South Pacific,Pacific,
SITE0821,Solomon Islands,Solomon Islands,,South Pacific,SW Pacific,-7.95833333333333,156.855833333333,Exact,,,jmalfarolucas@gmail.com,South Pacific,Pacific,
SITE0822,Solomon Islands,Solomon Islands,,South Pacific,SW Pacific,-7.90583333333333,156.847666666666,Exact,,,jmalfarolucas@gmail.com,South Pacific,Pacific,
SITE0823,Vanuatu,Vanuatu,,South Pacific,SW Pacific,-15.0513333333333,166.935,Exact,,,jmalfarolucas@gmail.com,South Pacific,Pacific,
SITE0824,Vanuatu,Vanuatu,,South Pacific,SW Pacific,-15.0235,166.896,Exact,,,cherisse.persad@gmail.com,,Pacific,
SITE0825,Vanuatu,Vanuatu,,South Pacific,SW Pacific,-15.0236666666666,166.896,Exact,,,cherisse.persad@gmail.com,,Pacific,
SITE0826,Vanuatu,Vanuatu,,South Pacific,SW Pacific,-16.458,167.913,Exact,,,jmalfarolucas@gmail.com,South Pacific,Pacific,
SITE0827,Vanuatu,Vanuatu,,South Pacific,SW Pacific,-16.0445,167.505833333333,Exact,,,jmalfarolucas@gmail.com,South Pacific,Pacific,
SITE0828,Vanuatu,Vanuatu,,South Pacific,SW Pacific,-16.6246666666666,167.958833333333,Exact,,,jmalfarolucas@gmail.com,South Pacific,Pacific,
SITE0829,Vanuatu,Vanuatu,,South Pacific,SW Pacific,-16.4603333333333,167.894333333333,Exact,,,jmalfarolucas@gmail.com,South Pacific,Pacific,
SITE0830,Vanuatu,Vanuatu,,South Pacific,SW Pacific,-16.62333,167.996666666666,Approximate,The reported value −166.233333333333° is outside the valid latitude range; −16.62333° is consistent with the Vanuatu locality.,,cherisse.persad@gmail.com,South Pacific,Pacific,
SITE0831,Vanuatu,Vanuatu,,South Pacific,SW Pacific,-15.6963333333333,167.063833333333,Exact,,,jmalfarolucas@gmail.com,South Pacific,Pacific,
SITE0832,"Blanes canyon, Catalonia","Blanes canyon, Catalonia",,Mediterranean Sea,W Mediterranean,41.5702,2.83865,Exact,,,jmalfarolucas@gmail.com,Mediterranean Sea,Mediterranean,
SITE0833,"Blanes canyon, Catalonia","Blanes canyon, Catalonia",,Mediterranean Sea,W Mediterranean,41.5208333333333,2.84722222222222,Exact,,,jmalfarolucas@gmail.com,Mediterranean Sea,Mediterranean,
SITE0834,"Blanes canyon, Catalonia","Blanes canyon, Catalonia",,Mediterranean Sea,W Mediterranean,41.5208499999999,2.84701666666666,Exact,,,jmalfarolucas@gmail.com,Mediterranean Sea,Mediterranean,
SITE0835,"Blanes canyon, Catalonia","Blanes canyon, Catalonia",,Mediterranean Sea,W Mediterranean,41.458,2.88277777777777,Exact,,,jmalfarolucas@gmail.com,Mediterranean Sea,Mediterranean,
SITE0836,"Blanes canyon, Catalonia","Blanes canyon, Catalonia",,Mediterranean Sea,W Mediterranean,41.2192222222222,2.81527777777777,Exact,,,jmalfarolucas@gmail.com,Mediterranean Sea,Mediterranean,
SITE0837,"Blanes canyon, Catalonia","Blanes canyon, Catalonia",,Mediterranean Sea,W Mediterranean,41.2191638888888,2.81512777777777,Exact,,,jmalfarolucas@gmail.com,Mediterranean Sea,Mediterranean,
SITE0838,"Blanes canyon, Catalonia","Blanes canyon, Catalonia",,Mediterranean Sea,W Mediterranean,41.1501638888888,2.89666666666666,Exact,,,jmalfarolucas@gmail.com,Mediterranean Sea,Mediterranean,
SITE0839,"Blanes canyon, Catalonia","Blanes canyon, Catalonia",,Mediterranean Sea,W Mediterranean,41.0811638888888,2.96916666666666,Exact,,,jmalfarolucas@gmail.com,Mediterranean Sea,Mediterranean,
SITE0840,"La Fonera canyon, Catalonia","La Fonera canyon, Catalonia",,Mediterranean Sea,W Mediterranean,41.8909027777777,3.24588888888888,Exact,,,jmalfarolucas@gmail.com,Mediterranean Sea,Mediterranean,
SITE0841,"Avilés canyon, Spain","Avilés canyon, Spain",,North Atlantic,NE Atlantic,43.9103611111111,-6.35002777777777,Exact,,,cherisse.persad@gmail.com,,Atlantic,
SITE0842,"Avilés canyon, Spain","Avilés canyon, Spain",,North Atlantic,NE Atlantic,43.9685833333333,-6.51413888888888,Exact,,,jmalfarolucas@gmail.com,North Atlantic,Atlantic,
SITE0843,Rainbow vent field,Rainbow vent field,,North Atlantic,North Atlantic,36.229,-33.9008333333333,Exact,,,jmalfarolucas@gmail.com,North Atlantic,Atlantic,
SITE0844,"Lacaze-Duthiers canyon, France","Lacaze-Duthiers canyon, France",,Mediterranean Sea,W Mediterranean,42.5453333333333,3.42116666666666,Exact,,,jmalfarolucas@gmail.com,Mediterranean Sea,Mediterranean,
SITE0845,"Lacaze-Duthiers canyon, France","Lacaze-Duthiers canyon, France",,Mediterranean Sea,W Mediterranean,42.5453833333333,3.42108333333333,Exact,,,jmalfarolucas@gmail.com,Mediterranean Sea,Mediterranean,
SITE0846,"Lacaze-Duthiers canyon, France","Lacaze-Duthiers canyon, France",,Mediterranean Sea,W Mediterranean,42.5452833333333,3.42176666666666,Exact,,,jmalfarolucas@gmail.com,Mediterranean Sea,Mediterranean,
SITE0847,"off Miyako Island, Japan","off Miyako Island, Japan",,North Pacific,NW Pacific,24.9531666666666,125.954833333333,Exact,,,jmalfarolucas@gmail.com,North Pacific,Pacific,
SITE0848,"off Miyako Island, Japan","off Miyako Island, Japan",,North Pacific,NW Pacific,24.75,125.749833333333,Exact,,,jmalfarolucas@gmail.com,North Pacific,Pacific,
SITE0849,"off Miyako Island, Japan","off Miyako Island, Japan",,North Pacific,NW Pacific,24.5835,125.7585,Exact,,,jmalfarolucas@gmail.com,North Pacific,Pacific,
SITE0850,off Oregon,off Oregon,,North Pacific,NE Pacific,43.9036666666666,-125.170633333333,Exact,,,jmalfarolucas@gmail.com,North Pacific,Pacific,
SITE0851,off Oregon,off Oregon,,North Pacific,NE Pacific,47.9577,-126.0353,Exact,,,cherisse.persad@gmail.com,,Pacific,
SITE0852,Mercator mud volcano,Mercator mud volcano,,North Atlantic,NE Atlantic,35.2986,-6.64515,Exact,,,jmalfarolucas@gmail.com,North Atlantic,Atlantic,
SITE0853,Mèknes mud volcano,Mèknes mud volcano,,North Atlantic,NE Atlantic,34.98485,-7.07373333333333,Exact,,,cherisse.persad@gmail.com,,Atlantic,
SITE0854,Darwin mud volcano,Darwin mud volcano,,North Atlantic,NE Atlantic,35.39205,-7.19188333333333,Exact,,,jmalfarolucas@gmail.com,North Atlantic,Atlantic,
SITE0855,Estremadura spur,Estremadura spur,,North Atlantic,NE Atlantic,39.28825,-10.0174166666666,Exact,,,jmalfarolucas@gmail.com,North Atlantic,Atlantic,
SITE0856,Santa Cruz Basin,Santa Cruz Basin,,North Pacific,NE Pacific,33.5,-119.366666666666,Exact,,,cherisse.persad@gmail.com,North Pacific,Pacific,
SITE0857,Santa Catalina Basin,Santa Catalina Basin,,North Pacific,NE Pacific,33.2,-118.5,Exact,,,cherisse.persad@gmail.com,,Pacific,
SITE0858,"São Paulo, Brazil","São Paulo, Brazil",,South Atlantic,SW Atlantic,-25.894,-45.0348333333333,Exact,,,cherisse.persad@gmail.com,,Atlantic,
SITE0859,"Espirito Santo, Brazil","Espirito Santo, Brazil",,South Atlantic,SW Atlantic,-21.4501333333333,-39.8965,Exact,,,cherisse.persad@gmail.com,,Atlantic,
SITE0860,"São Paulo, Brazil","São Paulo, Brazil",,South Atlantic,SW Atlantic,-28.0284333333333,-43.5296666666666,Exact,,,cherisse.persad@gmail.com,,Atlantic,
SITE0861,Gorringe Bank,Gorringe Bank,,North Atlantic,NE Atlantic,36.6426166666666,-11.6031166666666,Exact,,,jmalfarolucas@gmail.com,North Atlantic,Atlantic,
SITE0862,East Pacific Rise,East Pacific Rise,,North Pacific,NE Pacific,11.85,-103.833333333333,Exact,,,jmalfarolucas@gmail.com,North Pacific,Pacific,
SITE0863,Gorda Ridge,Gorda Ridge,,North Pacific,NE Pacific,41.0066666666666,-127.488333333333,Exact,,,jmalfarolucas@gmail.com,North Pacific,Pacific,
SITE0864,Taiwan,Taiwan,,North Pacific,NW Pacific,21.535,120.801666666666,Exact,,,jmalfarolucas@gmail.com,North Pacific,Pacific,
SITE0865,Taiwan,Taiwan,,North Pacific,NW Pacific,24.585,122.096666666666,Exact,,,jmalfarolucas@gmail.com,North Pacific,Pacific,
SITE0866,Taiwan,Taiwan,,North Pacific,NW Pacific,24.93,122.095,Exact,,,jmalfarolucas@gmail.com,North Pacific,Pacific,
SITE0867,Taiwan,Taiwan,,North Pacific,NW Pacific,24.2616666666666,122.193333333333,Exact,,,jmalfarolucas@gmail.com,North Pacific,Pacific,
SITE0868,Panama,Panama,,North Pacific,NE Pacific,5.81666666666666,-78.8666666666666,Exact,,,cherisse.persad@gmail.com,,Pacific,
SITE0869,"Nile fan, off Egypt","Nile fan, off Egypt",,Mediterranean Sea,E Mediterranean,32.5347222222222,30.3563888888888,Exact,,,jmalfarolucas@gmail.com,Mediterranean Sea,Mediterranean,
SITE0870,Mèknes and Darwin mud volcano,Mèknes and Darwin mud volcano,,North Atlantic,NE Atlantic,34.98485,-7.07373333333333,Exact,,,cherisse.persad@gmail.com,North Atlantic,Atlantic,
SITE0871,"Rio de Janeiro, Brazil","Rio de Janeiro, Brazil",,South Atlantic,SW Atlantic,-25.3383333333333,-39.6411666666666,Exact,,,cherisse.persad@gmail.com,South Atlantic,Atlantic,
SITE0872,"Osterfjorden, Norway","Osterfjorden, Norway",,North Atlantic,NE Atlantic,60.5818588647682,5.43063372611999,Exact,,,jmalfarolucas@gmail.com,North Atlantic,Atlantic,
SITE0873,Clarion-Clipperton Zone,Clarion-Clipperton Zone,,North Pacific,NE Pacific,14.03427,-130.09405,Unknown,,,cherisse.persad@gmail.com,North Pacific,Pacific,
SITE0874,"Monterey Bay, CA, USA",off MBARI,,North Pacific,NE Pacific,36.154098,-122.40852,Exact,,,jmalfarolucas@gmail.com,North Pacific,Pacific,
SITE0875,"Espirito Santo, Brazil","Espirito Santo, Brazil",,South Atlantic,SW Atlantic,-21.4501666666666,-39.8965,Exact,,,cherisse.persad@gmail.com,South Atlantic,Atlantic,
SITE0876,"São Paulo, Brazil","São Paulo, Brazil",,South Atlantic,SW Atlantic,-25.894,-45.0483333333333,Exact,,,cherisse.persad@gmail.com,South Atlantic,Atlantic,
SITE0877,"Espirito Santo, Brazil","Espirito Santo, Brazil",,South Atlantic,SW Atlantic,-22.8408333333333,-38.4163333333333,Exact,,,cherisse.persad@gmail.com,South Atlantic,Atlantic,
SITE0878,"São Paulo, Brazil","São Paulo, Brazil",,South Atlantic,SW Atlantic,-28.0285,-43.5296666666666,Exact,,,cherisse.persad@gmail.com,,Atlantic,
SITE0879,"Monterey Bay, CA, USA",off MBARI,,North Pacific,NE Pacific,36.26128,-122.677983333333,Exact,,,cherisse.persad@gmail.com,North Pacific,Pacific,
SITE0880,Lucky Strike vent field,Lucky Strike vent field,,North Atlantic,North Atlantic,37.2911666666666,-32.28,Exact,,,jmalfarolucas@gmail.com,North Atlantic,Atlantic,
SITE0881,Lucky Strike vent field,Lucky Strike vent field,,North Atlantic,North Atlantic,37.2886666666666,-32.2755,Exact,,,cherisse.persad@gmail.com,North Atlantic,Atlantic,
SITE0882,Lucky Strike vent field,Lucky Strike vent field,,North Atlantic,North Atlantic,37.288635,-32.2755516666666,Exact,,,jmalfarolucas@gmail.com,North Atlantic,Atlantic,
SITE0883,Lucky Strike vent field,Lucky Strike vent field,,North Atlantic,North Atlantic,37.2887,-32.2755,Exact,,,jmalfarolucas@gmail.com,North Atlantic,Atlantic,
SITE0884,"Hakon Mosby mud volcano, Norway","Hakon Mosby mud volcano, Norway",,Arctic,Arctic,72.0065,14.72733,Exact,,,jmalfarolucas@gmail.com,Arctic,Arctic,
SITE0885,"Hakon Mosby mud volcano, Norway","Hakon Mosby mud volcano, Norway",,Arctic,Arctic,72.0063,14.7182616666666,Exact,,,jmalfarolucas@gmail.com,Arctic,Arctic,
SITE0886,Sagami Bay KM-ROV dive #149 branch-like plant debris,"Sagami Bay, Japan",,North Pacific,NW Pacific,35.01595,139.222183333333,Exact,,,cherisse.persad@gmail.com,North Pacific,Pacific,
SITE0887,Shoho Seamount wood fall — 2042 m (Hookabe 2022),"Shoho seamount, off Japan",Japan,North Pacific,NW Pacific,32.3475666666666,138.657866666666,Exact,,,cherisse.persad@gmail.com,North Pacific,Pacific,
SITE0888,Fiji Basin,Fiji Basin,,South Pacific,SWPacific,-16.9913333333333,173.914833333333,Exact,,,jmalfarolucas@gmail.com,South Pacific,Pacific,
SITE0889,Santa Cruz Basin,Santa Cruz Basin,,North Pacific,NE Pacific,33.493,-119.367666666666,Exact,,,jmalfarolucas@gmail.com,,Pacific,
SITE0890,Santa Catalina Basin (NE Pacific Ocean),Santa Catalina Basin (NE Pacific Ocean),,,,33.2,-118.5,Exact,,,cherisse.persad@gmail.com,,Pacific,
SITE0891,San Nicolás Slope (NE Pacific Ocean),San Nicolás Slope (NE Pacific Ocean),,,,33.3333333333333,-119.983333333333,Exact,,,jmalfarolucas@gmail.com,,Pacific,
SITE0892,San Clemente Basin (NE Pacific Ocean),San Clemente Basin (NE Pacific Ocean),,,,32.4333333333333,-118.15,Exact,,,cherisse.persad@gmail.com,,Pacific,
SITE0893,San Diego Trough (NE Pacific Ocean),San Diego Trough (NE Pacific Ocean),,,,32.5833333333333,-117.5,Exact,,,cherisse.persad@gmail.com,,Pacific,
SITE0894,Santa Cruz Basin (NE Pacific Ocean),Santa Cruz Basin (NE Pacific Ocean),,,,33.5,-119.366666666666,Exact,,,cherisse.persad@gmail.com,,Pacific,
SITE0895,Torishima Seamount (NW Pacific Ocean),Torishima Seamount (NW Pacific Ocean),,,,30.9241666666666,141.828666666666,Exact,,,cherisse.persad@gmail.com,,Pacific,
SITE0896,Monterey Canyon (NE Pacific Ocean),Monterrey Canyon (NE Pacific Ocean),,,,36.6101,-122.435366666666,Exact,,,cherisse.persad@gmail.com,,Pacific,
SITE0897,British Columbia (NE Pacific Ocean),British Columbia (NE Pacific Ocean),,,,48.6754388888888,-126.0899,Exact,,,cherisse.persad@gmail.com,,Pacific,
SITE0898,South Sandwich Arc (Southern Ocean),South Sandwich Arc (Southern Ocean),,,,-59.6945166666666,-28.3514833333333,Exact,,,cherisse.persad@gmail.com,,Southern,
SITE0899,Monterey Canyon (NE Pacific Ocean),Monterrey Canyon (NE Pacific Ocean),,,,36.79,-121.887,Exact,,,jmalfarolucas@gmail.com,,Pacific,
SITE0900,Monterey Canyon (NE Pacific Ocean),Monterrey Canyon (NE Pacific Ocean),,,,36.802,-121.994,Exact,,,jmalfarolucas@gmail.com,,Pacific,
SITE0901,Monterey Canyon (NE Pacific Ocean),Monterrey Canyon (NE Pacific Ocean),,North Pacific,NE Pacific,36.772,-122.083,Exact,coordinates confirmed for Braby et al. (2007) Whale 1018.,,cherisse.persad@gmail.com,,Pacific,
SITE0902,Monterey Canyon (NE Pacific Ocean),Monterrey Canyon (NE Pacific Ocean),,,,36.708,-122.105,Exact,,,jmalfarolucas@gmail.com,,Pacific,
SITE0903,São Paulo Ridge (SW Atlantic Ocean),São Paulo Ridge (SW Atlantic Ocean),,,,-28.5186516666666,-41.6568283333333,Exact,,,cherisse.persad@gmail.com,,Atlantic,
SITE0904,Catalina Basin (NE Pacific),Catalina Basin (NE Pacific),,,,33.2,-118.5,Exact,,,cherisse.persad@gmail.com,,Pacific,
SITE0905,Monterey Bay off Santa Cruz (NE Pacific Ocean),Monterrey Bay off Santa Cruz (NE Pacific Ocean),,,,36.94,-122.631666666666,Exact,,,cherisse.persad@gmail.com,,Pacific,
SITE0906,Monterey Bay off Point Sur (NE Pacific Ocean),Monterrey Bay off Point Sur (NE Pacific Ocean),,,,36.2933333333333,-122.203333333333,Exact,,,cherisse.persad@gmail.com,,Pacific,
SITE0907,Monterey Point Lobos (NE Pacific Ocean),Monterrey Point Lobos (NE Pacific Ocean),,,,36.4366666666666,-122.263333333333,Exact,,,cherisse.persad@gmail.com,,Pacific,
SITE0908,off Bay of Biscay (NE Atlantic),off Bay of Biscay (NE Atlantic),,,,,,Unknown,,,jmalfarolucas@gmail.com,,Atlantic,
SITE0909,off Bastia (Corsica) Mediterranean,off Bastia (Corsica) Mediterranean,,,,,,Unknown,,,jmalfarolucas@gmail.com,,Mediterranean,
SITE0910,Porcupine Seabight (NE Atlantic),Porcupine Seabight (NE Atlantic),,,,49.9983333333333,-14.3183333333333,Exact,,,jmalfarolucas@gmail.com,,Atlantic,
SITE0911,Porcupine Seabight (NE Atlantic),Porcupine Seabight (NE Atlantic),,,,50.0016666666666,-14.3216666666666,Exact,,,jmalfarolucas@gmail.com,,Atlantic,
SITE0912,Porcupine Abyssal Plain,Porcupine Abyssal Plain,,,,48.6016666666666,-16.1666666666666,Exact,,,jmalfarolucas@gmail.com,,Atlantic,
SITE0913,Porcupine Seabight (NE Atlantic),Porcupine Seabight (NE Atlantic),,,,50.0169444444444,-13.285,Exact,,,jmalfarolucas@gmail.com,,Atlantic,
SITE0914,Porcupine Seabight (NE Atlantic),Porcupine Seabight (NE Atlantic),,,,49.9833333333333,-13.5497222222222,Exact,,,jmalfarolucas@gmail.com,,Atlantic,
SITE0915,off Cape Nomamisaki (Japan),off Cape Nomamisaki (Japan),,,,31.39775,129.979433333333,Exact,,,jmalfarolucas@gmail.com,,Pacific,
SITE0916,off Cape Nomamisaki (Japan),off Cape Nomamisaki (Japan),,,,31.3499666666666,129.985966666666,Exact,,,jmalfarolucas@gmail.com,,Pacific,
SITE0917,off Cape Nomamisaki (Japan),off Cape Nomamisaki (Japan),,,,31.3453333333333,129.988083333333,Exact,,,cherisse.persad@gmail.com,,Pacific,
SITE0918,off Cape Nomamisaki (Japan),off Cape Nomamisaki (Japan),,,,31.3140666666666,129.992,Exact,,,jmalfarolucas@gmail.com,,Pacific,
SITE0919,off Cape Nomamisaki (Japan),off Cape Nomamisaki (Japan),,,,31.3085833333333,129.989566666666,Exact,,,jmalfarolucas@gmail.com,,Pacific,
SITE0920,Big Pelis Island (Russia),Big Pelis Island (Russia),,,,42.67158333333333,131.44558333333333,Interpreted primary coordinate,"coordinate interpreted from malformed Pavlyuk et al. primary notation as 42°40.295'N, 131°26.735'E; independently consistent with Bolshoy Pelis Island locality (~42.66 N, 131.46 E).",,cherisse.persad@gmail.com,,Pacific,
SITE0921,"off Sète, Lion Gulf, Mediterranean","off Sète, Lion Gulf, Mediterranean",,,,,,Unknown,,,jmalfarolucas@gmail.com,,Mediterranean,
SITE0922,Bransfield strait (Antarctica),Bransfield strait (Antarctica),,,,-63.183,-61.636,Exact,,,jmalfarolucas@gmail.com,,Southern,"Southern Ocean. Latitude/longitude are transposed in the original record; the site coordinates are 63.183°S, 61.636°W, consistent with the Smith Island/Bransfield Strait locality."
SITE0923,off Anvers Island (Antartica),off Anvers Island (Antartica),,,,-64.1181666666666,-66.5823333333333,Exact,,,jmalfarolucas@gmail.com,,Southern,
SITE0924,Angola basin (SE Atlantic Ocean),Angola basin (SE Atlantic Ocean),,,,-7.790696,12.102554,Exact,,,jmalfarolucas@gmail.com,,Atlantic,
SITE0925,Angola basin (SE Atlantic Ocean),Angola basin (SE Atlantic Ocean),,,,-7.803794,12.104504,Exact,,,jmalfarolucas@gmail.com,,Atlantic,
SITE0926,Angola basin (SE Atlantic Ocean),Angola basin (SE Atlantic Ocean),,,,-7.802029,12.090473,Exact,,,jmalfarolucas@gmail.com,,Atlantic,
SITE0927,Angola basin (SE Atlantic Ocean),Angola basin (SE Atlantic Ocean),,,,-7.803577,12.106118,Exact,,,jmalfarolucas@gmail.com,,Atlantic,
SITE0928,off São Paulo (SW Atlantic),off São Paulo (SW Atlantic),,,,-25.894,-45.0483333333333,Exact,,,cherisse.persad@gmail.com,,Atlantic,
SITE0929,off São Paulo (SW Atlantic),off São Paulo (SW Atlantic),,,,-28.0285,-43.5296666666666,Exact,,,cherisse.persad@gmail.com,,Atlantic,
SITE0930,off Rio de Janeiro (SW Atlantic),off Rio de Janeiro (SW Atlantic),,,,-25.3383333333333,-39.6411666666666,Exact,,,cherisse.persad@gmail.com,,Atlantic,
SITE0931,off Espirito Santo (SW Atlantic),off Espirito Santo (SW Atlantic),,,,-21.4501666666666,-39.8965,Exact,,,cherisse.persad@gmail.com,,Atlantic,
SITE0932,off Espirito Santo (SW Atlantic),off Espirito Santo (SW Atlantic),,,,-22.8408333333333,-38.4163333333333,Exact,,,cherisse.persad@gmail.com,,Atlantic,
SITE0933,off Santos (SW Atlantic),off Santos (SW Atlantic),,,,-26.6,-46.15,Exact,,,cherisse.persad@gmail.com,,Atlantic,
SITE0934,Lucky Strike (NE Atlantic),Lucky Strike (NE Atlantic),,,,37.2886666666666,-32.2755,Exact,,,cherisse.persad@gmail.com,,Atlantic,
SITE0935,Gulf of Mexico,Gulf of Mexico,,,,27.1356,-89.9269,Exact,,,jmalfarolucas@gmail.com,,Atlantic,
SITE0936,Gulf of Mexico,Gulf of Mexico,,,,27.3126,-88.927,Exact,,,cherisse.persad@gmail.com,,Atlantic,
SITE0937,Gulf of Mexico,Gulf of Mexico,,,,28.1032,-88.4516,Exact,,,jmalfarolucas@gmail.com,,Atlantic,
SITE0938,Gulf of San Jorge (SW Atlantic),Gulf of San Jorge (SW Atlantic),,,,-46.1666666666666,-61.8333333333333,Exact,,,cherisse.persad@gmail.com,,Atlantic,
SITE0939,Hausgarten observatory,Hausgarten observatory,,,,79.075,4.10833333333333,Exact,,,jmalfarolucas@gmail.com,,Arctic,
SITE0940,Hausgarten observatory,Hausgarten observatory,,,,79.0933333333333,3.13166666666666,Exact,,,jmalfarolucas@gmail.com,,Arctic,
SITE0941,Capraia Island (Tuscan Archepelago),Capraia Island (Tuscan Archepelago),,,,,,Unknown,,,jmalfarolucas@gmail.com,,Mediterranean,
SITE0942,off Dingle Bay (Ireland),off Dingle Bay (Ireland),,,,,,Unknown,,,jmalfarolucas@gmail.com,,Atlantic,
SITE0943,150 miles off NE Aberdeen (North Sea),150 miles off NE Aberdeen (North Sea),,,,57,6.5,Exact,,,jmalfarolucas@gmail.com,,Atlantic,
SITE0944,20 miles off NW Fair Isle,20 miles off NW Fair Isle,,,,,,Unknown,,,jmalfarolucas@gmail.com,,Atlantic,"Fair Isle, Scotland, assigned to the Atlantic basin."
SITE0945,Bjørnafjord south of Bergen (Norway),Bjørnafjord south of Bergen (Norway),,,,60.1842931666666,5.50879628,Exact,,,cherisse.persad@gmail.com,,Atlantic,
SITE0946,"Whalers Bay, Deception Island (South Shetland Islands, Antarctica)","Whalers Bay, Deception Island (South Shetland Islands, Antarctica)",,,,-62.9899166666666,-60.5613888888888,Exact,,,cherisse.persad@gmail.com,,Southern,
SITE0947,head of Blanes canyon (Mediterranean Sea),head of Blanes canyon (Mediterranean Sea),,,,41.6709722222222,2.8898,Exact,,,cherisse.persad@gmail.com,,Mediterranean,
SITE0948,"Whalers Bay, Deception Island (South Shetland Islands, Antarctica)","Whalers Bay, Deception Island (South Shetland Islands, Antarctica)",,,,-62.9888333333333,-60.5575,Exact,,,cherisse.persad@gmail.com,,Southern,
SITE0949,"Colatinas, Deception Island (South Shetland Islands, Antarctica)","Colatinas, Deception Island (South Shetland Islands, Antarctica)",,,,-62.9913666666666,-60.61825,Exact,,,cherisse.persad@gmail.com,,Southern,
SITE0950,Gascogne Gulf (NE Atlantic),Gascogne Gulf (NE Atlantic),,,,47.0333333333333,-4.68333333333333,Exact,,,cherisse.persad@gmail.com,,Atlantic,
SITE0951,Saanich Inlet (Canada),Saanich Inlet (Canada),,,,48.650665,-123.485958333333,Exact,,,jmalfarolucas@gmail.com,,Pacific,
SITE0952,Saanich Inlet (Canada),Saanich Inlet (Canada),,,,48.6507466666666,-123.486076666666,Exact,,,jmalfarolucas@gmail.com,,Pacific,
SITE0953,Saanich Inlet (Canada),Saanich Inlet (Canada),,,,48.6513816666666,-123.486781666666,Exact,,,jmalfarolucas@gmail.com,,Pacific,
SITE0954,Strait of Georgia (Canada),Strait of Georgia (Canada),,,,49.0400383333333,-123.425486666666,Exact,,,jmalfarolucas@gmail.com,,Pacific,
SITE0955,Strait of Georgia (Canada),Strait of Georgia (Canada),,,,49.0397416666666,-123.426016666666,Exact,,,jmalfarolucas@gmail.com,,Pacific,
SITE0956,western Arabian Sea,western Arabian Sea,,,,16.2,60.2666666666666,Exact,,,jmalfarolucas@gmail.com,,Indian,
SITE0957,western Arabian Sea,western Arabian Sea,,,,16.1666666666666,59.75,Exact,,,jmalfarolucas@gmail.com,,Indian,
SITE0958,Sagami Bay (Japan),Sagami Bay (Japan),,,,35.0929333333333,139.171183333333,Exact,,,jmalfarolucas@gmail.com,,Pacific,
SITE0959,"Oﬀ Mocha Island, Chile","Oﬀ Mocha Island, Chile",,,,-38.2,-74.2,Exact,,,jmalfarolucas@gmail.com,,Pacific,
SITE0960,"Oﬀ Bay of Mejillones, Chile","Oﬀ Bay of Mejillones, Chile",,,,-22.85,-70.4833333333333,Exact,,,jmalfarolucas@gmail.com,,Pacific,
SITE0961,"Oﬀ Pichilemu, Chile","Oﬀ Pichilemu, Chile",,,,-34.4333333333333,-72.1666666666666,Exact,,,jmalfarolucas@gmail.com,,Pacific,
SITE0962,"Oﬀ Arica, Chile","Oﬀ Arica, Chile",,,,-18.4833333333333,-70.5333333333333,Exact,,,jmalfarolucas@gmail.com,,Pacific,
SITE0963,"Oﬀ Punta Pichalo, Chile","Oﬀ Punta Pichalo, Chile",,,,-19.5833333333333,-70.35,Exact,,,jmalfarolucas@gmail.com,,Pacific,
SITE0964,Vanuatu,Santo Island (Vanuatu),,,,-15.704,167.0435,Exact,,,jmalfarolucas@gmail.com,,Pacific,Vanuatu experimental site. Latitude is 15.7040°S; longitude 167.0435°E. Coordinates reported by Lorion et al. (2009).
SITE0965,Longqi vent field on the Southwest Indian Ridge,Longqi vent field on the Southwest Indian Ridge,,,,-37.78355,49.64475,Exact,,,jmalfarolucas@gmail.com,,Indian,"Indian Ocean. Latitude/longitude are transposed in the original record; the site coordinates are 37.78355°S, 49.64475°E, consistent with Longqi on the Southwest Indian Ridge."
SITE0966,Monterey Canyon (NE Pacific Ocean),Monterrey Canyon (NE Pacific Ocean),,,,36.608544,-122.156694,Exact,,,cherisse.persad@gmail.com,,Pacific,
SITE0967,"off Cape of Good Hope, South Africa","off Cape of Good Hope, South Africa",,,,,,Unknown,,,jmalfarolucas@gmail.com,,Atlantic,Cape of Good Hope locality assigned to the Atlantic basin; the oceanographic Atlantic–Indian boundary lies farther east at Cape Agulhas.
SITE0968,off South Africa,off South Africa,,,,,,Unknown,,,jmalfarolucas@gmail.com,,,The inherited locality 'off South Africa' has no coordinates and does not distinguish Atlantic from Indian Ocean waters. The broad-basin assignment remains unresolved.
SITE0969,Alaska,Alaska,,,,,,Unknown,,,jmalfarolucas@gmail.com,,,The inherited locality 'Alaska' has no coordinates and does not distinguish Pacific from Arctic waters. The broad-basin assignment remains unresolved.
SITE0970,Clarion-Clipperton Zone (NE Pacific Ocean),Clarion-Clipperton Zone (NE Pacific Ocean),,,,,,Unknown,,,jmalfarolucas@gmail.com,,Pacific,
SITE0971,North Azores (Portugal) (Station 1416),North Azores (Portugal) (Station 1416),,,,42.8333333333333,-28.6291666666666,Exact,,,cherisse.persad@gmail.com,,Atlantic,
SITE0972,Weijia Guyot (China),Weijia Guyot (China),,,,12.716915,156.453428333333,Exact,,,cherisse.persad@gmail.com,,Pacific,
SITE0973,Weijia Guyot (China),Weijia Guyot (China),,,,12.9493333333333,156.954166666666,Exact,,,cherisse.persad@gmail.com,,Pacific,
SITE0974,"Blanes coast, Catalonia","Mediterranean Sea, Blanes (Catalonia)",,Mediterranean Sea,W Mediterranean,41.6756,2.81398333333333,Exact,"Taboada et al. (2015/2016) report Mediterranean coast of Blanes, 41°40.536'N, 2°48.839'E; experimental bones deployed at about 20 m.",,cherisse.persad@gmail.com,Mediterranean Sea,Mediterranean,
SITE0975,Sagami Bay (Japan),Sagami Bay (Japan),,,,35.05,139.13,Exact,,,jmalfarolucas@gmail.com,,Pacific,
SITE0976,Sagami Bay (Japan),Sagami Bay (Japan),,,,35.0833333333,139.2166666667,Exact,,,jmalfarolucas@gmail.com,,Pacific,"Sagami Bay whale-bone record at 925 m. Coordinates are 35°05′N, 139°13′E in Rouse et al. (2018), which cites the Pradillon et al. unpublished material. This is distinct from the 492 m implanted sperm-whale carcass studied by Aguzzi et al. (2018)."
SITE0977,NW Pacific abyssal plain east of Ogasawara Trench,abyssal plain ~150 km east of Ogasawara Trench axis,,North Pacific,NW Pacific,32.57843333333334,143.7689,Exact,,,cherisse.persad@gmail.com,North Pacific,Pacific,
SITE0978,East China Sea sunken wood,East China Sea,,North Pacific,NW Pacific,30.7,127.8,Approximate / source decimal,,,cherisse.persad@gmail.com,North Pacific,Pacific,
SITE0979,"Mound 11, Costa Rica","Mound 11, Costa Rica",,Pacific Ocean,Eastern Pacific,8.9221,-84.3045,Exact,,,cherisse.persad@gmail.com,Pacific Ocean,Pacific,
SITE0980,"Mound 12, Costa Rica","Mound 12, Costa Rica",,Pacific Ocean,Eastern Pacific,8.9297,-84.3115,Exact,,,cherisse.persad@gmail.com,Pacific Ocean,Pacific,
SITE0981,"Mound 12, Costa Rica","Mound 12, Costa Rica",,Pacific Ocean,Eastern Pacific,8.9306,-84.3124,Exact,,,cherisse.persad@gmail.com,Pacific Ocean,Pacific,
SITE0982,"Mound 12, Costa Rica","Mound 12, Costa Rica",,Pacific Ocean,Eastern Pacific,8.9325,-84.3074,Exact,,,cherisse.persad@gmail.com,Pacific Ocean,Pacific,
SITE0983,"Mound 12, Costa Rica","Mound 12, Costa Rica",,Pacific Ocean,Eastern Pacific,8.93,-84.3117,Exact,,,cherisse.persad@gmail.com,Pacific Ocean,Pacific,
SITE0984,"Jaco Scar, Costa Rica","Jaco Scar, Costa Rica",,Pacific Ocean,Eastern Pacific,9.1262,-84.8384,Exact,,,cherisse.persad@gmail.com,Pacific Ocean,Pacific,
SITE0985,"Seamount 2, Costa Rica","Seamount 2, Costa Rica",,Pacific Ocean,Eastern Pacific,8.8003,-85.1899,Exact,,,cherisse.persad@gmail.com,Pacific Ocean,Pacific,
SITE0986,"Jaco Scar, Costa Rica","Jaco Scar, Costa Rica",,Pacific Ocean,Eastern Pacific,9.1146,-84.8356,Exact,,,cherisse.persad@gmail.com,Pacific Ocean,Pacific,
SITE0987,"Jaco Scar, Costa Rica","Jaco Scar, Costa Rica",,Pacific Ocean,Eastern Pacific,9.1151,-84.8398,Exact,,,cherisse.persad@gmail.com,Pacific Ocean,Pacific,
SITE0988,"Tamayo Fracture Zone, Gulf of California","Tamayo Fracture Zone, Gulf of California",,Pacific Ocean,Eastern Pacific,22.9628,-108.1576,Exact,,,cherisse.persad@gmail.com,Pacific Ocean,Pacific,
SITE0989,"CCFZ IFREMER East, Station 161","Clarion Clipperton Fracture Zone, IFREMER licence area, St.161",,North Pacific,Eastern Equatorial Pacific / CCFZ,14.0345,-130.09333333333333,Exact,,,cherisse.persad@gmail.com,North Pacific,Pacific,
SITE0990,Northern Gulf of Mexico wood-type experiment,northern Gulf of Mexico,United States,North Atlantic,Gulf of Mexico,28.81364194,-87.82033444,Exact,,,cherisse.persad@gmail.com,North Atlantic,Atlantic,
SITE0991,"off Byron Bay, New South Wales",Byron Bay area,Australia,South Pacific,SW Pacific / eastern Australia,-28.075000000000003,154.08,Trawl range midpoint,,,cherisse.persad@gmail.com,South Pacific,Pacific,
SITE0992,"Palmer Deep, Western Antarctic Peninsula","northeastern finger of Palmer Canyon, within Palmer Deep",,Southern Ocean,Western Antarctic Peninsula,-64.84166666666667,-64.15333333333334,Exact,,,cherisse.persad@gmail.com,Southern Ocean,Southern,
SITE0993,"Off Owase, Sea of Kumano","off Owase, Sea of Kumano, Japan",Japan,North Pacific,Sea of Kumano,34.11361111111111,136.50972222222222,Approximate source coordinate,,,cherisse.persad@gmail.com,North Pacific,Pacific,
SITE0994,"Off Kumano, Sea of Kumano","off Kumano, Sea of Kumano, Japan",Japan,North Pacific,Sea of Kumano,33.87177777777778,136.19855555555557,Exact source coordinate,,,cherisse.persad@gmail.com,North Pacific,Pacific,
SITE0995,NORI-D eastern Clarion-Clipperton Zone wood fall,"NORI-D exploration contract area, eastern Clarion-Clipperton Zone",,North Pacific,Clarion-Clipperton Zone,10.325556666666667,-117.17089666666666,Exact source coordinate,,,cherisse.persad@gmail.com,North Pacific,Pacific,
SITE0996,Zhongnan Seamount northern slope,"northern slope of Zhongnan seamount, South China Sea",,North Pacific,South China Sea,14.019430555555557,115.5016,Exact source coordinate,,,cherisse.persad@gmail.com,North Pacific,Pacific,
SITE0997,"Off Owase, Mie, 330 m","off the coast of Owase, Mie, Japan",Japan,North Pacific,Kumano-nada / off Owase,34.016666666666666,136.36666666666667,Source coordinate to whole arcminute,,,cherisse.persad@gmail.com,North Pacific,Pacific,
SITE0998,Northern Gulf of Mexico 24-log wood experiment,northern Gulf of Mexico experimental site,United States EEZ,North Atlantic,Gulf of Mexico,27.135,-89.924,Source decimal coordinate,,,cherisse.persad@gmail.com,North Atlantic,Atlantic,
SITE0999,BioSuOr RJ1500 unrecovered lander,"RJ1500, Campos Basin, Brazilian margin",Brazil EEZ,South Atlantic,SW Atlantic / Campos Basin,-24,-41.5,Supplementary coordinate to whole arcminute,,,cherisse.persad@gmail.com,,Atlantic,
SITE1000,Diamantina Zone WF1 — Dordrecht Deep,Diamantina Zone WF1 — Dordrecht Deep,,Indian Ocean,Southern Indian Ocean / Diamantina Zone,-33.4662,101.5553,Source decimal coordinate (Supplementary Table 1),,,cherisse.persad@gmail.com,Indian Ocean,Indian,
SITE1001,Diamantina Zone WF2,Diamantina Zone WF2,,Indian Ocean,Southern Indian Ocean / Diamantina Zone,-32.502,96.5286,Source decimal coordinate (Supplementary Table 1),,,cherisse.persad@gmail.com,Indian Ocean,Indian,
SITE1002,Diamantina Zone WF3,Diamantina Zone WF3,,Indian Ocean,Southern Indian Ocean / Diamantina Zone,-32.8059,96.2777,Source decimal coordinate (Supplementary Table 1),,,cherisse.persad@gmail.com,Indian Ocean,Indian,
SITE1003,Diamantina Zone WF4,Diamantina Zone WF4,,Indian Ocean,Southern Indian Ocean / Diamantina Zone,-32.6983,98.5612,Source decimal coordinate (Supplementary Table 1),,,cherisse.persad@gmail.com,Indian Ocean,Indian,
SITE1004,Diamantina Zone WF5,Diamantina Zone WF5,,Indian Ocean,Southern Indian Ocean / Diamantina Zone,-32.7121,98.5722,Source decimal coordinate (Supplementary Table 1),,,cherisse.persad@gmail.com,Indian Ocean,Indian,
SITE1005,Hood Canyon — SuBastian dive S0315,Hood Canyon - dive 315,Australia EEZ,Indian Ocean,SW Australia / Bremer Canyon system,-34.74,119.66,Source coordinate to 0.01°,,,cherisse.persad@gmail.com,Indian Ocean,Indian,
SITE1006,Hood Canyon — SuBastian dive S0323,Hood Canyon - dive 323,Australia EEZ,Indian Ocean,SW Australia / Bremer Canyon system,-34.76,119.63,Dive-track / bone coordinates to 0.01°,,,cherisse.persad@gmail.com,Indian Ocean,Indian,
SITE1007,BioSuOr 550 m bovine-bone lander,BioSuOr 550 m lander locality,Brazil EEZ,South Atlantic,SW Atlantic / Santos Basin,-26.6037333333,-46.1525805556,Source DMS converted to decimal,,,cherisse.persad@gmail.com,,Atlantic,
SITE1008,Pukaki Rise / Chatham Rise whale skull,"Pukaki Rise / Chatham Rise, SE of New Zealand",New Zealand,South Pacific,Southwest Pacific,-49.121,172.136,Exact,,,cherisse.persad@gmail.com,South Pacific,Pacific,
SITE1009,Santa Cruz Basin — CRS 397,Santa Cruz Basin — CRS 397,USA,North Pacific,"Santa Cruz Basin, Southern California margin",33.4934,-119.3661167,Exact,,,cherisse.persad@gmail.com,North Pacific,Pacific,
SITE1010,Santa Cruz Basin — CRS 800,Santa Cruz Basin — CRS 800,USA,North Pacific,"Santa Cruz Basin, Southern California margin",33.49405,-119.36845,Exact,,,cherisse.persad@gmail.com,North Pacific,Pacific,
SITE1011,"Rosebud whale fall, off San Diego, California","Rosebud whale-fall, California, USA",United States,North Pacific,NE Pacific,32.7769,-117.4881,Exact,,,cherisse.persad@gmail.com,North Pacific,Pacific,
SITE1012,"Pedro whale fall, near Channel Islands, California","Pedro whale-fall near Channel Islands, California, USA",United States,North Pacific,NE Pacific,33.7704,-119.5241,Exact,,,cherisse.persad@gmail.com,North Pacific,Pacific,
SITE1013,"Pebbles whale fall, Monterey Submarine Canyon","Pebbles whale-fall, Monterey Submarine Canyon, Monterey Bay, California, USA",United States,North Pacific,NE Pacific,36.803,-121.9946,Exact,,,cherisse.persad@gmail.com,North Pacific,Pacific,
SITE1014,Nile deep-sea fan Wood#6 fresh control,Wood#6 / W6,,Mediterranean Sea,Eastern Mediterranean / Nile deep-sea fan,32.53354,30.3532,Exact,,,cherisse.persad@gmail.com,Mediterranean Sea,Mediterranean,
SITE1015,"CP4062, Bismarck Sea off Vanimo",CP4062,Papua New Guinea,South Pacific,Bismarck Sea,-2.6166667,141.3,Exact station coordinate,,,cherisse.persad@gmail.com,South Pacific,Pacific,
SITE1016,"SO250-9, Kuril-Kamchatka slope",SO250-9,,North Pacific,Kuril-Kamchatka Trench/slope,43.8006833,151.7405333,Station range midpoint,,,cherisse.persad@gmail.com,North Pacific,Pacific,
SITE1017,Johnston Atoll NA153 H1999 wood fall,NA153 H1999 / NA153-172-01-01-B-MCZ,United States Pacific Remote Islands,North Pacific,Central Pacific / Johnston Atoll,16.990982,-169.7693,Exact dive coordinate,,,cherisse.persad@gmail.com,North Pacific,Pacific,
SITE1018,Shoho Seamount wood fall — 1901 m (Komai 2025),"Shoho Seamount, Nishi-Shichito Ridge",Japan,North Pacific,NW Pacific,32.3495,138.6563333333,Exact,,,cherisse.persad@gmail.com,North Pacific,Pacific,
SITE1019,Oahu slope implanted whale bones,Oahu slope,,North Pacific,Central Pacific,21.35,-158.216667,Source-reported,,,cherisse.persad@gmail.com,,Pacific,Oahu lies in the central North Pacific.
